base_image,site,flight_day,gt_species,n_crowns
DJI_20240912084803_0002_V_3138zoom.JPG,bcifairchild,20240912,pseudobombax septenatum,3
DJI_20240912084919_0006_V_3143zoom.JPG,bcifairchild,20240912,miconia argentea,4
DJI_20240912085035_0010_V_2631zoom.JPG,bcifairchild,20240912,pseudobombax septenatum,3
DJI_20240912085151_0014_V_2623zoom.JPG,bcifairchild,20240912,attalea butyracea,3
DJI_20240912085229_0016_V_2638zoom.JPG,bcifairchild,20240912,attalea butyracea,4
DJI_20240912085303_0018_V_2642zoom.JPG,bcifairchild,20240912,hieronyma alchorneoides,4
DJI_20240912085339_0020_V_2364zoom.JPG,bcifairchild,20240912,attalea butyracea,3
DJI_20240912085417_0022_V_2915zoom.JPG,bcifairchild,20240912,attalea butyracea,3
DJI_20240912085535_0026_V_2659zoom.JPG,bcifairchild,20240912,attalea butyracea,2
DJI_20240912085815_0034_V_2680zoom.JPG,bcifairchild,20240912,miconia argentea,1
DJI_20240912085855_0036_V_2661zoom.JPG,bcifairchild,20240912,attalea butyracea,2
DJI_20240912090146_0044_V_2938zoom.JPG,bcifairchild,20240912,attalea butyracea,4
DJI_20240912090402_0050_V_3179zoom.JPG,bcifairchild,20240912,annona spraguei,3
DJI_20240912090706_0058_V_3418zoom.JPG,bcifairchild,20240912,attalea butyracea,1
DJI_20240912091438_0004_V_3427zoom.JPG,bcifairchild,20240912,luehea seemannii,4
DJI_20240912091759_0012_V_3429zoom.JPG,bcifairchild,20240912,attalea butyracea,1
DJI_20240912091848_0014_V_3434zoom.JPG,bcifairchild,20240912,miconia argentea,1
DJI_20240912091936_0016_V_3152zoom.JPG,bcifairchild,20240912,pochota fendleri,2
DJI_20240912092018_0018_V_3162zoom.JPG,bcifairchild,20240912,attalea butyracea,6
DJI_20240912092059_0020_V_2651zoom.JPG,bcifairchild,20240912,gustavia superba,5
DJI_20240912092443_0032_V_2380zoom.JPG,bcifairchild,20240912,pseudobombax septenatum,2
DJI_20240912092519_0034_V_2395zoom.JPG,bcifairchild,20240912,ceiba pentandra,4
DJI_20240912092552_0036_V_2086zoom.JPG,bcifairchild,20240912,ceiba pentandra,3
DJI_20240912092626_0038_V_2409zoom.JPG,bcifairchild,20240912,ceiba pentandra,2
DJI_20240912092701_0040_V_2404zoom.JPG,bcifairchild,20240912,dipteryx oleifera,1
DJI_20240912092739_0042_V_2123zoom.JPG,bcifairchild,20240912,dipteryx oleifera,2
DJI_20240912092827_0044_V_2677zoom.JPG,bcifairchild,20240912,attalea butyracea,4
DJI_20240912093051_0050_V_3195zoom.JPG,bcifairchild,20240912,dipteryx oleifera,1
DJI_20240912093231_0054_V_3670zoom.JPG,bcifairchild,20240912,attalea butyracea,5
DJI_20240912093352_0058_V_3398zoom.JPG,bcifairchild,20240912,dipteryx oleifera,2
DJI_20240912093430_0060_V_3154zoom.JPG,bcifairchild,20240912,ceiba pentandra,2
DJI_20240912093506_0062_V_2906zoom.JPG,bcifairchild,20240912,pochota fendleri,3
DJI_20240912093538_0064_V_2887zoom.JPG,bcifairchild,20240912,pochota fendleri,4
DJI_20240912094111_0002_V_2897zoom.JPG,bcifairchild,20240912,pochota fendleri,1
DJI_20240912094144_0004_V_3141zoom.JPG,bcifairchild,20240912,pochota fendleri,4
DJI_20240912094217_0006_V_3158zoom.JPG,bcifairchild,20240912,pochota fendleri,2
DJI_20240912094326_0010_V_2881zoom.JPG,bcifairchild,20240912,attalea butyracea,3
DJI_20240912094401_0012_V_2873zoom.JPG,bcifairchild,20240912,apeiba membranacea,2
DJI_20240912094509_0016_V_3123zoom.JPG,bcifairchild,20240912,tabebuia rosea,5
DJI_20240912094545_0018_V_3132zoom.JPG,bcifairchild,20240912,dipteryx oleifera,1
DJI_20240912094739_0024_V_3131zoom.JPG,bcifairchild,20240912,anacardium excelsum,2
DJI_20240912094902_0028_V_3386zoom.JPG,bcifairchild,20240912,anacardium excelsum,3
DJI_20240912095150_0036_V_3390zoom.JPG,bcifairchild,20240912,anacardium excelsum,2
DJI_20240912095237_0038_V_2597zoom.JPG,bcifairchild,20240912,uncaria tomentosa,6
DJI_20240912095308_0040_V_2308zoom.JPG,bcifairchild,20240912,uncaria tomentosa,4
DJI_20240912095340_0042_V_2295zoom.JPG,bcifairchild,20240912,gustavia superba,1
DJI_20240912095448_0046_V_2615zoom.JPG,bcifairchild,20240912,attalea butyracea,3
DJI_20240912095625_0052_V_2886zoom.JPG,bcifairchild,20240912,uncaria tomentosa,1
DJI_20240912095744_0056_V_2354zoom.JPG,bcifairchild,20240912,hieronyma alchorneoides,5
DJI_20240912095817_0058_V_2621zoom.JPG,bcifairchild,20240912,anacardium excelsum,3
DJI_20240912095845_0060_V_2635zoom.JPG,bcifairchild,20240912,anacardium excelsum,2
DJI_20240912100014_0066_V_2048zoom.JPG,bcifairchild,20240912,dipteryx oleifera,2
DJI_20240913104837_0002_V_4135zoom.JPG,bcifairchild,20240913,davilla nitida,2
DJI_20240913105245_0012_V_4385zoom.JPG,bcifairchild,20240913,anacardium excelsum,2
DJI_20240913105334_0014_V_4625zoom.JPG,bcifairchild,20240913,protium panamense,4
DJI_20240913105504_0018_V_4630zoom.JPG,bcifairchild,20240913,luehea seemannii,1
DJI_20240913105845_0028_V_4925zoom.JPG,bcifairchild,20240913,fridericia candicans,4
DJI_20240913110400_0044_V_5444zoom.JPG,bcifairchild,20240913,alseis blackiana,4
DJI_20240913110435_0046_V_5437zoom.JPG,bcifairchild,20240913,attalea butyracea,5
DJI_20240913110510_0048_V_5685zoom.JPG,bcifairchild,20240913,protium panamense,1
DJI_20240913110618_0052_V_5431zoom.JPG,bcifairchild,20240913,anacardium excelsum,4
DJI_20240913110916_0064_V_5399zoom.JPG,bcifairchild,20240913,protium panamense,5
DJI_20240913111027_0068_V_5641zoom.JPG,bcifairchild,20240913,protium stevensonii,4
DJI_20240913111610_0002_V_5137zoom.JPG,bcifairchild,20240913,anacardium excelsum,7
DJI_20240913111644_0004_V_5393zoom.JPG,bcifairchild,20240913,anacardium excelsum,3
DJI_20240913111718_0006_V_5147zoom.JPG,bcifairchild,20240913,anacardium excelsum,2
DJI_20240913111947_0014_V_5165zoom.JPG,bcifairchild,20240913,oenocarpus mapora,5
DJI_20240913112215_0022_V_4885zoom.JPG,bcifairchild,20240913,virola surinamensis,3
DJI_20240913112422_0028_V_4609zoom.JPG,bcifairchild,20240913,davilla nitida,4
DJI_20240913112633_0034_V_4894zoom.JPG,bcifairchild,20240913,terminalia amazonia,6
DJI_20240913112906_0042_V_5163zoom.JPG,bcifairchild,20240913,dipteryx oleifera,1
DJI_20240913113530_0060_V_4136zoom.JPG,bcifairchild,20240913,protium stevensonii,2
DJI_20240913113621_0062_V_4372zoom.JPG,bcifairchild,20240913,attalea butyracea,8
DJI_20240913113804_0066_V_4145zoom.JPG,bcifairchild,20240913,spondias mombin,3
DJI_20240913113900_0068_V_4405zoom.JPG,bcifairchild,20240913,anacardium excelsum,2
DJI_20240913114759_0012_V_3891zoom.JPG,bcifairchild,20240913,trattinnickia aspera,4
DJI_20240913114852_0014_V_4157zoom.JPG,bcifairchild,20240913,pseudobombax septenatum,4
DJI_20240913115053_0018_V_3658zoom.JPG,bcifairchild,20240913,hieronyma alchorneoides,1
DJI_20240913115206_0020_V_4395zoom.JPG,bcifairchild,20240913,alseis blackiana,1
DJI_20241024125051_0004_V_1553zoom.JPG,bcifairchild,20241024,miconia argentea,4
DJI_20241024125130_0006_V_1567zoom.JPG,bcifairchild,20241024,spondias mombin,4
DJI_20241024125244_0010_V_1834zoom.JPG,bcifairchild,20241024,miconia argentea,5
DJI_20241024125324_0012_V_1854zoom.JPG,bcifairchild,20241024,oenocarpus mapora,4
DJI_20241024125408_0014_V_1573zoom.JPG,bcifairchild,20241024,oenocarpus mapora,3
DJI_20241024125603_0020_V_1575zoom.JPG,bcifairchild,20241024,aspidosperma desmanthum,2
DJI_20241024125959_0032_V_1061zoom.JPG,bcifairchild,20241024,luehea seemannii,1
DJI_20241024130040_0034_V_1072zoom.JPG,bcifairchild,20241024,virola sebifera,3
DJI_20241024130203_0038_V_1569zoom.JPG,bcifairchild,20241024,dipteryx oleifera,6
DJI_20241024130237_0040_V_1549zoom.JPG,bcifairchild,20241024,dipteryx oleifera,3
DJI_20241024130315_0042_V_1560zoom.JPG,bcifairchild,20241024,attalea butyracea,5
DJI_20241024130530_0050_V_1513zoom.JPG,bcifairchild,20241024,attalea butyracea,2
DJI_20241024130717_0056_V_1796zoom.JPG,bcifairchild,20241024,dipteryx oleifera,3
DJI_20241024130751_0058_V_2059zoom.JPG,bcifairchild,20241024,aspidosperma desmanthum,5
DJI_20241024130858_0062_V_1791zoom.JPG,bcifairchild,20241024,apeiba tibourbou,3
DJI_20241024130932_0064_V_2071zoom.JPG,bcifairchild,20241024,apeiba tibourbou,2
DJI_20241024132009_0006_V_2078zoom.JPG,bcifairchild,20241024,dipteryx oleifera,5
DJI_20241024132125_0010_V_2363zoom.JPG,bcifairchild,20241024,hieronyma alchorneoides,5
DJI_20241024132206_0012_V_2336zoom.JPG,bcifairchild,20241024,fridericia candicans,4
DJI_20241024132459_0022_V_1039zoom.JPG,bcifairchild,20241024,fridericia candicans,8
DJI_20241024132531_0024_V_1028zoom.JPG,bcifairchild,20241024,apeiba membranacea,3
DJI_20241024132634_0028_V_977zoom.JPG,bcifairchild,20241024,hiraea grandifolia,5
DJI_20241024132806_0034_V_1001zoom.JPG,bcifairchild,20241024,hieronyma alchorneoides,3
DJI_20241024132846_0036_V_1291zoom.JPG,bcifairchild,20241024,hieronyma alchorneoides,4
DJI_20241024132919_0038_V_1044zoom.JPG,bcifairchild,20241024,hieronyma alchorneoides,1
DJI_20241024133040_0042_V_756zoom.JPG,bcifairchild,20241024,alseis blackiana,3
DJI_20241024133200_0046_V_1547zoom.JPG,bcifairchild,20241024,aspidosperma desmanthum,3
DJI_20241024133255_0048_V_1843zoom.JPG,bcifairchild,20241024,virola sebifera,2
DJI_20241024133340_0050_V_1833zoom.JPG,bcifairchild,20241024,attalea butyracea,5
DJI_20241024133425_0052_V_2093zoom.JPG,bcifairchild,20241024,tachigali panamensis,4
DJI_20241024133800_0060_V_1880zoom.JPG,bcifairchild,20241024,dipteryx oleifera,1
DJI_20241024133842_0062_V_1873zoom.JPG,bcifairchild,20241024,attalea butyracea,4
DJI_20241024133927_0064_V_1612zoom.JPG,bcifairchild,20241024,anacardium excelsum,3
DJI_20241024134612_0002_V_1613zoom.JPG,bcifairchild,20241024,virola surinamensis,5
DJI_20241024134705_0004_V_1614zoom.JPG,bcifairchild,20241024,tabebuia rosea,1
DJI_20241024134849_0008_V_1895zoom.JPG,bcifairchild,20241024,hieronyma alchorneoides,1
DJI_20241024134936_0010_V_1884zoom.JPG,bcifairchild,20241024,hieronyma alchorneoides,1
DJI_20241024135022_0012_V_1600zoom.JPG,bcifairchild,20241024,dipteryx oleifera,2
DJI_20241101093015_0006_V_1195zoom.JPG,bcifairchild,20241101,anacardium excelsum,6
DJI_20241101093048_0008_V_1222zoom.JPG,bcifairchild,20241101,anacardium excelsum,4
DJI_20241101093157_0012_V_1229zoom.JPG,bcifairchild,20241101,ochroma pyramidale,5
DJI_20241101093230_0014_V_907zoom.JPG,bcifairchild,20241101,genipa americana,3
DJI_20241101093300_0016_V_1238zoom.JPG,bcifairchild,20241101,attalea butyracea,3
DJI_20241101093435_0022_V_927zoom.JPG,bcifairchild,20241101,spondias mombin,3
DJI_20241101093502_0024_V_676zoom.JPG,bcifairchild,20241101,anacardium excelsum,4
DJI_20241101093636_0030_V_668zoom.JPG,bcifairchild,20241101,virola sebifera,1
DJI_20241101093824_0036_V_899zoom.JPG,bcifairchild,20241101,anacardium excelsum,3
DJI_20241101093929_0040_V_885zoom.JPG,bcifairchild,20241101,anacardium excelsum,3
DJI_20241101094006_0042_V_1186zoom.JPG,bcifairchild,20241101,protium panamense,5
DJI_20241101094208_0048_V_1187zoom.JPG,bcifairchild,20241101,anacardium excelsum,2
DJI_20241101094416_0054_V_874zoom.JPG,bcifairchild,20241101,spondias mombin,3
DJI_20241101094454_0056_V_881zoom.JPG,bcifairchild,20241101,attalea butyracea,3
DJI_20241101094615_0060_V_1162zoom.JPG,bcifairchild,20241101,cupania rufescens,4
DJI_20241101095408_0002_V_875zoom.JPG,bcifairchild,20241101,attalea butyracea,1
DJI_20241101095449_0004_V_1158zoom.JPG,bcifairchild,20241101,jacaranda copaia,4
DJI_20241101095700_0010_V_615zoom.JPG,bcifairchild,20241101,dipteryx oleifera,3
DJI_20241101095742_0012_V_876zoom.JPG,bcifairchild,20241101,virola surinamensis,2
DJI_20241101095910_0016_V_631zoom.JPG,bcifairchild,20241101,attalea butyracea,2
DJI_20241101100044_0020_V_630zoom.JPG,bcifairchild,20241101,spondias mombin,4
DJI_20241101100131_0022_V_639zoom.JPG,bcifairchild,20241101,anacardium excelsum,3
DJI_20241101100216_0024_V_1198zoom.JPG,bcifairchild,20241101,tabebuia rosea,4
DJI_20241101100300_0026_V_1177zoom.JPG,bcifairchild,20241101,spondias mombin,3
DJI_20241101100344_0028_V_1184zoom.JPG,bcifairchild,20241101,spondias mombin,5
DJI_20241101100552_0034_V_449zoom.JPG,bcifairchild,20241101,dipteryx oleifera,3
DJI_20241101100629_0036_V_640zoom.JPG,bcifairchild,20241101,dipteryx oleifera,7
DJI_20241101100707_0038_V_638zoom.JPG,bcifairchild,20241101,dipteryx oleifera,2
DJI_20241101100749_0040_V_444zoom.JPG,bcifairchild,20241101,anacardium excelsum,3
DJI_20241101101055_0048_V_617zoom.JPG,bcifairchild,20241101,attalea butyracea,1
DJI_20241101101142_0050_V_271zoom.JPG,bcifairchild,20241101,attalea butyracea,2
DJI_20241101101229_0052_V_426zoom.JPG,bcifairchild,20241101,oenocarpus mapora,6
DJI_20241101102133_0002_V_413zoom.JPG,bcifairchild,20241101,gustavia superba,2
DJI_20241101102318_0006_V_424zoom.JPG,bcifairchild,20241101,luehea seemannii,6
DJI_20241101102457_0010_V_156zoom.JPG,bcifairchild,20241101,anacardium excelsum,1
DJI_20241101102635_0014_V_433zoom.JPG,bcifairchild,20241101,luehea seemannii,2
DJI_20241101102718_0016_V_432zoom.JPG,bcifairchild,20241101,luehea seemannii,2
DJI_20241101102849_0020_V_298zoom.JPG,bcifairchild,20241101,protium panamense,1
DJI_20241101102932_0022_V_299zoom.JPG,bcifairchild,20241101,anacardium excelsum,2
DJI_20241101103214_0030_V_443zoom.JPG,bcifairchild,20241101,attalea butyracea,1
DJI_20241101103251_0032_V_451zoom.JPG,bcifairchild,20241101,anacardium excelsum,2
DJI_20241101103327_0034_V_469zoom.JPG,bcifairchild,20241101,anacardium excelsum,3
DJI_20241101103404_0036_V_897zoom.JPG,bcifairchild,20241101,anacardium excelsum,4
DJI_20241101103512_0040_V_890zoom.JPG,bcifairchild,20241101,anacardium excelsum,4
DJI_20241101103543_0042_V_452zoom.JPG,bcifairchild,20241101,anacardium excelsum,2
DJI_20241101103613_0044_V_659zoom.JPG,bcifairchild,20241101,eugenia nesiotica,3
DJI_20241101103644_0046_V_457zoom.JPG,bcifairchild,20241101,attalea butyracea,1
DJI_20241101103715_0048_V_650zoom.JPG,bcifairchild,20241101,calophyllum longifolium,6
DJI_20241101103750_0050_V_661zoom.JPG,bcifairchild,20241101,handroanthus guayacan,5
DJI_20241101103821_0052_V_315zoom.JPG,bcifairchild,20241101,trichilia tuberculata,2
DJI_20241101103959_0058_V_670zoom.JPG,bcifairchild,20241101,oenocarpus mapora,4
DJI_20241101104058_0062_V_489zoom.JPG,bcifairchild,20241101,vismia macrophylla,1
DJI_20241101104826_0002_V_943zoom.JPG,bcifairchild,20241101,oenocarpus mapora,6
DJI_20241101105118_0012_V_917zoom.JPG,bcifairchild,20241101,anacardium excelsum,2
DJI_20241101105309_0016_V_1145zoom.JPG,bcifairchild,20241101,hieronyma alchorneoides,4
DJI_20241101105439_0020_V_618zoom.JPG,bcifairchild,20241101,attalea butyracea,2
DJI_20241107103348_0004_V_2188zoom.JPG,bcifairchild,20241107,jacaranda copaia,3
DJI_20241107103541_0010_V_1946zoom.JPG,bcifairchild,20241107,anacardium excelsum,3
DJI_20241107103618_0012_V_2513zoom.JPG,bcifairchild,20241107,astrocaryum standleyanum,4
DJI_20241107103738_0016_V_2199zoom.JPG,bcifairchild,20241107,gustavia superba,6
DJI_20241107104008_0024_V_2225zoom.JPG,bcifairchild,20241107,anacardium excelsum,5
DJI_20241107104037_0026_V_2523zoom.JPG,bcifairchild,20241107,dipteryx oleifera,3
DJI_20241107104105_0028_V_2522zoom.JPG,bcifairchild,20241107,hieronyma alchorneoides,5
DJI_20241107104134_0030_V_2227zoom.JPG,bcifairchild,20241107,hieronyma alchorneoides,3
DJI_20241107104204_0032_V_2524zoom.JPG,bcifairchild,20241107,hieronyma alchorneoides,6
DJI_20241107104232_0034_V_1952zoom.JPG,bcifairchild,20241107,hieronyma alchorneoides,4
DJI_20241107104306_0036_V_2218zoom.JPG,bcifairchild,20241107,chrysophyllum cainito,2
DJI_20241107104405_0040_V_1689zoom.JPG,bcifairchild,20241107,hieronyma alchorneoides,3
DJI_20241107104439_0042_V_1677zoom.JPG,bcifairchild,20241107,dipteryx oleifera,6
DJI_20241107104541_0046_V_1686zoom.JPG,bcifairchild,20241107,hieronyma alchorneoides,1
DJI_20241107104618_0048_V_1674zoom.JPG,bcifairchild,20241107,anacardium excelsum,4
DJI_20241107104655_0050_V_1666zoom.JPG,bcifairchild,20241107,hieronyma alchorneoides,3
DJI_20241107104732_0052_V_1669zoom.JPG,bcifairchild,20241107,hieronyma alchorneoides,6
DJI_20241107104953_0060_V_2186zoom.JPG,bcifairchild,20241107,handroanthus guayacan,5
DJI_20241107105627_0002_V_2211zoom.JPG,bcifairchild,20241107,dipteryx oleifera,6
DJI_20241107105657_0004_V_2204zoom.JPG,bcifairchild,20241107,dipteryx oleifera,3
DJI_20241107105735_0006_V_1695zoom.JPG,bcifairchild,20241107,hieronyma alchorneoides,2
DJI_20241107105809_0008_V_1682zoom.JPG,bcifairchild,20241107,hieronyma alchorneoides,4
DJI_20241107105852_0010_V_1391zoom.JPG,bcifairchild,20241107,astrocaryum standleyanum,3
DJI_20241107105935_0012_V_1146zoom.JPG,bcifairchild,20241107,astrocaryum standleyanum,1
DJI_20241107110253_0022_V_1383zoom.JPG,bcifairchild,20241107,alseis blackiana,3
DJI_20241107110409_0026_V_1925zoom.JPG,bcifairchild,20241107,handroanthus guayacan,3
DJI_20241107110447_0028_V_1654zoom.JPG,bcifairchild,20241107,handroanthus guayacan,6
DJI_20241107110530_0030_V_2185zoom.JPG,bcifairchild,20241107,gustavia superba,5
DJI_20241107110610_0032_V_1922zoom.JPG,bcifairchild,20241107,handroanthus guayacan,3
DJI_20241124084529_0002_V_724zoom.JPG,knightlangbci,20241124,calophyllum longifolium,3
DJI_20241124084654_0006_V_716zoom.JPG,knightlangbci,20241124,anacardium excelsum,2
DJI_20241124084731_0008_V_731zoom.JPG,knightlangbci,20241124,anacardium excelsum,1
DJI_20241124085225_0024_V_738zoom.JPG,knightlangbci,20241124,alseis blackiana,4
DJI_20241124085406_0030_V_743zoom.JPG,knightlangbci,20241124,platypodium elegans,4
DJI_20241124085744_0002_V_346zoom.JPG,knightlangbci,20241124,alseis blackiana,2
DJI_20241124085937_0008_V_732zoom.JPG,knightlangbci,20241124,anacardium excelsum,3
DJI_20241124090010_0010_V_559zoom.JPG,knightlangbci,20241124,alseis blackiana,3
DJI_20241124090044_0012_V_345zoom.JPG,knightlangbci,20241124,platypodium elegans,3
DJI_20241124090120_0014_V_565zoom.JPG,knightlangbci,20241124,handroanthus guayacan,3
DJI_20241124091848_0024_V_1045zoom.JPG,knightlangbci,20241124,dipteryx oleifera,4
DJI_20241126103216_0034_V_626zoom.JPG,knightlangbci,20241126,handroanthus guayacan,3
DJI_20241126103615_0046_V_637zoom.JPG,knightlangbci,20241126,oenocarpus mapora,3
DJI_20241126104220_0066_V_775zoom.JPG,knightlangbci,20241126,dipteryx oleifera,1
DJI_20241127085653_0010_V_2324zoom.JPG,knightlangbci,20241127,tachigali panamensis,4
DJI_20241127092520_0030_V_2091zoom.JPG,knightlangbci,20241127,hieronyma alchorneoides,3
DJI_20241127092924_0042_V_2055zoom.JPG,knightlangbci,20241127,oenocarpus mapora,3
DJI_20241127094604_0006_V_2228zoom.JPG,knightlangbci,20241127,tabebuia rosea,2
DJI_20241127094645_0008_V_2034zoom.JPG,knightlangbci,20241127,miconia argentea,4
DJI_20241127094919_0016_V_2245zoom.JPG,knightlangbci,20241127,tabebuia rosea,2
DJI_20241127095108_0022_V_2227zoom.JPG,knightlangbci,20241127,tabebuia rosea,1
DJI_20241127095941_0046_V_1975zoom.JPG,knightlangbci,20241127,gustavia superba,3
DJI_20241127112045_0004_V_1588zoom.JPG,knightlangbci,20241127,miconia argentea,4
DJI_20241127112126_0006_V_1183zoom.JPG,knightlangbci,20241127,astrocaryum standleyanum,3
DJI_20241127112806_0028_V_957zoom.JPG,knightlangbci,20241127,attalea butyracea,2
DJI_20241127112841_0030_V_819zoom.JPG,knightlangbci,20241127,simarouba amara,7
DJI_20241127113030_0036_V_1117zoom.JPG,knightlangbci,20241127,dipteryx oleifera,4
DJI_20241127113505_0052_V_1280zoom.JPG,knightlangbci,20241127,handroanthus guayacan,1
DJI_20241127113537_0054_V_1461zoom.JPG,knightlangbci,20241127,pourouma bicolor,2
DJI_20241127114114_0070_V_1646zoom.JPG,knightlangbci,20241127,tabebuia rosea,3
DJI_20241127114151_0072_V_1669zoom.JPG,knightlangbci,20241127,handroanthus guayacan,2
DJI_20241202110949_0002_V_1467zoom.JPG,knightlangbci,20241202,handroanthus guayacan,4
DJI_20241202111103_0006_V_1648zoom.JPG,knightlangbci,20241202,handroanthus guayacan,5
DJI_20241202111618_0022_V_1257zoom.JPG,knightlangbci,20241202,dipteryx oleifera,4
DJI_20241202111655_0024_V_895zoom.JPG,knightlangbci,20241202,anacardium excelsum,2
DJI_20241202111823_0028_V_732zoom.JPG,knightlangbci,20241202,ficus insipida,5
DJI_20241202112006_0032_V_1279zoom.JPG,knightlangbci,20241202,handroanthus guayacan,3
DJI_20241202112147_0038_V_1112zoom.JPG,knightlangbci,20241202,cordia panamensis,1
DJI_20241202112237_0040_V_1133zoom.JPG,knightlangbci,20241202,handroanthus guayacan,5
DJI_20241202112314_0042_V_1151zoom.JPG,knightlangbci,20241202,alseis blackiana,3
DJI_20241202112630_0052_V_1541zoom.JPG,knightlangbci,20241202,astrocaryum standleyanum,2
DJI_20241204091740_0002_V_1939zoom.JPG,bcifairchildn,20241204,anacardium excelsum,2
DJI_20241204092012_0008_V_3143zoom.JPG,bcifairchildn,20241204,tabebuia rosea,3
DJI_20241204092144_0012_V_3668zoom.JPG,bcifairchildn,20241204,hieronyma alchorneoides,5
DJI_20241204093012_0032_V_2632zoom.JPG,bcifairchildn,20241204,terminalia amazonia,4
DJI_20241204093202_0036_V_2625zoom.JPG,bcifairchildn,20241204,attalea butyracea,4
DJI_20241204093414_0042_V_2020zoom.JPG,bcifairchildn,20241204,anacardium excelsum,1
DJI_20241204093643_0050_V_1683zoom.JPG,bcifairchildn,20241204,simarouba amara,2
DJI_20241204095122_0010_V_1078zoom.JPG,bcifairchildn,20241204,fridericia candicans,3
DJI_20241204095212_0012_V_646zoom.JPG,bcifairchildn,20241204,gustavia superba,4
DJI_20241204100031_0032_V_191zoom.JPG,bcifairchildn,20241204,anacardium excelsum,3
DJI_20241204100307_0038_V_14zoom.JPG,bcifairchildn,20241204,calophyllum longifolium,4
DJI_20241204100559_0044_V_66zoom.JPG,bcifairchildn,20241204,calophyllum longifolium,2
DJI_20241204100650_0046_V_149zoom.JPG,bcifairchildn,20241204,attalea butyracea,5
DJI_20241204100831_0050_V_261zoom.JPG,bcifairchildn,20241204,anacardium excelsum,1
DJI_20241204100925_0052_V_421zoom.JPG,bcifairchildn,20241204,tabebuia rosea,3
DJI_20241204101014_0054_V_538zoom.JPG,bcifairchildn,20241204,dipteryx oleifera,6
DJI_20241204102337_0019_V_580zoom.JPG,bcifairchildn,20241204,anacardium excelsum,3
DJI_20241204102607_0025_V_185zoom.JPG,bcifairchildn,20241204,anacardium excelsum,4
DJI_20241204102653_0027_V_171zoom.JPG,bcifairchildn,20241204,trichilia tuberculata,4
DJI_20241204104231_0004_V_465zoom.JPG,bcifairchildn,20241204,aspidosperma desmanthum,1
DJI_20241204104336_0006_V_243zoom.JPG,bcifairchildn,20241204,tabebuia rosea,1
DJI_20241204105035_0020_V_1630zoom.JPG,bcifairchildn,20241204,calophyllum longifolium,3
DJI_20241204105123_0022_V_990zoom.JPG,bcifairchildn,20241204,dipteryx oleifera,4
DJI_20241204105213_0024_V_985zoom.JPG,bcifairchildn,20241204,calophyllum longifolium,1
DJI_20241204105457_0030_V_534zoom.JPG,bcifairchildn,20241204,calophyllum longifolium,6
DJI_20241204105547_0032_V_528zoom.JPG,bcifairchildn,20241204,dipteryx oleifera,5
DJI_20241204105641_0034_V_387zoom.JPG,bcifairchildn,20241204,calophyllum longifolium,2
DJI_20241204105737_0036_V_382zoom.JPG,bcifairchildn,20241204,aspidosperma desmanthum,2
DJI_20241204110514_0002_V_695zoom.JPG,bcifairchildn,20241204,aspidosperma desmanthum,4
DJI_20241204110758_0008_V_1602zoom.JPG,bcifairchildn,20241204,tabebuia rosea,5
DJI_20241204110853_0010_V_1591zoom.JPG,bcifairchildn,20241204,calophyllum longifolium,6
DJI_20241204110947_0012_V_1262zoom.JPG,bcifairchildn,20241204,aspidosperma desmanthum,2
DJI_20241204111455_0004_V_2234zoom.JPG,bcifairchildn,20241204,dipteryx oleifera,6
DJI_20241204111625_0008_V_2507zoom.JPG,bcifairchildn,20241204,dipteryx oleifera,2
DJI_20241204112009_0018_V_1887zoom.JPG,bcifairchildn,20241204,ochroma pyramidale,3
DJI_20241204112101_0020_V_2209zoom.JPG,bcifairchildn,20241204,gustavia superba,2
DJI_20241204113213_0002_V_1556zoom.JPG,knightlangbci,20241204,jacaranda copaia,3
DJI_20241204113510_0010_V_1037zoom.JPG,knightlangbci,20241204,simarouba amara,3
DJI_20241204113833_0020_V_1016zoom.JPG,knightlangbci,20241204,miconia argentea,3
DJI_20241204113958_0024_V_1032zoom.JPG,knightlangbci,20241204,handroanthus guayacan,4
DJI_20241204114237_0032_V_950zoom.JPG,knightlangbci,20241204,terminalia amazonia,2
DJI_20241204143300_0004_V_885zoom.JPG,bcifairchildn,20241204,dipteryx oleifera,3
DJI_20241204143708_0010_V_4396zoom.JPG,bcifairchildn,20241204,dipteryx oleifera,3
DJI_20241204143925_0016_V_3661zoom.JPG,bcifairchildn,20241204,tachigali panamensis,3
DJI_20241204144005_0018_V_4169zoom.JPG,bcifairchildn,20241204,dipteryx oleifera,4
DJI_20241204144046_0020_V_4391zoom.JPG,bcifairchildn,20241204,aspidosperma desmanthum,3
DJI_20241204144851_0042_V_3054zoom.JPG,bcifairchildn,20241204,hieronyma alchorneoides,1
DJI_20241204145203_0052_V_3339zoom.JPG,bcifairchildn,20241204,guarea guidonia,3
DJI_20241204150431_0002_V_3607zoom.JPG,bcifairchildn,20241204,handroanthus guayacan,5
DJI_20241204150509_0004_V_3602zoom.JPG,bcifairchildn,20241204,aspidosperma desmanthum,3
DJI_20241204150544_0006_V_3284zoom.JPG,bcifairchildn,20241204,attalea butyracea,3
DJI_20241204150651_0010_V_3843zoom.JPG,bcifairchildn,20241204,terminalia amazonia,2
DJI_20241204150805_0014_V_3553zoom.JPG,bcifairchildn,20241204,astrocaryum standleyanum,1
DJI_20241204151021_0020_V_2450zoom.JPG,bcifairchildn,20241204,terminalia amazonia,3
DJI_20241204151108_0022_V_2722zoom.JPG,bcifairchildn,20241204,trichilia tuberculata,1
DJI_20241204151158_0024_V_2976zoom.JPG,bcifairchildn,20241204,attalea butyracea,5
DJI_20241204151329_0028_V_2953zoom.JPG,bcifairchildn,20241204,oenocarpus mapora,3
DJI_20241204151425_0030_V_2941zoom.JPG,bcifairchildn,20241204,hieronyma alchorneoides,2
DJI_20241204151517_0032_V_2440zoom.JPG,bcifairchildn,20241204,attalea butyracea,1
DJI_20241204151711_0036_V_1844zoom.JPG,bcifairchildn,20241204,dipteryx oleifera,3
DJI_20241204151801_0038_V_2148zoom.JPG,bcifairchildn,20241204,dipteryx oleifera,1
DJI_20241204151853_0040_V_1847zoom.JPG,bcifairchildn,20241204,terminalia amazonia,4
DJI_20241204151941_0042_V_1815zoom.JPG,bcifairchildn,20241204,terminalia amazonia,4
DJI_20241204152220_0048_V_2103zoom.JPG,bcifairchildn,20241204,calophyllum longifolium,5
DJI_20241204152316_0050_V_1785zoom.JPG,bcifairchildn,20241204,dipteryx oleifera,3
DJI_20241204152412_0052_V_1805zoom.JPG,bcifairchildn,20241204,aspidosperma desmanthum,5
DJI_20241204152509_0054_V_1141zoom.JPG,bcifairchildn,20241204,dipteryx oleifera,4
DJI_20241204152613_0056_V_1186zoom.JPG,bcifairchildn,20241204,oenocarpus mapora,1
DJI_20241211095827_0002_V_1586zoom.JPG,bcifairchildn,20241211,anacardium excelsum,2
DJI_20241211100016_0006_V_1884zoom.JPG,bcifairchildn,20241211,terminalia amazonia,2
DJI_20241211100106_0008_V_1881zoom.JPG,bcifairchildn,20241211,hieronyma alchorneoides,4
DJI_20241211100203_0010_V_1214zoom.JPG,bcifairchildn,20241211,dipteryx oleifera,5
DJI_20241211100501_0016_V_921zoom.JPG,bcifairchildn,20241211,calophyllum longifolium,3
DJI_20241211100647_0020_V_936zoom.JPG,bcifairchildn,20241211,calophyllum longifolium,3
DJI_20241211100743_0022_V_938zoom.JPG,bcifairchildn,20241211,terminalia amazonia,7
DJI_20241211100835_0024_V_1224zoom.JPG,bcifairchildn,20241211,aspidosperma desmanthum,5
DJI_20241211101047_0028_V_1518zoom.JPG,bcifairchildn,20241211,calophyllum longifolium,5
DJI_20241211101145_0030_V_1170zoom.JPG,bcifairchildn,20241211,astrocaryum standleyanum,3
DJI_20241218115302_0002_V_3492zoom.JPG,bci50haplot,20241218,calophyllum longifolium,1
DJI_20241218115418_0006_V_3951zoom.JPG,bci50haplot,20241218,hura crepitans,2
DJI_20241218115537_0010_V_4823zoom.JPG,bci50haplot,20241218,handroanthus guayacan,4
DJI_20241218115724_0016_V_3470zoom.JPG,bci50haplot,20241218,ficus obtusifolia,4
DJI_20241218115841_0020_V_2960zoom.JPG,bci50haplot,20241218,alseis blackiana,6
DJI_20241218115919_0022_V_3481zoom.JPG,bci50haplot,20241218,brosimum alicastrum,3
DJI_20241218115953_0024_V_3480zoom.JPG,bci50haplot,20241218,aspidosperma desmanthum,2
DJI_20241218120253_0034_V_3457zoom.JPG,bci50haplot,20241218,ficus popenoei,2
DJI_20241218120331_0036_V_4376zoom.JPG,bci50haplot,20241218,tabebuia rosea,3
DJI_20241218120402_0038_V_4371zoom.JPG,bci50haplot,20241218,prioria copaifera,7
DJI_20241218120436_0040_V_4370zoom.JPG,bci50haplot,20241218,hura crepitans,4
DJI_20241218120707_0048_V_4352zoom.JPG,bci50haplot,20241218,trichilia tuberculata,3
DJI_20241218122001_0002_V_3433zoom.JPG,bci50haplot,20241218,tanaecium pyramidatum,2
DJI_20241218122250_0012_V_2942zoom.JPG,bci50haplot,20241218,tachigali panamensis,2
DJI_20241218122330_0014_V_3443zoom.JPG,bci50haplot,20241218,hura crepitans,1
DJI_20241218122514_0020_V_2080zoom.JPG,bci50haplot,20241218,jacaranda copaia,2
DJI_20241218122551_0022_V_2090zoom.JPG,bci50haplot,20241218,brosimum alicastrum,2
DJI_20241218122811_0030_V_1191zoom.JPG,bci50haplot,20241218,aspidosperma desmanthum,1
DJI_20241218122900_0032_V_1207zoom.JPG,bci50haplot,20241218,hura crepitans,3
DJI_20241218122939_0034_V_1637zoom.JPG,bci50haplot,20241218,guatteria lucens,5
DJI_20241218123015_0036_V_1630zoom.JPG,bci50haplot,20241218,hura crepitans,3
DJI_20241218124844_0004_V_2132zoom.JPG,bci50haplot,20241218,trichilia tuberculata,5
DJI_20241218125006_0008_V_3020zoom.JPG,bci50haplot,20241218,jacaranda copaia,1
DJI_20241218125219_0014_V_2608zoom.JPG,bci50haplot,20241218,anacardium excelsum,2
DJI_20250206092120_0002_V_958zoom.JPG,bci50haplot,20250206,platypodium elegans,1
DJI_20250206092306_0008_V_986zoom.JPG,bci50haplot,20250206,tachigali panamensis,1
DJI_20250206092344_0010_V_554zoom.JPG,bci50haplot,20250206,dipteryx oleifera,1
DJI_20250206092503_0014_V_1433zoom.JPG,bci50haplot,20250206,jacaranda copaia,1
DJI_20250206092650_0020_V_1414zoom.JPG,bci50haplot,20250206,guarea guidonia,4
DJI_20250206092920_0028_V_1403zoom.JPG,bci50haplot,20250206,cecropia insignis,1
DJI_20250206092956_0030_V_1399zoom.JPG,bci50haplot,20250206,jupunba macradenia,1
DJI_20250206093203_0038_V_895zoom.JPG,bci50haplot,20250206,fridericia candicans,3
DJI_20250206093239_0040_V_1368zoom.JPG,bci50haplot,20250206,mascagnia ovatifolia,3
DJI_20250206093429_0046_V_857zoom.JPG,bci50haplot,20250206,symphonia globulifera,2
DJI_20250206093616_0052_V_1779zoom.JPG,bci50haplot,20250206,sparrea schippii,5
DJI_20250206095206_0002_V_1817zoom.JPG,bci50haplot,20250206,dipteryx oleifera,5
DJI_20250206095317_0006_V_1823zoom.JPG,bci50haplot,20250206,jacaranda copaia,5
DJI_20250206095436_0010_V_2292zoom.JPG,bci50haplot,20250206,tabernaemontana arborea,3
DJI_20250206095511_0012_V_2277zoom.JPG,bci50haplot,20250206,tachigali panamensis,2
DJI_20250206095548_0014_V_2306zoom.JPG,bci50haplot,20250206,jacaranda copaia,2
DJI_20250206095625_0016_V_2749zoom.JPG,bci50haplot,20250206,handroanthus guayacan,4
DJI_20250206095708_0018_V_1857zoom.JPG,bci50haplot,20250206,jacaranda copaia,3
DJI_20250206095857_0024_V_2359zoom.JPG,bci50haplot,20250206,senegalia hayesii,4
DJI_20250206095934_0026_V_2774zoom.JPG,bci50haplot,20250206,dipteryx oleifera,1
DJI_20250206100014_0028_V_3735zoom.JPG,bci50haplot,20250206,jacaranda copaia,3
DJI_20250206100053_0030_V_3745zoom.JPG,bci50haplot,20250206,prioria copaifera,4
DJI_20250206100325_0038_V_4645zoom.JPG,bci50haplot,20250206,prioria copaifera,5
DJI_20250206100400_0040_V_4174zoom.JPG,bci50haplot,20250206,anacardium excelsum,4
DJI_20250206100716_0050_V_4145zoom.JPG,bci50haplot,20250206,terminalia amazonia,1
DJI_20250206101945_0004_V_4154zoom.JPG,bci50haplot,20250206,tabebuia rosea,4
DJI_20250206102144_0010_V_4638zoom.JPG,bci50haplot,20250206,prioria copaifera,5
DJI_20250206102259_0014_V_5057zoom.JPG,bci50haplot,20250206,prioria copaifera,3
DJI_20250206102522_0020_V_4601zoom.JPG,bci50haplot,20250206,jacaranda copaia,6
DJI_20250206102604_0022_V_4570zoom.JPG,bci50haplot,20250206,jacaranda copaia,2
DJI_20250206102756_0028_V_4111zoom.JPG,bci50haplot,20250206,dipteryx oleifera,2
DJI_20250206102830_0030_V_4564zoom.JPG,bci50haplot,20250206,simarouba amara,3
DJI_20250206102911_0032_V_4082zoom.JPG,bci50haplot,20250206,cecropia insignis,1
DJI_20250206102950_0034_V_3639zoom.JPG,bci50haplot,20250206,omphalea diandra,6
DJI_20250206103029_0036_V_4087zoom.JPG,bci50haplot,20250206,cecropia insignis,2
DJI_20250206103109_0038_V_3628zoom.JPG,bci50haplot,20250206,callichlamys latifolia,5
DJI_20250206103146_0040_V_3601zoom.JPG,bci50haplot,20250206,trema micranthum,2
DJI_20250206103225_0042_V_2680zoom.JPG,bci50haplot,20250206,simarouba amara,4
DJI_20250206103333_0046_V_3173zoom.JPG,bci50haplot,20250206,fridericia candicans,1
DJI_20250206103408_0048_V_3169zoom.JPG,bci50haplot,20250206,guapira myrtiflora,3
DJI_20250206103442_0050_V_3650zoom.JPG,bci50haplot,20250206,prioria copaifera,3
DJI_20250206104539_0002_V_3187zoom.JPG,bci50haplot,20250206,alseis blackiana,5
DJI_20250206104625_0004_V_3203zoom.JPG,bci50haplot,20250206,jacaranda copaia,1
DJI_20250206104744_0008_V_2728zoom.JPG,bci50haplot,20250206,platymiscium dimorphandrum,1
DJI_20250206105133_0018_V_4064zoom.JPG,bci50haplot,20250206,simarouba amara,1
DJI_20250206105535_0030_V_1764zoom.JPG,bci50haplot,20250206,pourouma bicolor,5
DJI_20250206105734_0036_V_848zoom.JPG,bci50haplot,20250206,trema domingense,1
DJI_20250206105812_0038_V_841zoom.JPG,bci50haplot,20250206,chomelia psilocarpa,6
DJI_20250206105946_0042_V_1822zoom.JPG,bci50haplot,20250206,dipteryx oleifera,1
DJI_20250206110040_0044_V_926zoom.JPG,bci50haplot,20250206,trema domingense,1
DJI_20250226103303_0004_V_4745zoom.JPG,bcicommtower,20250226,uncaria tomentosa,5
DJI_20250226103424_0008_V_4751zoom.JPG,bcicommtower,20250226,anacardium excelsum,2
DJI_20250226103624_0014_V_3979zoom.JPG,bcicommtower,20250226,ficus obtusifolia,7
DJI_20250226103705_0016_V_3989zoom.JPG,bcicommtower,20250226,uncaria tomentosa,2
DJI_20250226104003_0024_V_3597zoom.JPG,bcicommtower,20250226,guatteria lucens,1
DJI_20250226104220_0030_V_3211zoom.JPG,bcicommtower,20250226,simarouba amara,3
DJI_20250226104308_0032_V_3197zoom.JPG,bcicommtower,20250226,hieronyma alchorneoides,6
DJI_20250226104500_0036_V_2396zoom.JPG,bcicommtower,20250226,anacardium excelsum,4
DJI_20250226104839_0044_V_2391zoom.JPG,bcicommtower,20250226,anacardium excelsum,6
DJI_20250226104928_0046_V_2411zoom.JPG,bcicommtower,20250226,anacardium excelsum,1
DJI_20250226105023_0048_V_2409zoom.JPG,bcicommtower,20250226,anacardium excelsum,2
DJI_20250226105216_0052_V_2027zoom.JPG,bcicommtower,20250226,lonchocarpus heptaphyllus,4
DJI_20250226105315_0054_V_1702zoom.JPG,bcicommtower,20250226,anacardium excelsum,5
DJI_20250226110210_0002_V_3630zoom.JPG,bcicommtower,20250226,uncaria tomentosa,3
DJI_20250226110305_0004_V_3587zoom.JPG,bcicommtower,20250226,hura crepitans,1
DJI_20250226110436_0008_V_3194zoom.JPG,bcicommtower,20250226,dipteryx oleifera,2
DJI_20250226110653_0014_V_3573zoom.JPG,bcicommtower,20250226,anacardium excelsum,1
DJI_20250226110857_0018_V_2385zoom.JPG,bcicommtower,20250226,dipteryx oleifera,4
DJI_20250226111031_0022_V_2798zoom.JPG,bcicommtower,20250226,cordia alliodora,1
DJI_20250226111352_0030_V_2375zoom.JPG,bcicommtower,20250226,anacardium excelsum,5
DJI_20250226111442_0032_V_2392zoom.JPG,bcicommtower,20250226,anacardium excelsum,6
DJI_20250226111535_0034_V_1997zoom.JPG,bcicommtower,20250226,terminalia amazonia,4
DJI_20250226111719_0038_V_2397zoom.JPG,bcicommtower,20250226,tachigali panamensis,1
DJI_20250226111825_0040_V_2371zoom.JPG,bcicommtower,20250226,aiouea montana,3
DJI_20250226111912_0042_V_2364zoom.JPG,bcicommtower,20250226,cordia alliodora,3
DJI_20250226111956_0044_V_2355zoom.JPG,bcicommtower,20250226,chrysophyllum cainito,5
DJI_20250226112126_0048_V_2350zoom.JPG,bcicommtower,20250226,ochroma pyramidale,3
DJI_20250226112846_0004_V_2775zoom.JPG,bcicommtower,20250226,anacardium excelsum,4
DJI_20250226112931_0006_V_2363zoom.JPG,bcicommtower,20250226,hieronyma alchorneoides,3
DJI_20250226113015_0008_V_1974zoom.JPG,bcicommtower,20250226,anacardium excelsum,4
DJI_20250226113053_0010_V_2327zoom.JPG,bcicommtower,20250226,anacardium excelsum,6
DJI_20250226113542_0024_V_4271zoom.JPG,bcicommtower,20250226,hieronyma alchorneoides,2
DJI_20250226113805_0032_V_4297zoom.JPG,bcicommtower,20250226,guatteria lucens,3
DJI_20250226113845_0034_V_4688zoom.JPG,bcicommtower,20250226,hieronyma alchorneoides,5
DJI_20250226113953_0038_V_5089zoom.JPG,bcicommtower,20250226,anacardium excelsum,4
DJI_20250226114024_0040_V_5090zoom.JPG,bcicommtower,20250226,ficus insipida,5
DJI_20250226114059_0042_V_5101zoom.JPG,bcicommtower,20250226,anacardium excelsum,4
DJI_20250226114134_0044_V_5484zoom.JPG,bcicommtower,20250226,anacardium excelsum,6
DJI_20250226114210_0046_V_5109zoom.JPG,bcicommtower,20250226,anacardium excelsum,3
DJI_20250226114324_0050_V_5477zoom.JPG,bcicommtower,20250226,hieronyma alchorneoides,3
DJI_20250226114427_0054_V_5074zoom.JPG,bcicommtower,20250226,hieronyma alchorneoides,4
DJI_20250226114615_0060_V_5054zoom.JPG,bcicommtower,20250226,simarouba amara,1
DJI_20250226114719_0064_V_5435zoom.JPG,bcicommtower,20250226,hymenaea courbaril,2
DJI_20250226114850_0068_V_5478zoom.JPG,bcicommtower,20250226,uncaria tomentosa,3
DJI_20250226114928_0070_V_5490zoom.JPG,bcicommtower,20250226,anacardium excelsum,3
DJI_20250226115850_0004_V_5501zoom.JPG,bcicommtower,20250226,anacardium excelsum,4
DJI_20250226120102_0010_V_5888zoom.JPG,bcicommtower,20250226,anacardium excelsum,2
DJI_20250226120141_0012_V_5881zoom.JPG,bcicommtower,20250226,anacardium excelsum,5
DJI_20250226120224_0014_V_5510zoom.JPG,bcicommtower,20250226,uncaria tomentosa,4
DJI_20250226120345_0018_V_5122zoom.JPG,bcicommtower,20250226,anacardium excelsum,1
DJI_20250226120426_0020_V_5518zoom.JPG,bcicommtower,20250226,anacardium excelsum,3
DJI_20250226120624_0026_V_6264zoom.JPG,bcicommtower,20250226,anacardium excelsum,1
DJI_20250226120705_0028_V_6281zoom.JPG,bcicommtower,20250226,anacardium excelsum,5
DJI_20250226120845_0032_V_5120zoom.JPG,bcicommtower,20250226,uncaria tomentosa,4
DJI_20250226121012_0036_V_4327zoom.JPG,bcicommtower,20250226,anacardium excelsum,5
DJI_20250226121054_0038_V_3942zoom.JPG,bcicommtower,20250226,ochroma pyramidale,4
DJI_20250226121133_0040_V_4701zoom.JPG,bcicommtower,20250226,anacardium excelsum,3
DJI_20250226121211_0042_V_4705zoom.JPG,bcicommtower,20250226,anacardium excelsum,4
DJI_20250226121333_0046_V_3951zoom.JPG,bcicommtower,20250226,anacardium excelsum,2
DJI_20250226121414_0048_V_3948zoom.JPG,bcicommtower,20250226,dipteryx oleifera,2
DJI_20250226122859_0002_V_2737zoom.JPG,bcicommtower,20250226,anacardium excelsum,3
DJI_20250226123019_0006_V_2723zoom.JPG,bcicommtower,20250226,inga laurina,3
DJI_20250226123145_0010_V_2246zoom.JPG,bcicommtower,20250226,hieronyma alchorneoides,4
DJI_20250226123429_0018_V_2235zoom.JPG,bcicommtower,20250226,anacardium excelsum,4
DJI_20250226123638_0024_V_2221zoom.JPG,bcicommtower,20250226,anacardium excelsum,1
DJI_20250226123721_0026_V_2217zoom.JPG,bcicommtower,20250226,guapira myrtiflora,2
DJI_20250226123836_0030_V_2647zoom.JPG,bcicommtower,20250226,hieronyma alchorneoides,4
DJI_20250226123915_0032_V_2628zoom.JPG,bcicommtower,20250226,handroanthus guayacan,4
DJI_20250226124028_0036_V_3407zoom.JPG,bcicommtower,20250226,terminalia amazonia,4
DJI_20250226124102_0038_V_3426zoom.JPG,bcicommtower,20250226,handroanthus guayacan,2
DJI_20250226124820_0008_V_3061zoom.JPG,bcicommtower,20250226,fridericia candicans,1
DJI_20250226125051_0016_V_3848zoom.JPG,bcicommtower,20250226,dipteryx oleifera,4
DJI_20250226125137_0018_V_4595zoom.JPG,bcicommtower,20250226,jacaranda copaia,1
DJI_20250226125330_0022_V_4250zoom.JPG,bcicommtower,20250226,guatteria lucens,2
DJI_20250226125525_0027_V_4634zoom.JPG,bcicommtower,20250226,brosimum alicastrum,1
DJI_20250226125831_0035_V_4264zoom.JPG,bcicommtower,20250226,hieronyma alchorneoides,1
DJI_20250226130047_0041_V_3902zoom.JPG,bcicommtower,20250226,jacaranda copaia,4
DJI_20250226130519_0049_V_3881zoom.JPG,bcicommtower,20250226,lafoensia punicifolia,2
DJI_20250226130605_0051_V_3467zoom.JPG,bcicommtower,20250226,uncaria tomentosa,3
DJI_20250226130702_0053_V_3451zoom.JPG,bcicommtower,20250226,anacardium excelsum,1
DJI_20250226130801_0055_V_3500zoom.JPG,bcicommtower,20250226,dipteryx oleifera,2
DJI_20250226130851_0057_V_2736zoom.JPG,bcicommtower,20250226,anacardium excelsum,4
DJI_20250226131331_0002_V_2330zoom.JPG,bcicommtower,20250226,anacardium excelsum,4
DJI_20250226131419_0004_V_2320zoom.JPG,bcicommtower,20250226,anacardium excelsum,3
DJI_20250226131600_0008_V_1638zoom.JPG,bcicommtower,20250226,anacardium excelsum,3
DJI_20250226131733_0012_V_1936zoom.JPG,bcicommtower,20250226,anacardium excelsum,1
DJI_20250226131841_0014_V_1929zoom.JPG,bcicommtower,20250226,anacardium excelsum,1
DJI_20250226132120_0022_V_1927zoom.JPG,bcicommtower,20250226,anacardium excelsum,4
DJI_20250226132158_0024_V_1600zoom.JPG,bcicommtower,20250226,terminalia amazonia,3
DJI_20250226132241_0026_V_1276zoom.JPG,bcicommtower,20250226,simarouba amara,4
DJI_20250226132404_0030_V_1021zoom.JPG,bcicommtower,20250226,vatairea erythrocarpa,2
DJI_20250226132529_0034_V_1241zoom.JPG,bcicommtower,20250226,hieronyma alchorneoides,5
DJI_20250226132659_0038_V_1006zoom.JPG,bcicommtower,20250226,anacardium excelsum,2
DJI_20250226132848_0042_V_1259zoom.JPG,bcicommtower,20250226,vatairea erythrocarpa,2
DJI_20250226132936_0044_V_1523zoom.JPG,bcicommtower,20250226,hippocratea volubilis,3
DJI_20250226133019_0046_V_1544zoom.JPG,bcicommtower,20250226,anacardium excelsum,2
DJI_20250226133107_0048_V_2243zoom.JPG,bcicommtower,20250226,tachigali panamensis,3
DJI_20250226133338_0002_V_1243zoom.JPG,bcicommtower,20250226,tachigali panamensis,4
DJI_20250226133532_0006_V_2653zoom.JPG,bcicommtower,20250226,calophyllum longifolium,1
DJI_20250226133627_0008_V_3800zoom.JPG,bcicommtower,20250226,dipteryx oleifera,2
DJI_20250226134152_0004_V_3378zoom.JPG,bcicommtower,20250226,calophyllum longifolium,5
DJI_20250226134231_0006_V_4165zoom.JPG,bcicommtower,20250226,calophyllum longifolium,3
DJI_20250226134340_0010_V_3415zoom.JPG,bcicommtower,20250226,tachigali panamensis,3
DJI_20250227131226_0006_V_4470zoom.JPG,bcicommtower,20250227,anacardium excelsum,5
DJI_20250227132014_0022_V_5987zoom.JPG,bcicommtower,20250227,hura crepitans,3
DJI_20250227132210_0026_V_6326zoom.JPG,bcicommtower,20250227,dipteryx oleifera,3
DJI_20250227132309_0028_V_5637zoom.JPG,bcicommtower,20250227,hieronyma alchorneoides,5
DJI_20250227132507_0032_V_5663zoom.JPG,bcicommtower,20250227,jacaranda copaia,2
DJI_20250227132608_0034_V_5288zoom.JPG,bcicommtower,20250227,simarouba amara,5
DJI_20250227132809_0038_V_5682zoom.JPG,bcicommtower,20250227,tetracera portobellensis,3
DJI_20250227133930_0004_V_4907zoom.JPG,bcicommtower,20250227,vochysia ferruginea,3
DJI_20250227134034_0006_V_4901zoom.JPG,bcicommtower,20250227,anacardium excelsum,3
DJI_20250227134344_0012_V_4104zoom.JPG,bcicommtower,20250227,hura crepitans,1
DJI_20250227134658_0018_V_4494zoom.JPG,bcicommtower,20250227,hieronyma alchorneoides,2
DJI_20250227134759_0020_V_4120zoom.JPG,bcicommtower,20250227,ficus obtusifolia,1
DJI_20250227135123_0026_V_3722zoom.JPG,bcicommtower,20250227,anacardium excelsum,4
DJI_20250227135430_0032_V_3694zoom.JPG,bcicommtower,20250227,casearia arborea,4
DJI_20250227135530_0034_V_4079zoom.JPG,bcicommtower,20250227,hieronyma alchorneoides,4
DJI_20250227135631_0036_V_4080zoom.JPG,bcicommtower,20250227,hieronyma alchorneoides,4
DJI_20250227135832_0040_V_3680zoom.JPG,bcicommtower,20250227,calophyllum longifolium,4
DJI_20250227140040_0044_V_3288zoom.JPG,bcicommtower,20250227,hieronyma alchorneoides,1
DJI_20250227141911_0016_V_2896zoom.JPG,bcicommtower,20250227,terminalia amazonia,3
DJI_20250304074427_0002_V_6553zoom.JPG,bcicommtower,20250304,mascagnia divaricata,1
DJI_20250304074501_0004_V_5836zoom.JPG,bcicommtower,20250304,hippocratea volubilis,1
DJI_20250304074849_0016_V_6214zoom.JPG,bcicommtower,20250304,anacardium excelsum,3
DJI_20250304074934_0018_V_6596zoom.JPG,bcicommtower,20250304,uncaria tomentosa,4
DJI_20250304075137_0002_V_6900zoom.JPG,bcicommtower,20250304,fridericia schumanniana,2
DJI_20250304075227_0004_V_6571zoom.JPG,bcicommtower,20250304,hieronyma alchorneoides,2
DJI_20250304075309_0006_V_6895zoom.JPG,bcicommtower,20250304,lafoensia punicifolia,4
DJI_20250304075348_0008_V_6889zoom.JPG,bcicommtower,20250304,anacardium excelsum,3
DJI_20250304075433_0010_V_7200zoom.JPG,bcicommtower,20250304,anacardium excelsum,5
DJI_20250304075745_0020_V_7441zoom.JPG,bcicommtower,20250304,anacardium excelsum,1
DJI_20250304075824_0022_V_7148zoom.JPG,bcicommtower,20250304,uncaria tomentosa,2
DJI_20250304075937_0026_V_7164zoom.JPG,bcicommtower,20250304,schizolobium parahyba,3
DJI_20250304080055_0030_V_6880zoom.JPG,bcicommtower,20250304,anacardium excelsum,3
DJI_20250304080810_0002_V_6559zoom.JPG,bcicommtower,20250304,dipteryx oleifera,2
DJI_20250304080921_0006_V_6180zoom.JPG,bcicommtower,20250304,anacardium excelsum,5
DJI_20250304081114_0012_V_5824zoom.JPG,bcicommtower,20250304,dipteryx oleifera,2
DJI_20250304081155_0014_V_5463zoom.JPG,bcicommtower,20250304,calophyllum longifolium,2
DJI_20250304081325_0018_V_5870zoom.JPG,bcicommtower,20250304,uncaria tomentosa,3
DJI_20250304081626_0026_V_6949zoom.JPG,bcicommtower,20250304,anacardium excelsum,3
DJI_20250304081710_0028_V_6925zoom.JPG,bcicommtower,20250304,anacardium excelsum,1
DJI_20250304081751_0030_V_6611zoom.JPG,bcicommtower,20250304,anacardium excelsum,6
DJI_20250304082002_0036_V_6629zoom.JPG,bcicommtower,20250304,brosimum alicastrum,1
DJI_20250304082045_0038_V_6954zoom.JPG,bcicommtower,20250304,anacardium excelsum,1
DJI_20250304082123_0040_V_7241zoom.JPG,bcicommtower,20250304,uncaria tomentosa,1
DJI_20250304082244_0044_V_6635zoom.JPG,bcicommtower,20250304,uncaria tomentosa,4
DJI_20250304082331_0046_V_7517zoom.JPG,bcicommtower,20250304,uncaria tomentosa,3
DJI_20250304082458_0050_V_6939zoom.JPG,bcicommtower,20250304,tabebuia rosea,3
DJI_20250304082747_0058_V_6928zoom.JPG,bcicommtower,20250304,simarouba amara,2
DJI_20250304082829_0060_V_6606zoom.JPG,bcicommtower,20250304,attalea butyracea,2
DJI_20250304083658_0008_V_5876zoom.JPG,bcicommtower,20250304,platypodium elegans,3
DJI_20250304084007_0016_V_6266zoom.JPG,bcicommtower,20250304,hieronyma alchorneoides,2
DJI_20250304084131_0020_V_6655zoom.JPG,bcicommtower,20250304,tabebuia rosea,1
DJI_20250304084256_0024_V_6660zoom.JPG,bcicommtower,20250304,anacardium excelsum,3
DJI_20250304084334_0026_V_6995zoom.JPG,bcicommtower,20250304,anacardium excelsum,4
DJI_20250304084457_0030_V_6669zoom.JPG,bcicommtower,20250304,anacardium excelsum,2
DJI_20250304084538_0032_V_6971zoom.JPG,bcicommtower,20250304,sloanea terniflora,3
DJI_20250304084614_0034_V_6985zoom.JPG,bcicommtower,20250304,calophyllum longifolium,4
DJI_20250304084805_0040_V_7277zoom.JPG,bcicommtower,20250304,hieronyma alchorneoides,4
DJI_20250304084844_0042_V_6664zoom.JPG,bcicommtower,20250304,anacardium excelsum,4
DJI_20250304084927_0044_V_6973zoom.JPG,bcicommtower,20250304,hieronyma alchorneoides,2
DJI_20250304085131_0050_V_7861zoom.JPG,bcicommtower,20250304,anacardium excelsum,5
DJI_20250304085204_0052_V_7858zoom.JPG,bcicommtower,20250304,hieronyma alchorneoides,1
DJI_20250304085534_0064_V_8364zoom.JPG,bcicommtower,20250304,ficus insipida,2
DJI_20250304090302_0002_V_8356zoom.JPG,bcicommtower,20250304,calophyllum longifolium,1
DJI_20250304090339_0004_V_8110zoom.JPG,bcicommtower,20250304,tontelea passiflora,2
DJI_20250304090418_0006_V_8120zoom.JPG,bcicommtower,20250304,anacardium excelsum,2
DJI_20250304090627_0012_V_8358zoom.JPG,bcicommtower,20250304,ficus insipida,1
DJI_20250304090709_0014_V_8541zoom.JPG,bcicommtower,20250304,tabebuia rosea,5
DJI_20250304091224_0030_V_7503zoom.JPG,bcicommtower,20250304,chrysophyllum cainito,4
DJI_20250304091347_0034_V_7213zoom.JPG,bcicommtower,20250304,calophyllum longifolium,6
DJI_20250304091434_0036_V_7780zoom.JPG,bcicommtower,20250304,dendropanax arboreus,4
DJI_20250304091517_0038_V_7482zoom.JPG,bcicommtower,20250304,gustavia superba,3
DJI_20250304091720_0044_V_8035zoom.JPG,bcicommtower,20250304,hieronyma alchorneoides,7
DJI_20250304091923_0050_V_7763zoom.JPG,bcicommtower,20250304,coccoloba manzinellensis,1
DJI_20250304092000_0052_V_8259zoom.JPG,bcicommtower,20250304,jacaranda copaia,6
DJI_20250304092148_0058_V_8001zoom.JPG,bcicommtower,20250304,dipteryx oleifera,1
DJI_20250304092520_0070_V_8015zoom.JPG,bcicommtower,20250304,prionostemma aspera,4
DJI_20250304093104_0002_V_7760zoom.JPG,bcicommtower,20250304,ochroma pyramidale,3
DJI_20250304093227_0006_V_7773zoom.JPG,bcicommtower,20250304,tabebuia rosea,8
DJI_20250304093309_0008_V_7485zoom.JPG,bcicommtower,20250304,cosmibuena macrocarpa,1
DJI_20250304093514_0014_V_7478zoom.JPG,bcicommtower,20250304,hieronyma alchorneoides,5
DJI_20250304093800_0020_V_8567zoom.JPG,bcicommtower,20250304,aspidosperma desmanthum,2
DJI_20250304094026_0024_V_6575zoom.JPG,bcicommtower,20250304,anacardium excelsum,2
DJI_20250305114038_0002_V_7116zoom.JPG,bcicommtower,20250305,anacardium excelsum,4
DJI_20250305115958_0042_V_6507zoom.JPG,bcicommtower,20250305,handroanthus guayacan,3
DJI_20250305120803_0004_V_6130zoom.JPG,bcicommtower,20250305,tabebuia rosea,1
DJI_20250305120856_0006_V_6135zoom.JPG,bcicommtower,20250305,dipteryx oleifera,2
DJI_20250305121043_0010_V_6151zoom.JPG,bcicommtower,20250305,calophyllum longifolium,3
DJI_20250305121320_0016_V_6790zoom.JPG,bcicommtower,20250305,jacaranda copaia,4
DJI_20250305121409_0018_V_6789zoom.JPG,bcicommtower,20250305,dipteryx oleifera,1
DJI_20250305121501_0020_V_6797zoom.JPG,bcicommtower,20250305,anacardium excelsum,2
DJI_20250305121837_0028_V_7367zoom.JPG,bcicommtower,20250305,dipteryx oleifera,3
DJI_20250305121930_0030_V_7076zoom.JPG,bcicommtower,20250305,anacardium excelsum,3
DJI_20250305122306_0038_V_7054zoom.JPG,bcicommtower,20250305,tachigali panamensis,2
DJI_20250305122456_0042_V_6747zoom.JPG,bcicommtower,20250305,tachigali panamensis,3
DJI_20250305122553_0044_V_7065zoom.JPG,bcicommtower,20250305,uncaria tomentosa,2
DJI_20250305122647_0046_V_7073zoom.JPG,bcicommtower,20250305,senegalia hayesii,2
DJI_20250715124325_0006_V_308zoom.JPG,bci25haplot,20250715,hippocratea volubilis,3
DJI_20250715124508_0010_V_312zoom.JPG,bci25haplot,20250715,hura crepitans,2
DJI_20250715124551_0012_V_360zoom.JPG,bci25haplot,20250715,hura crepitans,3
DJI_20250715124633_0014_V_358zoom.JPG,bci25haplot,20250715,callichlamys latifolia,3
DJI_20250715124805_0018_V_382zoom.JPG,bci25haplot,20250715,jacaranda copaia,4
DJI_20250715131940_0010_V_408zoom.JPG,bci25haplot,20250715,dipteryx oleifera,5
DJI_20250715132031_0012_V_403zoom.JPG,bci25haplot,20250715,alseis blackiana,4
DJI_20250715132146_0016_V_402zoom.JPG,bci25haplot,20250715,handroanthus guayacan,4
DJI_20250715132221_0018_V_401zoom.JPG,bci25haplot,20250715,platypodium elegans,2
DJI_20250715132302_0020_V_404zoom.JPG,bci25haplot,20250715,handroanthus guayacan,2
DJI_20250715132344_0022_V_376zoom.JPG,bci25haplot,20250715,inga marginata,3
DJI_20250715132430_0024_V_400zoom.JPG,bci25haplot,20250715,simarouba amara,3
DJI_20250715132511_0026_V_399zoom.JPG,bci25haplot,20250715,hura crepitans,5
DJI_20250715134021_0002_V_374zoom.JPG,bci25haplot,20250715,hieronyma alchorneoides,2
DJI_20250715134052_0004_V_372zoom.JPG,bci25haplot,20250715,ficus obtusifolia,4
DJI_20250715134126_0006_V_417zoom.JPG,bci25haplot,20250715,hura crepitans,4
DJI_20250715134207_0008_V_416zoom.JPG,bci25haplot,20250715,hura crepitans,2
DJI_20250715134228_0010_V_415zoom.JPG,bci25haplot,20250715,hieronyma alchorneoides,3
DJI_20250715134401_0014_V_397zoom.JPG,bci25haplot,20250715,guatteria lucens,3
DJI_20250715134711_0022_V_323zoom.JPG,bci25haplot,20250715,hura crepitans,5
DJI_20250715134746_0024_V_299zoom.JPG,bci25haplot,20250715,hura crepitans,4
DJI_20250716091206_0002_V_279zoom.JPG,bci25haplot,20250716,terminalia amazonia,5
DJI_20250716091353_0008_V_278zoom.JPG,bci25haplot,20250716,tachigali panamensis,1
DJI_20250716091531_0014_V_277zoom.JPG,bci25haplot,20250716,hura crepitans,2
DJI_20250716091640_0018_V_311zoom.JPG,bci25haplot,20250716,jacaranda copaia,4
DJI_20250716091818_0024_V_338zoom.JPG,bci25haplot,20250716,handroanthus guayacan,1
DJI_20250716091852_0026_V_361zoom.JPG,bci25haplot,20250716,chrysophyllum cainito,3
DJI_20250716092042_0032_V_411zoom.JPG,bci25haplot,20250716,cavanillesia platanifolia,6
DJI_20250716092438_0046_V_384zoom.JPG,bci25haplot,20250716,terminalia amazonia,2
DJI_20250716094057_0006_V_425zoom.JPG,bci25haplot,20250716,simarouba amara,2
DJI_20250716094130_0008_V_423zoom.JPG,bci25haplot,20250716,anacardium excelsum,1
DJI_20250716094211_0010_V_390zoom.JPG,bci25haplot,20250716,terminalia amazonia,1
DJI_20250716094403_0016_V_392zoom.JPG,bci25haplot,20250716,dipteryx oleifera,3
DJI_20250716094519_0020_V_391zoom.JPG,bci25haplot,20250716,jacaranda copaia,2
DJI_20250716094628_0024_V_364zoom.JPG,bci25haplot,20250716,terminalia amazonia,4
DJI_20250716094707_0026_V_341zoom.JPG,bci25haplot,20250716,ficus insipida,1
DJI_20250716094744_0028_V_339zoom.JPG,bci25haplot,20250716,ficus insipida,4
DJI_20250716094845_0032_V_284zoom.JPG,bci25haplot,20250716,dipteryx oleifera,1
DJI_20250716100302_0002_V_283zoom.JPG,bci25haplot,20250716,dipteryx oleifera,1
DJI_20250716100415_0006_V_253zoom.JPG,bci25haplot,20250716,anacardium excelsum,5
DJI_20250716100533_0010_V_317zoom.JPG,bci25haplot,20250716,terminalia amazonia,1
DJI_20250716100614_0012_V_316zoom.JPG,bci25haplot,20250716,terminalia amazonia,1
DJI_20250716100732_0016_V_340zoom.JPG,bci25haplot,20250716,dipteryx oleifera,2
DJI_20250716100813_0018_V_394zoom.JPG,bci25haplot,20250716,tachigali panamensis,2
DJI_20250716100853_0020_V_366zoom.JPG,bci25haplot,20250716,handroanthus guayacan,2
DJI_20250716100933_0022_V_365zoom.JPG,bci25haplot,20250716,simarouba amara,2
DJI_20250716101008_0024_V_413zoom.JPG,bci25haplot,20250716,davilla nitida,1
DJI_20250716101151_0028_V_427zoom.JPG,bci25haplot,20250716,sparrea schippii,4
DJI_20250716102650_0006_V_319zoom.JPG,bci25haplot,20250716,jacaranda copaia,3
DJI_20250716102723_0008_V_320zoom.JPG,bci25haplot,20250716,moquilea platypus,4
DJI_20250716102839_0012_V_287zoom.JPG,bci25haplot,20250716,dipteryx oleifera,1
DJI_20250716102944_0016_V_234zoom.JPG,bci25haplot,20250716,guapira myrtiflora,3
DJI_20250716103021_0018_V_255zoom.JPG,bci25haplot,20250716,hieronyma alchorneoides,1
DJI_20250716103316_0028_V_207zoom.JPG,bci25haplot,20250716,ficus insipida,1
DJI_20250716103347_0030_V_210zoom.JPG,bci25haplot,20250716,terminalia amazonia,4
DJI_20250716103425_0032_V_208zoom.JPG,bci25haplot,20250716,ficus insipida,1
DJI_20250716103530_0036_V_209zoom.JPG,bci25haplot,20250716,dipteryx oleifera,4
DJI_20250716104918_0004_V_212zoom.JPG,bci25haplot,20250716,dipteryx oleifera,2
DJI_20250716104956_0006_V_240zoom.JPG,bci25haplot,20250716,dipteryx oleifera,3
DJI_20250716105032_0008_V_239zoom.JPG,bci25haplot,20250716,dipteryx oleifera,3
DJI_20250716105106_0010_V_259zoom.JPG,bci25haplot,20250716,handroanthus guayacan,4
DJI_20250716105215_0014_V_257zoom.JPG,bci25haplot,20250716,platypodium elegans,2
DJI_20250716105254_0016_V_237zoom.JPG,bci25haplot,20250716,dipteryx oleifera,1
DJI_20250716105331_0018_V_236zoom.JPG,bci25haplot,20250716,astronium graveolens,4
DJI_20250716105547_0024_V_232zoom.JPG,bci25haplot,20250716,dipteryx oleifera,2
DJI_20250716105706_0028_V_250zoom.JPG,bci25haplot,20250716,anacardium excelsum,4
DJI_20250716114634_0008_V_41zoom.JPG,bci10haplot,20250716,brosimum alicastrum,1
DJI_20250716114900_0016_V_108zoom.JPG,bci10haplot,20250716,ficus maxima,3
DJI_20250716115045_0022_V_16zoom.JPG,bci10haplot,20250716,dipteryx oleifera,1
DJI_20250716115117_0024_V_45zoom.JPG,bci10haplot,20250716,dipteryx oleifera,5
DJI_20250716115151_0026_V_47zoom.JPG,bci10haplot,20250716,guapira myrtiflora,1
DJI_20250716115226_0028_V_48zoom.JPG,bci10haplot,20250716,dipteryx oleifera,4
DJI_20250716115302_0030_V_122zoom.JPG,bci10haplot,20250716,dipteryx oleifera,4
DJI_20250716115420_0034_V_76zoom.JPG,bci10haplot,20250716,combretum decandrum,3
DJI_20250716120614_0002_V_123zoom.JPG,bci10haplot,20250716,tachigali panamensis,1
DJI_20250716120648_0004_V_53zoom.JPG,bci10haplot,20250716,terminalia amazonia,1
DJI_20250716120821_0010_V_51zoom.JPG,bci10haplot,20250716,dipteryx oleifera,3
DJI_20250716120854_0012_V_54zoom.JPG,bci10haplot,20250716,simarouba amara,3
DJI_20250716121007_0016_V_77zoom.JPG,bci10haplot,20250716,terminalia amazonia,7
DJI_20250716121047_0018_V_114zoom.JPG,bci10haplot,20250716,attalea butyracea,5
DJI_20250716121128_0020_V_79zoom.JPG,bci10haplot,20250716,cavanillesia platanifolia,4
DJI_20250716121201_0022_V_125zoom.JPG,bci10haplot,20250716,cavanillesia platanifolia,1
DJI_20250716121241_0024_V_124zoom.JPG,bci10haplot,20250716,tabernaemontana arborea,3
DJI_20250716121315_0026_V_127zoom.JPG,bci10haplot,20250716,aspidosperma desmanthum,3
DJI_20250716121513_0032_V_23zoom.JPG,bci10haplot,20250716,anacardium excelsum,7
DJI_20250716123202_0002_V_20zoom.JPG,bci10haplot,20250716,terminalia oblonga,1
DJI_20250716123417_0010_V_6zoom.JPG,bci10haplot,20250716,platypodium elegans,4
DJI_20250716125316_0007_V_100zoom.JPG,bci10haplot,20250716,trema domingense,1
DJI_20250716125439_0011_V_37zoom.JPG,bci10haplot,20250716,tachigali panamensis,4
DJI_20250716125520_0013_V_39zoom.JPG,bci10haplot,20250716,platypodium elegans,7
DJI_20250716125558_0015_V_3zoom.JPG,bci10haplot,20250716,hieronyma alchorneoides,2
DJI_20250716125845_0023_V_36zoom.JPG,bci10haplot,20250716,jacaranda copaia,6
DJI_20250716131109_0002_V_34zoom.JPG,bci10haplot,20250716,jacaranda copaia,2
DJI_20250716131230_0006_V_133zoom.JPG,bci10haplot,20250716,trema micranthum,4
DJI_20250716131312_0008_V_70zoom.JPG,bci10haplot,20250716,ochroma pyramidale,3
DJI_20250716131451_0012_V_1zoom.JPG,bci10haplot,20250716,simarouba amara,1
DJI_20250716131612_0016_V_2zoom.JPG,bci10haplot,20250716,ficus yoponensis,3
DJI_20250716131654_0018_V_107zoom.JPG,bci10haplot,20250716,brosimum alicastrum,4
DJI_20250716131852_0022_V_72zoom.JPG,bci10haplot,20250716,bignonia corymbosa,4
DJI_20250717084410_0004_V_83zoom.JPG,bci10haplot,20250717,tachigali panamensis,4
DJI_20250717084514_0008_V_84zoom.JPG,bci10haplot,20250717,hieronyma alchorneoides,1
DJI_20250717084617_0012_V_87zoom.JPG,bci10haplot,20250717,tachigali panamensis,3
DJI_20250717084642_0014_V_61zoom.JPG,bci10haplot,20250717,hura crepitans,2
DJI_20250717084713_0016_V_60zoom.JPG,bci10haplot,20250717,hura crepitans,1
DJI_20250717084821_0020_V_27zoom.JPG,bci10haplot,20250717,hura crepitans,3
DJI_20250717084929_0022_V_10zoom.JPG,bci10haplot,20250717,hura crepitans,1
DJI_20250717085029_0026_V_8zoom.JPG,bci10haplot,20250717,hura crepitans,2
DJI_20250717085102_0028_V_24zoom.JPG,bci10haplot,20250717,tetrathylacium johansenii,2
DJI_20250717085125_0030_V_9zoom.JPG,bci10haplot,20250717,cavanillesia platanifolia,4
DJI_20250717085213_0032_V_57zoom.JPG,bci10haplot,20250717,dipteryx oleifera,4
DJI_20250717085246_0034_V_58zoom.JPG,bci10haplot,20250717,dipteryx oleifera,3
DJI_20250717085412_0040_V_136zoom.JPG,bci10haplot,20250717,cavanillesia platanifolia,1
DJI_20250717085452_0042_V_138zoom.JPG,bci10haplot,20250717,attalea butyracea,1
DJI_20250717085522_0044_V_137zoom.JPG,bci10haplot,20250717,oenocarpus mapora,1
DJI_20250717090654_0002_V_59zoom.JPG,bci10haplot,20250717,aspidosperma desmanthum,2
DJI_20250717090827_0008_V_126zoom.JPG,bci10haplot,20250717,platypodium elegans,3
DJI_20250717090938_0012_V_115zoom.JPG,bci10haplot,20250717,alseis blackiana,2
DJI_20250717091019_0014_V_80zoom.JPG,bci10haplot,20250717,platypodium elegans,1
DJI_20250717091108_0016_V_25zoom.JPG,bci10haplot,20250717,hura crepitans,2
DJI_20250717091144_0018_V_28zoom.JPG,bci10haplot,20250717,hymenaea courbaril,4
DJI_20250717091239_0022_V_30zoom.JPG,bci10haplot,20250717,sapium glandulosum,2
DJI_20250717091312_0024_V_116zoom.JPG,bci10haplot,20250717,alseis blackiana,3
DJI_20250717091446_0030_V_130zoom.JPG,bci10haplot,20250717,alseis blackiana,4
DJI_20250717091519_0032_V_139zoom.JPG,bci10haplot,20250717,alseis blackiana,3
DJI_20250717091549_0034_V_117zoom.JPG,bci10haplot,20250717,trichilia tuberculata,2
DJI_20250717091620_0036_V_119zoom.JPG,bci10haplot,20250717,trichilia tuberculata,1
DJI_20250717091720_0040_V_63zoom.JPG,bci10haplot,20250717,hieronyma alchorneoides,3
DJI_20250717091759_0042_V_31zoom.JPG,bci10haplot,20250717,trichilia tuberculata,2
DJI_20250717093124_0002_V_89zoom.JPG,bci10haplot,20250717,hura crepitans,3
DJI_20250717093155_0004_V_131zoom.JPG,bci10haplot,20250717,dipteryx oleifera,4
DJI_20250717093255_0008_V_93zoom.JPG,bci10haplot,20250717,symphonia globulifera,1
DJI_20250717093355_0012_V_64zoom.JPG,bci10haplot,20250717,dipteryx oleifera,2
DJI_20250717093422_0014_V_90zoom.JPG,bci10haplot,20250717,dipteryx oleifera,1
DJI_20250717093452_0016_V_94zoom.JPG,bci10haplot,20250717,dipteryx oleifera,5
DJI_20250717094836_0004_V_103zoom.JPG,bci10haplot,20250717,sloanea terniflora,3
DJI_20250717095024_0010_V_104zoom.JPG,bci10haplot,20250717,jacaranda copaia,6
DJI_20250717095140_0014_V_66zoom.JPG,bci10haplot,20250717,hura crepitans,4
DJI_20250717095224_0016_V_69zoom.JPG,bci10haplot,20250717,uncaria tomentosa,1
DJI_20250717095346_0020_V_68zoom.JPG,bci10haplot,20250717,aspidosperma desmanthum,3
DJI_20250717095504_0024_V_112zoom.JPG,bci10haplot,20250717,simarouba amara,5
DJI_20250717095629_0028_V_67zoom.JPG,bci10haplot,20250717,dipteryx oleifera,3
DJI_20250717095707_0030_V_99zoom.JPG,bci10haplot,20250717,platypodium elegans,2
DJI_20250717095751_0032_V_132zoom.JPG,bci10haplot,20250717,anacardium excelsum,2
DJI_20250717095852_0034_V_65zoom.JPG,bci10haplot,20250717,tabernaemontana arborea,1
DJI_20250717101206_0004_V_110zoom.JPG,bci10haplot,20250717,alseis blackiana,2
DJI_20250717101253_0006_V_140zoom.JPG,bci10haplot,20250717,alseis blackiana,3
DJI_20250717101406_0010_V_101zoom.JPG,bci10haplot,20250717,sapium glandulosum,1
DJI_20250717101716_0006_V_1645zoom.JPG,bci50haplot,20250717,trema micranthum,4
DJI_20250717101826_0010_V_1230zoom.JPG,bci50haplot,20250717,guapira myrtiflora,2
DJI_20250717101939_0014_V_2093zoom.JPG,bci50haplot,20250717,hura crepitans,3
DJI_20250717102146_0020_V_3956zoom.JPG,bci50haplot,20250717,poulsenia armata,2
DJI_20250717103838_0002_V_4423zoom.JPG,bci50haplot,20250717,hura crepitans,5
DJI_20250717104003_0006_V_4428zoom.JPG,bci50haplot,20250717,moquilea platypus,4
DJI_20250717104130_0010_V_4438zoom.JPG,bci50haplot,20250717,sparrea schippii,2
DJI_20250717104509_0020_V_4834zoom.JPG,bci50haplot,20250717,chrysophyllum cainito,2
DJI_20250717104543_0022_V_4811zoom.JPG,bci50haplot,20250717,brosimum alicastrum,1
DJI_20250717104614_0024_V_4814zoom.JPG,bci50haplot,20250717,dipteryx oleifera,5
DJI_20250723100907_0001_V_11142zoom.JPG,bci50haplot,20250723,guatteria lucens,4
DJI_20250723100939_0003_V_5564zoom.JPG,bci50haplot,20250723,cecropia insignis,4
DJI_20250723101007_0005_V_11213zoom.JPG,bci50haplot,20250723,tabernaemontana arborea,1
DJI_20250723101040_0007_V_5473zoom.JPG,bci50haplot,20250723,pourouma bicolor,3
DJI_20250723101112_0009_V_5534zoom.JPG,bci50haplot,20250723,croton billbergianus,3
DJI_20250723101143_0011_V_5463zoom.JPG,bci50haplot,20250723,amphilophium crucigerum,3
DJI_20250723101211_0013_V_5596zoom.JPG,bci50haplot,20250723,handroanthus guayacan,2
DJI_20250723101238_0015_V_5477zoom.JPG,bci50haplot,20250723,simarouba amara,2
DJI_20250723101446_0021_V_5464zoom.JPG,bci50haplot,20250723,guatteria lucens,5
DJI_20250723101726_0031_V_6106zoom.JPG,bci50haplot,20250723,tachigali panamensis,3
DJI_20250723101759_0033_V_6144zoom.JPG,bci50haplot,20250723,alseis blackiana,4
DJI_20250723101857_0037_V_6206zoom.JPG,bci50haplot,20250723,hura crepitans,5
DJI_20250723102043_0041_V_5496zoom.JPG,bci50haplot,20250723,dendropanax arboreus,4
DJI_20250723103202_0001_V_6177zoom.JPG,bci50haplot,20250723,inga thibaudiana,7
DJI_20250723103237_0003_V_5531zoom.JPG,bci50haplot,20250723,prioria copaifera,3
DJI_20250723103312_0005_V_5478zoom.JPG,bci50haplot,20250723,protium stevensonii,6
DJI_20250723103342_0007_V_5498zoom.JPG,bci50haplot,20250723,prioria copaifera,1
DJI_20250723103933_0009_V_6202zoom.JPG,bci50haplot,20250723,prioria copaifera,4
DJI_20250723104031_0013_V_6184zoom.JPG,bci50haplot,20250723,pourouma bicolor,2
DJI_20250723104100_0015_V_6166zoom.JPG,bci50haplot,20250723,cordia bicolor,3
DJI_20250723104128_0017_V_5469zoom.JPG,bci50haplot,20250723,tachigali panamensis,3
DJI_20250723104232_0019_V_6155zoom.JPG,bci50haplot,20250723,zanthoxylum ekmanii,6
DJI_20250723104332_0023_V_5493zoom.JPG,bci50haplot,20250723,margaritaria nobilis,4
DJI_20250723104430_0027_V_6152zoom.JPG,bci50haplot,20250723,tabernaemontana arborea,6
DJI_20250723110111_0007_V_6731zoom.JPG,bci50haplot,20250723,virola sebifera,4
DJI_20250723110142_0009_V_6234zoom.JPG,bci50haplot,20250723,ceiba pentandra,4
DJI_20250723110220_0011_V_6188zoom.JPG,bci50haplot,20250723,prioria copaifera,5
DJI_20250723110320_0015_V_6830zoom.JPG,bci50haplot,20250723,prioria copaifera,1
DJI_20250723110427_0019_V_6735zoom.JPG,bci50haplot,20250723,quararibea stenophylla,1
DJI_20250723110526_0023_V_6732zoom.JPG,bci50haplot,20250723,quararibea stenophylla,3
DJI_20250723110556_0025_V_6792zoom.JPG,bci50haplot,20250723,luehea seemannii,1
DJI_20250723110706_0027_V_6746zoom.JPG,bci50haplot,20250723,ceiba pentandra,6
DJI_20250723110733_0029_V_6739zoom.JPG,bci50haplot,20250723,prionostemma aspera,4
DJI_20250723110807_0031_V_7509zoom.JPG,bci50haplot,20250723,luehea seemannii,5
DJI_20250723110843_0033_V_7502zoom.JPG,bci50haplot,20250723,quararibea stenophylla,3
DJI_20250723110913_0035_V_7438zoom.JPG,bci50haplot,20250723,tachigali panamensis,3
DJI_20250723112206_0003_V_7381zoom.JPG,bci50haplot,20250723,prioria copaifera,3
DJI_20250723112241_0005_V_7384zoom.JPG,bci50haplot,20250723,serjania circumvallata,1
DJI_20250723112312_0007_V_7423zoom.JPG,bci50haplot,20250723,prioria copaifera,1
DJI_20250723112458_0011_V_8298zoom.JPG,bci50haplot,20250723,ceiba pentandra,5
DJI_20250723112605_0015_V_8229zoom.JPG,bci50haplot,20250723,senegalia hayesii,3
DJI_20250723112718_0019_V_8157zoom.JPG,bci50haplot,20250723,serjania circumvallata,3
DJI_20250723112748_0021_V_8138zoom.JPG,bci50haplot,20250723,serjania circumvallata,2
DJI_20250723112816_0023_V_8132zoom.JPG,bci50haplot,20250723,jacaranda copaia,4
DJI_20250723112848_0025_V_8060zoom.JPG,bci50haplot,20250723,jacaranda copaia,2
DJI_20250723112919_0027_V_8047zoom.JPG,bci50haplot,20250723,terminalia oblonga,1
DJI_20250723113024_0029_V_8045zoom.JPG,bci50haplot,20250723,terminalia oblonga,7
DJI_20250723113200_0035_V_8055zoom.JPG,bci50haplot,20250723,senegalia hayesii,1
DJI_20250723113231_0037_V_8010zoom.JPG,bci50haplot,20250723,chrysophyllum argenteum,5
DJI_20250723113326_0041_V_7978zoom.JPG,bci50haplot,20250723,cordia panamensis,3
DJI_20250723113450_0047_V_7353zoom.JPG,bci50haplot,20250723,prioria copaifera,4
DJI_20250723115245_0001_V_7322zoom.JPG,bci50haplot,20250723,prioria copaifera,1
DJI_20250723115319_0003_V_7314zoom.JPG,bci50haplot,20250723,virola sebifera,7
DJI_20250723121223_0007_V_7252zoom.JPG,bci50haplot,20250723,prioria copaifera,1
DJI_20250723121258_0009_V_6597zoom.JPG,bci50haplot,20250723,tabernaemontana arborea,4
DJI_20250723121328_0011_V_6051zoom.JPG,bci50haplot,20250723,ficus matiziana,3
DJI_20250723121405_0013_V_6045zoom.JPG,bci50haplot,20250723,apeiba tibourbou,6
DJI_20250723121439_0015_V_5993zoom.JPG,bci50haplot,20250723,zanthoxylum ekmanii,6
DJI_20250723121613_0017_V_5291zoom.JPG,bci50haplot,20250723,astronium graveolens,4
DJI_20250723121757_0023_V_6014zoom.JPG,bci50haplot,20250723,zanthoxylum ekmanii,6
DJI_20250723121935_0029_V_6056zoom.JPG,bci50haplot,20250723,guarea guidonia,3
DJI_20250723122012_0031_V_6055zoom.JPG,bci50haplot,20250723,serjania circumvallata,4
DJI_20250723123724_0013_V_7315zoom.JPG,bci50haplot,20250723,uncaria tomentosa,3
DJI_20250723123756_0015_V_7307zoom.JPG,bci50haplot,20250723,hura crepitans,4
DJI_20250723123832_0017_V_7389zoom.JPG,bci50haplot,20250723,cecropia insignis,7
DJI_20250723124026_0021_V_6714zoom.JPG,bci50haplot,20250723,uncaria tomentosa,4
DJI_20250723124236_0029_V_6708zoom.JPG,bci50haplot,20250723,uncaria tomentosa,3
DJI_20250723124343_0033_V_7383zoom.JPG,bci50haplot,20250723,alseis blackiana,5
DJI_20250723124414_0035_V_6659zoom.JPG,bci50haplot,20250723,alseis blackiana,3
DJI_20250723124659_0043_V_6664zoom.JPG,bci50haplot,20250723,cecropia insignis,4
DJI_20250723125804_0003_V_6132zoom.JPG,bci50haplot,20250723,swartzia simplex,2
DJI_20250723130302_0019_V_5391zoom.JPG,bci50haplot,20250723,quararibea stenophylla,2
DJI_20250723130439_0025_V_5344zoom.JPG,bci50haplot,20250723,hieronyma alchorneoides,6
DJI_20250723130509_0027_V_5342zoom.JPG,bci50haplot,20250723,serjania circumvallata,4
DJI_20250723130649_0033_V_5296zoom.JPG,bci50haplot,20250723,pourouma bicolor,5
DJI_20250723130804_0035_V_5281zoom.JPG,bci50haplot,20250723,tabernaemontana arborea,5
DJI_20250723131002_0043_V_10907zoom.JPG,bci50haplot,20250723,cecropia insignis,2
DJI_20250723132500_0007_V_10901zoom.JPG,bci50haplot,20250723,jacaranda copaia,3
DJI_20250723132810_0019_V_11027zoom.JPG,bci50haplot,20250723,tabernaemontana arborea,2
DJI_20250723132845_0021_V_11029zoom.JPG,bci50haplot,20250723,serjania circumvallata,2
DJI_20250723132956_0025_V_11024zoom.JPG,bci50haplot,20250723,pourouma bicolor,1
DJI_20250723133111_0027_V_11032zoom.JPG,bci50haplot,20250723,alseis blackiana,3
DJI_20250724090614_0001_V_463zoom.JPG,bci50haplot,20250724,jacaranda copaia,3
DJI_20250724090647_0003_V_11086zoom.JPG,bci50haplot,20250724,jacaranda copaia,4
DJI_20250724090819_0009_V_11084zoom.JPG,bci50haplot,20250724,serjania circumvallata,5
DJI_20250724090850_0011_V_5433zoom.JPG,bci50haplot,20250724,alseis blackiana,2
DJI_20250724091105_0017_V_5384zoom.JPG,bci50haplot,20250724,croton billbergianus,5
DJI_20250724091341_0027_V_5452zoom.JPG,bci50haplot,20250724,trichilia tuberculata,3
DJI_20250724091412_0029_V_5406zoom.JPG,bci50haplot,20250724,trichilia tuberculata,4
DJI_20250724091709_0037_V_5465zoom.JPG,bci50haplot,20250724,attalea butyracea,2
DJI_20250724091746_0039_V_5470zoom.JPG,bci50haplot,20250724,cecropia insignis,5
DJI_20250724091847_0043_V_11088zoom.JPG,bci50haplot,20250724,jacaranda copaia,6
DJI_20250724093318_0001_V_11080zoom.JPG,bci50haplot,20250724,tabernaemontana arborea,3
DJI_20250724093349_0003_V_11081zoom.JPG,bci50haplot,20250724,prioria copaifera,3
DJI_20250724093639_0011_V_11146zoom.JPG,bci50haplot,20250724,serjania circumvallata,3
DJI_20250724093711_0013_V_11143zoom.JPG,bci50haplot,20250724,croton billbergianus,6
DJI_20250724094111_0003_V_8167zoom.JPG,bci50haplot,20250724,hura crepitans,3
DJI_20250724095843_0001_V_8839zoom.JPG,bci50haplot,20250724,poulsenia armata,4
DJI_20250724100129_0009_V_9286zoom.JPG,bci50haplot,20250724,prioria copaifera,3
DJI_20250724100155_0011_V_9340zoom.JPG,bci50haplot,20250724,prioria copaifera,4
DJI_20250724100228_0013_V_9377zoom.JPG,bci50haplot,20250724,anacardium excelsum,2
DJI_20250724100257_0015_V_9316zoom.JPG,bci50haplot,20250724,hieronyma alchorneoides,3
DJI_20250724100355_0019_V_9953zoom.JPG,bci50haplot,20250724,poulsenia armata,5
DJI_20250724100755_0031_V_9963zoom.JPG,bci50haplot,20250724,hura crepitans,3
DJI_20250724102011_0005_V_10533zoom.JPG,bci50haplot,20250724,prioria copaifera,2
DJI_20250724102120_0009_V_10547zoom.JPG,bci50haplot,20250724,ficus obtusifolia,6
DJI_20250724102149_0011_V_10480zoom.JPG,bci50haplot,20250724,fridericia candicans,4
DJI_20250724102221_0013_V_11836zoom.JPG,bci50haplot,20250724,ficus obtusifolia,2
DJI_20250724102521_0021_V_1325zoom.JPG,bci50haplot,20250724,ficus costaricana,3
DJI_20250724102733_0029_V_1254zoom.JPG,bci50haplot,20250724,fridericia candicans,2
DJI_20250724102810_0031_V_1278zoom.JPG,bci50haplot,20250724,fridericia candicans,2
DJI_20250724102841_0033_V_1249zoom.JPG,bci50haplot,20250724,cecropia insignis,4
DJI_20250724102951_0035_V_1267zoom.JPG,bci50haplot,20250724,uncaria tomentosa,5
DJI_20250724103056_0039_V_1209zoom.JPG,bci50haplot,20250724,ocotea whitei,5
DJI_20250724103219_0045_V_1166zoom.JPG,bci50haplot,20250724,alseis blackiana,2
DJI_20250724103251_0047_V_1171zoom.JPG,bci50haplot,20250724,alseis blackiana,2
DJI_20250724104502_0001_V_1159zoom.JPG,bci50haplot,20250724,tabebuia rosea,4
DJI_20250724104603_0005_V_11690zoom.JPG,bci50haplot,20250724,fridericia candicans,4
DJI_20250724104715_0007_V_11693zoom.JPG,bci50haplot,20250724,tabernaemontana arborea,7
DJI_20250724104850_0013_V_11772zoom.JPG,bci50haplot,20250724,attalea butyracea,1
DJI_20250724104925_0015_V_11787zoom.JPG,bci50haplot,20250724,fridericia candicans,3
DJI_20250724105028_0019_V_10508zoom.JPG,bci50haplot,20250724,fridericia candicans,1
DJI_20250724105058_0021_V_10498zoom.JPG,bci50haplot,20250724,drypetes standleyi,5
DJI_20250724105128_0023_V_10483zoom.JPG,bci50haplot,20250724,fridericia candicans,1
DJI_20250724105159_0025_V_10491zoom.JPG,bci50haplot,20250724,alseis blackiana,3
DJI_20250724105523_0035_V_10477zoom.JPG,bci50haplot,20250724,guatteria lucens,3
DJI_20250724105625_0039_V_9990zoom.JPG,bci50haplot,20250724,tachigali panamensis,6
DJI_20250724105701_0041_V_9875zoom.JPG,bci50haplot,20250724,fridericia candicans,5
DJI_20250724105728_0043_V_9955zoom.JPG,bci50haplot,20250724,terminalia oblonga,5
DJI_20250724111318_0009_V_9213zoom.JPG,bci50haplot,20250724,jacaranda copaia,3
DJI_20250724111603_0019_V_9920zoom.JPG,bci50haplot,20250724,cordia panamensis,2
DJI_20250724111637_0021_V_9983zoom.JPG,bci50haplot,20250724,ficus obtusifolia,4
DJI_20250724111845_0027_V_9880zoom.JPG,bci50haplot,20250724,alseis blackiana,3
DJI_20250724111949_0031_V_9930zoom.JPG,bci50haplot,20250724,alseis blackiana,2
DJI_20250724112112_0037_V_10461zoom.JPG,bci50haplot,20250724,terminalia oblonga,1
DJI_20250724112141_0039_V_9835zoom.JPG,bci50haplot,20250724,uncaria tomentosa,5
DJI_20250724115252_0005_V_11703zoom.JPG,bci50haplot,20250724,bignonia corymbosa,2
DJI_20250724120415_0001_V_11657zoom.JPG,bci50haplot,20250724,hura crepitans,5
DJI_20250724120737_0013_V_11707zoom.JPG,bci50haplot,20250724,platypodium elegans,1
DJI_20250724120947_0017_V_11686zoom.JPG,bci50haplot,20250724,guatteria lucens,2
DJI_20250724121017_0019_V_11761zoom.JPG,bci50haplot,20250724,trichilia tuberculata,2
DJI_20250724121124_0023_V_11695zoom.JPG,bci50haplot,20250724,cosmibuena macrocarpa,2
DJI_20250724121226_0027_V_11663zoom.JPG,bci50haplot,20250724,alseis blackiana,3
DJI_20250724121255_0029_V_1172zoom.JPG,bci50haplot,20250724,celtis iguanaea,4
DJI_20250724121554_0037_V_1101zoom.JPG,bci50haplot,20250724,simarouba amara,5
DJI_20250724121627_0039_V_1113zoom.JPG,bci50haplot,20250724,hura crepitans,6
DJI_20250724123131_0009_V_1096zoom.JPG,bci50haplot,20250724,cecropia insignis,4
DJI_20250724123230_0013_V_1035zoom.JPG,bci50haplot,20250724,alseis blackiana,4
DJI_20250724123344_0015_V_1039zoom.JPG,bci50haplot,20250724,trichilia tuberculata,3
DJI_20250724123416_0017_V_1027zoom.JPG,bci50haplot,20250724,prioria copaifera,4
DJI_20250724123529_0021_V_1044zoom.JPG,bci50haplot,20250724,inga marginata,5
DJI_20250724123633_0025_V_1080zoom.JPG,bci50haplot,20250724,dipteryx oleifera,6
DJI_20250724123714_0027_V_11604zoom.JPG,bci50haplot,20250724,tabebuia rosea,3
DJI_20250724123743_0029_V_10323zoom.JPG,bci50haplot,20250724,jacaranda copaia,2
DJI_20250724123815_0031_V_10318zoom.JPG,bci50haplot,20250724,handroanthus guayacan,5
DJI_20250724125712_0003_V_10427zoom.JPG,bci50haplot,20250724,inga marginata,7
DJI_20250724125736_0005_V_10369zoom.JPG,bci50haplot,20250724,inga marginata,4
DJI_20250724125808_0007_V_9898zoom.JPG,bci50haplot,20250724,cecropia insignis,3
DJI_20250724125844_0009_V_10422zoom.JPG,bci50haplot,20250724,dipteryx oleifera,1
DJI_20250724125919_0011_V_9826zoom.JPG,bci50haplot,20250724,sapium glandulosum,3
DJI_20250724130157_0019_V_9846zoom.JPG,bci50haplot,20250724,prioria copaifera,1
DJI_20250724130527_0031_V_9180zoom.JPG,bci50haplot,20250724,terminalia oblonga,1
DJI_20250724131814_0005_V_8759zoom.JPG,bci50haplot,20250724,brosimum alicastrum,4
DJI_20250724131849_0007_V_8674zoom.JPG,bci50haplot,20250724,jacaranda copaia,7
DJI_20250724131922_0009_V_9222zoom.JPG,bci50haplot,20250724,simarouba amara,2
DJI_20250724132104_0015_V_8756zoom.JPG,bci50haplot,20250724,maripa panamensis,9
DJI_20250724132214_0019_V_8000zoom.JPG,bci50haplot,20250724,hieronyma alchorneoides,3
DJI_20250724132319_0023_V_8627zoom.JPG,bci50haplot,20250724,pourouma bicolor,2
DJI_20250724132437_0025_V_7975zoom.JPG,bci50haplot,20250724,sparrea schippii,4
DJI_20250724132511_0027_V_8689zoom.JPG,bci50haplot,20250724,vochysia ferruginea,3
DJI_20250804145502_0015_V_7828zoom.JPG,bci50haplot,20250804,prioria copaifera,1
DJI_20250804145601_0019_V_7753zoom.JPG,bci50haplot,20250804,cordia alliodora,2
DJI_20250804151532_0001_V_7745zoom.JPG,bci50haplot,20250804,senegalia hayesii,1
DJI_20250804151642_0005_V_7774zoom.JPG,bci50haplot,20250804,cecropia insignis,6
DJI_20250804151748_0009_V_8474zoom.JPG,bci50haplot,20250804,senegalia hayesii,2
DJI_20250804151816_0011_V_7746zoom.JPG,bci50haplot,20250804,senegalia hayesii,1
DJI_20250804151927_0015_V_7063zoom.JPG,bci50haplot,20250804,jacaranda copaia,1
DJI_20250804152001_0017_V_7807zoom.JPG,bci50haplot,20250804,jacaranda copaia,3
DJI_20250804152033_0019_V_7066zoom.JPG,bci50haplot,20250804,cordia alliodora,3
DJI_20250804152220_0023_V_7743zoom.JPG,bci50haplot,20250804,cecropia insignis,3
DJI_20250804152324_0027_V_7590zoom.JPG,bci50haplot,20250804,jacaranda copaia,5
DJI_20250804152357_0029_V_7098zoom.JPG,bci50haplot,20250804,jacaranda copaia,2
DJI_20250804152559_0037_V_7741zoom.JPG,bci50haplot,20250804,jacaranda copaia,4
DJI_20250804152633_0039_V_7770zoom.JPG,bci50haplot,20250804,jacaranda copaia,2
DJI_20250807100258_0019_V_5845zoom.JPG,bci50haplot,20250807,poulsenia armata,5
DJI_20250807100522_0025_V_5856zoom.JPG,bci50haplot,20250807,dipteryx oleifera,4
DJI_20250807100634_0029_V_5843zoom.JPG,bci50haplot,20250807,guatteria lucens,3
DJI_20250807100708_0031_V_6329zoom.JPG,bci50haplot,20250807,simarouba amara,4
DJI_20250807102921_0007_V_5813zoom.JPG,bci50haplot,20250807,cecropia insignis,3
DJI_20250807103128_0015_V_5760zoom.JPG,bci50haplot,20250807,jacaranda copaia,3
DJI_20250807105449_0017_V_8344zoom.JPG,bci50haplot,20250807,turpinia occidentalis,6
DJI_20250807111310_0011_V_7658zoom.JPG,bci50haplot,20250807,jacaranda copaia,3
DJI_20250807111426_0015_V_6972zoom.JPG,bci50haplot,20250807,senegalia hayesii,4
DJI_20250807111502_0017_V_8353zoom.JPG,bci50haplot,20250807,jacaranda copaia,2
DJI_20250807111538_0019_V_6966zoom.JPG,bci50haplot,20250807,jacaranda copaia,2
DJI_20250807111725_0023_V_6939zoom.JPG,bci50haplot,20250807,jacaranda copaia,3
DJI_20250807111834_0027_V_6948zoom.JPG,bci50haplot,20250807,jacaranda copaia,5
DJI_20250807113906_0007_V_6335zoom.JPG,bci50haplot,20250807,brosimum alicastrum,3
DJI_20250807130036_0003_V_7283zoom.JPG,bci50haplot,20250807,prioria copaifera,7
DJI_20250807130231_0007_V_7234zoom.JPG,bci50haplot,20250807,attalea butyracea,5
DJI_20250807130310_0009_V_7237zoom.JPG,bci50haplot,20250807,attalea butyracea,2
DJI_20250807130458_0015_V_6486zoom.JPG,bci50haplot,20250807,drypetes standleyi,8
DJI_20250807130532_0017_V_7238zoom.JPG,bci50haplot,20250807,attalea butyracea,4
DJI_20250807130644_0021_V_6588zoom.JPG,bci50haplot,20250807,croton billbergianus,4
DJI_20250807130722_0023_V_6473zoom.JPG,bci50haplot,20250807,attalea butyracea,2
DJI_20250807130912_0027_V_6472zoom.JPG,bci50haplot,20250807,attalea butyracea,1
DJI_20250813084430_0001_V_7933zoom.JPG,bci50haplot,20250813,anacardium excelsum,7
DJI_20250813084610_0007_V_8650zoom.JPG,bci50haplot,20250813,hura crepitans,3
DJI_20250813084642_0009_V_8687zoom.JPG,bci50haplot,20250813,hura crepitans,3
DJI_20250813084756_0013_V_8541zoom.JPG,bci50haplot,20250813,cecropia insignis,3
DJI_20250813085115_0021_V_9798zoom.JPG,bci50haplot,20250813,tachigali panamensis,6
DJI_20250813085253_0027_V_10302zoom.JPG,bci50haplot,20250813,dipteryx oleifera,3
DJI_20250813085324_0029_V_9705zoom.JPG,bci50haplot,20250813,prioria copaifera,4
DJI_20250813090829_0005_V_10270zoom.JPG,bci50haplot,20250813,uncaria tomentosa,4
DJI_20250813090902_0007_V_9694zoom.JPG,bci50haplot,20250813,senegalia hayesii,3
DJI_20250813091042_0013_V_10312zoom.JPG,bci50haplot,20250813,alseis blackiana,1
DJI_20250813091431_0025_V_10267zoom.JPG,bci50haplot,20250813,prioria copaifera,1
DJI_20250813091544_0029_V_9688zoom.JPG,bci50haplot,20250813,cecropia insignis,3
DJI_20250813091617_0031_V_9701zoom.JPG,bci50haplot,20250813,prioria copaifera,3
DJI_20250813091652_0033_V_9074zoom.JPG,bci50haplot,20250813,cecropia insignis,1
DJI_20250813091727_0035_V_9807zoom.JPG,bci50haplot,20250813,trichilia tuberculata,3
DJI_20250813093052_0003_V_9075zoom.JPG,bci50haplot,20250813,calophyllum longifolium,4
DJI_20250813093240_0007_V_9061zoom.JPG,bci50haplot,20250813,brosimum alicastrum,5
DJI_20250813093315_0009_V_9048zoom.JPG,bci50haplot,20250813,alseis blackiana,2
DJI_20250813093419_0013_V_9765zoom.JPG,bci50haplot,20250813,brosimum alicastrum,4
DJI_20250813093522_0017_V_9042zoom.JPG,bci50haplot,20250813,guapira myrtiflora,1
DJI_20250813093559_0019_V_9044zoom.JPG,bci50haplot,20250813,guapira myrtiflora,3
DJI_20250813093632_0021_V_9724zoom.JPG,bci50haplot,20250813,brosimum alicastrum,4
DJI_20250813093708_0023_V_9668zoom.JPG,bci50haplot,20250813,brosimum alicastrum,3
DJI_20250813093855_0025_V_9739zoom.JPG,bci50haplot,20250813,brosimum alicastrum,6
DJI_20250813094004_0027_V_9755zoom.JPG,bci50haplot,20250813,brosimum alicastrum,2
DJI_20250813094104_0031_V_9686zoom.JPG,bci50haplot,20250813,prioria copaifera,4
DJI_20250813100625_0001_V_9657zoom.JPG,bci50haplot,20250813,cecropia insignis,3
DJI_20250813100700_0003_V_9667zoom.JPG,bci50haplot,20250813,jacaranda copaia,4
DJI_20250813100733_0005_V_9505zoom.JPG,bci50haplot,20250813,serjania circumvallata,3
DJI_20250813100804_0007_V_10109zoom.JPG,bci50haplot,20250813,tabernaemontana arborea,4
DJI_20250813100914_0009_V_10100zoom.JPG,bci50haplot,20250813,prioria copaifera,5
DJI_20250813100946_0011_V_10096zoom.JPG,bci50haplot,20250813,prioria copaifera,4
DJI_20250813101024_0013_V_9565zoom.JPG,bci50haplot,20250813,pachira sessilis,1
DJI_20250813101134_0017_V_10609zoom.JPG,bci50haplot,20250813,miconia argentea,5
DJI_20250813101307_0023_V_10620zoom.JPG,bci50haplot,20250813,amphilophium crucigerum,2
DJI_20250813101412_0027_V_10628zoom.JPG,bci50haplot,20250813,gustavia superba,2
DJI_20250813101526_0029_V_11983zoom.JPG,bci50haplot,20250813,gustavia superba,1
DJI_20250813101559_0031_V_11942zoom.JPG,bci50haplot,20250813,hieronyma alchorneoides,2
DJI_20250813110005_0002_V_11490zoom.JPG,bci50haplot,20250813,cecropia insignis,1
DJI_20250813110113_0006_V_11549zoom.JPG,bci50haplot,20250813,trichilia tuberculata,5
DJI_20250813110146_0008_V_10291zoom.JPG,bci50haplot,20250813,prioria copaifera,3
DJI_20250813110318_0014_V_10211zoom.JPG,bci50haplot,20250813,cecropia insignis,3
DJI_20250813110348_0016_V_10616zoom.JPG,bci50haplot,20250813,hura crepitans,4
DJI_20250813110425_0018_V_10229zoom.JPG,bci50haplot,20250813,alseis blackiana,3
DJI_20250813110458_0020_V_10608zoom.JPG,bci50haplot,20250813,pachira sessilis,4
DJI_20250813112010_0007_V_10215zoom.JPG,bci50haplot,20250813,alseis blackiana,3
DJI_20250813112043_0009_V_10249zoom.JPG,bci50haplot,20250813,hura crepitans,4
DJI_20250813112339_0017_V_10257zoom.JPG,bci50haplot,20250813,calophyllum longifolium,3
DJI_20250813112414_0019_V_10260zoom.JPG,bci50haplot,20250813,calophyllum longifolium,1
DJI_20250813112521_0023_V_11492zoom.JPG,bci50haplot,20250813,platymiscium dimorphandrum,2
DJI_20250813112629_0027_V_11503zoom.JPG,bci50haplot,20250813,aspidosperma desmanthum,3
DJI_20250813112701_0029_V_11523zoom.JPG,bci50haplot,20250813,prioria copaifera,3
DJI_20250813112735_0031_V_11563zoom.JPG,bci50haplot,20250813,fridericia candicans,3
DJI_20250813114934_0001_V_7935zoom.JPG,bci50haplot,20250813,anacardium excelsum,3
DJI_20250813115008_0003_V_8640zoom.JPG,bci50haplot,20250813,platypodium elegans,5
DJI_20250813115309_0011_V_7878zoom.JPG,bci50haplot,20250813,paullinia fuscescens,1
DJI_20250813120711_0001_V_8539zoom.JPG,bci50haplot,20250813,tabernaemontana arborea,4
DJI_20250813120903_0007_V_8536zoom.JPG,bci50haplot,20250813,hippocratea volubilis,3
DJI_20250813121013_0009_V_7758zoom.JPG,bci50haplot,20250813,prioria copaifera,2
DJI_20250813121124_0013_V_8502zoom.JPG,bci50haplot,20250813,hieronyma alchorneoides,4
DJI_20250813121159_0015_V_8506zoom.JPG,bci50haplot,20250813,anacardium excelsum,1
DJI_20250813121229_0017_V_8967zoom.JPG,bci50haplot,20250813,omphalea diandra,4
DJI_20250813121335_0021_V_9486zoom.JPG,bci50haplot,20250813,cordia bicolor,4
DJI_20250813121407_0023_V_8508zoom.JPG,bci50haplot,20250813,souroubea sympetala,5
DJI_20250813121655_0031_V_9511zoom.JPG,bci50haplot,20250813,cordia panamensis,2
DJI_20250813123359_0003_V_8946zoom.JPG,bci50haplot,20250813,inga acuminata,4
DJI_20250813123500_0007_V_8939zoom.JPG,bci50haplot,20250813,attalea butyracea,4
DJI_20250813123530_0009_V_8496zoom.JPG,bci50haplot,20250813,tabernaemontana arborea,4
DJI_20250813123605_0011_V_8500zoom.JPG,bci50haplot,20250813,alseis blackiana,5
DJI_20250813123755_0015_V_7648zoom.JPG,bci50haplot,20250813,cecropia insignis,3
DJI_20250813123914_0019_V_8956zoom.JPG,bci50haplot,20250813,cordia bicolor,3
DJI_20250813132311_0001_V_10135zoom.JPG,bci50haplot,20250813,alseis blackiana,1
DJI_20250813133051_0023_V_1480zoom.JPG,bci50haplot,20250813,anacardium excelsum,2
DJI_20250813135547_0019_V_895zoom.JPG,bci50haplot,20250813,alseis blackiana,2
DJI_20250813135702_0021_V_997zoom.JPG,bci50haplot,20250813,alseis blackiana,3
DJI_20250813141254_0001_V_970zoom.JPG,bci50haplot,20250813,simarouba amara,1
DJI_20250813143604_0007_V_1628zoom.JPG,bci50haplot,20250813,cecropia insignis,3
DJI_20250813143644_0009_V_1651zoom.JPG,bci50haplot,20250813,guapira myrtiflora,3
DJI_20250813143840_0015_V_1643zoom.JPG,bci50haplot,20250813,alseis blackiana,4
DJI_20250813144117_0021_V_2203zoom.JPG,bci50haplot,20250813,tontelea passiflora,3
DJI_20250813144153_0023_V_2242zoom.JPG,bci50haplot,20250813,dipteryx oleifera,1
DJI_20250813144309_0027_V_2882zoom.JPG,bci50haplot,20250813,hylenaea praecelsa,2
DJI_20250813145947_0009_V_2863zoom.JPG,bci50haplot,20250813,hura crepitans,4
DJI_20250813150210_0017_V_3590zoom.JPG,bci50haplot,20250813,inga marginata,3
DJI_20250813150243_0019_V_3543zoom.JPG,bci50haplot,20250813,aspidosperma desmanthum,3
DJI_20250813150315_0021_V_3617zoom.JPG,bci50haplot,20250813,anacardium excelsum,2
DJI_20250814102916_0001_V_9149zoom.JPG,bcitbarbour3o,20250814,dipteryx oleifera,4
DJI_20250814103035_0005_V_9205zoom.JPG,bcitbarbour3o,20250814,anacardium excelsum,3
DJI_20250814103105_0007_V_2397zoom.JPG,bcitbarbour3o,20250814,anacardium excelsum,1
DJI_20250814103212_0011_V_3044zoom.JPG,bcitbarbour3o,20250814,doliocarpus multiflorus,4
DJI_20250814103353_0017_V_3058zoom.JPG,bcitbarbour3o,20250814,anacardium excelsum,5
DJI_20250814103749_0031_V_3791zoom.JPG,bcitbarbour3o,20250814,fridericia candicans,5
DJI_20250814104001_0039_V_4505zoom.JPG,bcitbarbour3o,20250814,anacardium excelsum,5
DJI_20250814104148_0045_V_3684zoom.JPG,bcitbarbour3o,20250814,anacardium excelsum,3
DJI_20250814104223_0047_V_3671zoom.JPG,bcitbarbour3o,20250814,anacardium excelsum,3
DJI_20250814104329_0051_V_5122zoom.JPG,bcitbarbour3o,20250814,anacardium excelsum,3
DJI_20250814104946_0003_V_6837zoom.JPG,bcitbarbour3o,20250814,anacardium excelsum,5
DJI_20250814105023_0005_V_6249zoom.JPG,bcitbarbour3o,20250814,anacardium excelsum,4
DJI_20250814105108_0007_V_6247zoom.JPG,bcitbarbour3o,20250814,anacardium excelsum,4
DJI_20250814105138_0009_V_6250zoom.JPG,bcitbarbour3o,20250814,chrysophyllum cainito,2
DJI_20250814105316_0015_V_6994zoom.JPG,bcitbarbour3o,20250814,fridericia candicans,2
DJI_20250814105855_0035_V_6509zoom.JPG,bcitbarbour3o,20250814,anacardium excelsum,2
DJI_20250814110041_0041_V_5657zoom.JPG,bcitbarbour3o,20250814,anacardium excelsum,2
DJI_20250814110143_0045_V_6568zoom.JPG,bcitbarbour3o,20250814,anacardium excelsum,1
DJI_20250814110229_0047_V_6551zoom.JPG,bcitbarbour3o,20250814,guapira myrtiflora,4
DJI_20250814110356_0053_V_7310zoom.JPG,bcitbarbour3o,20250814,davilla nitida,2
DJI_20250814110430_0055_V_7338zoom.JPG,bcitbarbour3o,20250814,hieronyma alchorneoides,3
DJI_20250814110501_0057_V_7316zoom.JPG,bcitbarbour3o,20250814,fridericia candicans,3
DJI_20250814110604_0061_V_7991zoom.JPG,bcitbarbour3o,20250814,attalea butyracea,1
DJI_20250814110638_0063_V_7997zoom.JPG,bcitbarbour3o,20250814,anacardium excelsum,2
DJI_20250814110758_0067_V_8026zoom.JPG,bcitbarbour3o,20250814,anacardium excelsum,4
DJI_20250814111514_0003_V_8126zoom.JPG,bcitbarbour3o,20250814,fridericia candicans,1
DJI_20250814111553_0005_V_7370zoom.JPG,bcitbarbour3o,20250814,anacardium excelsum,2
DJI_20250814111624_0007_V_7454zoom.JPG,bcitbarbour3o,20250814,anacardium excelsum,4
DJI_20250814111658_0009_V_7417zoom.JPG,bcitbarbour3o,20250814,anacardium excelsum,7
DJI_20250814111729_0011_V_7374zoom.JPG,bcitbarbour3o,20250814,brosimum alicastrum,4
DJI_20250814112034_0021_V_8179zoom.JPG,bcitbarbour3o,20250814,guapira myrtiflora,4
DJI_20250814112254_0029_V_10200zoom.JPG,bcitbarbour3o,20250814,uncaria tomentosa,4
DJI_20250814112326_0031_V_10109zoom.JPG,bcitbarbour3o,20250814,ficus insipida,2
DJI_20250814112401_0033_V_10135zoom.JPG,bcitbarbour3o,20250814,heteropterys intermedia,2
DJI_20250814112519_0037_V_10075zoom.JPG,bcitbarbour3o,20250814,calophyllum longifolium,4
DJI_20250814112624_0041_V_9962zoom.JPG,bcitbarbour3o,20250814,anacardium excelsum,5
DJI_20250814112700_0043_V_10060zoom.JPG,bcitbarbour3o,20250814,davilla nitida,6
DJI_20250814112812_0047_V_960zoom.JPG,bcitbarbour3o,20250814,bignonia corymbosa,7
DJI_20250814112957_0053_V_1577zoom.JPG,bcitbarbour3o,20250814,anacardium excelsum,5
DJI_20250814113036_0055_V_1066zoom.JPG,bcitbarbour3o,20250814,hiraea grandifolia,7
DJI_20250814113123_0057_V_1062zoom.JPG,bcitbarbour3o,20250814,hiraea grandifolia,1
DJI_20250814113152_0059_V_1077zoom.JPG,bcitbarbour3o,20250814,platypodium elegans,1
DJI_20250814113258_0063_V_1109zoom.JPG,bcitbarbour3o,20250814,tachigali panamensis,2
DJI_20250814114146_0003_V_8914zoom.JPG,bcitbarbour3o,20250814,anacardium excelsum,6
DJI_20250814114415_0011_V_1693zoom.JPG,bcitbarbour3o,20250814,anacardium excelsum,3
DJI_20250814114441_0013_V_1700zoom.JPG,bcitbarbour3o,20250814,anacardium excelsum,3
DJI_20250814114514_0015_V_1647zoom.JPG,bcitbarbour3o,20250814,terminalia amazonia,1
DJI_20250814114549_0017_V_1689zoom.JPG,bcitbarbour3o,20250814,anacardium excelsum,2
DJI_20250814114627_0019_V_2071zoom.JPG,bcitbarbour3o,20250814,genipa americana,4
DJI_20250814114701_0021_V_2151zoom.JPG,bcitbarbour3o,20250814,handroanthus guayacan,4
DJI_20250814114913_0029_V_1793zoom.JPG,bcitbarbour3o,20250814,ochroma pyramidale,2
DJI_20250814115026_0033_V_1264zoom.JPG,bcitbarbour3o,20250814,handroanthus guayacan,1
DJI_20250814115354_0045_V_8500zoom.JPG,bcitbarbour3o,20250814,davilla nitida,6
DJI_20250814115427_0047_V_8405zoom.JPG,bcitbarbour3o,20250814,hieronyma alchorneoides,3
DJI_20250814115503_0049_V_8393zoom.JPG,bcitbarbour3o,20250814,uncaria tomentosa,4
DJI_20250814115550_0051_V_8378zoom.JPG,bcitbarbour3o,20250814,attalea butyracea,4
DJI_20250814115655_0055_V_7636zoom.JPG,bcitbarbour3o,20250814,handroanthus guayacan,3
DJI_20250814115802_0059_V_6767zoom.JPG,bcitbarbour3o,20250814,anacardium excelsum,1
DJI_20250814115837_0061_V_6714zoom.JPG,bcitbarbour3o,20250814,platypodium elegans,2
DJI_20250814115906_0063_V_6723zoom.JPG,bcitbarbour3o,20250814,platypodium elegans,2
DJI_20250814120039_0069_V_6606zoom.JPG,bcitbarbour3o,20250814,chrysophyllum cainito,4
DJI_20250814120545_0001_V_7400zoom.JPG,bcitbarbour3o,20250814,hieronyma alchorneoides,5
DJI_20250814120651_0005_V_5818zoom.JPG,bcitbarbour3o,20250814,bignonia aequinoctialis,4
DJI_20250814120803_0009_V_5801zoom.JPG,bcitbarbour3o,20250814,hieronyma alchorneoides,4
DJI_20250814121009_0017_V_4773zoom.JPG,bcitbarbour3o,20250814,didymopanax morototoni,5
DJI_20250814121202_0023_V_3880zoom.JPG,bcitbarbour3o,20250814,terminalia amazonia,3
DJI_20250814121230_0025_V_3853zoom.JPG,bcitbarbour3o,20250814,terminalia amazonia,4
DJI_20250814121303_0027_V_3967zoom.JPG,bcitbarbour3o,20250814,terminalia amazonia,5
DJI_20250814121334_0029_V_4821zoom.JPG,bcitbarbour3o,20250814,terminalia amazonia,3
DJI_20250814121407_0031_V_4789zoom.JPG,bcitbarbour3o,20250814,combretum decandrum,1
DJI_20250814121513_0035_V_3937zoom.JPG,bcitbarbour3o,20250814,prioria copaifera,4
DJI_20250814121619_0039_V_3089zoom.JPG,bcitbarbour3o,20250814,ficus insipida,4
DJI_20250814121706_0041_V_3052zoom.JPG,bcitbarbour3o,20250814,anacardium excelsum,3
DJI_20250814121736_0043_V_2464zoom.JPG,bcitbarbour3o,20250814,anacardium excelsum,2
DJI_20250814121808_0045_V_2406zoom.JPG,bcitbarbour3o,20250814,hieronyma alchorneoides,3
DJI_20250814122112_0055_V_2617zoom.JPG,bcitbarbour3o,20250814,anacardium excelsum,4
DJI_20250814122219_0059_V_3220zoom.JPG,bcitbarbour3o,20250814,prioria copaifera,1
DJI_20250814122306_0061_V_2602zoom.JPG,bcitbarbour3o,20250814,machaerium isadelphum,4
DJI_20250814122446_0067_V_2648zoom.JPG,bcitbarbour3o,20250814,anacardium excelsum,3
DJI_20250814122517_0069_V_2702zoom.JPG,bcitbarbour3o,20250814,machaerium isadelphum,2
DJI_20250814123023_0001_V_3229zoom.JPG,bcitbarbour3o,20250814,chrysophyllum cainito,4
DJI_20250814123209_0007_V_3300zoom.JPG,bcitbarbour3o,20250814,terminalia amazonia,4
DJI_20250814123445_0015_V_4054zoom.JPG,bcitbarbour3o,20250814,attalea butyracea,5
DJI_20250814123519_0017_V_4854zoom.JPG,bcitbarbour3o,20250814,handroanthus guayacan,3
DJI_20250814123552_0019_V_5853zoom.JPG,bcitbarbour3o,20250814,hymenaea courbaril,6
DJI_20250814123622_0021_V_5858zoom.JPG,bcitbarbour3o,20250814,handroanthus guayacan,2
DJI_20250814123844_0029_V_4955zoom.JPG,bcitbarbour3o,20250814,anacardium excelsum,4
DJI_20250814123916_0031_V_4965zoom.JPG,bcitbarbour3o,20250814,dipteryx oleifera,3
DJI_20250814124007_0033_V_5912zoom.JPG,bcitbarbour3o,20250814,davilla nitida,2
DJI_20250814124043_0035_V_6015zoom.JPG,bcitbarbour3o,20250814,anacardium excelsum,5
DJI_20250814124117_0037_V_6065zoom.JPG,bcitbarbour3o,20250814,anacardium excelsum,2
DJI_20250814124152_0039_V_6007zoom.JPG,bcitbarbour3o,20250814,tachigali panamensis,2
DJI_20250814124257_0043_V_5067zoom.JPG,bcitbarbour3o,20250814,anacardium excelsum,4
DJI_20250814124522_0051_V_4221zoom.JPG,bcitbarbour3o,20250814,mascagnia ovatifolia,4
DJI_20250814124659_0057_V_5198zoom.JPG,bcitbarbour3o,20250814,attalea butyracea,2
DJI_20250814124728_0059_V_5199zoom.JPG,bcitbarbour3o,20250814,attalea butyracea,6
DJI_20250814125620_0003_V_8446zoom.JPG,bcitbarbour3o,20250814,paullinia fuscescens,3
DJI_20250814125847_0011_V_6938zoom.JPG,bcitbarbour3o,20250814,prioria copaifera,5
DJI_20250814130156_0021_V_3513zoom.JPG,bcitbarbour3o,20250814,mascagnia divaricata,3
DJI_20250814130253_0023_V_2930zoom.JPG,bcitbarbour3o,20250814,aspidosperma desmanthum,6
DJI_20250814130328_0025_V_3537zoom.JPG,bcitbarbour3o,20250814,handroanthus guayacan,7
DJI_20250814130714_0035_V_3414zoom.JPG,bcitbarbour3o,20250814,uncaria tomentosa,3
DJI_20250814130749_0037_V_2779zoom.JPG,bcitbarbour3o,20250814,anacardium excelsum,4
DJI_20250814130824_0039_V_2816zoom.JPG,bcitbarbour3o,20250814,anacardium excelsum,4
DJI_20250814131018_0045_V_3368zoom.JPG,bcitbarbour3o,20250814,terminalia amazonia,1
DJI_20250814131053_0047_V_2695zoom.JPG,bcitbarbour3o,20250814,guapira myrtiflora,3
DJI_20250814131239_0053_V_9542zoom.JPG,bcitbarbour3o,20250814,attalea butyracea,1
DJI_20250814131309_0055_V_449zoom.JPG,bcitbarbour3o,20250814,anacardium excelsum,3
DJI_20250814131345_0057_V_9487zoom.JPG,bcitbarbour3o,20250814,anacardium excelsum,3
DJI_20250814131412_0059_V_2608zoom.JPG,bcitbarbour3o,20250814,prioria copaifera,2
DJI_20250814131957_0001_V_9374zoom.JPG,bcitbarbour3o,20250814,anacardium excelsum,4
DJI_20250814132156_0007_V_2466zoom.JPG,bcitbarbour3o,20250814,anacardium excelsum,5
DJI_20250814132230_0009_V_9222zoom.JPG,bcitbarbour3o,20250814,fridericia candicans,5
DJI_20250814132304_0011_V_2494zoom.JPG,bcitbarbour3o,20250814,anacardium excelsum,2
DJI_20250814132336_0013_V_9236zoom.JPG,bcitbarbour3o,20250814,prioria copaifera,4
DJI_20250814132409_0015_V_9187zoom.JPG,bcitbarbour3o,20250814,tachigali panamensis,1
DJI_20250814132440_0017_V_9156zoom.JPG,bcitbarbour3o,20250814,dipteryx oleifera,4
DJI_20250814132512_0019_V_9173zoom.JPG,bcitbarbour3o,20250814,prioria copaifera,2
DJI_20250814132546_0021_V_9143zoom.JPG,bcitbarbour3o,20250814,prioria copaifera,6
DJI_20250820092527_0003_V_5158zoom.JPG,bci25haplot,20250820,sapium glandulosum,2
DJI_20250820092822_0013_V_6681zoom.JPG,bci25haplot,20250820,handroanthus guayacan,4
DJI_20250820092848_0015_V_6679zoom.JPG,bci25haplot,20250820,handroanthus guayacan,1
DJI_20250820092922_0017_V_6583zoom.JPG,bci25haplot,20250820,tabebuia rosea,3
DJI_20250820093105_0021_V_6585zoom.JPG,bci25haplot,20250820,dipteryx oleifera,1
DJI_20250820094604_0001_V_6746zoom.JPG,bci25haplot,20250820,dipteryx oleifera,1
DJI_20250820094736_0007_V_7592zoom.JPG,bci25haplot,20250820,handroanthus guayacan,7
DJI_20250820094811_0009_V_7550zoom.JPG,bci25haplot,20250820,anacardium excelsum,1
DJI_20250820095105_0017_V_8846zoom.JPG,bci25haplot,20250820,lafoensia punicifolia,5
DJI_20250820095422_0029_V_7412zoom.JPG,bci25haplot,20250820,handroanthus guayacan,4
DJI_20250820095557_0035_V_7479zoom.JPG,bci25haplot,20250820,ficus obtusifolia,2
DJI_20250820105349_0009_V_5155zoom.JPG,bci25haplot,20250820,anacardium excelsum,3
DJI_20250820105421_0011_V_5877zoom.JPG,bci25haplot,20250820,hura crepitans,6
DJI_20250820105528_0015_V_5822zoom.JPG,bci25haplot,20250820,dipteryx oleifera,3
DJI_20250820105602_0017_V_5049zoom.JPG,bci25haplot,20250820,hieronyma alchorneoides,5
DJI_20250820105843_0025_V_5124zoom.JPG,bci25haplot,20250820,hura crepitans,6
DJI_20250820110200_0037_V_5832zoom.JPG,bci25haplot,20250820,handroanthus guayacan,5
DJI_20250820111915_0001_V_5769zoom.JPG,bci25haplot,20250820,handroanthus guayacan,7
DJI_20250820111950_0003_V_5823zoom.JPG,bci25haplot,20250820,handroanthus guayacan,2
DJI_20250820112058_0007_V_5768zoom.JPG,bci25haplot,20250820,handroanthus guayacan,4
DJI_20250820112257_0015_V_4969zoom.JPG,bci25haplot,20250820,hippocratea volubilis,3
DJI_20250820112550_0023_V_6241zoom.JPG,bci25haplot,20250820,enterolobium cyclocarpum,1
DJI_20250820112629_0025_V_6244zoom.JPG,bci25haplot,20250820,enterolobium cyclocarpum,6
DJI_20250820114400_0005_V_7420zoom.JPG,bci25haplot,20250820,jacaranda copaia,5
DJI_20250820114430_0007_V_7975zoom.JPG,bci25haplot,20250820,jacaranda copaia,3
DJI_20250820114725_0015_V_9309zoom.JPG,bci25haplot,20250820,hieronyma alchorneoides,3
DJI_20250820115209_0031_V_6532zoom.JPG,bci25haplot,20250820,handroanthus guayacan,2
DJI_20250821133808_0003_V_3540zoom.JPG,bci50haplot,20250821,inga marginata,3
DJI_20250821134014_0011_V_2889zoom.JPG,bci50haplot,20250821,poulsenia armata,1
DJI_20250821134047_0013_V_3545zoom.JPG,bci50haplot,20250821,trichilia tuberculata,5
DJI_20250821134153_0017_V_3559zoom.JPG,bci50haplot,20250821,terminalia oblonga,2
DJI_20250821134415_0023_V_3552zoom.JPG,bci50haplot,20250821,hura crepitans,1
DJI_20250821134445_0025_V_3572zoom.JPG,bci50haplot,20250821,brosimum alicastrum,3
DJI_20250821134523_0027_V_3546zoom.JPG,bci50haplot,20250821,serjania circumvallata,4
DJI_20250821134600_0029_V_3517zoom.JPG,bci50haplot,20250821,senegalia hayesii,2
DJI_20250821134707_0033_V_3520zoom.JPG,bci50haplot,20250821,inga marginata,4
DJI_20250821134807_0037_V_4721zoom.JPG,bci50haplot,20250821,anacardium excelsum,2
DJI_20250821140406_0005_V_2820zoom.JPG,bci50haplot,20250821,jacaranda copaia,4
DJI_20250821140512_0009_V_3493zoom.JPG,bci50haplot,20250821,alseis blackiana,6
DJI_20250821140542_0011_V_3495zoom.JPG,bci50haplot,20250821,callichlamys latifolia,5
DJI_20250821140613_0013_V_4032zoom.JPG,bci50haplot,20250821,trema micranthum,1
DJI_20250821141009_0025_V_4054zoom.JPG,bci50haplot,20250821,uncaria tomentosa,4
DJI_20250821141232_0035_V_4022zoom.JPG,bci50haplot,20250821,cecropia insignis,7
DJI_20250821142607_0001_V_4037zoom.JPG,bci50haplot,20250821,guarea guidonia,5
DJI_20250821142716_0005_V_3484zoom.JPG,bci50haplot,20250821,serjania circumvallata,3
DJI_20250821143112_0019_V_2844zoom.JPG,bci50haplot,20250821,maripa panamensis,3
DJI_20250821143506_0031_V_2813zoom.JPG,bci50haplot,20250821,poulsenia armata,4
DJI_20250821143534_0033_V_2857zoom.JPG,bci50haplot,20250821,poulsenia armata,3
DJI_20250821143710_0039_V_2247zoom.JPG,bci50haplot,20250821,hura crepitans,2
DJI_20250821145903_0001_V_1729zoom.JPG,bci50haplot,20250821,hura crepitans,5
DJI_20250821145933_0003_V_1016zoom.JPG,bci50haplot,20250821,hura crepitans,2
DJI_20250821151625_0001_V_918zoom.JPG,bci50haplot,20250821,alseis blackiana,2
DJI_20250821151735_0005_V_892zoom.JPG,bci50haplot,20250821,cavanillesia platanifolia,4
DJI_20250821151813_0007_V_1408zoom.JPG,bci50haplot,20250821,trichilia tuberculata,4
DJI_20250821151958_0013_V_1566zoom.JPG,bci50haplot,20250821,dendropanax arboreus,3
DJI_20250821152105_0017_V_1404zoom.JPG,bci50haplot,20250821,miconia argentea,1
DJI_20250821152214_0019_V_817zoom.JPG,bci50haplot,20250821,celtis iguanaea,4
DJI_20250821152250_0021_V_799zoom.JPG,bci50haplot,20250821,alseis blackiana,1
DJI_20250821152326_0023_V_1513zoom.JPG,bci50haplot,20250821,hieronyma alchorneoides,6
DJI_20250821152544_0031_V_2075zoom.JPG,bci50haplot,20250821,ficus popenoei,5
DJI_20250821154002_0001_V_2064zoom.JPG,bci50haplot,20250821,simarouba amara,4
DJI_20250821154117_0005_V_2661zoom.JPG,bci50haplot,20250821,trichilia tuberculata,2
DJI_20250821154151_0007_V_1584zoom.JPG,bci50haplot,20250821,fridericia candicans,4
DJI_20250821154707_0023_V_2243zoom.JPG,bci50haplot,20250821,mascagnia divaricata,5
DJI_20250821155016_0035_V_2122zoom.JPG,bci50haplot,20250821,mascagnia divaricata,2
DJI_20250821155047_0037_V_2667zoom.JPG,bci50haplot,20250821,alseis blackiana,2
DJI_20250821160506_0001_V_2141zoom.JPG,bci50haplot,20250821,poulsenia armata,2
DJI_20250821160541_0003_V_2130zoom.JPG,bci50haplot,20250821,dendropanax arboreus,1
DJI_20250821161018_0019_V_2103zoom.JPG,bci50haplot,20250821,genipa americana,5
DJI_20250821161130_0021_V_2676zoom.JPG,bci50haplot,20250821,callichlamys latifolia,6
DJI_20250821161159_0023_V_2663zoom.JPG,bci50haplot,20250821,serjania pyramidata,3
DJI_20250821161355_0029_V_3308zoom.JPG,bci50haplot,20250821,sapium glandulosum,1
DJI_20250821161430_0031_V_3298zoom.JPG,bci50haplot,20250821,ficus obtusifolia,2
DJI_20250821162903_0003_V_1701zoom.JPG,bci25haplot,20250821,adelphia hiraea,3
DJI_20250821163047_0009_V_2324zoom.JPG,bci25haplot,20250821,dipteryx oleifera,2
DJI_20250821163148_0013_V_2323zoom.JPG,bci25haplot,20250821,handroanthus guayacan,3
DJI_20250821163221_0015_V_3039zoom.JPG,bci25haplot,20250821,chrysophyllum argenteum,4
DJI_20250821163325_0019_V_2315zoom.JPG,bci25haplot,20250821,handroanthus guayacan,5
DJI_20250821163616_0027_V_3780zoom.JPG,bci25haplot,20250821,hura crepitans,5
DJI_20250821163714_0031_V_3768zoom.JPG,bci25haplot,20250821,dipteryx oleifera,5
DJI_20250821163746_0033_V_3044zoom.JPG,bci25haplot,20250821,dipteryx oleifera,6
DJI_20250821163818_0035_V_3035zoom.JPG,bci25haplot,20250821,hura crepitans,2
DJI_20250821163926_0039_V_3117zoom.JPG,bci25haplot,20250821,ochroma pyramidale,3
DJI_20250821165552_0001_V_3123zoom.JPG,bci25haplot,20250821,chrysophyllum cainito,1
DJI_20250821165623_0003_V_3815zoom.JPG,bci25haplot,20250821,cavanillesia platanifolia,4
DJI_20250821165723_0007_V_3827zoom.JPG,bci25haplot,20250821,hieronyma alchorneoides,5
DJI_20250821165819_0011_V_3787zoom.JPG,bci25haplot,20250821,dipteryx oleifera,4
DJI_20250821165926_0015_V_4560zoom.JPG,bci25haplot,20250821,ochroma pyramidale,4
DJI_20250821165957_0017_V_3771zoom.JPG,bci25haplot,20250821,hura crepitans,3
DJI_20250821170026_0019_V_3762zoom.JPG,bci25haplot,20250821,dipteryx oleifera,2
DJI_20250821170202_0023_V_4577zoom.JPG,bci25haplot,20250821,aspidosperma desmanthum,3
DJI_20250821170307_0027_V_4439zoom.JPG,bci25haplot,20250821,tachigali panamensis,4
DJI_20250821170335_0029_V_3728zoom.JPG,bci25haplot,20250821,tachigali panamensis,3
DJI_20250821171852_0001_V_4387zoom.JPG,bci25haplot,20250821,dipteryx oleifera,1
DJI_20250821172134_0009_V_3700zoom.JPG,bci25haplot,20250821,hura crepitans,2
DJI_20250821172332_0017_V_2974zoom.JPG,bci25haplot,20250821,guatteria lucens,1
DJI_20250821172403_0019_V_2973zoom.JPG,bci25haplot,20250821,tabebuia rosea,7
DJI_20250821172431_0021_V_2975zoom.JPG,bci25haplot,20250821,simarouba amara,3
DJI_20250821172507_0023_V_3698zoom.JPG,bci25haplot,20250821,tabebuia rosea,5
DJI_20250821172543_0025_V_3020zoom.JPG,bci25haplot,20250821,enterolobium cyclocarpum,4
DJI_20250822084607_0001_V_3034zoom.JPG,bci25haplot,20250822,enterolobium cyclocarpum,5
DJI_20250822084641_0003_V_2978zoom.JPG,bci25haplot,20250822,tabebuia rosea,5
DJI_20250822084712_0005_V_2977zoom.JPG,bci25haplot,20250822,hura crepitans,4
DJI_20250822084839_0011_V_2939zoom.JPG,bci25haplot,20250822,hura crepitans,4
DJI_20250822085042_0019_V_2180zoom.JPG,bci25haplot,20250822,hylenaea praecelsa,1
DJI_20250911100623_0003_V_2399zoom.JPG,bci10haplot,20250911,oenocarpus mapora,2
DJI_20250911100906_0013_V_2636zoom.JPG,bci10haplot,20250911,attalea butyracea,3
DJI_20250911101011_0017_V_2528zoom.JPG,bci10haplot,20250911,cecropia insignis,3
DJI_20250911101042_0019_V_2643zoom.JPG,bci10haplot,20250911,cordia alliodora,3
DJI_20250911101243_0025_V_2973zoom.JPG,bci10haplot,20250911,cecropia insignis,2
DJI_20250911101421_0031_V_2913zoom.JPG,bci10haplot,20250911,cecropia insignis,1
DJI_20250911101623_0039_V_3255zoom.JPG,bci10haplot,20250911,alseis blackiana,1
DJI_20250911104305_0005_V_2918zoom.JPG,bci10haplot,20250911,cecropia insignis,7
DJI_20250911104457_0013_V_3094zoom.JPG,bci10haplot,20250911,tabernaemontana arborea,3
DJI_20250911104647_0019_V_3192zoom.JPG,bci10haplot,20250911,trichilia tuberculata,3
DJI_20250911104758_0021_V_3438zoom.JPG,bci10haplot,20250911,alseis blackiana,3
DJI_20250911105010_0029_V_3600zoom.JPG,bci10haplot,20250911,terminalia oblonga,3
DJI_20250911105042_0031_V_3583zoom.JPG,bci10haplot,20250911,cecropia insignis,2
DJI_20250911110755_0003_V_3577zoom.JPG,bci10haplot,20250911,attalea butyracea,1
DJI_20250911110829_0005_V_3686zoom.JPG,bci10haplot,20250911,cecropia insignis,3
DJI_20250911111120_0013_V_3861zoom.JPG,bci10haplot,20250911,anacardium excelsum,1
DJI_20250911111329_0021_V_4235zoom.JPG,bci10haplot,20250911,uncaria tomentosa,2
DJI_20250911111440_0025_V_3829zoom.JPG,bci10haplot,20250911,trichilia tuberculata,4
DJI_20250911111543_0027_V_4107zoom.JPG,bci10haplot,20250911,platypodium elegans,3
DJI_20250911111617_0029_V_4230zoom.JPG,bci10haplot,20250911,dipteryx oleifera,3
DJI_20250911111651_0031_V_4634zoom.JPG,bci10haplot,20250911,inga marginata,2
DJI_20250911111723_0033_V_4614zoom.JPG,bci10haplot,20250911,guatteria lucens,2
DJI_20250911113614_0011_V_369zoom.JPG,bci10haplot,20250911,miconia argentea,4
DJI_20250911113721_0015_V_549zoom.JPG,bci10haplot,20250911,hura crepitans,3
DJI_20250911113831_0019_V_524zoom.JPG,bci10haplot,20250911,tabebuia rosea,3
DJI_20250911113940_0023_V_669zoom.JPG,bci10haplot,20250911,alseis blackiana,4
DJI_20250911114010_0025_V_542zoom.JPG,bci10haplot,20250911,hura crepitans,2
DJI_20250911114304_0033_V_757zoom.JPG,bci10haplot,20250911,alseis blackiana,2
DJI_20250924093853_0019_V_972zoom.JPG,bci10haplot,20250924,dipteryx oleifera,2
DJI_20250924093922_0021_V_888zoom.JPG,bci10haplot,20250924,dipteryx oleifera,1
DJI_20250924094156_0031_V_1286zoom.JPG,bci10haplot,20250924,hieronyma alchorneoides,5
DJI_20250924103315_0009_V_1082zoom.JPG,bci10haplot,20250924,inga marginata,3
DJI_20250924103516_0017_V_1439zoom.JPG,bci10haplot,20250924,dipteryx oleifera,3
DJI_20250924105918_0027_V_769zoom.JPG,bci10haplot,20250924,platypodium elegans,2
DJI_20250926091146_0001_V_791zoom.JPG,bci10haplot,20250926,hura crepitans,2
DJI_20250926091220_0003_V_527zoom.JPG,bci10haplot,20250926,hura crepitans,1
DJI_20250926091247_0005_V_739zoom.JPG,bci10haplot,20250926,tabebuia rosea,4
DJI_20250926102546_0023_V_2915zoom.JPG,bci10haplot,20250926,cecropia insignis,3
DJI_20250926110527_0021_V_2653zoom.JPG,bci10haplot,20250926,cecropia insignis,3
DJI_20250926110655_0027_V_2156zoom.JPG,bci10haplot,20250926,jacaranda copaia,5
DJI_20250926113204_0019_V_43zoom.JPG,bci10haplot,20250926,jacaranda copaia,4
DJI_20250929120457_0005_V_1723zoom.JPG,bci25haplot,20250929,hura crepitans,5
DJI_20250929120534_0007_V_1716zoom.JPG,bci25haplot,20250929,hura crepitans,3
DJI_20250929120639_0011_V_1646zoom.JPG,bci25haplot,20250929,hura crepitans,5
DJI_20250929120810_0017_V_1653zoom.JPG,bci25haplot,20250929,hieronyma alchorneoides,5
DJI_20250929120845_0019_V_1638zoom.JPG,bci25haplot,20250929,hura crepitans,1
DJI_20250929120923_0021_V_8441zoom.JPG,bci25haplot,20250929,hymenaea courbaril,2
DJI_20250929121101_0025_V_8436zoom.JPG,bci25haplot,20250929,anacardium excelsum,5
DJI_20250929121139_0027_V_8508zoom.JPG,bci25haplot,20250929,anacardium excelsum,1
DJI_20250929121242_0031_V_8431zoom.JPG,bci25haplot,20250929,tachigali panamensis,4
DJI_20250929121312_0033_V_8433zoom.JPG,bci25haplot,20250929,sparrea schippii,5
DJI_20250929123448_0001_V_8375zoom.JPG,bci25haplot,20250929,anacardium excelsum,4
DJI_20250929123709_0007_V_1586zoom.JPG,bci25haplot,20250929,hura crepitans,2
DJI_20250929123742_0009_V_1620zoom.JPG,bci25haplot,20250929,hura crepitans,5
DJI_20250929123814_0011_V_2179zoom.JPG,bci25haplot,20250929,hura crepitans,3
DJI_20250929123845_0013_V_1671zoom.JPG,bci25haplot,20250929,hieronyma alchorneoides,4
DJI_20250929124019_0019_V_2156zoom.JPG,bci25haplot,20250929,hura crepitans,3
DJI_20251001101936_0013_V_1474zoom.JPG,bci25haplot,20251001,tachigali panamensis,4
DJI_20251001102102_0019_V_1516zoom.JPG,bci25haplot,20251001,anacardium excelsum,6
DJI_20251001102205_0021_V_1470zoom.JPG,bci25haplot,20251001,tabebuia rosea,2
DJI_20251001102234_0023_V_1485zoom.JPG,bci25haplot,20251001,anacardium excelsum,3
DJI_20251001102303_0025_V_1476zoom.JPG,bci25haplot,20251001,platypodium elegans,3
DJI_20251001102332_0027_V_1473zoom.JPG,bci25haplot,20251001,tachigali panamensis,3
DJI_20251001102404_0029_V_2048zoom.JPG,bci25haplot,20251001,tabebuia rosea,4
DJI_20251001104207_0011_V_2760zoom.JPG,bci25haplot,20251001,tabebuia rosea,3
DJI_20251001104306_0015_V_1478zoom.JPG,bci25haplot,20251001,anacardium excelsum,7
DJI_20251001104333_0017_V_1477zoom.JPG,bci25haplot,20251001,tabebuia rosea,3
DJI_20251001104401_0019_V_1987zoom.JPG,bci25haplot,20251001,ficus obtusifolia,2
DJI_20251001104604_0027_V_1419zoom.JPG,bci25haplot,20251001,anacardium excelsum,2
DJI_20251001104829_0035_V_1982zoom.JPG,bci25haplot,20251001,hura crepitans,4
DJI_20251001104926_0039_V_1991zoom.JPG,bci25haplot,20251001,hura crepitans,3
DJI_20251001110946_0013_V_3193zoom.JPG,bci25haplot,20251001,hura crepitans,3
DJI_20251001111018_0015_V_3374zoom.JPG,bci25haplot,20251001,hura crepitans,4
DJI_20251001111049_0017_V_3373zoom.JPG,bci25haplot,20251001,handroanthus guayacan,2
DJI_20251001111324_0025_V_2709zoom.JPG,bci25haplot,20251001,hura crepitans,6
DJI_20251001111352_0027_V_1984zoom.JPG,bci25haplot,20251001,platypodium elegans,2
DJI_20251001111523_0033_V_2720zoom.JPG,bci25haplot,20251001,tabebuia rosea,2
DJI_20251001111551_0035_V_2716zoom.JPG,bci25haplot,20251001,dipteryx oleifera,2
DJI_20251001113602_0001_V_2705zoom.JPG,bci25haplot,20251001,dipteryx oleifera,3
DJI_20251001113633_0003_V_3441zoom.JPG,bci25haplot,20251001,hieronyma alchorneoides,4
DJI_20251001113702_0005_V_3431zoom.JPG,bci25haplot,20251001,dipteryx oleifera,6
DJI_20251001113910_0011_V_3500zoom.JPG,bci25haplot,20251001,anacardium excelsum,4
DJI_20251001114041_0017_V_3455zoom.JPG,bci25haplot,20251001,terminalia amazonia,2
DJI_20251001114205_0023_V_3378zoom.JPG,bci25haplot,20251001,poulsenia armata,4
DJI_20251001120735_0001_V_4713zoom.JPG,bci25haplot,20251001,tabebuia rosea,4
DJI_20251001120805_0003_V_4718zoom.JPG,bci25haplot,20251001,handroanthus guayacan,6
DJI_20251001120837_0005_V_5490zoom.JPG,bci25haplot,20251001,terminalia amazonia,4
DJI_20251001120944_0009_V_4971zoom.JPG,bci25haplot,20251001,tabebuia rosea,3
DJI_20251001121041_0013_V_4968zoom.JPG,bci25haplot,20251001,anacardium excelsum,2
DJI_20251001121111_0015_V_5004zoom.JPG,bci25haplot,20251001,anacardium excelsum,5
DJI_20251001121142_0017_V_5044zoom.JPG,bci25haplot,20251001,anacardium excelsum,4
DJI_20251001121325_0021_V_4207zoom.JPG,bci25haplot,20251001,anacardium excelsum,3
DJI_20251001121423_0025_V_4177zoom.JPG,bci25haplot,20251001,anacardium excelsum,2
DJI_20251001121552_0031_V_4214zoom.JPG,bci25haplot,20251001,anacardium excelsum,3
DJI_20251001123012_0003_V_4180zoom.JPG,bci25haplot,20251001,dipteryx oleifera,6
DJI_20251001123043_0005_V_4173zoom.JPG,bci25haplot,20251001,tabebuia rosea,4
DJI_20251001123151_0007_V_4218zoom.JPG,bci25haplot,20251001,hippocratea volubilis,2
DJI_20251001123253_0011_V_4181zoom.JPG,bci25haplot,20251001,handroanthus guayacan,5
DJI_20251001123327_0013_V_4234zoom.JPG,bci25haplot,20251001,anacardium excelsum,2
DJI_20251001123508_0019_V_4238zoom.JPG,bci25haplot,20251001,hieronyma alchorneoides,3
DJI_20251001123754_0027_V_3548zoom.JPG,bci25haplot,20251001,terminalia amazonia,3
DJI_20251001123859_0031_V_4318zoom.JPG,bci25haplot,20251001,cecropia insignis,3
DJI_20251001123929_0033_V_3553zoom.JPG,bci25haplot,20251001,dipteryx oleifera,4
DJI_20251001124032_0037_V_2759zoom.JPG,bci25haplot,20251001,casearia laetioides,3
DJI_20251001125406_0001_V_2862zoom.JPG,bci25haplot,20251001,ficus obtusifolia,4
DJI_20251001125716_0011_V_2916zoom.JPG,bci25haplot,20251001,combretum decandrum,3
DJI_20251001125919_0019_V_1528zoom.JPG,bci25haplot,20251001,dipteryx oleifera,6
DJI_20251001130059_0025_V_1579zoom.JPG,bci25haplot,20251001,hura crepitans,4
DJI_20251003105152_0003_V_1425zoom.JPG,bcizetektower,20251003,jacaranda copaia,4
DJI_20251003105256_0007_V_1375zoom.JPG,bcizetektower,20251003,dipteryx oleifera,4
DJI_20251003105456_0015_V_846zoom.JPG,bcizetektower,20251003,simarouba amara,6
DJI_20251003105657_0021_V_835zoom.JPG,bcizetektower,20251003,calophyllum longifolium,5
DJI_20251003105937_0031_V_810zoom.JPG,bcizetektower,20251003,jacaranda copaia,2
DJI_20251003110006_0033_V_767zoom.JPG,bcizetektower,20251003,simarouba amara,6
DJI_20251003110137_0039_V_1299zoom.JPG,bcizetektower,20251003,hura crepitans,4
DJI_20251003112539_0003_V_1242zoom.JPG,bcizetektower,20251003,platypodium elegans,2
DJI_20251003112657_0007_V_1229zoom.JPG,bcizetektower,20251003,terminalia amazonia,2
DJI_20251003112727_0009_V_1235zoom.JPG,bcizetektower,20251003,jupunba macradenia,5
DJI_20251003112905_0015_V_1524zoom.JPG,bcizetektower,20251003,dipteryx oleifera,4
DJI_20251003113117_0021_V_1523zoom.JPG,bcizetektower,20251003,hura crepitans,4
DJI_20251003113150_0023_V_1177zoom.JPG,bcizetektower,20251003,hura crepitans,1
DJI_20251003113223_0025_V_1068zoom.JPG,bcizetektower,20251003,dipteryx oleifera,6
DJI_20251003113458_0035_V_1066zoom.JPG,bcizetektower,20251003,hura crepitans,6
DJI_20251003115006_0007_V_2451zoom.JPG,bcizetektower,20251003,jacaranda copaia,4
DJI_20251003115110_0011_V_488zoom.JPG,bcizetektower,20251003,dipteryx oleifera,2
DJI_20251003115555_0027_V_1065zoom.JPG,bcizetektower,20251003,jacaranda copaia,3
DJI_20251003115652_0031_V_1094zoom.JPG,bcizetektower,20251003,trema micranthum,2
DJI_20251003121350_0013_V_2192zoom.JPG,bcizetektower,20251003,dipteryx oleifera,2
DJI_20251003121807_0027_V_352zoom.JPG,bcizetektower,20251003,dipteryx oleifera,3
DJI_20251003122035_0037_V_930zoom.JPG,bcizetektower,20251003,jacaranda copaia,1
DJI_20251003122102_0039_V_921zoom.JPG,bcizetektower,20251003,jacaranda copaia,3
DJI_20251006110644_0001_V_2361zoom.JPG,bcidraytontower,20251006,anacardium excelsum,3
DJI_20251006110748_0005_V_2352zoom.JPG,bcidraytontower,20251006,anacardium excelsum,4
DJI_20251006110816_0007_V_267zoom.JPG,bcidraytontower,20251006,jacaranda copaia,2
DJI_20251006110954_0013_V_2325zoom.JPG,bcidraytontower,20251006,chrysophyllum argenteum,2
DJI_20251006111129_0019_V_2192zoom.JPG,bcidraytontower,20251006,hieronyma alchorneoides,5
DJI_20251006111235_0021_V_2223zoom.JPG,bcidraytontower,20251006,terminalia amazonia,3
DJI_20251006111304_0023_V_731zoom.JPG,bcidraytontower,20251006,brosimum alicastrum,3
DJI_20251006111449_0029_V_2212zoom.JPG,bcidraytontower,20251006,hippocratea volubilis,3
DJI_20251006111555_0033_V_777zoom.JPG,bcidraytontower,20251006,terminalia amazonia,5
DJI_20251006114143_0003_V_2304zoom.JPG,bcidraytontower,20251006,dipteryx oleifera,3
DJI_20251006114400_0011_V_816zoom.JPG,bcidraytontower,20251006,prioria copaifera,1
DJI_20251006114459_0015_V_1248zoom.JPG,bcidraytontower,20251006,prioria copaifera,3
DJI_20251006114941_0031_V_648zoom.JPG,bcidraytontower,20251006,prioria copaifera,2
DJI_20251006115014_0033_V_649zoom.JPG,bcidraytontower,20251006,sapium glandulosum,2
DJI_20251006121410_0003_V_1044zoom.JPG,bcidraytontower,20251006,dipteryx oleifera,1
DJI_20251006121444_0005_V_2199zoom.JPG,bcidraytontower,20251006,jacaranda copaia,3
DJI_20251006121654_0011_V_470zoom.JPG,bcidraytontower,20251006,hieronyma alchorneoides,4
DJI_20251006121759_0015_V_92zoom.JPG,bcidraytontower,20251006,anacardium excelsum,3
DJI_20251006121903_0019_V_477zoom.JPG,bcidraytontower,20251006,dipteryx oleifera,1
DJI_20251006122047_0025_V_2458zoom.JPG,bcidraytontower,20251006,dipteryx oleifera,5
DJI_20251006122123_0027_V_2086zoom.JPG,bcidraytontower,20251006,cordia alliodora,1
DJI_20251006122335_0033_V_2069zoom.JPG,bcidraytontower,20251006,tachigali panamensis,5
DJI_20251006122404_0035_V_2071zoom.JPG,bcidraytontower,20251006,prioria copaifera,3
DJI_20251006122434_0037_V_2078zoom.JPG,bcidraytontower,20251006,dipteryx oleifera,4
DJI_20251006122504_0039_V_2084zoom.JPG,bcidraytontower,20251006,jacaranda copaia,4
DJI_20251006122640_0045_V_1043zoom.JPG,bcidraytontower,20251006,dipteryx oleifera,4
DJI_20251006123752_0001_V_1511zoom.JPG,bcidraytontower,20251006,jacaranda copaia,2
DJI_20251006123959_0007_V_593zoom.JPG,bcidraytontower,20251006,prioria copaifera,3
DJI_20251006124033_0009_V_1105zoom.JPG,bcidraytontower,20251006,jacaranda copaia,4
DJI_20251006124107_0011_V_587zoom.JPG,bcidraytontower,20251006,jacaranda copaia,4
DJI_20251006124138_0013_V_1075zoom.JPG,bcidraytontower,20251006,jacaranda copaia,5
DJI_20251006124236_0017_V_592zoom.JPG,bcidraytontower,20251006,platypodium elegans,1
DJI_20251006124341_0021_V_1116zoom.JPG,bcidraytontower,20251006,prioria copaifera,5
DJI_20251006124524_0025_V_1128zoom.JPG,bcidraytontower,20251006,brosimum alicastrum,3
DJI_20251006124556_0027_V_1157zoom.JPG,bcidraytontower,20251006,prioria copaifera,2
DJI_20251006124627_0029_V_1506zoom.JPG,bcidraytontower,20251006,prioria copaifera,3
DJI_20251006125058_0043_V_1505zoom.JPG,bcidraytontower,20251006,prioria copaifera,3
DJI_20251006130610_0013_V_1255zoom.JPG,bcidraytontower,20251006,dipteryx oleifera,3
DJI_20251006130901_0021_V_1393zoom.JPG,bcidraytontower,20251006,schnella guianensis,5
DJI_20251006130933_0023_V_1318zoom.JPG,bcidraytontower,20251006,prioria copaifera,4
DJI_20251006131013_0025_V_1745zoom.JPG,bcidraytontower,20251006,anacardium excelsum,5
DJI_20251006131134_0029_V_1388zoom.JPG,bcidraytontower,20251006,jacaranda copaia,4
DJI_20251006131316_0035_V_806zoom.JPG,bcidraytontower,20251006,prioria copaifera,2
DJI_20251006131503_0039_V_1387zoom.JPG,bcidraytontower,20251006,jacaranda copaia,1
DJI_20251006131535_0041_V_910zoom.JPG,bcidraytontower,20251006,didymopanax morototoni,4
DJI_20251009083353_0003_V_7261zoom.JPG,bcitbarbour3n,20251009,handroanthus guayacan,3
DJI_20251009083555_0011_V_8203zoom.JPG,bcitbarbour3n,20251009,handroanthus guayacan,4
DJI_20251009083722_0017_V_8141zoom.JPG,bcitbarbour3n,20251009,terminalia amazonia,5
DJI_20251009084003_0025_V_9854zoom.JPG,bcitbarbour3n,20251009,terminalia amazonia,2
DJI_20251009084033_0027_V_9836zoom.JPG,bcitbarbour3n,20251009,dipteryx oleifera,4
DJI_20251009084158_0033_V_9833zoom.JPG,bcitbarbour3n,20251009,dipteryx oleifera,3
DJI_20251009084230_0035_V_10658zoom.JPG,bcitbarbour3n,20251009,dipteryx oleifera,4
DJI_20251009084259_0037_V_9835zoom.JPG,bcitbarbour3n,20251009,dipteryx oleifera,5
DJI_20251009084326_0039_V_10661zoom.JPG,bcitbarbour3n,20251009,terminalia amazonia,5
DJI_20251009084801_0055_V_10802zoom.JPG,bcitbarbour3n,20251009,anacardium excelsum,4
DJI_20251009084829_0057_V_10773zoom.JPG,bcitbarbour3n,20251009,anacardium excelsum,3
DJI_20251009084900_0059_V_10757zoom.JPG,bcitbarbour3n,20251009,anacardium excelsum,5
DJI_20251009085728_0001_V_10755zoom.JPG,bcitbarbour3n,20251009,anacardium excelsum,5
DJI_20251009085938_0009_V_11779zoom.JPG,bcitbarbour3n,20251009,handroanthus guayacan,4
DJI_20251009090006_0011_V_11739zoom.JPG,bcitbarbour3n,20251009,anacardium excelsum,5
DJI_20251009090421_0025_V_10785zoom.JPG,bcitbarbour3n,20251009,anacardium excelsum,2
DJI_20251009090556_0031_V_10660zoom.JPG,bcitbarbour3n,20251009,anacardium excelsum,2
DJI_20251009090622_0033_V_10606zoom.JPG,bcitbarbour3n,20251009,anacardium excelsum,3
DJI_20251009090749_0039_V_10592zoom.JPG,bcitbarbour3n,20251009,dipteryx oleifera,3
DJI_20251009091241_0055_V_10653zoom.JPG,bcitbarbour3n,20251009,anacardium excelsum,4
DJI_20251009092300_0007_V_11669zoom.JPG,bcitbarbour3n,20251009,anacardium excelsum,7
DJI_20251009092713_0021_V_740zoom.JPG,bcitbarbour3n,20251009,anacardium excelsum,3
DJI_20251009092845_0027_V_11774zoom.JPG,bcitbarbour3n,20251009,tachigali panamensis,3
DJI_20251009093117_0037_V_11776zoom.JPG,bcitbarbour3n,20251009,terminalia amazonia,2
DJI_20251009093356_0045_V_10813zoom.JPG,bcitbarbour3n,20251009,handroanthus guayacan,5
DJI_20251009093428_0047_V_11775zoom.JPG,bcitbarbour3n,20251009,anacardium excelsum,5
DJI_20251009093455_0049_V_11773zoom.JPG,bcitbarbour3n,20251009,dipteryx oleifera,4
DJI_20251009093632_0055_V_10067zoom.JPG,bcitbarbour3n,20251009,handroanthus guayacan,2
DJI_20251009094637_0001_V_9948zoom.JPG,bcitbarbour3n,20251009,terminalia amazonia,1
DJI_20251009094709_0003_V_10737zoom.JPG,bcitbarbour3n,20251009,anacardium excelsum,4
DJI_20251009095203_0019_V_9098zoom.JPG,bcitbarbour3n,20251009,dipteryx oleifera,2
DJI_20251009095232_0021_V_9039zoom.JPG,bcitbarbour3n,20251009,jacaranda copaia,2
DJI_20251009095334_0025_V_9901zoom.JPG,bcitbarbour3n,20251009,dipteryx oleifera,3
DJI_20251009095436_0029_V_9921zoom.JPG,bcitbarbour3n,20251009,terminalia amazonia,1
DJI_20251009095506_0031_V_9897zoom.JPG,bcitbarbour3n,20251009,dipteryx oleifera,3
DJI_20251009095533_0033_V_9037zoom.JPG,bcitbarbour3n,20251009,dipteryx oleifera,1
DJI_20251009095633_0037_V_9072zoom.JPG,bcitbarbour3n,20251009,terminalia amazonia,3
DJI_20251009095847_0043_V_8205zoom.JPG,bcitbarbour3n,20251009,dipteryx oleifera,4
DJI_20251009095949_0047_V_9113zoom.JPG,bcitbarbour3n,20251009,terminalia amazonia,3
DJI_20251009100019_0049_V_9131zoom.JPG,bcitbarbour3n,20251009,terminalia amazonia,2
DJI_20251009100052_0051_V_9155zoom.JPG,bcitbarbour3n,20251009,dipteryx oleifera,5
DJI_20251009101449_0015_V_8337zoom.JPG,bcitbarbour3n,20251009,handroanthus guayacan,3
DJI_20251009101520_0017_V_8264zoom.JPG,bcitbarbour3n,20251009,lacmellea panamensis,3
DJI_20251009101548_0019_V_8320zoom.JPG,bcitbarbour3n,20251009,dipteryx oleifera,3
DJI_20251009101754_0025_V_8204zoom.JPG,bcitbarbour3n,20251009,dipteryx oleifera,3
DJI_20251009101827_0027_V_8297zoom.JPG,bcitbarbour3n,20251009,dipteryx oleifera,2
DJI_20251009101856_0029_V_8254zoom.JPG,bcitbarbour3n,20251009,dipteryx oleifera,3
DJI_20251009102023_0035_V_8294zoom.JPG,bcitbarbour3n,20251009,terminalia amazonia,3
DJI_20251009102053_0037_V_8323zoom.JPG,bcitbarbour3n,20251009,dipteryx oleifera,5
DJI_20251009102256_0043_V_8325zoom.JPG,bcitbarbour3n,20251009,dipteryx oleifera,3
DJI_20251009102326_0045_V_7399zoom.JPG,bcitbarbour3n,20251009,handroanthus guayacan,8
DJI_20251009102354_0047_V_8322zoom.JPG,bcitbarbour3n,20251009,handroanthus guayacan,4
DJI_20251009102655_0059_V_7342zoom.JPG,bcitbarbour3n,20251009,dipteryx oleifera,3
DJI_20251009104136_0001_V_609zoom.JPG,bcitbarbour3n,20251009,anacardium excelsum,4
DJI_20251009104241_0005_V_704zoom.JPG,bcitbarbour3n,20251009,anacardium excelsum,3
DJI_20251009104313_0007_V_11707zoom.JPG,bcitbarbour3n,20251009,anacardium excelsum,4
DJI_20251009104415_0011_V_712zoom.JPG,bcitbarbour3n,20251009,anacardium excelsum,2
DJI_20251009104546_0017_V_1594zoom.JPG,bcitbarbour3n,20251009,mascagnia divaricata,6
DJI_20251009104749_0023_V_1485zoom.JPG,bcitbarbour3n,20251009,terminalia amazonia,5
DJI_20251009104819_0025_V_1503zoom.JPG,bcitbarbour3n,20251009,terminalia amazonia,1
DJI_20251009105335_0043_V_1675zoom.JPG,bcitbarbour3n,20251009,handroanthus guayacan,4
DJI_20251010082427_0005_V_837zoom.JPG,bcitbarbour3n,20251010,anacardium excelsum,5
DJI_20251010082640_0013_V_1694zoom.JPG,bcitbarbour3n,20251010,anacardium excelsum,4
DJI_20251010082822_0017_V_1659zoom.JPG,bcitbarbour3n,20251010,handroanthus guayacan,2
DJI_20251010083105_0027_V_2432zoom.JPG,bcitbarbour3n,20251010,coccoloba excelsa,2
DJI_20251010083524_0041_V_2454zoom.JPG,bcitbarbour3n,20251010,anacardium excelsum,1
DJI_20251010083630_0045_V_2441zoom.JPG,bcitbarbour3n,20251010,dipteryx oleifera,3
DJI_20251010084932_0003_V_3660zoom.JPG,bcitbarbour3n,20251010,handroanthus guayacan,1
DJI_20251010085038_0007_V_3666zoom.JPG,bcitbarbour3n,20251010,handroanthus guayacan,5
DJI_20251010085209_0013_V_3740zoom.JPG,bcitbarbour3n,20251010,anacardium excelsum,4
DJI_20251010085308_0017_V_4212zoom.JPG,bcitbarbour3n,20251010,handroanthus guayacan,4
DJI_20251010085605_0025_V_4588zoom.JPG,bcitbarbour3n,20251010,dipteryx oleifera,3
DJI_20251010085809_0033_V_4603zoom.JPG,bcitbarbour3n,20251010,tachigali panamensis,3
DJI_20251010085838_0035_V_4627zoom.JPG,bcitbarbour3n,20251010,tachigali panamensis,5
DJI_20251010085909_0037_V_4211zoom.JPG,bcitbarbour3n,20251010,handroanthus guayacan,4
DJI_20251010085938_0039_V_3661zoom.JPG,bcitbarbour3n,20251010,dipteryx oleifera,2
DJI_20251010090224_0047_V_4127zoom.JPG,bcitbarbour3n,20251010,handroanthus guayacan,2
DJI_20251010090434_0055_V_3663zoom.JPG,bcitbarbour3n,20251010,terminalia amazonia,2
DJI_20251010091743_0015_V_697zoom.JPG,bcitbarbour3n,20251010,hippocratea volubilis,3
DJI_20251010091817_0017_V_651zoom.JPG,bcitbarbour3n,20251010,anacardium excelsum,3
DJI_20251010091848_0019_V_617zoom.JPG,bcitbarbour3n,20251010,terminalia amazonia,4
DJI_20251010092318_0001_V_9720zoom.JPG,bcitbarbour3n,20251010,dipteryx oleifera,7
DJI_20251010092529_0009_V_10563zoom.JPG,bcitbarbour3n,20251010,dipteryx oleifera,4
DJI_20251010092633_0013_V_9834zoom.JPG,bcitbarbour3n,20251010,dipteryx oleifera,4
DJI_20251010092736_0017_V_10525zoom.JPG,bcitbarbour3n,20251010,handroanthus guayacan,1
DJI_20251010092809_0019_V_10561zoom.JPG,bcitbarbour3n,20251010,dipteryx oleifera,3
DJI_20251010092950_0023_V_10564zoom.JPG,bcitbarbour3n,20251010,dipteryx oleifera,8
DJI_20251010093742_0001_V_11610zoom.JPG,bcitbarbour3n,20251010,tachigali panamensis,7
DJI_20251010093839_0005_V_10566zoom.JPG,bcitbarbour3n,20251010,prioria copaifera,4
DJI_20251010093941_0009_V_11673zoom.JPG,bcitbarbour3n,20251010,handroanthus guayacan,2
DJI_20251010094323_0021_V_549zoom.JPG,bcitbarbour3n,20251010,prioria copaifera,7
DJI_20251010094354_0023_V_665zoom.JPG,bcitbarbour3n,20251010,anacardium excelsum,3
DJI_20251010094557_0031_V_1442zoom.JPG,bcitbarbour3n,20251010,terminalia amazonia,3
DJI_20251010094844_0039_V_2198zoom.JPG,bcitbarbour3n,20251010,hieronyma alchorneoides,4
DJI_20251010095221_0053_V_3515zoom.JPG,bcitbarbour3n,20251010,anacardium excelsum,6
DJI_20251010095404_0057_V_3564zoom.JPG,bcitbarbour3n,20251010,anacardium excelsum,5
DJI_20251010095510_0061_V_2920zoom.JPG,bcitbarbour3n,20251010,terminalia amazonia,6
DJI_20251010102749_0007_V_2878zoom.JPG,bcitbarbour3n,20251010,handroanthus guayacan,3
DJI_20251010102824_0009_V_2909zoom.JPG,bcitbarbour3n,20251010,terminalia amazonia,4
DJI_20251010102928_0011_V_2860zoom.JPG,bcitbarbour3n,20251010,dipteryx oleifera,2
DJI_20251010102957_0013_V_2862zoom.JPG,bcitbarbour3n,20251010,terminalia amazonia,6
DJI_20251010103353_0027_V_598zoom.JPG,bcitbarbour3n,20251010,anacardium excelsum,2
DJI_20251010103422_0029_V_1448zoom.JPG,bcitbarbour3n,20251010,anacardium excelsum,6
DJI_20251010103555_0033_V_562zoom.JPG,bcitbarbour3n,20251010,simarouba amara,2
DJI_20251010103623_0035_V_606zoom.JPG,bcitbarbour3n,20251010,prioria copaifera,4
DJI_20251010103749_0041_V_11622zoom.JPG,bcitbarbour3n,20251010,prioria copaifera,1
DJI_20251010103847_0045_V_570zoom.JPG,bcitbarbour3n,20251010,anacardium excelsum,3
DJI_20251010104204_0055_V_11560zoom.JPG,bcitbarbour3n,20251010,anacardium excelsum,3
DJI_20251010105003_0001_V_11611zoom.JPG,bcitbarbour3n,20251010,dipteryx oleifera,2
DJI_20251010105041_0003_V_11612zoom.JPG,bcitbarbour3n,20251010,anacardium excelsum,4
DJI_20251010105109_0005_V_11634zoom.JPG,bcitbarbour3n,20251010,prioria copaifera,6
DJI_20251010105211_0009_V_11542zoom.JPG,bcitbarbour3n,20251010,prioria copaifera,3
DJI_20251010105309_0013_V_10522zoom.JPG,bcitbarbour3n,20251010,dipteryx oleifera,4
DJI_20251010105415_0015_V_10532zoom.JPG,bcitbarbour3n,20251010,dipteryx oleifera,4
DJI_20251010105444_0017_V_10485zoom.JPG,bcitbarbour3n,20251010,dipteryx oleifera,4
DJI_20251010105515_0019_V_10534zoom.JPG,bcitbarbour3n,20251010,dipteryx oleifera,1
DJI_20251010105546_0021_V_10539zoom.JPG,bcitbarbour3n,20251010,dipteryx oleifera,3
DJI_20251010105617_0023_V_10489zoom.JPG,bcitbarbour3n,20251010,dipteryx oleifera,5
DJI_20251010105755_0029_V_9647zoom.JPG,bcitbarbour3n,20251010,handroanthus guayacan,3
DJI_20251010105824_0031_V_9648zoom.JPG,bcitbarbour3n,20251010,dipteryx oleifera,5
DJI_20251010105855_0033_V_10488zoom.JPG,bcitbarbour3n,20251010,tachigali panamensis,3
DJI_20251010105959_0035_V_10524zoom.JPG,bcitbarbour3n,20251010,handroanthus guayacan,4
DJI_20251010110032_0037_V_10527zoom.JPG,bcitbarbour3n,20251010,dipteryx oleifera,2
DJI_20251010110901_0001_V_6683zoom.JPG,bcitbarbour3n,20251010,dipteryx oleifera,4
DJI_20251010111729_0031_V_7012zoom.JPG,bcitbarbour3n,20251010,handroanthus guayacan,3
DJI_20251010112033_0041_V_6285zoom.JPG,bcitbarbour3n,20251010,terminalia amazonia,3
DJI_20251010112104_0043_V_6366zoom.JPG,bcitbarbour3n,20251010,terminalia amazonia,4
DJI_20251010112135_0045_V_7168zoom.JPG,bcitbarbour3n,20251010,dipteryx oleifera,3
DJI_20251010112202_0047_V_7094zoom.JPG,bcitbarbour3n,20251010,handroanthus guayacan,4
DJI_20251010112437_0057_V_8146zoom.JPG,bcitbarbour3n,20251010,terminalia amazonia,5
DJI_20251010113303_0001_V_8135zoom.JPG,bcitbarbour3n,20251010,dipteryx oleifera,2
DJI_20251010113408_0005_V_9852zoom.JPG,bcitbarbour3n,20251010,dipteryx oleifera,4
DJI_20251010113508_0009_V_9775zoom.JPG,bcitbarbour3n,20251010,dipteryx oleifera,3
DJI_20251010113538_0011_V_9776zoom.JPG,bcitbarbour3n,20251010,dipteryx oleifera,7
DJI_20251010113606_0013_V_9808zoom.JPG,bcitbarbour3n,20251010,dipteryx oleifera,6
DJI_20251010113635_0015_V_9826zoom.JPG,bcitbarbour3n,20251010,dipteryx oleifera,4
DJI_20251010113741_0019_V_8834zoom.JPG,bcitbarbour3n,20251010,dipteryx oleifera,3
DJI_20251010113849_0021_V_8896zoom.JPG,bcitbarbour3n,20251010,dipteryx oleifera,7
DJI_20251010113952_0025_V_8990zoom.JPG,bcitbarbour3n,20251010,terminalia amazonia,5
DJI_20251010114023_0027_V_8077zoom.JPG,bcitbarbour3n,20251010,dipteryx oleifera,4
DJI_20251010114123_0031_V_8134zoom.JPG,bcitbarbour3n,20251010,dipteryx oleifera,3
DJI_20251010114223_0035_V_8177zoom.JPG,bcitbarbour3n,20251010,terminalia amazonia,5
DJI_20251010114255_0037_V_8074zoom.JPG,bcitbarbour3n,20251010,dipteryx oleifera,2
DJI_20251010114552_0047_V_8022zoom.JPG,bcitbarbour3n,20251010,terminalia amazonia,5
DJI_20251010114621_0049_V_8015zoom.JPG,bcitbarbour3n,20251010,dipteryx oleifera,4
DJI_20251010114651_0051_V_8840zoom.JPG,bcitbarbour3n,20251010,dipteryx oleifera,3
DJI_20251010114749_0055_V_8841zoom.JPG,bcitbarbour3n,20251010,dipteryx oleifera,4
DJI_20251010114854_0059_V_8862zoom.JPG,bcitbarbour3n,20251010,dipteryx oleifera,5
DJI_20251010120752_0003_V_8017zoom.JPG,bcitbarbour3n,20251010,dipteryx oleifera,5
DJI_20251010120857_0007_V_8831zoom.JPG,bcitbarbour3n,20251010,dipteryx oleifera,1
DJI_20251010120957_0011_V_7957zoom.JPG,bcitbarbour3n,20251010,dipteryx oleifera,6
DJI_20251010121023_0013_V_7960zoom.JPG,bcitbarbour3n,20251010,dipteryx oleifera,3
DJI_20251010121055_0015_V_7958zoom.JPG,bcitbarbour3n,20251010,dipteryx oleifera,5
DJI_20251010121129_0017_V_8832zoom.JPG,bcitbarbour3n,20251010,dipteryx oleifera,1
DJI_20251010121316_0021_V_8803zoom.JPG,bcitbarbour3n,20251010,tachigali panamensis,6
DJI_20251010121351_0023_V_9643zoom.JPG,bcitbarbour3n,20251010,dipteryx oleifera,4
DJI_20251017094011_0015_V_10647zoom.JPG,bciarmour,20251017,hieronyma alchorneoides,4
DJI_20251017120612_0043_V_11669zoom.JPG,bciarmour,20251017,anacardium excelsum,1
DJI_20251017120645_0045_V_11656zoom.JPG,bciarmour,20251017,dipteryx oleifera,1
DJI_20251017122330_0027_V_8207zoom.JPG,bciarmour,20251017,ochroma pyramidale,3
DJI_20251017122524_0033_V_9548zoom.JPG,bciarmour,20251017,ochroma pyramidale,3
DJI_20251017122558_0035_V_9656zoom.JPG,bciarmour,20251017,hieronyma alchorneoides,3
DJI_20251017122628_0037_V_9655zoom.JPG,bciarmour,20251017,jacaranda copaia,4
DJI_20260114120423_0015_V_969zoom.JPG,bciarmour,20260114,uncaria tomentosa,2
