global_key,site,queue,predicted_species,confidence
comb_DJI_20240911145044_0006_V_2037zoom.JPG,bcifairchild,normal,oenocarpus mapora,0.063950
comb_DJI_20240911145236_0012_V_1779zoom.JPG,bcifairchild,normal,miconia argentea,0.017890
comb_DJI_20240911145311_0014_V_1767zoom.JPG,bcifairchild,normal,oenocarpus mapora,0.124890
comb_DJI_20240911145345_0016_V_1781zoom.JPG,bcifairchild,long_tail,elaeis guineensis,0.071450
comb_DJI_20240911145423_0018_V_1503zoom.JPG,bcifairchild,long_tail,acrostichum aureum,0.018190
comb_DJI_20240911145600_0024_V_1486zoom.JPG,bcifairchild,long_tail,attalea butyracea,0.676400
comb_DJI_20240911145633_0026_V_970zoom.JPG,bcifairchild,long_tail,cenostigma eriostachys,0.028990
comb_DJI_20240911145818_0032_V_1232zoom.JPG,bcifairchild,long_tail,vochysia ferruginea,0.232030
comb_DJI_20240911145855_0034_V_507zoom.JPG,bcifairchild,long_tail,tecomaria capensis,0.053110
comb_DJI_20240911145928_0036_V_514zoom.JPG,bcifairchild,long_tail,ixora coccinea,0.009410
comb_DJI_20240911150402_0048_V_2253zoom.JPG,bcifairchild,long_tail,trichilia tuberculata,0.624840
comb_DJI_20240911150443_0050_V_2240zoom.JPG,bcifairchild,long_tail,quararibea asterolepis,0.742580
comb_DJI_20240911150616_0054_V_2815zoom.JPG,bcifairchild,long_tail,guarea guidonia,0.349570
comb_DJI_20240911151847_0006_V_2549zoom.JPG,bcifairchild,long_tail,protium tenuifolium,0.208280
comb_DJI_20240911152111_0012_V_3345zoom.JPG,bcifairchild,normal,protium stevensonii,0.126590
comb_DJI_20240911152608_0024_V_3572zoom.JPG,bcifairchild,low_conf_known,hieronyma alchorneoides,0.329080
comb_DJI_20240911152947_0034_V_4532zoom.JPG,bcifairchild,normal,oenocarpus mapora,0.242330
comb_DJI_20240911153023_0036_V_4301zoom.JPG,bcifairchild,low_conf_known,astronium graveolens,0.177710
comb_DJI_20240911153056_0038_V_4270zoom.JPG,bcifairchild,long_tail,ocotea oblonga,0.037600
comb_DJI_20240911153129_0040_V_4261zoom.JPG,bcifairchild,long_tail,alchorneopsis floribunda,0.005340
comb_DJI_20240911153208_0042_V_4499zoom.JPG,bcifairchild,normal,davilla nitida,0.542740
comb_DJI_20240911153244_0044_V_4783zoom.JPG,bcifairchild,long_tail,attalea butyracea,0.830380
comb_DJI_20240911153320_0046_V_4506zoom.JPG,bcifairchild,normal,oenocarpus mapora,0.294940
comb_DJI_20240911153356_0048_V_4792zoom.JPG,bcifairchild,long_tail,acrocomia aculeata,0.155770
comb_DJI_20240911153438_0050_V_4522zoom.JPG,bcifairchild,long_tail,sapium glandulosum,0.494540
comb_DJI_20240911153514_0052_V_4531zoom.JPG,bcifairchild,long_tail,fridericia patellifera,0.447730
comb_DJI_20240911153710_0058_V_4803zoom.JPG,bcifairchild,normal,protium stevensonii,0.630220
comb_DJI_20240911153743_0060_V_5072zoom.JPG,bcifairchild,long_tail,cissus erosa,0.542820
comb_DJI_20240911153823_0062_V_5079zoom.JPG,bcifairchild,long_tail,cissus erosa,0.187150
comb_DJI_20240911153903_0064_V_4812zoom.JPG,bcifairchild,long_tail,combretum fruticosum,0.105240
comb_DJI_20240911154434_0002_V_4796zoom.JPG,bcifairchild,normal,alseis blackiana,0.361640
comb_DJI_20240911154547_0006_V_5098zoom.JPG,bcifairchild,can_wait,protium stevensonii,0.948650
comb_DJI_20240911154627_0008_V_5329zoom.JPG,bcifairchild,long_tail,sloanea terniflora,0.278950
comb_DJI_20240911154748_0012_V_5553zoom.JPG,bcifairchild,normal,apeiba tibourbou,0.520710
comb_DJI_20240911154823_0014_V_5764zoom.JPG,bcifairchild,normal,platypodium elegans,0.426470
comb_DJI_20240911154905_0016_V_5575zoom.JPG,bcifairchild,normal,protium stevensonii,0.414210
comb_DJI_20240911154942_0018_V_5948zoom.JPG,bcifairchild,can_wait,protium stevensonii,0.831060
comb_DJI_20240911155017_0020_V_5780zoom.JPG,bcifairchild,can_wait,handroanthus guayacan,0.945380
comb_DJI_20240911155105_0022_V_6003zoom.JPG,bcifairchild,normal,tabebuia rosea,0.165570
comb_DJI_20240911155143_0024_V_5800zoom.JPG,bcifairchild,normal,davilla nitida,0.132650
comb_DJI_20240911155219_0026_V_5819zoom.JPG,bcifairchild,normal,protium stevensonii,0.432490
comb_DJI_20240911155253_0028_V_6148zoom.JPG,bcifairchild,low_conf_known,astronium graveolens,0.238140
comb_DJI_20240911155329_0030_V_6012zoom.JPG,bcifairchild,normal,astronium graveolens,0.672640
comb_DJI_20240911155402_0032_V_5983zoom.JPG,bcifairchild,normal,pouteria stipitata,0.590320
comb_DJI_20240911155529_0036_V_5844zoom.JPG,bcifairchild,long_tail,trichilia tuberculata,0.048510
comb_DJI_20240911155607_0038_V_6150zoom.JPG,bcifairchild,normal,oenocarpus mapora,0.328380
comb_DJI_20240911155641_0040_V_6144zoom.JPG,bcifairchild,long_tail,doliocarpus major,0.277380
comb_DJI_20240911155720_0042_V_6020zoom.JPG,bcifairchild,long_tail,fridericia patellifera,0.078390
comb_DJI_20240911155801_0044_V_6044zoom.JPG,bcifairchild,can_wait,anacardium excelsum,0.949690
comb_DJI_20240911155909_0048_V_5873zoom.JPG,bcifairchild,long_tail,fridericia patellifera,0.285210
comb_DJI_20240911155946_0050_V_5882zoom.JPG,bcifairchild,normal,ceiba pentandra,0.508670
comb_DJI_20240912084841_0004_V_2898zoom.JPG,bcifairchild,long_tail,bactris maraja,0.057720
comb_DJI_20240912084958_0008_V_2624zoom.JPG,bcifairchild,normal,luehea seemannii,0.168620
comb_DJI_20240912085112_0012_V_2907zoom.JPG,bcifairchild,low_conf_known,jacaranda copaia,0.445050
comb_DJI_20240912085456_0024_V_2909zoom.JPG,bcifairchild,normal,protium stevensonii,0.743290
comb_DJI_20240912085654_0030_V_2926zoom.JPG,bcifairchild,normal,davilla nitida,0.383020
comb_DJI_20240912085734_0032_V_2660zoom.JPG,bcifairchild,normal,protium stevensonii,0.379540
comb_DJI_20240912085937_0038_V_2910zoom.JPG,bcifairchild,normal,davilla nitida,0.654310
comb_DJI_20240912090102_0042_V_3184zoom.JPG,bcifairchild,normal,ceiba pentandra,0.455040
comb_DJI_20240912090231_0046_V_2932zoom.JPG,bcifairchild,normal,luehea seemannii,0.048010
comb_DJI_20240912090451_0052_V_3431zoom.JPG,bcifairchild,long_tail,xylosma flexuosa,0.035060
comb_DJI_20240912090535_0054_V_3437zoom.JPG,bcifairchild,normal,terminalia amazonia,0.029430
comb_DJI_20240912090620_0056_V_3169zoom.JPG,bcifairchild,normal,terminalia oblonga,0.078620
comb_DJI_20240912090750_0060_V_3425zoom.JPG,bcifairchild,normal,protium stevensonii,0.352780
comb_DJI_20240912091350_0002_V_3673zoom.JPG,bcifairchild,long_tail,combretum decandrum,0.043580
comb_DJI_20240912091527_0006_V_3181zoom.JPG,bcifairchild,normal,protium stevensonii,0.114170
comb_DJI_20240912091618_0008_V_3423zoom.JPG,bcifairchild,long_tail,sloanea terniflora,0.014600
comb_DJI_20240912091709_0010_V_3681zoom.JPG,bcifairchild,long_tail,persicaria hydropiperoides,0.082080
comb_DJI_20240912092141_0022_V_2647zoom.JPG,bcifairchild,normal,uncaria tomentosa,0.265250
comb_DJI_20240912092225_0024_V_2361zoom.JPG,bcifairchild,normal,protium stevensonii,0.494390
comb_DJI_20240912092255_0026_V_2369zoom.JPG,bcifairchild,can_wait,hieronyma alchorneoides,0.937580
comb_DJI_20240912092325_0028_V_2375zoom.JPG,bcifairchild,long_tail,fridericia patellifera,0.367880
comb_DJI_20240912092404_0030_V_2393zoom.JPG,bcifairchild,can_wait,alseis blackiana,0.845810
comb_DJI_20240912092913_0046_V_3194zoom.JPG,bcifairchild,normal,davilla nitida,0.150060
comb_DJI_20240912092956_0048_V_2967zoom.JPG,bcifairchild,normal,protium stevensonii,0.018310
comb_DJI_20240912093147_0052_V_3407zoom.JPG,bcifairchild,normal,apeiba membranacea,0.180280
comb_DJI_20240912093313_0056_V_3672zoom.JPG,bcifairchild,normal,protium stevensonii,0.526150
comb_DJI_20240912094249_0008_V_2893zoom.JPG,bcifairchild,low_conf_known,handroanthus guayacan,0.329220
comb_DJI_20240912094436_0014_V_2890zoom.JPG,bcifairchild,normal,serjania circumvallata,0.072860
comb_DJI_20240912094625_0020_V_3389zoom.JPG,bcifairchild,normal,protium stevensonii,0.209460
comb_DJI_20240912094701_0022_V_3392zoom.JPG,bcifairchild,long_tail,ocotea oblonga,0.215710
comb_DJI_20240912094821_0026_V_3671zoom.JPG,bcifairchild,long_tail,doliocarpus major,0.020650
comb_DJI_20240912094937_0030_V_3385zoom.JPG,bcifairchild,low_conf_known,anacardium excelsum,0.274100
comb_DJI_20240912095019_0032_V_3652zoom.JPG,bcifairchild,normal,davilla nitida,0.250060
comb_DJI_20240912095106_0034_V_3395zoom.JPG,bcifairchild,low_conf_known,trattinnickia aspera,0.370490
comb_DJI_20240912095416_0044_V_2343zoom.JPG,bcifairchild,normal,alseis blackiana,0.784110
comb_DJI_20240912095518_0048_V_2298zoom.JPG,bcifairchild,long_tail,entada polystachya,0.884100
comb_DJI_20240912095550_0050_V_2618zoom.JPG,bcifairchild,long_tail,luehea speciosa,0.065200
comb_DJI_20240912095706_0054_V_2327zoom.JPG,bcifairchild,normal,apeiba membranacea,0.281900
comb_DJI_20240912095914_0062_V_2344zoom.JPG,bcifairchild,normal,fridericia candicans,0.148620
comb_DJI_20240912095944_0064_V_2627zoom.JPG,bcifairchild,long_tail,cordia alliodora,0.250330
comb_DJI_20240912100043_0068_V_2064zoom.JPG,bcifairchild,normal,terminalia oblonga,0.016620
comb_DJI_20240913104927_0004_V_4384zoom.JPG,bcifairchild,can_wait,davilla nitida,0.834760
comb_DJI_20240913105018_0006_V_4370zoom.JPG,bcifairchild,long_tail,ocotea oblonga,0.192690
comb_DJI_20240913105157_0010_V_4138zoom.JPG,bcifairchild,normal,protium stevensonii,0.199770
comb_DJI_20240913105421_0016_V_4628zoom.JPG,bcifairchild,normal,alseis blackiana,0.713650
comb_DJI_20240913105549_0020_V_4621zoom.JPG,bcifairchild,can_wait,anacardium excelsum,0.958330
comb_DJI_20240913105633_0022_V_4910zoom.JPG,bcifairchild,can_wait,alseis blackiana,0.940220
comb_DJI_20240913105718_0024_V_4923zoom.JPG,bcifairchild,low_conf_known,prioria copaifera,0.490130
comb_DJI_20240913105802_0026_V_4922zoom.JPG,bcifairchild,long_tail,protium tenuifolium,0.643920
comb_DJI_20240913105927_0030_V_5200zoom.JPG,bcifairchild,can_wait,anacardium excelsum,0.994900
comb_DJI_20240913110009_0032_V_5202zoom.JPG,bcifairchild,long_tail,cordia alliodora,0.393130
comb_DJI_20240913110050_0034_V_4906zoom.JPG,bcifairchild,normal,luehea seemannii,0.201450
comb_DJI_20240913110131_0036_V_4898zoom.JPG,bcifairchild,normal,anacardium excelsum,0.511140
comb_DJI_20240913110212_0038_V_5183zoom.JPG,bcifairchild,normal,oenocarpus mapora,0.265020
comb_DJI_20240913110249_0040_V_5434zoom.JPG,bcifairchild,normal,alseis blackiana,0.142600
comb_DJI_20240913110324_0042_V_5436zoom.JPG,bcifairchild,long_tail,vatairea erythrocarpa,0.035200
comb_DJI_20240913110545_0050_V_5446zoom.JPG,bcifairchild,long_tail,vitis tiliifolia,0.109290
comb_DJI_20240913110647_0054_V_5897zoom.JPG,bcifairchild,normal,anacardium excelsum,0.791140
comb_DJI_20240913110714_0056_V_5415zoom.JPG,bcifairchild,long_tail,hylenaea praecelsa,0.100350
comb_DJI_20240913110742_0058_V_5663zoom.JPG,bcifairchild,can_wait,anacardium excelsum,0.889450
comb_DJI_20240913110812_0060_V_5414zoom.JPG,bcifairchild,long_tail,fridericia patellifera,0.060130
comb_DJI_20240913110844_0062_V_5877zoom.JPG,bcifairchild,long_tail,protium tenuifolium,0.624630
comb_DJI_20240913110951_0066_V_5407zoom.JPG,bcifairchild,low_conf_known,astronium graveolens,0.383600
comb_DJI_20240913111104_0070_V_5149zoom.JPG,bcifairchild,long_tail,ocotea oblonga,0.022950
comb_DJI_20240913111756_0008_V_5132zoom.JPG,bcifairchild,normal,hippocratea volubilis,0.617040
comb_DJI_20240913111836_0010_V_5421zoom.JPG,bcifairchild,long_tail,pachira sessilis,0.503970
comb_DJI_20240913111910_0012_V_5166zoom.JPG,bcifairchild,long_tail,guarea guidonia,0.050810
comb_DJI_20240913112020_0016_V_5170zoom.JPG,bcifairchild,can_wait,alseis blackiana,0.947300
comb_DJI_20240913112058_0018_V_4896zoom.JPG,bcifairchild,normal,davilla nitida,0.427400
comb_DJI_20240913112135_0020_V_4890zoom.JPG,bcifairchild,normal,davilla nitida,0.307170
comb_DJI_20240913112258_0024_V_5158zoom.JPG,bcifairchild,normal,protium stevensonii,0.054600
comb_DJI_20240913112340_0026_V_4613zoom.JPG,bcifairchild,long_tail,guapira myrtiflora,0.047470
comb_DJI_20240913112550_0032_V_4610zoom.JPG,bcifairchild,normal,protium stevensonii,0.145350
comb_DJI_20240913112713_0036_V_4595zoom.JPG,bcifairchild,long_tail,combretum fruticosum,0.072340
comb_DJI_20240913112754_0038_V_4606zoom.JPG,bcifairchild,normal,ocotea leptobotra,0.568810
comb_DJI_20240913112831_0040_V_4603zoom.JPG,bcifairchild,can_wait,anacardium excelsum,0.861290
comb_DJI_20240913112942_0044_V_4878zoom.JPG,bcifairchild,low_conf_known,prioria copaifera,0.252630
comb_DJI_20240913113025_0046_V_5410zoom.JPG,bcifairchild,can_wait,alseis blackiana,0.919170
comb_DJI_20240913113103_0048_V_5427zoom.JPG,bcifairchild,normal,apeiba tibourbou,0.760710
comb_DJI_20240913113139_0050_V_5156zoom.JPG,bcifairchild,normal,tachigali panamensis,0.613450
comb_DJI_20240913113219_0052_V_5391zoom.JPG,bcifairchild,normal,hippocratea volubilis,0.077400
comb_DJI_20240913113254_0054_V_5885zoom.JPG,bcifairchild,long_tail,protium tenuifolium,0.493160
comb_DJI_20240913113327_0056_V_5886zoom.JPG,bcifairchild,low_conf_known,handroanthus guayacan,0.435290
comb_DJI_20240913113715_0064_V_4144zoom.JPG,bcifairchild,long_tail,protium tenuifolium,0.453400
comb_DJI_20240913114339_0002_V_4155zoom.JPG,bcifairchild,can_wait,anacardium excelsum,0.815150
comb_DJI_20240913114428_0004_V_4403zoom.JPG,bcifairchild,long_tail,combretum decandrum,0.339910
comb_DJI_20240913114516_0006_V_4149zoom.JPG,bcifairchild,long_tail,combretum decandrum,0.046560
comb_DJI_20240913114611_0008_V_3899zoom.JPG,bcifairchild,long_tail,spondias mombin,0.615750
comb_DJI_20240913114952_0016_V_3887zoom.JPG,bcifairchild,long_tail,boerhavia coccinea,0.197150
comb_DJI_20241024125016_0002_V_1806zoom.JPG,bcifairchild,normal,uncaria tomentosa,0.353510
comb_DJI_20241024125206_0008_V_1821zoom.JPG,bcifairchild,normal,uncaria tomentosa,0.322530
comb_DJI_20241024125448_0016_V_1319zoom.JPG,bcifairchild,normal,miconia argentea,0.563690
comb_DJI_20241024125527_0018_V_1819zoom.JPG,bcifairchild,normal,trattinnickia aspera,0.780730
comb_DJI_20241024125636_0022_V_1574zoom.JPG,bcifairchild,can_wait,trattinnickia aspera,0.961130
comb_DJI_20241024125714_0024_V_1578zoom.JPG,bcifairchild,normal,uncaria tomentosa,0.127500
comb_DJI_20241024125752_0026_V_1045zoom.JPG,bcifairchild,can_wait,alseis blackiana,0.957210
comb_DJI_20241024125830_0028_V_1306zoom.JPG,bcifairchild,normal,terminalia amazonia,0.055590
comb_DJI_20241024125912_0030_V_1062zoom.JPG,bcifairchild,long_tail,hylenaea praecelsa,0.117840
comb_DJI_20241024130127_0036_V_1297zoom.JPG,bcifairchild,long_tail,guapira myrtiflora,0.246120
comb_DJI_20241024130351_0044_V_1556zoom.JPG,bcifairchild,normal,trattinnickia aspera,0.583240
comb_DJI_20241024130426_0046_V_1803zoom.JPG,bcifairchild,long_tail,jasminum fluminense,0.156400
comb_DJI_20241024130459_0048_V_1544zoom.JPG,bcifairchild,low_conf_known,trattinnickia aspera,0.474240
comb_DJI_20241024130605_0052_V_1516zoom.JPG,bcifairchild,long_tail,tontelea passiflora,0.308490
comb_DJI_20241024130642_0054_V_2060zoom.JPG,bcifairchild,long_tail,bactris maraja,0.053830
comb_DJI_20241024130822_0060_V_1825zoom.JPG,bcifairchild,normal,ocotea leptobotra,0.186720
comb_DJI_20241024131010_0066_V_1831zoom.JPG,bcifairchild,normal,hippocratea volubilis,0.078730
comb_DJI_20241024131051_0068_V_1820zoom.JPG,bcifairchild,normal,ocotea leptobotra,0.161800
comb_DJI_20241024131132_0070_V_2088zoom.JPG,bcifairchild,low_conf_known,prioria copaifera,0.094510
comb_DJI_20241024131858_0002_V_2085zoom.JPG,bcifairchild,low_conf_known,prioria copaifera,0.258100
comb_DJI_20241024131935_0004_V_1846zoom.JPG,bcifairchild,can_wait,ocotea leptobotra,0.931590
comb_DJI_20241024132044_0008_V_1563zoom.JPG,bcifairchild,normal,fridericia candicans,0.270930
comb_DJI_20241024132256_0014_V_1554zoom.JPG,bcifairchild,long_tail,bactris maraja,0.065540
comb_DJI_20241024132324_0016_V_1007zoom.JPG,bcifairchild,can_wait,astronium graveolens,0.965380
comb_DJI_20241024132428_0020_V_1019zoom.JPG,bcifairchild,normal,pouteria stipitata,0.084300
comb_DJI_20241024132602_0026_V_728zoom.JPG,bcifairchild,long_tail,sloanea terniflora,0.099690
comb_DJI_20241024132737_0032_V_734zoom.JPG,bcifairchild,normal,simarouba amara,0.012960
comb_DJI_20241024132957_0040_V_1056zoom.JPG,bcifairchild,normal,luehea seemannii,0.083160
comb_DJI_20241024133118_0044_V_1042zoom.JPG,bcifairchild,normal,ocotea leptobotra,0.199170
comb_DJI_20241024133515_0054_V_2115zoom.JPG,bcifairchild,long_tail,omphalea diandra,0.373600
comb_DJI_20241024133605_0056_V_1856zoom.JPG,bcifairchild,normal,oenocarpus mapora,0.063320
comb_DJI_20241024133658_0058_V_1862zoom.JPG,bcifairchild,normal,hippocratea volubilis,0.149480
comb_DJI_20241024134757_0006_V_1339zoom.JPG,bcifairchild,long_tail,attalea butyracea,0.551500
comb_DJI_20241024135118_0014_V_2106zoom.JPG,bcifairchild,normal,uncaria tomentosa,0.254400
comb_DJI_20241101092900_0002_V_918zoom.JPG,bcifairchild,long_tail,damburneya umbrosa,0.194710
comb_DJI_20241101092939_0004_V_1201zoom.JPG,bcifairchild,can_wait,davilla nitida,0.842180
comb_DJI_20241101093123_0010_V_1230zoom.JPG,bcifairchild,long_tail,virola sebifera,0.918770
comb_DJI_20241101093332_0018_V_952zoom.JPG,bcifairchild,normal,davilla nitida,0.547160
comb_DJI_20241101093405_0020_V_683zoom.JPG,bcifairchild,long_tail,omphalea diandra,0.062980
comb_DJI_20241101093529_0026_V_926zoom.JPG,bcifairchild,long_tail,protium tenuifolium,0.053360
comb_DJI_20241101093601_0028_V_677zoom.JPG,bcifairchild,long_tail,protium tenuifolium,0.479900
comb_DJI_20241101093710_0032_V_1206zoom.JPG,bcifairchild,long_tail,tontelea passiflora,0.039910
comb_DJI_20241101093745_0034_V_924zoom.JPG,bcifairchild,long_tail,virola sebifera,0.302490
comb_DJI_20241101093856_0038_V_1199zoom.JPG,bcifairchild,can_wait,anacardium excelsum,0.903920
comb_DJI_20241101094045_0044_V_1426zoom.JPG,bcifairchild,long_tail,protium tenuifolium,0.377960
comb_DJI_20241101094129_0046_V_1203zoom.JPG,bcifairchild,can_wait,luehea seemannii,0.951580
comb_DJI_20241101094252_0050_V_884zoom.JPG,bcifairchild,normal,davilla nitida,0.143350
comb_DJI_20241101094335_0052_V_882zoom.JPG,bcifairchild,normal,davilla nitida,0.192380
comb_DJI_20241101094536_0058_V_873zoom.JPG,bcifairchild,normal,luehea seemannii,0.047720
comb_DJI_20241101094658_0062_V_1411zoom.JPG,bcifairchild,normal,spondias radlkoferi,0.176390
comb_DJI_20241101095531_0006_V_848zoom.JPG,bcifairchild,can_wait,alseis blackiana,0.877050
comb_DJI_20241101095616_0008_V_860zoom.JPG,bcifairchild,long_tail,croton billbergianus,0.042700
comb_DJI_20241101095826_0014_V_622zoom.JPG,bcifairchild,long_tail,pseudobombax septenatum,0.498120
comb_DJI_20241101095957_0018_V_869zoom.JPG,bcifairchild,long_tail,maripa panamensis,0.362280
comb_DJI_20241101100430_0030_V_645zoom.JPG,bcifairchild,normal,fridericia candicans,0.130510
comb_DJI_20241101100511_0032_V_431zoom.JPG,bcifairchild,normal,davilla nitida,0.380610
comb_DJI_20241101100835_0042_V_625zoom.JPG,bcifairchild,normal,anacardium excelsum,0.770230
comb_DJI_20241101100918_0044_V_619zoom.JPG,bcifairchild,long_tail,omphalea diandra,0.759700
comb_DJI_20241101101008_0046_V_420zoom.JPG,bcifairchild,long_tail,doliocarpus major,0.241100
comb_DJI_20241101101320_0054_V_268zoom.JPG,bcifairchild,long_tail,protium panamense,0.557890
comb_DJI_20241101102227_0004_V_398zoom.JPG,bcifairchild,long_tail,protium tenuifolium,0.214400
comb_DJI_20241101102409_0008_V_263zoom.JPG,bcifairchild,long_tail,protium panamense,0.119950
comb_DJI_20241101102548_0012_V_158zoom.JPG,bcifairchild,long_tail,virola sebifera,0.687510
comb_DJI_20241101102803_0018_V_285zoom.JPG,bcifairchild,long_tail,astrocaryum mexicanum,0.046560
comb_DJI_20241101103050_0026_V_456zoom.JPG,bcifairchild,normal,fridericia candicans,0.031160
comb_DJI_20241101103133_0028_V_441zoom.JPG,bcifairchild,normal,luehea seemannii,0.020430
comb_DJI_20241101103439_0038_V_916zoom.JPG,bcifairchild,long_tail,phyllanthus acuminatus,0.045050
comb_DJI_20241101103852_0054_V_322zoom.JPG,bcifairchild,normal,protium stevensonii,0.328300
comb_DJI_20241101103926_0056_V_465zoom.JPG,bcifairchild,long_tail,omphalea diandra,0.037160
comb_DJI_20241101104030_0060_V_494zoom.JPG,bcifairchild,normal,protium stevensonii,0.142190
comb_DJI_20241101104131_0064_V_685zoom.JPG,bcifairchild,long_tail,spondias mombin,0.055850
comb_DJI_20241101104202_0066_V_490zoom.JPG,bcifairchild,can_wait,luehea seemannii,0.968830
comb_DJI_20241101104855_0004_V_945zoom.JPG,bcifairchild,low_conf_known,hieronyma alchorneoides,0.185450
comb_DJI_20241101104927_0006_V_669zoom.JPG,bcifairchild,can_wait,davilla nitida,0.932420
comb_DJI_20241101105007_0008_V_895zoom.JPG,bcifairchild,can_wait,luehea seemannii,0.842230
comb_DJI_20241101105043_0010_V_889zoom.JPG,bcifairchild,long_tail,lonchocarpus heptaphyllus,0.672550
comb_DJI_20241101105352_0018_V_863zoom.JPG,bcifairchild,normal,fridericia candicans,0.780570
comb_DJI_20241101105524_0022_V_620zoom.JPG,bcifairchild,long_tail,moquilea platypus,0.002670
comb_DJI_20241101105609_0024_V_605zoom.JPG,bcifairchild,long_tail,aspidosperma desmanthum,0.664550
comb_DJI_20241101105658_0026_V_616zoom.JPG,bcifairchild,can_wait,luehea seemannii,0.979850
comb_DJI_20241101105749_0028_V_405zoom.JPG,bcifairchild,normal,simarouba amara,0.170200
comb_DJI_20241101105845_0030_V_621zoom.JPG,bcifairchild,long_tail,sapium glandulosum,0.777260
comb_DJI_20241101105937_0032_V_281zoom.JPG,bcifairchild,normal,ceiba pentandra,0.507340
comb_DJI_20241101110041_0034_V_830zoom.JPG,bcifairchild,long_tail,trichospermum mexicanum,0.216630
comb_DJI_20241107103310_0002_V_2187zoom.JPG,bcifairchild,can_wait,trattinnickia aspera,0.917380
comb_DJI_20241107103425_0006_V_2178zoom.JPG,bcifairchild,low_conf_known,jacaranda copaia,0.329410
comb_DJI_20241107103501_0008_V_1937zoom.JPG,bcifairchild,can_wait,alseis blackiana,0.845490
comb_DJI_20241107103657_0014_V_2191zoom.JPG,bcifairchild,normal,luehea seemannii,0.374100
comb_DJI_20241107103817_0018_V_2770zoom.JPG,bcifairchild,long_tail,trichilia tuberculata,0.092650
comb_DJI_20241107104336_0038_V_2221zoom.JPG,bcifairchild,long_tail,pseudobombax septenatum,0.596190
comb_DJI_20241107104510_0044_V_1692zoom.JPG,bcifairchild,normal,hippocratea volubilis,0.287990
comb_DJI_20241107104806_0054_V_1940zoom.JPG,bcifairchild,can_wait,sterculia apetala,0.909910
comb_DJI_20241107104841_0056_V_1943zoom.JPG,bcifairchild,can_wait,sterculia apetala,0.951290
comb_DJI_20241107104918_0058_V_1667zoom.JPG,bcifairchild,long_tail,lonchocarpus heptaphyllus,0.223830
comb_DJI_20241107110023_0014_V_1382zoom.JPG,bcifairchild,long_tail,amyris elemifera,0.150790
comb_DJI_20241107110100_0016_V_1385zoom.JPG,bcifairchild,long_tail,pachira sessilis,0.329810
comb_DJI_20241107110139_0018_V_1379zoom.JPG,bcifairchild,long_tail,protium panamense,0.172530
comb_DJI_20241107110217_0020_V_1393zoom.JPG,bcifairchild,low_conf_known,dipteryx oleifera,0.095720
comb_DJI_20241107110332_0024_V_1663zoom.JPG,bcifairchild,normal,hippocratea volubilis,0.293000
comb_DJI_20241107110653_0034_V_2170zoom.JPG,bcifairchild,long_tail,cissus erosa,0.032440
comb_DJI_20241107110758_0036_V_1705zoom.JPG,bcifairchild,long_tail,chrysophyllum argenteum,0.058060
comb_DJI_20241107110829_0038_V_2232zoom.JPG,bcifairchild,low_conf_known,chrysophyllum cainito,0.239380
comb_DJI_20241124084546_0004_V_538zoom.JPG,knightlangbci,can_wait,protium stevensonii,0.805900
comb_DJI_20241124084810_0010_V_555zoom.JPG,knightlangbci,normal,platypodium elegans,0.544920
comb_DJI_20241124084848_0012_V_728zoom.JPG,knightlangbci,long_tail,vatairea erythrocarpa,0.336610
comb_DJI_20241124084925_0014_V_734zoom.JPG,knightlangbci,long_tail,vatairea erythrocarpa,0.215990
comb_DJI_20241124085037_0018_V_876zoom.JPG,knightlangbci,normal,fridericia candicans,0.730200
comb_DJI_20241124085114_0020_V_872zoom.JPG,knightlangbci,long_tail,hylenaea praecelsa,0.127420
comb_DJI_20241124085151_0022_V_883zoom.JPG,knightlangbci,can_wait,luehea seemannii,0.978230
comb_DJI_20241124085258_0026_V_880zoom.JPG,knightlangbci,normal,prioria copaifera,0.546320
comb_DJI_20241124085332_0028_V_740zoom.JPG,knightlangbci,normal,hippocratea volubilis,0.592680
comb_DJI_20241124085444_0032_V_339zoom.JPG,knightlangbci,normal,protium stevensonii,0.482030
comb_DJI_20241124085518_0034_V_562zoom.JPG,knightlangbci,long_tail,vatairea erythrocarpa,0.079280
comb_DJI_20241124085825_0004_V_554zoom.JPG,knightlangbci,normal,hippocratea volubilis,0.185470
comb_DJI_20241124085902_0006_V_730zoom.JPG,knightlangbci,normal,simarouba amara,0.040200
comb_DJI_20241124090155_0016_V_566zoom.JPG,knightlangbci,long_tail,protium panamense,0.167270
comb_DJI_20241124090230_0018_V_398zoom.JPG,knightlangbci,normal,davilla nitida,0.474270
comb_DJI_20241124090305_0020_V_746zoom.JPG,knightlangbci,normal,protium stevensonii,0.766210
comb_DJI_20241124090338_0022_V_578zoom.JPG,knightlangbci,long_tail,guilandina bonduc,0.035030
comb_DJI_20241124090422_0024_V_588zoom.JPG,knightlangbci,normal,fridericia candicans,0.271080
comb_DJI_20241124090452_0026_V_754zoom.JPG,knightlangbci,normal,hippocratea volubilis,0.313500
comb_DJI_20241124090526_0028_V_568zoom.JPG,knightlangbci,long_tail,bignonia aequinoctialis,0.192010
comb_DJI_20241124090600_0030_V_580zoom.JPG,knightlangbci,normal,hippocratea volubilis,0.543740
comb_DJI_20241124091155_0002_V_750zoom.JPG,knightlangbci,long_tail,fridericia patellifera,0.528060
comb_DJI_20241124091229_0004_V_763zoom.JPG,knightlangbci,normal,spondias radlkoferi,0.122880
comb_DJI_20241124091305_0006_V_592zoom.JPG,knightlangbci,long_tail,maripa panamensis,0.044380
comb_DJI_20241124091340_0008_V_751zoom.JPG,knightlangbci,long_tail,fridericia patellifera,0.049810
comb_DJI_20241124091418_0010_V_577zoom.JPG,knightlangbci,normal,zanthoxylum ekmanii,0.039530
comb_DJI_20241124091458_0012_V_556zoom.JPG,knightlangbci,long_tail,metopium brownei,0.075540
comb_DJI_20241124091535_0014_V_717zoom.JPG,knightlangbci,normal,fridericia candicans,0.285330
comb_DJI_20241124091613_0016_V_560zoom.JPG,knightlangbci,long_tail,piparea dentata,0.152370
comb_DJI_20241124091651_0018_V_319zoom.JPG,knightlangbci,long_tail,spondias mombin,0.642750
comb_DJI_20241124091737_0020_V_1052zoom.JPG,knightlangbci,can_wait,luehea seemannii,0.991560
comb_DJI_20241124091815_0022_V_1051zoom.JPG,knightlangbci,normal,fridericia candicans,0.793770
comb_DJI_20241126102141_0002_V_652zoom.JPG,knightlangbci,can_wait,alseis blackiana,0.959270
comb_DJI_20241126102221_0004_V_499zoom.JPG,knightlangbci,can_wait,protium stevensonii,0.903910
comb_DJI_20241126102300_0006_V_473zoom.JPG,knightlangbci,can_wait,luehea seemannii,0.972880
comb_DJI_20241126102342_0008_V_476zoom.JPG,knightlangbci,normal,hippocratea volubilis,0.351750
comb_DJI_20241126102425_0010_V_671zoom.JPG,knightlangbci,normal,simarouba amara,0.272760
comb_DJI_20241126102505_0012_V_482zoom.JPG,knightlangbci,long_tail,maripa panamensis,0.162610
comb_DJI_20241126102548_0014_V_688zoom.JPG,knightlangbci,can_wait,fridericia candicans,0.809440
comb_DJI_20241126102630_0016_V_678zoom.JPG,knightlangbci,long_tail,hirtella americana,0.181240
comb_DJI_20241126102712_0018_V_842zoom.JPG,knightlangbci,can_wait,luehea seemannii,0.873260
comb_DJI_20241126102753_0020_V_689zoom.JPG,knightlangbci,normal,luehea seemannii,0.145240
comb_DJI_20241126102834_0022_V_670zoom.JPG,knightlangbci,long_tail,trichilia tuberculata,0.221850
comb_DJI_20241126102911_0024_V_807zoom.JPG,knightlangbci,can_wait,luehea seemannii,0.806220
comb_DJI_20241126102948_0026_V_660zoom.JPG,knightlangbci,long_tail,protium panamense,0.369230
comb_DJI_20241126103021_0028_V_644zoom.JPG,knightlangbci,can_wait,dipteryx oleifera,0.956360
comb_DJI_20241126103057_0030_V_811zoom.JPG,knightlangbci,can_wait,dipteryx oleifera,0.938390
comb_DJI_20241126103138_0032_V_650zoom.JPG,knightlangbci,normal,tachigali panamensis,0.116460
comb_DJI_20241126103258_0036_V_466zoom.JPG,knightlangbci,can_wait,spondias radlkoferi,0.968700
comb_DJI_20241126103337_0038_V_235zoom.JPG,knightlangbci,can_wait,spondias radlkoferi,0.802090
comb_DJI_20241126103417_0040_V_462zoom.JPG,knightlangbci,normal,hippocratea volubilis,0.204140
comb_DJI_20241126103454_0042_V_424zoom.JPG,knightlangbci,normal,fridericia candicans,0.616940
comb_DJI_20241126103533_0044_V_234zoom.JPG,knightlangbci,normal,fridericia candicans,0.478360
comb_DJI_20241126103654_0048_V_621zoom.JPG,knightlangbci,long_tail,protium panamense,0.122710
comb_DJI_20241126103732_0050_V_781zoom.JPG,knightlangbci,can_wait,luehea seemannii,0.875550
comb_DJI_20241126103811_0052_V_620zoom.JPG,knightlangbci,normal,protium stevensonii,0.420070
comb_DJI_20241126103849_0054_V_623zoom.JPG,knightlangbci,normal,oenocarpus mapora,0.066460
comb_DJI_20241126103929_0056_V_774zoom.JPG,knightlangbci,normal,davilla nitida,0.623020
comb_DJI_20241126104004_0058_V_632zoom.JPG,knightlangbci,long_tail,aspidosperma desmanthum,0.274290
comb_DJI_20241126104037_0060_V_773zoom.JPG,knightlangbci,normal,pouteria stipitata,0.184380
comb_DJI_20241126104107_0062_V_767zoom.JPG,knightlangbci,low_conf_known,handroanthus guayacan,0.356140
comb_DJI_20241126104142_0064_V_772zoom.JPG,knightlangbci,long_tail,fridericia schumanniana,0.188840
comb_DJI_20241126104254_0068_V_790zoom.JPG,knightlangbci,low_conf_known,handroanthus guayacan,0.196540
comb_DJI_20241126104331_0070_V_634zoom.JPG,knightlangbci,normal,spondias radlkoferi,0.029460
comb_DJI_20241126105001_0002_V_629zoom.JPG,knightlangbci,can_wait,dipteryx oleifera,0.922500
comb_DJI_20241126105043_0004_V_622zoom.JPG,knightlangbci,normal,davilla nitida,0.525830
comb_DJI_20241126105118_0006_V_597zoom.JPG,knightlangbci,long_tail,fridericia schumanniana,0.223750
comb_DJI_20241126105218_0008_V_479zoom.JPG,knightlangbci,long_tail,hirtella americana,0.129610
comb_DJI_20241126105301_0010_V_475zoom.JPG,knightlangbci,can_wait,pouteria stipitata,0.911570
comb_DJI_20241126105343_0012_V_497zoom.JPG,knightlangbci,can_wait,luehea seemannii,0.893870
comb_DJI_20241126105426_0014_V_658zoom.JPG,knightlangbci,low_conf_known,chrysophyllum cainito,0.246520
comb_DJI_20241126105510_0016_V_487zoom.JPG,knightlangbci,can_wait,luehea seemannii,0.972360
comb_DJI_20241127085408_0002_V_2181zoom.JPG,knightlangbci,normal,spondias radlkoferi,0.449120
comb_DJI_20241127085451_0004_V_2332zoom.JPG,knightlangbci,can_wait,luehea seemannii,0.925540
comb_DJI_20241127085531_0006_V_2328zoom.JPG,knightlangbci,normal,protium stevensonii,0.309230
comb_DJI_20241127085613_0008_V_2154zoom.JPG,knightlangbci,long_tail,guarea guidonia,0.962640
comb_DJI_20241127085737_0012_V_1942zoom.JPG,knightlangbci,normal,zanthoxylum ekmanii,0.107750
comb_DJI_20241127091955_0014_V_2101zoom.JPG,knightlangbci,long_tail,hylenaea praecelsa,0.061860
comb_DJI_20241127092036_0016_V_2308zoom.JPG,knightlangbci,normal,luehea seemannii,0.255160
comb_DJI_20241127092115_0018_V_2306zoom.JPG,knightlangbci,long_tail,quararibea stenophylla,0.410950
comb_DJI_20241127092153_0020_V_2298zoom.JPG,knightlangbci,long_tail,prionostemma aspera,0.602280
comb_DJI_20241127092234_0022_V_2132zoom.JPG,knightlangbci,normal,pouteria stipitata,0.302440
comb_DJI_20241127092316_0024_V_2285zoom.JPG,knightlangbci,can_wait,luehea seemannii,0.901260
comb_DJI_20241127092357_0026_V_2282zoom.JPG,knightlangbci,can_wait,luehea seemannii,0.964370
comb_DJI_20241127092441_0028_V_2099zoom.JPG,knightlangbci,normal,apeiba membranacea,0.789280
comb_DJI_20241127092601_0032_V_1893zoom.JPG,knightlangbci,normal,protium stevensonii,0.424470
comb_DJI_20241127092642_0034_V_1899zoom.JPG,knightlangbci,can_wait,davilla nitida,0.970570
comb_DJI_20241127092720_0036_V_1892zoom.JPG,knightlangbci,can_wait,apeiba membranacea,0.933790
comb_DJI_20241127092802_0038_V_2079zoom.JPG,knightlangbci,normal,alseis blackiana,0.343340
comb_DJI_20241127092841_0040_V_2076zoom.JPG,knightlangbci,long_tail,bignonia aequinoctialis,0.757480
comb_DJI_20241127093004_0044_V_2061zoom.JPG,knightlangbci,can_wait,luehea seemannii,0.970720
comb_DJI_20241127093045_0046_V_2058zoom.JPG,knightlangbci,can_wait,protium stevensonii,0.969430
comb_DJI_20241127093128_0048_V_2246zoom.JPG,knightlangbci,long_tail,hiraea grandifolia,0.215170
comb_DJI_20241127093210_0050_V_2426zoom.JPG,knightlangbci,normal,protium stevensonii,0.460000
comb_DJI_20241127093249_0052_V_2400zoom.JPG,knightlangbci,normal,miconia argentea,0.105100
comb_DJI_20241127093330_0054_V_2403zoom.JPG,knightlangbci,long_tail,nectandra lineata,0.632240
comb_DJI_20241127093412_0056_V_2397zoom.JPG,knightlangbci,normal,astronium graveolens,0.788310
comb_DJI_20241127093451_0058_V_2541zoom.JPG,knightlangbci,normal,alseis blackiana,0.745140
comb_DJI_20241127093531_0060_V_2392zoom.JPG,knightlangbci,normal,platypodium elegans,0.445660
comb_DJI_20241127093609_0062_V_2384zoom.JPG,knightlangbci,normal,platypodium elegans,0.456860
comb_DJI_20241127093649_0064_V_2378zoom.JPG,knightlangbci,long_tail,pseudobombax septenatum,0.694050
comb_DJI_20241127093727_0066_V_2373zoom.JPG,knightlangbci,normal,terminalia amazonia,0.015670
comb_DJI_20241127094446_0002_V_2377zoom.JPG,knightlangbci,normal,spondias radlkoferi,0.322410
comb_DJI_20241127094522_0004_V_2201zoom.JPG,knightlangbci,long_tail,guapira myrtiflora,0.055910
comb_DJI_20241127094724_0010_V_2019zoom.JPG,knightlangbci,long_tail,guazuma ulmifolia,0.207660
comb_DJI_20241127094805_0012_V_2226zoom.JPG,knightlangbci,low_conf_known,chrysophyllum cainito,0.108440
comb_DJI_20241127094840_0014_V_2027zoom.JPG,knightlangbci,can_wait,luehea seemannii,0.928700
comb_DJI_20241127094958_0018_V_2382zoom.JPG,knightlangbci,normal,pouteria stipitata,0.188060
comb_DJI_20241127095032_0020_V_2393zoom.JPG,knightlangbci,normal,pouteria stipitata,0.743890
comb_DJI_20241127095155_0024_V_2212zoom.JPG,knightlangbci,normal,davilla nitida,0.375810
comb_DJI_20241127095253_0026_V_2229zoom.JPG,knightlangbci,can_wait,luehea seemannii,0.951960
comb_DJI_20241127095337_0028_V_2445zoom.JPG,knightlangbci,long_tail,spondias mombin,0.391270
comb_DJI_20241127095419_0030_V_2069zoom.JPG,knightlangbci,can_wait,luehea seemannii,0.883910
comb_DJI_20241127095500_0032_V_2447zoom.JPG,knightlangbci,long_tail,cordia alliodora,0.164070
comb_DJI_20241127095550_0034_V_2093zoom.JPG,knightlangbci,normal,luehea seemannii,0.584640
comb_DJI_20241127095627_0036_V_2102zoom.JPG,knightlangbci,normal,hippocratea volubilis,0.203890
comb_DJI_20241127095749_0040_V_1956zoom.JPG,knightlangbci,can_wait,tabebuia rosea,0.972760
comb_DJI_20241127095830_0042_V_1970zoom.JPG,knightlangbci,normal,luehea seemannii,0.346770
comb_DJI_20241127095904_0044_V_1957zoom.JPG,knightlangbci,long_tail,aspidosperma desmanthum,0.345380
comb_DJI_20241127100021_0048_V_1976zoom.JPG,knightlangbci,normal,hippocratea volubilis,0.086150
comb_DJI_20241127100100_0050_V_1594zoom.JPG,knightlangbci,can_wait,protium stevensonii,0.844300
comb_DJI_20241127100136_0052_V_1574zoom.JPG,knightlangbci,normal,protium stevensonii,0.737580
comb_DJI_20241127100218_0054_V_1785zoom.JPG,knightlangbci,normal,alseis blackiana,0.782440
comb_DJI_20241127100302_0056_V_1807zoom.JPG,knightlangbci,long_tail,attalea butyracea,0.571220
comb_DJI_20241127100345_0058_V_1988zoom.JPG,knightlangbci,can_wait,pouteria stipitata,0.971800
comb_DJI_20241127100425_0060_V_2172zoom.JPG,knightlangbci,long_tail,bignonia aequinoctialis,0.092010
comb_DJI_20241127100505_0062_V_1979zoom.JPG,knightlangbci,long_tail,cupania americana,0.212670
comb_DJI_20241127100546_0064_V_2159zoom.JPG,knightlangbci,normal,alseis blackiana,0.120930
comb_DJI_20241127102436_0006_V_2028zoom.JPG,knightlangbci,normal,hippocratea volubilis,0.091510
comb_DJI_20241127102554_0010_V_2041zoom.JPG,knightlangbci,long_tail,attalea butyracea,0.523650
comb_DJI_20241127102748_0016_V_1851zoom.JPG,knightlangbci,normal,oenocarpus mapora,0.531410
comb_DJI_20241127103022_0024_V_1696zoom.JPG,knightlangbci,long_tail,sloanea terniflora,0.437980
comb_DJI_20241127103101_0026_V_1878zoom.JPG,knightlangbci,long_tail,nectandra lineata,0.420060
comb_DJI_20241127103254_0032_V_1672zoom.JPG,knightlangbci,can_wait,protium stevensonii,0.876530
comb_DJI_20241127103331_0034_V_1858zoom.JPG,knightlangbci,long_tail,attalea butyracea,0.545890
comb_DJI_20241127103545_0040_V_2063zoom.JPG,knightlangbci,long_tail,vatairea erythrocarpa,0.104670
comb_DJI_20241127103829_0048_V_1716zoom.JPG,knightlangbci,long_tail,attalea butyracea,0.481220
comb_DJI_20241127103949_0052_V_1540zoom.JPG,knightlangbci,long_tail,tabernaemontana arborea,0.122210
comb_DJI_20241127104334_0006_V_1712zoom.JPG,knightlangbci,low_conf_known,inga marginata,0.080710
comb_DJI_20241127105343_0006_V_1560zoom.JPG,knightlangbci,long_tail,piscidia piscipula,0.027330
comb_DJI_20241127105826_0020_V_1543zoom.JPG,knightlangbci,long_tail,protium panamense,0.633130
comb_DJI_20241127112007_0002_V_1176zoom.JPG,knightlangbci,normal,fridericia candicans,0.297230
comb_DJI_20241127112207_0008_V_1576zoom.JPG,knightlangbci,normal,davilla nitida,0.694910
comb_DJI_20241127112244_0010_V_1197zoom.JPG,knightlangbci,normal,hippocratea volubilis,0.370750
comb_DJI_20241127112322_0012_V_1388zoom.JPG,knightlangbci,long_tail,attalea butyracea,0.561030
comb_DJI_20241127112357_0014_V_1198zoom.JPG,knightlangbci,long_tail,coccoloba excelsa,0.198970
comb_DJI_20241127112436_0016_V_1000zoom.JPG,knightlangbci,normal,protium stevensonii,0.639090
comb_DJI_20241127112513_0018_V_1338zoom.JPG,knightlangbci,long_tail,casearia decandra,0.024180
comb_DJI_20241127112550_0020_V_962zoom.JPG,knightlangbci,normal,hippocratea volubilis,0.736810
comb_DJI_20241127112625_0022_V_971zoom.JPG,knightlangbci,long_tail,prionostemma aspera,0.504250
comb_DJI_20241127112656_0024_V_963zoom.JPG,knightlangbci,long_tail,hylenaea praecelsa,0.258120
comb_DJI_20241127112916_0032_V_1137zoom.JPG,knightlangbci,low_conf_known,chrysophyllum cainito,0.398240
comb_DJI_20241127112952_0034_V_960zoom.JPG,knightlangbci,normal,uncaria tomentosa,0.229060
comb_DJI_20241127113115_0038_V_1300zoom.JPG,knightlangbci,can_wait,alseis blackiana,0.977290
comb_DJI_20241127113148_0040_V_1277zoom.JPG,knightlangbci,normal,luehea seemannii,0.767610
comb_DJI_20241127113221_0042_V_916zoom.JPG,knightlangbci,long_tail,guazuma ulmifolia,0.246100
comb_DJI_20241127113256_0044_V_945zoom.JPG,knightlangbci,can_wait,hippocratea volubilis,0.835000
comb_DJI_20241127113332_0046_V_930zoom.JPG,knightlangbci,normal,spondias radlkoferi,0.371210
comb_DJI_20241127113408_0048_V_1272zoom.JPG,knightlangbci,can_wait,luehea seemannii,0.893700
comb_DJI_20241127113443_0050_V_1276zoom.JPG,knightlangbci,normal,pouteria stipitata,0.087450
comb_DJI_20241127113619_0056_V_1268zoom.JPG,knightlangbci,long_tail,pseudobombax septenatum,0.986100
comb_DJI_20241127113657_0058_V_1094zoom.JPG,knightlangbci,can_wait,sterculia apetala,0.879350
comb_DJI_20241127113735_0060_V_1099zoom.JPG,knightlangbci,long_tail,guarea guidonia,0.699360
comb_DJI_20241127113818_0062_V_1255zoom.JPG,knightlangbci,can_wait,luehea seemannii,0.906670
comb_DJI_20241127113911_0064_V_1097zoom.JPG,knightlangbci,long_tail,paullinia fuscescens,0.027610
comb_DJI_20241127113953_0066_V_1251zoom.JPG,knightlangbci,can_wait,alseis blackiana,0.989620
comb_DJI_20241127114034_0068_V_1444zoom.JPG,knightlangbci,normal,ceiba pentandra,0.484490
comb_DJI_20241202111026_0004_V_1677zoom.JPG,knightlangbci,normal,hippocratea volubilis,0.028360
comb_DJI_20241202111140_0008_V_1664zoom.JPG,knightlangbci,can_wait,spondias radlkoferi,0.939760
comb_DJI_20241202111216_0010_V_1441zoom.JPG,knightlangbci,can_wait,luehea seemannii,0.970400
comb_DJI_20241202111255_0012_V_1432zoom.JPG,knightlangbci,normal,spondias radlkoferi,0.491390
comb_DJI_20241202111335_0014_V_1420zoom.JPG,knightlangbci,can_wait,alseis blackiana,0.982320
comb_DJI_20241202111451_0018_V_1839zoom.JPG,knightlangbci,normal,handroanthus guayacan,0.722380
comb_DJI_20241202111521_0020_V_1409zoom.JPG,knightlangbci,normal,platypodium elegans,0.156970
comb_DJI_20241202111738_0026_V_897zoom.JPG,knightlangbci,can_wait,dipteryx oleifera,0.985220
comb_DJI_20241202111933_0030_V_1302zoom.JPG,knightlangbci,normal,handroanthus guayacan,0.591980
comb_DJI_20241202112035_0034_V_1495zoom.JPG,knightlangbci,long_tail,pseudobombax septenatum,0.180880
comb_DJI_20241202112109_0036_V_1474zoom.JPG,knightlangbci,normal,spondias radlkoferi,0.088670
comb_DJI_20241202112349_0044_V_1336zoom.JPG,knightlangbci,normal,hippocratea volubilis,0.191320
comb_DJI_20241202112426_0046_V_1139zoom.JPG,knightlangbci,normal,fridericia candicans,0.753910
comb_DJI_20241202112507_0048_V_1518zoom.JPG,knightlangbci,normal,protium stevensonii,0.473510
comb_DJI_20241202112550_0050_V_1324zoom.JPG,knightlangbci,long_tail,setaria palmifolia,0.071520
comb_DJI_20241202114327_0012_V_211zoom.JPG,bcifairchildn,normal,davilla nitida,0.705140
comb_DJI_20241202114821_0024_V_86zoom.JPG,bcifairchildn,normal,davilla nitida,0.232430
comb_DJI_20241202115350_0036_V_8zoom.JPG,bcifairchildn,long_tail,guapira myrtiflora,0.401510
comb_DJI_20241202120000_0052_V_1362zoom.JPG,bcifairchildn,long_tail,attalea butyracea,0.881340
comb_DJI_20241202120747_0004_V_2014zoom.JPG,bcifairchildn,long_tail,pouteria reticulata,0.018080
comb_DJI_20241202121125_0016_V_2307zoom.JPG,bcifairchildn,long_tail,attalea butyracea,0.446530
comb_DJI_20241202121503_0026_V_2838zoom.JPG,bcifairchildn,long_tail,attalea butyracea,0.359030
comb_DJI_20241202122415_0048_V_3356zoom.JPG,bcifairchildn,long_tail,nectandra lineata,0.458160
comb_DJI_20241202123527_0006_V_3618zoom.JPG,bcifairchildn,long_tail,guapira myrtiflora,0.394110
comb_DJI_20241202123958_0006_V_4085zoom.JPG,bcifairchildn,long_tail,guapira myrtiflora,0.753070
comb_DJI_20241204091827_0004_V_2268zoom.JPG,bcifairchildn,can_wait,luehea seemannii,0.943660
comb_DJI_20241204091919_0006_V_2549zoom.JPG,bcifairchildn,long_tail,pisonia aculeata,0.125120
comb_DJI_20241204092058_0010_V_3400zoom.JPG,bcifairchildn,normal,hippocratea volubilis,0.073240
comb_DJI_20241204092230_0014_V_3413zoom.JPG,bcifairchildn,can_wait,luehea seemannii,0.968030
comb_DJI_20241204092321_0016_V_3414zoom.JPG,bcifairchildn,can_wait,luehea seemannii,0.967600
comb_DJI_20241204092411_0018_V_3432zoom.JPG,bcifairchildn,normal,davilla nitida,0.174390
comb_DJI_20241204092459_0020_V_3429zoom.JPG,bcifairchildn,normal,oenocarpus mapora,0.055450
comb_DJI_20241204092553_0022_V_3404zoom.JPG,bcifairchildn,can_wait,luehea seemannii,0.946300
comb_DJI_20241204092639_0024_V_3425zoom.JPG,bcifairchildn,can_wait,sterculia apetala,0.935830
comb_DJI_20241204092728_0026_V_3163zoom.JPG,bcifairchildn,long_tail,beilschmiedia tovarensis,0.108640
comb_DJI_20241204092928_0030_V_2914zoom.JPG,bcifairchildn,can_wait,sterculia apetala,0.914190
comb_DJI_20241204093105_0034_V_2916zoom.JPG,bcifairchildn,normal,hippocratea volubilis,0.112810
comb_DJI_20241204093249_0038_V_2323zoom.JPG,bcifairchildn,normal,spondias radlkoferi,0.134230
comb_DJI_20241204093330_0040_V_2320zoom.JPG,bcifairchildn,can_wait,spondias radlkoferi,0.930750
comb_DJI_20241204093454_0044_V_2322zoom.JPG,bcifairchildn,normal,luehea seemannii,0.728580
comb_DJI_20241204093530_0046_V_2021zoom.JPG,bcifairchildn,long_tail,pseudobombax septenatum,0.391540
comb_DJI_20241204093608_0048_V_2009zoom.JPG,bcifairchildn,long_tail,virola montana,0.009740
comb_DJI_20241204093722_0052_V_2041zoom.JPG,bcifairchildn,can_wait,luehea seemannii,0.981290
comb_DJI_20241204093800_0054_V_1706zoom.JPG,bcifairchildn,long_tail,casearia laetioides,0.570880
comb_DJI_20241204094823_0002_V_1409zoom.JPG,bcifairchildn,can_wait,fridericia candicans,0.847170
comb_DJI_20241204094908_0004_V_1415zoom.JPG,bcifairchildn,long_tail,casearia laetioides,0.416020
comb_DJI_20241204094948_0006_V_1392zoom.JPG,bcifairchildn,long_tail,moquilea platypus,0.429120
comb_DJI_20241204095035_0008_V_1422zoom.JPG,bcifairchildn,normal,luehea seemannii,0.379510
comb_DJI_20241204095255_0014_V_1092zoom.JPG,bcifairchildn,can_wait,anacardium excelsum,0.849320
comb_DJI_20241204095342_0016_V_1123zoom.JPG,bcifairchildn,long_tail,virola fosteri,0.002320
comb_DJI_20241204095430_0018_V_1443zoom.JPG,bcifairchildn,can_wait,anacardium excelsum,0.950920
comb_DJI_20241204095525_0020_V_1129zoom.JPG,bcifairchildn,can_wait,anacardium excelsum,0.955420
comb_DJI_20241204095625_0022_V_508zoom.JPG,bcifairchildn,can_wait,anacardium excelsum,0.988720
comb_DJI_20241204095712_0024_V_655zoom.JPG,bcifairchildn,can_wait,anacardium excelsum,0.982540
comb_DJI_20241204095758_0026_V_651zoom.JPG,bcifairchildn,can_wait,luehea seemannii,0.970120
comb_DJI_20241204095852_0028_V_347zoom.JPG,bcifairchildn,can_wait,anacardium excelsum,0.932420
comb_DJI_20241204095942_0030_V_82zoom.JPG,bcifairchildn,normal,anacardium excelsum,0.750360
comb_DJI_20241204100124_0034_V_89zoom.JPG,bcifairchildn,normal,spondias radlkoferi,0.420510
comb_DJI_20241204100209_0036_V_201zoom.JPG,bcifairchildn,can_wait,anacardium excelsum,0.848010
comb_DJI_20241204100413_0040_V_57zoom.JPG,bcifairchildn,normal,terminalia oblonga,0.149700
comb_DJI_20241204100507_0042_V_58zoom.JPG,bcifairchildn,can_wait,guatteria lucens,0.890380
comb_DJI_20241204100743_0048_V_152zoom.JPG,bcifairchildn,normal,sterculia apetala,0.405740
comb_DJI_20241204101721_0002_V_560zoom.JPG,bcifairchildn,can_wait,fridericia candicans,0.865120
comb_DJI_20241204101810_0004_V_715zoom.JPG,bcifairchildn,normal,fridericia candicans,0.309340
comb_DJI_20241204101900_0006_V_734zoom.JPG,bcifairchildn,low_conf_known,anacardium excelsum,0.452910
comb_DJI_20241204101946_0008_V_1004zoom.JPG,bcifairchildn,long_tail,ormosia macrocalyx,0.250080
comb_DJI_20241204102036_0010_V_1019zoom.JPG,bcifairchildn,long_tail,casearia laetioides,0.302080
comb_DJI_20241204102124_0012_V_769zoom.JPG,bcifairchildn,long_tail,virola sebifera,0.131040
comb_DJI_20241204102209_0014_V_753zoom.JPG,bcifairchildn,long_tail,genipa americana,0.030030
comb_DJI_20241204102251_0016_V_762zoom.JPG,bcifairchildn,long_tail,moquilea platypus,0.071730
comb_DJI_20241204102432_0021_V_461zoom.JPG,bcifairchildn,normal,apeiba membranacea,0.459620
comb_DJI_20241204102517_0023_V_448zoom.JPG,bcifairchildn,normal,brosimum alicastrum,0.342120
comb_DJI_20241204104143_0002_V_624zoom.JPG,bcifairchildn,long_tail,sapium glandulosum,0.961570
comb_DJI_20241204104430_0008_V_120zoom.JPG,bcifairchildn,can_wait,anacardium excelsum,0.966870
comb_DJI_20241204104611_0010_V_2371zoom.JPG,bcifairchildn,can_wait,davilla nitida,0.820080
comb_DJI_20241204104705_0012_V_2067zoom.JPG,bcifairchildn,can_wait,luehea seemannii,0.979760
comb_DJI_20241204104806_0014_V_2313zoom.JPG,bcifairchildn,can_wait,astronium graveolens,0.981050
comb_DJI_20241204104852_0016_V_2584zoom.JPG,bcifairchildn,long_tail,ficus cotinifolia,0.098350
comb_DJI_20241204104952_0018_V_1655zoom.JPG,bcifairchildn,long_tail,guapira myrtiflora,0.161680
comb_DJI_20241204105308_0026_V_998zoom.JPG,bcifairchildn,normal,sterculia apetala,0.077930
comb_DJI_20241204105407_0028_V_380zoom.JPG,bcifairchildn,normal,ocotea leptobotra,0.792720
comb_DJI_20241204105829_0038_V_258zoom.JPG,bcifairchildn,long_tail,sloanea terniflora,0.611540
comb_DJI_20241204110612_0004_V_977zoom.JPG,bcifairchildn,normal,davilla nitida,0.410100
comb_DJI_20241204110703_0006_V_974zoom.JPG,bcifairchildn,can_wait,luehea seemannii,0.865250
comb_DJI_20241204111043_0014_V_1604zoom.JPG,bcifairchildn,normal,spondias radlkoferi,0.357820
comb_DJI_20241204111132_0016_V_1932zoom.JPG,bcifairchildn,long_tail,pseudobombax septenatum,0.481190
comb_DJI_20241204111406_0002_V_1928zoom.JPG,bcifairchildn,long_tail,moquilea platypus,0.029100
comb_DJI_20241204111540_0006_V_2223zoom.JPG,bcifairchildn,long_tail,pseudobombax septenatum,0.778720
comb_DJI_20241204111748_0012_V_2489zoom.JPG,bcifairchildn,normal,ceiba pentandra,0.272390
comb_DJI_20241204111832_0014_V_2483zoom.JPG,bcifairchildn,can_wait,luehea seemannii,0.958570
comb_DJI_20241204111919_0016_V_2185zoom.JPG,bcifairchildn,long_tail,combretum fruticosum,0.044730
comb_DJI_20241204112203_0022_V_1571zoom.JPG,bcifairchildn,long_tail,virola fosteri,0.003450
comb_DJI_20241204113255_0004_V_1530zoom.JPG,knightlangbci,normal,alseis blackiana,0.305640
comb_DJI_20241204113343_0006_V_1212zoom.JPG,knightlangbci,long_tail,quararibea asterolepis,0.803760
comb_DJI_20241204113426_0008_V_1385zoom.JPG,knightlangbci,normal,spondias radlkoferi,0.214950
comb_DJI_20241204113629_0014_V_1172zoom.JPG,knightlangbci,normal,fridericia candicans,0.728450
comb_DJI_20241204113709_0016_V_1015zoom.JPG,knightlangbci,normal,alseis blackiana,0.779420
comb_DJI_20241204113753_0018_V_1208zoom.JPG,knightlangbci,long_tail,attalea butyracea,0.925690
comb_DJI_20241204113913_0022_V_848zoom.JPG,knightlangbci,normal,spondias radlkoferi,0.277090
comb_DJI_20241204114040_0026_V_977zoom.JPG,knightlangbci,normal,protium stevensonii,0.530020
comb_DJI_20241204114120_0028_V_1165zoom.JPG,knightlangbci,normal,spondias radlkoferi,0.156110
comb_DJI_20241204114202_0030_V_1142zoom.JPG,knightlangbci,can_wait,protium stevensonii,0.978700
comb_DJI_20241204114340_0034_V_1304zoom.JPG,knightlangbci,can_wait,alseis blackiana,0.981430
comb_DJI_20241204143153_0002_V_513zoom.JPG,bcifairchildn,long_tail,vochysia ferruginea,0.327790
comb_DJI_20241204143531_0006_V_4191zoom.JPG,bcifairchildn,can_wait,dipteryx oleifera,0.956960
comb_DJI_20241204143623_0008_V_4601zoom.JPG,bcifairchildn,long_tail,spondias mombin,0.190790
comb_DJI_20241204143754_0012_V_4178zoom.JPG,bcifairchildn,low_conf_known,anacardium excelsum,0.244070
comb_DJI_20241204143837_0014_V_4401zoom.JPG,bcifairchildn,long_tail,spondias mombin,0.411200
comb_DJI_20241204144121_0022_V_4173zoom.JPG,bcifairchildn,long_tail,spondias mombin,0.357220
comb_DJI_20241204144203_0024_V_4167zoom.JPG,bcifairchildn,normal,trattinnickia aspera,0.602450
comb_DJI_20241204144245_0026_V_4155zoom.JPG,bcifairchildn,long_tail,virola fosteri,0.005840
comb_DJI_20241204144323_0028_V_3915zoom.JPG,bcifairchildn,can_wait,luehea seemannii,0.908460
comb_DJI_20241204144400_0030_V_4147zoom.JPG,bcifairchildn,long_tail,diospyros nigra,0.039700
comb_DJI_20241204144434_0032_V_3657zoom.JPG,bcifairchildn,long_tail,virola fosteri,0.019150
comb_DJI_20241204144540_0034_V_2516zoom.JPG,bcifairchildn,normal,protium stevensonii,0.597960
comb_DJI_20241204144634_0036_V_2762zoom.JPG,bcifairchildn,low_conf_known,prioria copaifera,0.071270
comb_DJI_20241204144721_0038_V_2789zoom.JPG,bcifairchildn,long_tail,protium panamense,0.072840
comb_DJI_20241204144805_0040_V_3055zoom.JPG,bcifairchildn,long_tail,pseudobombax septenatum,0.820520
comb_DJI_20241204144929_0044_V_3073zoom.JPG,bcifairchildn,long_tail,symphonia globulifera,0.018360
comb_DJI_20241204145004_0046_V_3321zoom.JPG,bcifairchildn,normal,pouteria stipitata,0.667470
comb_DJI_20241204145041_0048_V_3338zoom.JPG,bcifairchildn,normal,ocotea leptobotra,0.466910
comb_DJI_20241204145124_0050_V_3347zoom.JPG,bcifairchildn,can_wait,dipteryx oleifera,0.978880
comb_DJI_20241204145324_0056_V_3622zoom.JPG,bcifairchildn,normal,ocotea leptobotra,0.573260
comb_DJI_20241204150618_0008_V_3315zoom.JPG,bcifairchildn,long_tail,guapira myrtiflora,0.463960
comb_DJI_20241204150726_0012_V_3280zoom.JPG,bcifairchildn,long_tail,virola sebifera,0.928180
comb_DJI_20241204150843_0016_V_3297zoom.JPG,bcifairchildn,normal,sterculia apetala,0.736390
comb_DJI_20241204150925_0018_V_3271zoom.JPG,bcifairchildn,long_tail,aspidosperma desmanthum,0.470000
comb_DJI_20241204151244_0026_V_2735zoom.JPG,bcifairchildn,can_wait,davilla nitida,0.947360
comb_DJI_20241204152037_0044_V_1818zoom.JPG,bcifairchildn,long_tail,vochysia ferruginea,0.674360
comb_DJI_20241204152128_0046_V_1793zoom.JPG,bcifairchildn,normal,oenocarpus mapora,0.210970
comb_DJI_20241211095921_0004_V_1882zoom.JPG,bcifairchildn,long_tail,vochysia ferruginea,0.136370
comb_DJI_20241211100258_0012_V_1218zoom.JPG,bcifairchildn,normal,terminalia amazonia,0.436800
comb_DJI_20241211100356_0014_V_892zoom.JPG,bcifairchildn,normal,oenocarpus mapora,0.076960
comb_DJI_20241211100933_0026_V_1259zoom.JPG,bcifairchildn,long_tail,vochysia ferruginea,0.648990
comb_DJI_20241211101240_0032_V_1521zoom.JPG,bcifairchildn,long_tail,protium panamense,0.157180
comb_DJI_20241211101334_0034_V_1800zoom.JPG,bcifairchildn,long_tail,vochysia ferruginea,0.862010
comb_DJI_20241217094911_0010_V_1963zoom.JPG,bci50haplot,long_tail,gmelina arborea,0.026960
comb_DJI_20241217095016_0014_V_1996zoom.JPG,bci50haplot,normal,protium stevensonii,0.109250
comb_DJI_20241217095231_0022_V_2006zoom.JPG,bci50haplot,can_wait,hieronyma alchorneoides,0.907610
comb_DJI_20241217095400_0028_V_1577zoom.JPG,bci50haplot,long_tail,cavanillesia platanifolia,0.320680
comb_DJI_20241217101255_0008_V_2039zoom.JPG,bci50haplot,normal,protium stevensonii,0.160820
comb_DJI_20241217101402_0012_V_2916zoom.JPG,bci50haplot,low_conf_known,astronium graveolens,0.329970
comb_DJI_20241217101435_0014_V_3407zoom.JPG,bci50haplot,long_tail,bursera schlechtendalii,0.065840
comb_DJI_20241217101509_0016_V_3418zoom.JPG,bci50haplot,normal,protium stevensonii,0.697380
comb_DJI_20241217101617_0020_V_3887zoom.JPG,bci50haplot,normal,fridericia candicans,0.071380
comb_DJI_20241217101831_0028_V_3410zoom.JPG,bci50haplot,long_tail,fridericia patellifera,0.203930
comb_DJI_20241217102122_0038_V_4315zoom.JPG,bci50haplot,normal,hippocratea volubilis,0.242960
comb_DJI_20241217102200_0040_V_4299zoom.JPG,bci50haplot,normal,protium stevensonii,0.303230
comb_DJI_20241217102305_0044_V_3834zoom.JPG,bci50haplot,long_tail,guarea guidonia,0.947290
comb_DJI_20241217104429_0006_V_3826zoom.JPG,bci50haplot,normal,fridericia candicans,0.368430
comb_DJI_20241217104644_0014_V_1978zoom.JPG,bci50haplot,normal,hippocratea volubilis,0.228990
comb_DJI_20241217104803_0018_V_2466zoom.JPG,bci50haplot,normal,sterculia apetala,0.636340
comb_DJI_20241217104911_0022_V_2481zoom.JPG,bci50haplot,can_wait,ocotea leptobotra,0.961500
comb_DJI_20241217105211_0032_V_1097zoom.JPG,bci50haplot,long_tail,guapira myrtiflora,0.345230
comb_DJI_20241217105319_0036_V_1962zoom.JPG,bci50haplot,low_conf_known,anacardium excelsum,0.492330
comb_DJI_20241217105459_0042_V_1922zoom.JPG,bci50haplot,long_tail,pouteria reticulata,0.033610
comb_DJI_20241217105535_0044_V_2400zoom.JPG,bci50haplot,normal,apeiba membranacea,0.006020
comb_DJI_20241217125946_0002_V_2848zoom.JPG,bci50haplot,can_wait,brosimum alicastrum,0.921740
comb_DJI_20241217130129_0008_V_3316zoom.JPG,bci50haplot,normal,fridericia candicans,0.049330
comb_DJI_20241217130238_0012_V_2810zoom.JPG,bci50haplot,normal,ficus obtusifolia,0.739780
comb_DJI_20241217130350_0016_V_2368zoom.JPG,bci50haplot,long_tail,fridericia patellifera,0.698530
comb_DJI_20241217130504_0020_V_1903zoom.JPG,bci50haplot,can_wait,simarouba amara,0.847390
comb_DJI_20241217130809_0030_V_1481zoom.JPG,bci50haplot,long_tail,bromelia karatas,0.035480
comb_DJI_20241217130916_0034_V_1475zoom.JPG,bci50haplot,long_tail,aspidosperma desmanthum,0.400050
comb_DJI_20241217131023_0038_V_1907zoom.JPG,bci50haplot,long_tail,fridericia schumanniana,0.252930
comb_DJI_20241217131059_0040_V_2384zoom.JPG,bci50haplot,normal,hippocratea volubilis,0.236010
comb_DJI_20241217132535_0004_V_3777zoom.JPG,bci50haplot,normal,ceiba pentandra,0.741900
comb_DJI_20241217132721_0010_V_4234zoom.JPG,bci50haplot,normal,protium stevensonii,0.194550
comb_DJI_20241217132902_0016_V_4247zoom.JPG,bci50haplot,long_tail,sloanea terniflora,0.032390
comb_DJI_20241217133052_0022_V_4671zoom.JPG,bci50haplot,long_tail,moquilea platypus,0.261510
comb_DJI_20241217133203_0026_V_4675zoom.JPG,bci50haplot,normal,ceiba pentandra,0.417040
comb_DJI_20241217134816_0002_V_3776zoom.JPG,bci50haplot,normal,platypodium elegans,0.010030
comb_DJI_20241217134928_0006_V_3769zoom.JPG,bci50haplot,long_tail,guapira myrtiflora,0.199500
comb_DJI_20241217135334_0018_V_1051zoom.JPG,bci50haplot,long_tail,pelliciera benthamii,0.003750
comb_DJI_20241217135446_0022_V_1060zoom.JPG,bci50haplot,long_tail,sloanea terniflora,0.103070
comb_DJI_20241218100602_0006_V_7994zoom.JPG,bci50haplot,normal,protium stevensonii,0.281560
comb_DJI_20241218100829_0014_V_8458zoom.JPG,bci50haplot,long_tail,doliocarpus major,0.301590
comb_DJI_20241218101118_0022_V_8494zoom.JPG,bci50haplot,normal,ceiba pentandra,0.401540
comb_DJI_20241218101238_0026_V_8063zoom.JPG,bci50haplot,long_tail,pachira sessilis,0.148510
comb_DJI_20241218105323_0010_V_6197zoom.JPG,bci50haplot,long_tail,eugenia rhombea,0.016120
comb_DJI_20241218110612_0048_V_4846zoom.JPG,bci50haplot,can_wait,pouteria stipitata,0.939290
comb_DJI_20241218120104_0028_V_2557zoom.JPG,bci50haplot,long_tail,beilschmiedia tovarensis,0.523860
comb_DJI_20241218122147_0008_V_2935zoom.JPG,bci50haplot,normal,protium stevensonii,0.779070
comb_DJI_20241226094427_0004_V_2378zoom.JPG,bcitbarbour3o,can_wait,anacardium excelsum,0.864200
comb_DJI_20241226094526_0006_V_2380zoom.JPG,bcitbarbour3o,can_wait,uncaria tomentosa,0.993770
comb_DJI_20241226094607_0008_V_2387zoom.JPG,bcitbarbour3o,can_wait,prioria copaifera,0.928060
comb_DJI_20241226094650_0010_V_2717zoom.JPG,bcitbarbour3o,normal,spondias radlkoferi,0.423710
comb_DJI_20241226094728_0012_V_2711zoom.JPG,bcitbarbour3o,can_wait,prioria copaifera,0.924910
comb_DJI_20241226094807_0014_V_2714zoom.JPG,bcitbarbour3o,normal,hippocratea volubilis,0.326460
comb_DJI_20241226094842_0016_V_3043zoom.JPG,bcitbarbour3o,can_wait,prioria copaifera,0.972700
comb_DJI_20241226094914_0018_V_3041zoom.JPG,bcitbarbour3o,can_wait,ficus obtusifolia,0.966110
comb_DJI_20241226095044_0024_V_3409zoom.JPG,bcitbarbour3o,can_wait,prioria copaifera,0.965130
comb_DJI_20241226095153_0028_V_3077zoom.JPG,bcitbarbour3o,long_tail,virola fosteri,0.012280
comb_DJI_20241226095303_0032_V_3439zoom.JPG,bcitbarbour3o,can_wait,prioria copaifera,0.927960
comb_DJI_20241226095416_0036_V_2771zoom.JPG,bcitbarbour3o,can_wait,luehea seemannii,0.917900
comb_DJI_20241226095453_0038_V_2759zoom.JPG,bcitbarbour3o,can_wait,astronium graveolens,0.857690
comb_DJI_20241226095530_0040_V_2768zoom.JPG,bcitbarbour3o,long_tail,sapium glandulosum,0.495940
comb_DJI_20241226095940_0052_V_2444zoom.JPG,bcitbarbour3o,can_wait,prioria copaifera,0.949190
comb_DJI_20241226100204_0060_V_3444zoom.JPG,bcitbarbour3o,long_tail,sapium glandulosum,0.156800
comb_DJI_20241226100430_0068_V_2800zoom.JPG,bcitbarbour3o,can_wait,uncaria tomentosa,0.907630
comb_DJI_20241226100511_0070_V_2802zoom.JPG,bcitbarbour3o,normal,astronium graveolens,0.562200
comb_DJI_20241226100548_0072_V_2102zoom.JPG,bcitbarbour3o,low_conf_known,hieronyma alchorneoides,0.218640
comb_DJI_20241226100629_0074_V_2462zoom.JPG,bcitbarbour3o,long_tail,tabernaemontana arborea,0.376210
comb_DJI_20241226101226_0002_V_2454zoom.JPG,bcitbarbour3o,long_tail,moquilea platypus,0.099040
comb_DJI_20241226101308_0004_V_2112zoom.JPG,bcitbarbour3o,long_tail,fridericia chica,0.432430
comb_DJI_20241226101640_0014_V_1754zoom.JPG,bcitbarbour3o,can_wait,prioria copaifera,0.912730
comb_DJI_20241226101722_0016_V_1752zoom.JPG,bcitbarbour3o,can_wait,prioria copaifera,0.964250
comb_DJI_20241226101932_0022_V_2776zoom.JPG,bcitbarbour3o,normal,terminalia amazonia,0.447590
comb_DJI_20241226103047_0052_V_1206zoom.JPG,bcitbarbour3o,normal,hippocratea volubilis,0.034530
comb_DJI_20241226103134_0054_V_1456zoom.JPG,bcitbarbour3o,long_tail,combretum laxum,0.137240
comb_DJI_20241226103313_0058_V_1216zoom.JPG,bcitbarbour3o,long_tail,attalea butyracea,0.834820
comb_DJI_20241226103445_0062_V_993zoom.JPG,bcitbarbour3o,can_wait,uncaria tomentosa,0.950320
comb_DJI_20241226104048_0002_V_478zoom.JPG,bcitbarbour3o,normal,fridericia candicans,0.253060
comb_DJI_20241226104319_0008_V_347zoom.JPG,bcitbarbour3o,can_wait,simarouba amara,0.916540
comb_DJI_20241226104408_0010_V_358zoom.JPG,bcitbarbour3o,long_tail,pseudobombax septenatum,0.814220
comb_DJI_20241226104550_0012_V_211zoom.JPG,bcitbarbour3o,long_tail,paullinia fuscescens,0.048690
comb_DJI_20241226105210_0026_V_495zoom.JPG,bcitbarbour3o,long_tail,spondias mombin,0.137160
comb_DJI_20241226105305_0028_V_506zoom.JPG,bcitbarbour3o,long_tail,annona spraguei,0.283530
comb_DJI_20241226105356_0030_V_841zoom.JPG,bcitbarbour3o,normal,oenocarpus mapora,0.471660
comb_DJI_20241226105812_0040_V_690zoom.JPG,bcitbarbour3o,normal,terminalia amazonia,0.673840
comb_DJI_20241226105856_0042_V_514zoom.JPG,bcitbarbour3o,can_wait,hieronyma alchorneoides,0.897880
comb_DJI_20241226110037_0046_V_404zoom.JPG,bcitbarbour3o,normal,spondias radlkoferi,0.577860
comb_DJI_20241226110220_0050_V_406zoom.JPG,bcitbarbour3o,normal,hippocratea volubilis,0.153660
comb_DJI_20241226110830_0002_V_544zoom.JPG,bcitbarbour3o,normal,hippocratea volubilis,0.685050
comb_DJI_20241226110920_0004_V_704zoom.JPG,bcitbarbour3o,can_wait,spondias radlkoferi,0.851220
comb_DJI_20241226111007_0006_V_707zoom.JPG,bcitbarbour3o,long_tail,samanea saman,0.053370
comb_DJI_20241226111517_0018_V_1559zoom.JPG,bcitbarbour3o,can_wait,protium stevensonii,0.994890
comb_DJI_20241226111607_0020_V_1542zoom.JPG,bcitbarbour3o,long_tail,protium panamense,0.378780
comb_DJI_20241226111744_0024_V_2195zoom.JPG,bcitbarbour3o,normal,fridericia candicans,0.541440
comb_DJI_20241226111908_0028_V_2191zoom.JPG,bcitbarbour3o,long_tail,sapium glandulosum,0.970250
comb_DJI_20241226111949_0030_V_2506zoom.JPG,bcitbarbour3o,long_tail,hylenaea praecelsa,0.071760
comb_DJI_20241226112107_0034_V_2860zoom.JPG,bcitbarbour3o,long_tail,pseudobombax septenatum,0.921140
comb_DJI_20241226112146_0036_V_2194zoom.JPG,bcitbarbour3o,normal,ficus obtusifolia,0.483720
comb_DJI_20241226112459_0046_V_3582zoom.JPG,bcitbarbour3o,normal,pouteria stipitata,0.688550
comb_DJI_20241226112701_0052_V_3235zoom.JPG,bcitbarbour3o,normal,brosimum alicastrum,0.638070
comb_DJI_20241226112744_0054_V_2899zoom.JPG,bcitbarbour3o,normal,pouteria stipitata,0.615270
comb_DJI_20241226122025_0002_V_2906zoom.JPG,bcitbarbour3o,can_wait,calophyllum longifolium,0.909750
comb_DJI_20241226122104_0004_V_3241zoom.JPG,bcitbarbour3o,long_tail,cosmibuena macrocarpa,0.960500
comb_DJI_20241226122325_0012_V_3927zoom.JPG,bcitbarbour3o,normal,pouteria stipitata,0.366880
comb_DJI_20241226122546_0020_V_3580zoom.JPG,bcitbarbour3o,normal,platypodium elegans,0.387380
comb_DJI_20241226122629_0022_V_3915zoom.JPG,bcitbarbour3o,can_wait,astronium graveolens,0.830420
comb_DJI_20241226122824_0028_V_3162zoom.JPG,bcitbarbour3o,long_tail,tanaecium pyramidatum,0.123950
comb_DJI_20241226123019_0034_V_2840zoom.JPG,bcitbarbour3o,normal,terminalia amazonia,0.643430
comb_DJI_20241226123057_0036_V_2828zoom.JPG,bcitbarbour3o,normal,spondias radlkoferi,0.477000
comb_DJI_20241226123309_0044_V_3120zoom.JPG,bcitbarbour3o,long_tail,doliocarpus major,0.123340
comb_DJI_20241226123343_0046_V_3518zoom.JPG,bcitbarbour3o,can_wait,astronium graveolens,0.921020
comb_DJI_20241226123633_0054_V_2177zoom.JPG,bcitbarbour3o,normal,platypodium elegans,0.303280
comb_DJI_20241226123802_0058_V_2490zoom.JPG,bcitbarbour3o,low_conf_known,anacardium excelsum,0.122660
comb_DJI_20241226123936_0062_V_1809zoom.JPG,bcitbarbour3o,long_tail,combretum laxum,0.115170
comb_DJI_20241226124109_0066_V_1241zoom.JPG,bcitbarbour3o,long_tail,omphalea diandra,0.184300
comb_DJI_20241226124157_0068_V_1516zoom.JPG,bcitbarbour3o,normal,fridericia candicans,0.459210
comb_DJI_20241226124804_0002_V_1517zoom.JPG,bcitbarbour3o,can_wait,ochroma pyramidale,0.896180
comb_DJI_20241226124849_0004_V_1255zoom.JPG,bcitbarbour3o,normal,davilla nitida,0.094180
comb_DJI_20241226124937_0006_V_1521zoom.JPG,bcitbarbour3o,can_wait,uncaria tomentosa,0.981780
comb_DJI_20241226125030_0008_V_1837zoom.JPG,bcitbarbour3o,normal,fridericia candicans,0.386090
comb_DJI_20241226125224_0012_V_2541zoom.JPG,bcitbarbour3o,can_wait,fridericia candicans,0.889820
comb_DJI_20241226125313_0014_V_1906zoom.JPG,bcitbarbour3o,normal,fridericia candicans,0.392780
comb_DJI_20241226125401_0016_V_1909zoom.JPG,bcitbarbour3o,normal,fridericia candicans,0.351320
comb_DJI_20241226125450_0018_V_1914zoom.JPG,bcitbarbour3o,normal,pouteria stipitata,0.685200
comb_DJI_20241226130317_0040_V_3296zoom.JPG,bcitbarbour3o,normal,spondias radlkoferi,0.719960
comb_DJI_20241226130439_0044_V_3302zoom.JPG,bcitbarbour3o,normal,pouteria stipitata,0.758130
comb_DJI_20241226130720_0052_V_3339zoom.JPG,bcitbarbour3o,long_tail,hylenaea praecelsa,0.169200
comb_DJI_20241226130802_0054_V_3661zoom.JPG,bcitbarbour3o,normal,terminalia amazonia,0.668730
comb_DJI_20241226130842_0056_V_3680zoom.JPG,bcitbarbour3o,normal,hippocratea volubilis,0.061310
comb_DJI_20241226131005_0060_V_2991zoom.JPG,bcitbarbour3o,can_wait,hieronyma alchorneoides,0.859140
comb_DJI_20241226131126_0064_V_2998zoom.JPG,bcitbarbour3o,can_wait,pouteria stipitata,0.846870
comb_DJI_20241226132038_0008_V_2320zoom.JPG,bcitbarbour3o,normal,hippocratea volubilis,0.268020
comb_DJI_20241226132126_0010_V_2645zoom.JPG,bcitbarbour3o,can_wait,protium stevensonii,0.936710
comb_DJI_20241226132607_0022_V_2304zoom.JPG,bcitbarbour3o,long_tail,sapium glandulosum,0.858660
comb_DJI_20241226132655_0024_V_2258zoom.JPG,bcitbarbour3o,normal,protium stevensonii,0.604020
comb_DJI_20241226133301_0038_V_1659zoom.JPG,bcitbarbour3o,long_tail,dialium guianense,0.043700
comb_DJI_20241226133352_0040_V_1658zoom.JPG,bcitbarbour3o,long_tail,sloanea terniflora,0.820490
comb_DJI_20241226133532_0044_V_2008zoom.JPG,bcitbarbour3o,long_tail,guapira myrtiflora,0.634760
comb_DJI_20241226133732_0048_V_3280zoom.JPG,bcitbarbour3o,normal,pouteria stipitata,0.131900
comb_DJI_20241226133812_0050_V_3987zoom.JPG,bcitbarbour3o,can_wait,uncaria tomentosa,0.994650
comb_DJI_20241226134626_0002_V_3616zoom.JPG,bcitbarbour3o,can_wait,terminalia amazonia,0.823900
comb_DJI_20241226134736_0004_V_1910zoom.JPG,bcitbarbour3o,normal,hippocratea volubilis,0.171130
comb_DJI_20241226135413_0018_V_183zoom.JPG,bcitbarbour3o,normal,ocotea leptobotra,0.031780
comb_DJI_20241226135505_0020_V_176zoom.JPG,bcitbarbour3o,can_wait,fridericia candicans,0.814380
comb_DJI_20241226135943_0030_V_308zoom.JPG,bcitbarbour3o,can_wait,fridericia candicans,0.854320
comb_DJI_20241226140244_0036_V_269zoom.JPG,bcitbarbour3o,normal,protium stevensonii,0.105890
comb_DJI_20241226140341_0038_V_151zoom.JPG,bcitbarbour3o,can_wait,anacardium excelsum,0.984960
comb_DJI_20241226140525_0042_V_89zoom.JPG,bcitbarbour3o,normal,fridericia candicans,0.571370
comb_DJI_20241226140811_0046_V_34zoom.JPG,bcitbarbour3o,low_conf_known,hieronyma alchorneoides,0.146270
comb_DJI_20241226141003_0050_V_8zoom.JPG,bcitbarbour3o,long_tail,ormosia macrocalyx,0.239700
comb_DJI_20241226142842_0002_V_447zoom.JPG,bcitbarbour3o,can_wait,prioria copaifera,0.838590
comb_DJI_20241226142930_0004_V_451zoom.JPG,bcitbarbour3o,normal,prioria copaifera,0.669820
comb_DJI_20241226143019_0006_V_582zoom.JPG,bcitbarbour3o,low_conf_known,prioria copaifera,0.239400
comb_DJI_20241226143107_0008_V_773zoom.JPG,bcitbarbour3o,low_conf_known,prioria copaifera,0.436340
comb_DJI_20241226143157_0010_V_775zoom.JPG,bcitbarbour3o,can_wait,prioria copaifera,0.900680
comb_DJI_20241226143246_0012_V_914zoom.JPG,bcitbarbour3o,long_tail,moquilea platypus,0.235480
comb_DJI_20241231103506_0034_V_4394zoom.JPG,bcitbarbour3o,long_tail,spondias mombin,0.025810
comb_DJI_20241231103857_0044_V_5088zoom.JPG,bcitbarbour3o,long_tail,moquilea platypus,0.323180
comb_DJI_20241231105011_0004_V_6662zoom.JPG,bcitbarbour3o,normal,protium stevensonii,0.783260
comb_DJI_20241231105050_0006_V_6665zoom.JPG,bcitbarbour3o,can_wait,protium stevensonii,0.863890
comb_DJI_20241231105256_0012_V_6650zoom.JPG,bcitbarbour3o,normal,hippocratea volubilis,0.122750
comb_DJI_20241231105416_0016_V_7407zoom.JPG,bcitbarbour3o,can_wait,guatteria lucens,0.976140
comb_DJI_20241231105455_0018_V_7037zoom.JPG,bcitbarbour3o,long_tail,omphalea diandra,0.110960
comb_DJI_20241231110203_0042_V_6150zoom.JPG,bcitbarbour3o,normal,fridericia candicans,0.251340
comb_DJI_20241231110544_0054_V_4991zoom.JPG,bcitbarbour3o,normal,spondias radlkoferi,0.498470
comb_DJI_20241231110742_0060_V_4644zoom.JPG,bcitbarbour3o,normal,sterculia apetala,0.220190
comb_DJI_20241231112407_0012_V_5445zoom.JPG,bcitbarbour3o,normal,hippocratea volubilis,0.764680
comb_DJI_20241231112443_0014_V_5442zoom.JPG,bcitbarbour3o,low_conf_known,prioria copaifera,0.243480
comb_DJI_20241231112803_0024_V_5057zoom.JPG,bcitbarbour3o,can_wait,handroanthus guayacan,0.933090
comb_DJI_20241231113156_0036_V_4691zoom.JPG,bcitbarbour3o,normal,terminalia amazonia,0.108060
comb_DJI_20241231115019_0014_V_4636zoom.JPG,bcitbarbour3o,normal,hippocratea volubilis,0.054910
comb_DJI_20241231115138_0018_V_4630zoom.JPG,bcitbarbour3o,can_wait,hieronyma alchorneoides,0.898190
comb_DJI_20241231115302_0022_V_4609zoom.JPG,bcitbarbour3o,normal,pouteria stipitata,0.614950
comb_DJI_20241231115344_0024_V_4938zoom.JPG,bcitbarbour3o,long_tail,sloanea terniflora,0.286680
comb_DJI_20241231120036_0042_V_5343zoom.JPG,bcitbarbour3o,long_tail,aspidosperma desmanthum,0.023910
comb_DJI_20241231120151_0046_V_5739zoom.JPG,bcitbarbour3o,long_tail,virola fosteri,0.001090
comb_DJI_20241231120230_0048_V_4976zoom.JPG,bcitbarbour3o,normal,uncaria tomentosa,0.363770
comb_DJI_20250106092934_0002_V_6905zoom.JPG,bcitbarbour3o,normal,astronium graveolens,0.797860
comb_DJI_20250106093420_0018_V_6545zoom.JPG,bcitbarbour3o,normal,uncaria tomentosa,0.573590
comb_DJI_20250106093714_0028_V_6079zoom.JPG,bcitbarbour3o,long_tail,prionostemma aspera,0.580250
comb_DJI_20250106094341_0050_V_6040zoom.JPG,bcitbarbour3o,long_tail,omphalea diandra,0.046470
comb_DJI_20250106094649_0060_V_6437zoom.JPG,bcitbarbour3o,long_tail,pseudobombax septenatum,0.326620
comb_DJI_20250106094805_0064_V_5625zoom.JPG,bcitbarbour3o,normal,apeiba membranacea,0.732430
comb_DJI_20250106094842_0066_V_5637zoom.JPG,bcitbarbour3o,long_tail,maripa panamensis,0.144350
comb_DJI_20250106095033_0072_V_5234zoom.JPG,bcitbarbour3o,normal,pouteria stipitata,0.225950
comb_DJI_20250106095107_0074_V_5245zoom.JPG,bcitbarbour3o,long_tail,sparrea schippii,0.819570
comb_DJI_20250106095743_0006_V_5207zoom.JPG,bcitbarbour3o,long_tail,sparrea schippii,0.461610
comb_DJI_20250106095849_0010_V_5602zoom.JPG,bcitbarbour3o,long_tail,lacmellea panamensis,0.038020
comb_DJI_20250106095919_0012_V_5194zoom.JPG,bcitbarbour3o,normal,hieronyma alchorneoides,0.528930
comb_DJI_20250106100134_0020_V_4109zoom.JPG,bcitbarbour3o,normal,tabebuia rosea,0.238680
comb_DJI_20250106100338_0026_V_4174zoom.JPG,bcitbarbour3o,normal,terminalia oblonga,0.493840
comb_DJI_20250106100802_0038_V_5256zoom.JPG,bcitbarbour3o,long_tail,muellera monilis,0.016960
comb_DJI_20250106101203_0050_V_6416zoom.JPG,bcitbarbour3o,normal,spondias radlkoferi,0.711530
comb_DJI_20250106101320_0054_V_6426zoom.JPG,bcitbarbour3o,normal,spondias radlkoferi,0.529050
comb_DJI_20250106101510_0060_V_7213zoom.JPG,bcitbarbour3o,normal,protium stevensonii,0.793620
comb_DJI_20250106101618_0064_V_7212zoom.JPG,bcitbarbour3o,normal,protium stevensonii,0.089960
comb_DJI_20250106101825_0072_V_6849zoom.JPG,bcitbarbour3o,normal,protium stevensonii,0.434120
comb_DJI_20250106103313_0026_V_5612zoom.JPG,bcitbarbour3o,normal,spondias radlkoferi,0.107750
comb_DJI_20250106103346_0028_V_6005zoom.JPG,bcitbarbour3o,can_wait,uncaria tomentosa,0.969490
comb_DJI_20250106103422_0030_V_5587zoom.JPG,bcitbarbour3o,normal,davilla nitida,0.212770
comb_DJI_20250106103457_0032_V_5978zoom.JPG,bcitbarbour3o,long_tail,cosmibuena macrocarpa,0.098130
comb_DJI_20250106105828_0018_V_4909zoom.JPG,bcitbarbour3o,long_tail,combretum decandrum,0.091310
comb_DJI_20250106110119_0026_V_4617zoom.JPG,bcitbarbour3o,normal,oenocarpus mapora,0.100170
comb_DJI_20250106110528_0034_V_6171zoom.JPG,bcitbarbour3o,normal,fridericia candicans,0.683090
comb_DJI_20250106110605_0036_V_5799zoom.JPG,bcitbarbour3o,normal,oenocarpus mapora,0.644420
comb_DJI_20250106110804_0042_V_5823zoom.JPG,bcitbarbour3o,long_tail,bignonia aequinoctialis,0.191050
comb_DJI_20250106110842_0044_V_5837zoom.JPG,bcitbarbour3o,normal,hippocratea volubilis,0.282460
comb_DJI_20250106111003_0048_V_5093zoom.JPG,bcitbarbour3o,normal,terminalia oblonga,0.040180
comb_DJI_20250106111149_0052_V_7062zoom.JPG,bcitbarbour3o,long_tail,inga spectabilis,0.119330
comb_DJI_20250106112405_0008_V_5131zoom.JPG,bcitbarbour3o,normal,spondias radlkoferi,0.174320
comb_DJI_20250110132826_0002_V_25zoom.JPG,pnmcrane,can_wait,anacardium excelsum,0.903370
comb_DJI_20250110132857_0004_V_225zoom.JPG,pnmcrane,can_wait,ficus insipida,0.938170
comb_DJI_20250110132925_0006_V_226zoom.JPG,pnmcrane,can_wait,ficus insipida,0.915590
comb_DJI_20250110132955_0008_V_220zoom.JPG,pnmcrane,can_wait,ficus insipida,0.861650
comb_DJI_20250110133027_0010_V_65zoom.JPG,pnmcrane,normal,fridericia candicans,0.189060
comb_DJI_20250110133058_0012_V_64zoom.JPG,pnmcrane,long_tail,croton billbergianus,0.130940
comb_DJI_20250110133133_0014_V_140zoom.JPG,pnmcrane,long_tail,parinari excelsa,0.087150
comb_DJI_20250110133206_0016_V_158zoom.JPG,pnmcrane,long_tail,parinari excelsa,0.022820
comb_DJI_20250110133240_0018_V_136zoom.JPG,pnmcrane,long_tail,xylosma flexuosa,0.011840
comb_DJI_20250110133310_0020_V_159zoom.JPG,pnmcrane,low_conf_known,astronium graveolens,0.312450
comb_DJI_20250110133342_0022_V_160zoom.JPG,pnmcrane,long_tail,dioclea virgata,0.126690
comb_DJI_20250110133413_0024_V_75zoom.JPG,pnmcrane,long_tail,vitis tiliifolia,0.155760
comb_DJI_20250110133445_0026_V_100zoom.JPG,pnmcrane,can_wait,anacardium excelsum,0.969170
comb_DJI_20250110133514_0028_V_156zoom.JPG,pnmcrane,long_tail,castilla elastica,0.229200
comb_DJI_20250110133543_0030_V_21zoom.JPG,pnmcrane,long_tail,castilla elastica,0.053360
comb_DJI_20250110133613_0032_V_90zoom.JPG,pnmcrane,can_wait,anacardium excelsum,0.955570
comb_DJI_20250110133644_0034_V_30zoom.JPG,pnmcrane,long_tail,combretum fruticosum,0.181750
comb_DJI_20250110134705_0002_V_139zoom.JPG,pnmcrane,long_tail,castilla elastica,0.474500
comb_DJI_20250110134737_0004_V_152zoom.JPG,pnmcrane,can_wait,anacardium excelsum,0.985510
comb_DJI_20250110134809_0006_V_154zoom.JPG,pnmcrane,long_tail,castilla elastica,0.794600
comb_DJI_20250110134843_0008_V_34zoom.JPG,pnmcrane,long_tail,castilla elastica,0.753540
comb_DJI_20250110135635_0002_V_161zoom.JPG,pnmcrane,normal,uncaria tomentosa,0.049430
comb_DJI_20250110135708_0004_V_11zoom.JPG,pnmcrane,long_tail,croton billbergianus,0.175060
comb_DJI_20250110135743_0006_V_138zoom.JPG,pnmcrane,long_tail,passiflora vesicaria,0.140320
comb_DJI_20250110135820_0008_V_149zoom.JPG,pnmcrane,long_tail,parinari excelsa,0.010410
comb_DJI_20250110135850_0010_V_150zoom.JPG,pnmcrane,can_wait,anacardium excelsum,0.978930
comb_DJI_20250110135922_0012_V_137zoom.JPG,pnmcrane,can_wait,luehea seemannii,0.929400
comb_DJI_20250110135954_0014_V_28zoom.JPG,pnmcrane,can_wait,luehea seemannii,0.891230
comb_DJI_20250110140027_0016_V_130zoom.JPG,pnmcrane,normal,davilla nitida,0.274670
comb_DJI_20250110140101_0018_V_128zoom.JPG,pnmcrane,normal,spondias radlkoferi,0.030560
comb_DJI_20250110140133_0020_V_126zoom.JPG,pnmcrane,normal,spondias radlkoferi,0.614960
comb_DJI_20250110140207_0022_V_125zoom.JPG,pnmcrane,long_tail,fridericia patellifera,0.011490
comb_DJI_20250110140242_0024_V_48zoom.JPG,pnmcrane,long_tail,guazuma ulmifolia,0.705540
comb_DJI_20250110140317_0026_V_123zoom.JPG,pnmcrane,normal,ceiba pentandra,0.050130
comb_DJI_20250110140351_0028_V_49zoom.JPG,pnmcrane,long_tail,castilla elastica,0.778140
comb_DJI_20250110140428_0030_V_124zoom.JPG,pnmcrane,normal,uncaria tomentosa,0.157420
comb_DJI_20250110140506_0032_V_145zoom.JPG,pnmcrane,long_tail,amphilophium paniculatum,0.006130
comb_DJI_20250110140539_0034_V_144zoom.JPG,pnmcrane,can_wait,anacardium excelsum,0.962390
comb_DJI_20250110140609_0036_V_29zoom.JPG,pnmcrane,long_tail,combretum laxum,0.117500
comb_DJI_20250110140640_0038_V_153zoom.JPG,pnmcrane,can_wait,anacardium excelsum,0.884210
comb_DJI_20250110140717_0040_V_155zoom.JPG,pnmcrane,long_tail,mascagnia vacciniifolia,0.078580
comb_DJI_20250110140748_0042_V_59zoom.JPG,pnmcrane,long_tail,combretum decandrum,0.443410
comb_DJI_20250110140824_0044_V_127zoom.JPG,pnmcrane,long_tail,callichlamys latifolia,0.198060
comb_DJI_20250110140900_0046_V_20zoom.JPG,pnmcrane,long_tail,dioclea virgata,0.020550
comb_DJI_20250110140930_0048_V_73zoom.JPG,pnmcrane,long_tail,doliocarpus major,0.228230
comb_DJI_20250110141004_0050_V_131zoom.JPG,pnmcrane,long_tail,amphilophium paniculatum,0.045120
comb_DJI_20250110141036_0052_V_151zoom.JPG,pnmcrane,long_tail,annona spraguei,0.037400
comb_DJI_20250110141113_0054_V_175zoom.JPG,pnmcrane,long_tail,parinari excelsa,0.018910
comb_DJI_20250110141148_0056_V_46zoom.JPG,pnmcrane,long_tail,pseudalbizzia adinocephala,0.144060
comb_DJI_20250110141222_0058_V_162zoom.JPG,pnmcrane,long_tail,pseudalbizzia adinocephala,0.065210
comb_DJI_20250110141251_0060_V_109zoom.JPG,pnmcrane,long_tail,castilla elastica,0.357830
comb_DJI_20250110141321_0062_V_221zoom.JPG,pnmcrane,can_wait,ficus insipida,0.845360
comb_DJI_20250110141350_0064_V_72zoom.JPG,pnmcrane,can_wait,ficus insipida,0.956060
comb_DJI_20250110141421_0066_V_33zoom.JPG,pnmcrane,long_tail,castilla elastica,0.490470
comb_DJI_20250110141453_0068_V_78zoom.JPG,pnmcrane,long_tail,pourouma bicolor,0.050880
comb_DJI_20250110141533_0070_V_74zoom.JPG,pnmcrane,normal,luehea seemannii,0.058230
comb_DJI_20250110141604_0072_V_76zoom.JPG,pnmcrane,can_wait,anacardium excelsum,0.880640
comb_DJI_20250110142244_0002_V_157zoom.JPG,pnmcrane,long_tail,castilla elastica,0.371990
comb_DJI_20250110142316_0004_V_22zoom.JPG,pnmcrane,low_conf_known,trattinnickia aspera,0.107940
comb_DJI_20250110142351_0006_V_199zoom.JPG,pnmcrane,can_wait,anacardium excelsum,0.939780
comb_DJI_20250110142425_0008_V_117zoom.JPG,pnmcrane,can_wait,anacardium excelsum,0.975010
comb_DJI_20250110142459_0010_V_200zoom.JPG,pnmcrane,normal,luehea seemannii,0.033160
comb_DJI_20250110142531_0012_V_236zoom.JPG,pnmcrane,long_tail,castilla elastica,0.076320
comb_DJI_20250110142606_0014_V_177zoom.JPG,pnmcrane,long_tail,vitis tiliifolia,0.230070
comb_DJI_20250110142642_0016_V_176zoom.JPG,pnmcrane,long_tail,castilla elastica,0.922010
comb_DJI_20250110142719_0018_V_178zoom.JPG,pnmcrane,long_tail,castilla elastica,0.684990
comb_DJI_20250110142753_0020_V_37zoom.JPG,pnmcrane,normal,luehea seemannii,0.012490
comb_DJI_20250110142826_0022_V_35zoom.JPG,pnmcrane,long_tail,dalbergia ecastaphyllum,0.059350
comb_DJI_20250110142912_0024_V_47zoom.JPG,pnmcrane,long_tail,triplaris melaenodendron,0.042790
comb_DJI_20250110142951_0026_V_110zoom.JPG,pnmcrane,can_wait,anacardium excelsum,0.879140
comb_DJI_20250110143021_0028_V_4zoom.JPG,pnmcrane,long_tail,bignonia corymbosa,0.086530
comb_DJI_20250110143052_0030_V_1zoom.JPG,pnmcrane,can_wait,anacardium excelsum,0.979170
comb_DJI_20250110143119_0032_V_97zoom.JPG,pnmcrane,can_wait,anacardium excelsum,0.956800
comb_DJI_20250110143148_0034_V_2zoom.JPG,pnmcrane,can_wait,anacardium excelsum,0.970390
comb_DJI_20250110145024_0002_V_77zoom.JPG,pnmcrane,long_tail,croton billbergianus,0.088450
comb_DJI_20250110145054_0004_V_235zoom.JPG,pnmcrane,can_wait,anacardium excelsum,0.997840
comb_DJI_20250110145124_0006_V_81zoom.JPG,pnmcrane,long_tail,amphilophium crucigerum,0.063620
comb_DJI_20250110145155_0008_V_82zoom.JPG,pnmcrane,long_tail,castilla elastica,0.402920
comb_DJI_20250110145224_0010_V_80zoom.JPG,pnmcrane,long_tail,dioclea virgata,0.075590
comb_DJI_20250110145253_0012_V_79zoom.JPG,pnmcrane,long_tail,castilla elastica,0.129820
comb_DJI_20250110145325_0014_V_119zoom.JPG,pnmcrane,long_tail,chrysophyllum argenteum,0.206840
comb_DJI_20250110145356_0016_V_198zoom.JPG,pnmcrane,long_tail,castilla elastica,0.541620
comb_DJI_20250110145426_0018_V_83zoom.JPG,pnmcrane,long_tail,castilla elastica,0.543020
comb_DJI_20250110145455_0020_V_141zoom.JPG,pnmcrane,low_conf_known,trattinnickia aspera,0.225170
comb_DJI_20250110145527_0022_V_142zoom.JPG,pnmcrane,long_tail,castilla elastica,0.752670
comb_DJI_20250110145559_0024_V_16zoom.JPG,pnmcrane,can_wait,anacardium excelsum,0.991130
comb_DJI_20250110145627_0026_V_91zoom.JPG,pnmcrane,can_wait,anacardium excelsum,0.982160
comb_DJI_20250110145656_0028_V_230zoom.JPG,pnmcrane,can_wait,anacardium excelsum,0.970240
comb_DJI_20250110145728_0030_V_15zoom.JPG,pnmcrane,long_tail,castilla elastica,0.749590
comb_DJI_20250110145802_0032_V_168zoom.JPG,pnmcrane,long_tail,argyreia nervosa,0.010830
comb_DJI_20250110145838_0034_V_14zoom.JPG,pnmcrane,long_tail,castilla elastica,0.507080
comb_DJI_20250110145913_0036_V_169zoom.JPG,pnmcrane,long_tail,castilla elastica,0.462280
comb_DJI_20250110145945_0038_V_167zoom.JPG,pnmcrane,long_tail,clerodendrum speciosissimum,0.038890
comb_DJI_20250110150022_0040_V_147zoom.JPG,pnmcrane,long_tail,castilla elastica,0.234490
comb_DJI_20250110150038_0042_V_146zoom.JPG,pnmcrane,normal,oenocarpus mapora,0.101790
comb_DJI_20250110150125_0044_V_111zoom.JPG,pnmcrane,long_tail,cecropia obtusifolia,0.098880
comb_DJI_20250110150158_0046_V_148zoom.JPG,pnmcrane,long_tail,castilla elastica,0.180670
comb_DJI_20250110150230_0048_V_224zoom.JPG,pnmcrane,long_tail,croton billbergianus,0.180650
comb_DJI_20250110150303_0050_V_222zoom.JPG,pnmcrane,long_tail,castilla elastica,0.408330
comb_DJI_20250110150337_0052_V_8zoom.JPG,pnmcrane,long_tail,croton billbergianus,0.199250
comb_DJI_20250110150410_0054_V_129zoom.JPG,pnmcrane,long_tail,castilla elastica,0.672190
comb_DJI_20250110150446_0056_V_10zoom.JPG,pnmcrane,low_conf_known,trattinnickia aspera,0.189810
comb_DJI_20250110150525_0058_V_9zoom.JPG,pnmcrane,long_tail,croton billbergianus,0.455270
comb_DJI_20250110150602_0060_V_195zoom.JPG,pnmcrane,long_tail,vitis tiliifolia,0.128220
comb_DJI_20250110150634_0062_V_18zoom.JPG,pnmcrane,long_tail,amphilophium paniculatum,0.098790
comb_DJI_20250110150707_0064_V_196zoom.JPG,pnmcrane,long_tail,castilla elastica,0.060450
comb_DJI_20250110150741_0066_V_197zoom.JPG,pnmcrane,long_tail,croton billbergianus,0.084340
comb_DJI_20250110150816_0068_V_19zoom.JPG,pnmcrane,long_tail,castilla elastica,0.486210
comb_DJI_20250110150852_0070_V_13zoom.JPG,pnmcrane,normal,luehea seemannii,0.767030
comb_DJI_20250110150927_0072_V_170zoom.JPG,pnmcrane,long_tail,castilla elastica,0.748840
comb_DJI_20250110150957_0074_V_173zoom.JPG,pnmcrane,long_tail,castilla elastica,0.863610
comb_DJI_20250110151029_0076_V_174zoom.JPG,pnmcrane,long_tail,castilla elastica,0.932790
comb_DJI_20250110151537_0002_V_92zoom.JPG,pnmcrane,normal,luehea seemannii,0.039810
comb_DJI_20250110151605_0004_V_135zoom.JPG,pnmcrane,normal,luehea seemannii,0.667530
comb_DJI_20250110151635_0006_V_171zoom.JPG,pnmcrane,normal,fridericia candicans,0.037670
comb_DJI_20250110151708_0008_V_133zoom.JPG,pnmcrane,long_tail,castilla elastica,0.210690
comb_DJI_20250110151737_0010_V_134zoom.JPG,pnmcrane,long_tail,didymopanax morototoni,0.740970
comb_DJI_20250110151809_0012_V_166zoom.JPG,pnmcrane,normal,sterculia apetala,0.230600
comb_DJI_20250110151837_0014_V_5zoom.JPG,pnmcrane,long_tail,amphilophium paniculatum,0.178120
comb_DJI_20250110151910_0016_V_172zoom.JPG,pnmcrane,long_tail,fridericia patellifera,0.093700
comb_DJI_20250110151951_0018_V_116zoom.JPG,pnmcrane,long_tail,castilla elastica,0.435810
comb_DJI_20250110152023_0020_V_186zoom.JPG,pnmcrane,long_tail,castilla elastica,0.224310
comb_DJI_20250110152053_0022_V_223zoom.JPG,pnmcrane,low_conf_known,anacardium excelsum,0.065200
comb_DJI_20250110152123_0024_V_36zoom.JPG,pnmcrane,normal,anacardium excelsum,0.532830
comb_DJI_20250110152154_0026_V_118zoom.JPG,pnmcrane,long_tail,castilla elastica,0.081610
comb_DJI_20250110152223_0028_V_12zoom.JPG,pnmcrane,long_tail,castilla elastica,0.936020
comb_DJI_20250110152254_0030_V_132zoom.JPG,pnmcrane,long_tail,castilla elastica,0.164820
comb_DJI_20250110152324_0032_V_234zoom.JPG,pnmcrane,low_conf_known,hieronyma alchorneoides,0.048300
comb_DJI_20250110152353_0034_V_228zoom.JPG,pnmcrane,can_wait,anacardium excelsum,0.854610
comb_DJI_20250110152608_0002_V_98zoom.JPG,pnmcrane,long_tail,castilla elastica,0.017290
comb_DJI_20250110152637_0004_V_62zoom.JPG,pnmcrane,long_tail,cecropia angustifolia,0.070750
comb_DJI_20250110152708_0006_V_99zoom.JPG,pnmcrane,long_tail,spondias mombin,0.013240
comb_DJI_20250110152733_0008_V_201zoom.JPG,pnmcrane,normal,anacardium excelsum,0.768230
comb_DJI_20250110152800_0010_V_217zoom.JPG,pnmcrane,can_wait,anacardium excelsum,0.940690
comb_DJI_20250110152827_0012_V_202zoom.JPG,pnmcrane,can_wait,anacardium excelsum,0.956430
comb_DJI_20250110152854_0014_V_71zoom.JPG,pnmcrane,long_tail,trichostigma octandrum,0.872540
comb_DJI_20250110152916_0016_V_209zoom.JPG,pnmcrane,can_wait,anacardium excelsum,0.981050
comb_DJI_20250110152938_0018_V_3zoom.JPG,pnmcrane,can_wait,anacardium excelsum,0.976330
comb_DJI_20250110153002_0020_V_231zoom.JPG,pnmcrane,can_wait,anacardium excelsum,0.901730
comb_DJI_20250110153028_0022_V_57zoom.JPG,pnmcrane,normal,terminalia amazonia,0.238950
comb_DJI_20250110153057_0024_V_185zoom.JPG,pnmcrane,normal,fridericia candicans,0.127840
comb_DJI_20250110153126_0026_V_63zoom.JPG,pnmcrane,can_wait,anacardium excelsum,0.938340
comb_DJI_20250110153158_0028_V_32zoom.JPG,pnmcrane,can_wait,ficus insipida,0.902820
comb_DJI_20250110153231_0030_V_218zoom.JPG,pnmcrane,can_wait,ficus insipida,0.936020
comb_DJI_20250110153303_0032_V_219zoom.JPG,pnmcrane,can_wait,ficus insipida,0.846490
comb_DJI_20250110153338_0034_V_88zoom.JPG,pnmcrane,can_wait,anacardium excelsum,0.974350
comb_DJI_20250110153408_0036_V_229zoom.JPG,pnmcrane,can_wait,anacardium excelsum,0.977160
comb_DJI_20250110154741_0002_V_105zoom.JPG,pnmcrane,can_wait,anacardium excelsum,0.935220
comb_DJI_20250110154808_0004_V_227zoom.JPG,pnmcrane,can_wait,anacardium excelsum,0.971250
comb_DJI_20250110154834_0006_V_69zoom.JPG,pnmcrane,can_wait,anacardium excelsum,0.921960
comb_DJI_20250110154859_0008_V_216zoom.JPG,pnmcrane,can_wait,anacardium excelsum,0.961960
comb_DJI_20250110154929_0010_V_233zoom.JPG,pnmcrane,can_wait,anacardium excelsum,0.965100
comb_DJI_20250110154957_0012_V_205zoom.JPG,pnmcrane,can_wait,anacardium excelsum,0.988340
comb_DJI_20250110155023_0014_V_104zoom.JPG,pnmcrane,low_conf_known,anacardium excelsum,0.148860
comb_DJI_20250110155048_0016_V_44zoom.JPG,pnmcrane,long_tail,castilla elastica,0.840900
comb_DJI_20250110155112_0018_V_208zoom.JPG,pnmcrane,normal,fridericia candicans,0.112880
comb_DJI_20250110155138_0020_V_108zoom.JPG,pnmcrane,normal,protium stevensonii,0.084180
comb_DJI_20250110155209_0022_V_89zoom.JPG,pnmcrane,can_wait,anacardium excelsum,0.974850
comb_DJI_20250110155237_0024_V_115zoom.JPG,pnmcrane,long_tail,castilla elastica,0.629420
comb_DJI_20250110155306_0026_V_106zoom.JPG,pnmcrane,can_wait,ficus insipida,0.933130
comb_DJI_20250110155333_0028_V_184zoom.JPG,pnmcrane,can_wait,anacardium excelsum,0.965070
comb_DJI_20250110155402_0030_V_42zoom.JPG,pnmcrane,can_wait,anacardium excelsum,0.967250
comb_DJI_20250110155430_0032_V_204zoom.JPG,pnmcrane,can_wait,anacardium excelsum,0.953210
comb_DJI_20250110155456_0034_V_70zoom.JPG,pnmcrane,can_wait,anacardium excelsum,0.958140
comb_DJI_20250110155522_0036_V_203zoom.JPG,pnmcrane,can_wait,anacardium excelsum,0.971640
comb_DJI_20250110155549_0038_V_43zoom.JPG,pnmcrane,normal,anacardium excelsum,0.777930
comb_DJI_20250110155618_0040_V_206zoom.JPG,pnmcrane,can_wait,anacardium excelsum,0.902080
comb_DJI_20250110155649_0042_V_207zoom.JPG,pnmcrane,long_tail,canavalia rosea,0.102310
comb_DJI_20250110155713_0044_V_24zoom.JPG,pnmcrane,long_tail,maripa panamensis,0.228200
comb_DJI_20250110155738_0046_V_27zoom.JPG,pnmcrane,long_tail,fridericia patellifera,0.476100
comb_DJI_20250110155802_0048_V_45zoom.JPG,pnmcrane,long_tail,calycophyllum candidissimum,0.903940
comb_DJI_20250110155832_0050_V_26zoom.JPG,pnmcrane,long_tail,combretum decandrum,0.140360
comb_DJI_20250110155900_0052_V_31zoom.JPG,pnmcrane,can_wait,anacardium excelsum,0.958860
comb_DJI_20250110155925_0054_V_56zoom.JPG,pnmcrane,normal,fridericia candicans,0.262930
comb_DJI_20250110155953_0056_V_55zoom.JPG,pnmcrane,long_tail,fridericia patellifera,0.422150
comb_DJI_20250110160022_0058_V_17zoom.JPG,pnmcrane,long_tail,trichostigma octandrum,0.149000
comb_DJI_20250110160328_0002_V_86zoom.JPG,pnmcrane,long_tail,pseudobombax septenatum,0.837390
comb_DJI_20250110160355_0004_V_210zoom.JPG,pnmcrane,long_tail,enterolobium cyclocarpum,0.173510
comb_DJI_20250110160426_0006_V_41zoom.JPG,pnmcrane,long_tail,cissampelos tropaeolifolia,0.011480
comb_DJI_20250110160453_0008_V_67zoom.JPG,pnmcrane,long_tail,castilla elastica,0.656760
comb_DJI_20250110160521_0010_V_103zoom.JPG,pnmcrane,long_tail,castilla elastica,0.722420
comb_DJI_20250110160548_0012_V_68zoom.JPG,pnmcrane,long_tail,castilla elastica,0.338060
comb_DJI_20250110160614_0014_V_215zoom.JPG,pnmcrane,can_wait,anacardium excelsum,0.944710
comb_DJI_20250110160641_0016_V_102zoom.JPG,pnmcrane,long_tail,castilla elastica,0.374210
comb_DJI_20250110160707_0018_V_66zoom.JPG,pnmcrane,long_tail,castilla elastica,0.327890
comb_DJI_20250110160735_0020_V_60zoom.JPG,pnmcrane,low_conf_known,hieronyma alchorneoides,0.093730
comb_DJI_20250110160805_0022_V_40zoom.JPG,pnmcrane,long_tail,momordica charantia,0.026920
comb_DJI_20250110161651_0002_V_114zoom.JPG,pnmcrane,low_conf_known,anacardium excelsum,0.232570
comb_DJI_20250110161723_0004_V_237zoom.JPG,pnmcrane,normal,protium stevensonii,0.786730
comb_DJI_20250110161755_0006_V_121zoom.JPG,pnmcrane,normal,davilla nitida,0.175920
comb_DJI_20250110161830_0008_V_193zoom.JPG,pnmcrane,long_tail,dioclea virgata,0.080620
comb_DJI_20250110161905_0010_V_120zoom.JPG,pnmcrane,long_tail,castilla elastica,0.351750
comb_DJI_20250110161938_0012_V_85zoom.JPG,pnmcrane,long_tail,didymopanax morototoni,0.604800
comb_DJI_20250110162010_0014_V_122zoom.JPG,pnmcrane,normal,luehea seemannii,0.765280
comb_DJI_20250110162039_0016_V_23zoom.JPG,pnmcrane,long_tail,protium tenuifolium,0.258650
comb_DJI_20250110162107_0018_V_143zoom.JPG,pnmcrane,long_tail,neustanthus phaseoloides,0.123920
comb_DJI_20250110162138_0020_V_52zoom.JPG,pnmcrane,normal,uncaria tomentosa,0.022230
comb_DJI_20250110162208_0022_V_96zoom.JPG,pnmcrane,normal,luehea seemannii,0.296840
comb_DJI_20250110162242_0024_V_61zoom.JPG,pnmcrane,long_tail,cecropia angustifolia,0.037930
comb_DJI_20250110162316_0026_V_194zoom.JPG,pnmcrane,can_wait,anacardium excelsum,0.982640
comb_DJI_20250110162347_0028_V_93zoom.JPG,pnmcrane,long_tail,cordia panamensis,0.076780
comb_DJI_20250110162418_0030_V_84zoom.JPG,pnmcrane,normal,fridericia candicans,0.254320
comb_DJI_20250110162449_0032_V_38zoom.JPG,pnmcrane,normal,spondias radlkoferi,0.022940
comb_DJI_20250110162520_0034_V_163zoom.JPG,pnmcrane,low_conf_known,trattinnickia aspera,0.051940
comb_DJI_20250110162549_0036_V_95zoom.JPG,pnmcrane,normal,luehea seemannii,0.633870
comb_DJI_20250110162618_0038_V_58zoom.JPG,pnmcrane,long_tail,ipomoea muricata,0.021430
comb_DJI_20250110162643_0040_V_94zoom.JPG,pnmcrane,normal,anacardium excelsum,0.776830
comb_DJI_20250110162707_0042_V_214zoom.JPG,pnmcrane,can_wait,anacardium excelsum,0.961310
comb_DJI_20250110162735_0044_V_232zoom.JPG,pnmcrane,can_wait,anacardium excelsum,0.863190
comb_DJI_20250110162804_0046_V_51zoom.JPG,pnmcrane,long_tail,vitis tiliifolia,0.133650
comb_DJI_20250110163812_0002_V_188zoom.JPG,pnmcrane,normal,luehea seemannii,0.097520
comb_DJI_20250110163842_0004_V_6zoom.JPG,pnmcrane,normal,luehea seemannii,0.650670
comb_DJI_20250110163910_0006_V_192zoom.JPG,pnmcrane,long_tail,luehea speciosa,0.633160
comb_DJI_20250110163942_0008_V_191zoom.JPG,pnmcrane,can_wait,luehea seemannii,0.862140
comb_DJI_20250110164008_0010_V_187zoom.JPG,pnmcrane,long_tail,quararibea stenophylla,0.016620
comb_DJI_20250110164034_0012_V_213zoom.JPG,pnmcrane,long_tail,enterolobium cyclocarpum,0.559450
comb_DJI_20250110164101_0014_V_87zoom.JPG,pnmcrane,long_tail,enterolobium cyclocarpum,0.310220
comb_DJI_20250110164124_0016_V_211zoom.JPG,pnmcrane,long_tail,enterolobium cyclocarpum,0.220060
comb_DJI_20250110164147_0018_V_212zoom.JPG,pnmcrane,long_tail,enterolobium cyclocarpum,0.311930
comb_DJI_20250110164214_0020_V_182zoom.JPG,pnmcrane,can_wait,anacardium excelsum,0.885320
comb_DJI_20250110164238_0022_V_180zoom.JPG,pnmcrane,can_wait,anacardium excelsum,0.903180
comb_DJI_20250110164303_0024_V_179zoom.JPG,pnmcrane,normal,anacardium excelsum,0.797670
comb_DJI_20250110164334_0026_V_181zoom.JPG,pnmcrane,can_wait,anacardium excelsum,0.944740
comb_DJI_20250110164401_0028_V_101zoom.JPG,pnmcrane,long_tail,fridericia patellifera,0.080550
comb_DJI_20250204093830_0024_V_7043zoom.JPG,bci50haplot,long_tail,urochloa distachyos,0.207030
comb_DJI_20250204094024_0030_V_7017zoom.JPG,bci50haplot,long_tail,omphalea diandra,0.032850
comb_DJI_20250204094401_0042_V_6028zoom.JPG,bci50haplot,normal,sterculia apetala,0.246380
comb_DJI_20250204100342_0026_V_5516zoom.JPG,bci50haplot,long_tail,casearia bicolor,0.144500
comb_DJI_20250204100909_0044_V_6957zoom.JPG,bci50haplot,long_tail,lonchocarpus sericeus,0.037740
comb_DJI_20250204102717_0018_V_8342zoom.JPG,bci50haplot,can_wait,terminalia oblonga,0.983930
comb_DJI_20250204103228_0034_V_7402zoom.JPG,bci50haplot,long_tail,cordia alliodora,0.101850
comb_DJI_20250204115112_0044_V_6574zoom.JPG,bci50haplot,normal,pouteria stipitata,0.260120
comb_DJI_20250205091938_0036_V_7708zoom.JPG,bci50haplot,normal,protium stevensonii,0.152780
comb_DJI_20250205100344_0014_V_7369zoom.JPG,bci50haplot,long_tail,omphalea diandra,0.292560
comb_DJI_20250205103748_0036_V_6837zoom.JPG,bci50haplot,long_tail,guazuma ulmifolia,0.015580
comb_DJI_20250206092417_0012_V_990zoom.JPG,bci50haplot,long_tail,tabernaemontana arborea,0.134810
comb_DJI_20250206092613_0018_V_1408zoom.JPG,bci50haplot,low_conf_known,trattinnickia aspera,0.198370
comb_DJI_20250206092802_0024_V_1405zoom.JPG,bci50haplot,normal,platypodium elegans,0.053400
comb_DJI_20250206093030_0032_V_1384zoom.JPG,bci50haplot,long_tail,beilschmiedia tovarensis,0.230230
comb_DJI_20250206093133_0036_V_1378zoom.JPG,bci50haplot,can_wait,ceiba pentandra,0.944660
comb_DJI_20250206102719_0026_V_4128zoom.JPG,bci50haplot,long_tail,philodendron warszewiczii,0.246560
comb_DJI_20250206103258_0044_V_2689zoom.JPG,bci50haplot,low_conf_known,trattinnickia aspera,0.208810
comb_DJI_20250206104901_0012_V_3667zoom.JPG,bci50haplot,can_wait,ceiba pentandra,0.892980
comb_DJI_20250206104939_0014_V_4133zoom.JPG,bci50haplot,can_wait,ceiba pentandra,0.949970
comb_DJI_20250206105051_0016_V_4522zoom.JPG,bci50haplot,normal,serjania circumvallata,0.127410
comb_DJI_20250206105251_0022_V_3100zoom.JPG,bci50haplot,normal,hippocratea volubilis,0.079180
comb_DJI_20250206105328_0024_V_2656zoom.JPG,bci50haplot,low_conf_known,trattinnickia aspera,0.418410
comb_DJI_20250206105448_0028_V_3130zoom.JPG,bci50haplot,long_tail,tabernaemontana arborea,0.087840
comb_DJI_20250226103750_0018_V_3199zoom.JPG,bcicommtower,can_wait,davilla nitida,0.940650
comb_DJI_20250226104136_0028_V_3215zoom.JPG,bcicommtower,long_tail,guapira myrtiflora,0.138130
comb_DJI_20250226105245_0056_V_2422zoom.JPG,bcicommtower,long_tail,guapira myrtiflora,0.226350
comb_DJI_20250226110351_0006_V_3201zoom.JPG,bcicommtower,long_tail,homalium racemosum,0.016890
comb_DJI_20250226112803_0002_V_2781zoom.JPG,bcicommtower,long_tail,maripa nicaraguensis,0.044610
comb_DJI_20250226120504_0022_V_5530zoom.JPG,bcicommtower,long_tail,campyloneurum phyllitidis,0.330580
comb_DJI_20250226120746_0030_V_5890zoom.JPG,bcicommtower,long_tail,pseudobombax septenatum,0.224670
comb_DJI_20250226123309_0014_V_2249zoom.JPG,bcicommtower,normal,pouteria stipitata,0.094340
comb_DJI_20250226123349_0016_V_2657zoom.JPG,bcicommtower,low_conf_known,astronium graveolens,0.066120
comb_DJI_20250226125011_0014_V_4207zoom.JPG,bcicommtower,long_tail,cordia alliodora,0.086220
comb_DJI_20250226132320_0028_V_1262zoom.JPG,bcicommtower,long_tail,protium panamense,0.053420
comb_DJI_20250226132745_0040_V_768zoom.JPG,bcicommtower,low_conf_known,astronium graveolens,0.125570
comb_DJI_20250227132710_0036_V_4912zoom.JPG,bcicommtower,normal,spondias radlkoferi,0.295550
comb_DJI_20250227133812_0002_V_6357zoom.JPG,bcicommtower,long_tail,fridericia floribunda,0.019190
comb_DJI_20250227134548_0016_V_4482zoom.JPG,bcicommtower,long_tail,hylenaea praecelsa,0.118990
comb_DJI_20250227141529_0010_V_4058zoom.JPG,bcicommtower,normal,fridericia candicans,0.689550
comb_DJI_20250304074609_0008_V_6201zoom.JPG,bcicommtower,long_tail,guapira myrtiflora,0.256020
comb_DJI_20250304081236_0016_V_5850zoom.JPG,bcicommtower,normal,uncaria tomentosa,0.183260
comb_DJI_20250304083524_0004_V_6604zoom.JPG,bcicommtower,long_tail,entada polystachya,0.614060
comb_DJI_20250304085013_0046_V_7541zoom.JPG,bcicommtower,long_tail,spirotheca rosea,0.016840
comb_DJI_20250304085318_0056_V_8400zoom.JPG,bcicommtower,long_tail,bursera excelsa,0.023410
comb_DJI_20250304090902_0020_V_8344zoom.JPG,bcicommtower,normal,spondias radlkoferi,0.062190
comb_DJI_20250304091017_0024_V_8318zoom.JPG,bcicommtower,long_tail,pseudobombax septenatum,0.613420
comb_DJI_20250304091604_0040_V_7777zoom.JPG,bcicommtower,normal,tabebuia rosea,0.315030
comb_DJI_20250304092325_0064_V_7996zoom.JPG,bcicommtower,long_tail,pseudobombax septenatum,0.074230
comb_DJI_20250304092520_0002_V_737zoom.JPG,bcicommtower,normal,davilla nitida,0.062480
comb_DJI_20250304092729_0006_V_716zoom.JPG,bcicommtower,normal,hippocratea volubilis,0.161840
comb_DJI_20250304092830_0008_V_537zoom.JPG,bcicommtower,low_conf_known,prioria copaifera,0.110200
comb_DJI_20250304092933_0010_V_400zoom.JPG,bcicommtower,long_tail,colubrina asiatica,0.063730
comb_DJI_20250304093040_0012_V_401zoom.JPG,bcicommtower,low_conf_known,jacaranda copaia,0.293300
comb_DJI_20250304093144_0014_V_383zoom.JPG,bcicommtower,long_tail,tynanthus croatianus,0.070640
comb_DJI_20250304093145_0004_V_8024zoom.JPG,bcicommtower,long_tail,pseudobombax septenatum,0.264640
comb_DJI_20250304093610_0022_V_354zoom.JPG,bcicommtower,low_conf_known,dipteryx oleifera,0.366760
comb_DJI_20250304093701_0018_V_7507zoom.JPG,bcicommtower,normal,uncaria tomentosa,0.027500
comb_DJI_20250304094255_0002_V_363zoom.JPG,bcicommtower,can_wait,hieronyma alchorneoides,0.964620
comb_DJI_20250304094408_0004_V_501zoom.JPG,bcicommtower,long_tail,aegiphila elata,0.020770
comb_DJI_20250304095054_0016_V_683zoom.JPG,bcicommtower,can_wait,hieronyma alchorneoides,0.968490
comb_DJI_20250304095419_0022_V_651zoom.JPG,bcicommtower,normal,tabebuia rosea,0.412580
comb_DJI_20250304095630_0026_V_908zoom.JPG,bcicommtower,long_tail,guarea guidonia,0.734600
comb_DJI_20250304095800_0028_V_904zoom.JPG,bcicommtower,normal,platypodium elegans,0.507560
comb_DJI_20250304095905_0030_V_916zoom.JPG,bcicommtower,can_wait,hieronyma alchorneoides,0.960790
comb_DJI_20250304102151_0004_V_1215zoom.JPG,bcicommtower,can_wait,uncaria tomentosa,0.966100
comb_DJI_20250304102304_0006_V_966zoom.JPG,bcicommtower,can_wait,hieronyma alchorneoides,0.954670
comb_DJI_20250304102630_0012_V_1506zoom.JPG,bcicommtower,normal,hieronyma alchorneoides,0.750290
comb_DJI_20250304102838_0016_V_1837zoom.JPG,bcicommtower,long_tail,cosmibuena macrocarpa,0.723360
comb_DJI_20250304103346_0026_V_1448zoom.JPG,bcicommtower,normal,tabebuia rosea,0.678740
comb_DJI_20250304103444_0028_V_1455zoom.JPG,bcicommtower,can_wait,guatteria lucens,0.910030
comb_DJI_20250304103545_0030_V_1834zoom.JPG,bcicommtower,normal,platypodium elegans,0.223220
comb_DJI_20250304103641_0032_V_2156zoom.JPG,bcicommtower,can_wait,hieronyma alchorneoides,0.960240
comb_DJI_20250304104020_0040_V_1816zoom.JPG,bcicommtower,normal,tabebuia rosea,0.310900
comb_DJI_20250304104808_0002_V_1456zoom.JPG,bcicommtower,can_wait,guatteria lucens,0.911360
comb_DJI_20250304104907_0004_V_1821zoom.JPG,bcicommtower,low_conf_known,hieronyma alchorneoides,0.134550
comb_DJI_20250304105007_0006_V_1794zoom.JPG,bcicommtower,low_conf_known,prioria copaifera,0.262010
comb_DJI_20250304105103_0008_V_1800zoom.JPG,bcicommtower,can_wait,hieronyma alchorneoides,0.956070
comb_DJI_20250304105208_0010_V_1796zoom.JPG,bcicommtower,normal,hieronyma alchorneoides,0.784490
comb_DJI_20250304105459_0016_V_2136zoom.JPG,bcicommtower,normal,calophyllum longifolium,0.291090
comb_DJI_20250304105556_0018_V_2557zoom.JPG,bcicommtower,long_tail,beilschmiedia tovarensis,0.347990
comb_DJI_20250304105650_0020_V_2570zoom.JPG,bcicommtower,can_wait,hieronyma alchorneoides,0.967690
comb_DJI_20250304105842_0024_V_2963zoom.JPG,bcicommtower,can_wait,hieronyma alchorneoides,0.944030
comb_DJI_20250304105937_0026_V_2978zoom.JPG,bcicommtower,long_tail,vatairea erythrocarpa,0.452210
comb_DJI_20250304110034_0028_V_3362zoom.JPG,bcicommtower,normal,jacaranda copaia,0.686750
comb_DJI_20250304110131_0030_V_3740zoom.JPG,bcicommtower,long_tail,vatairea erythrocarpa,0.501550
comb_DJI_20250304110332_0034_V_3742zoom.JPG,bcicommtower,long_tail,pittocaulon velatum,0.018630
comb_DJI_20250305091343_0006_V_2175zoom.JPG,bcicommtower,normal,ocotea leptobotra,0.505040
comb_DJI_20250305091444_0008_V_1857zoom.JPG,bcicommtower,long_tail,tabernaemontana arborea,0.262330
comb_DJI_20250305092100_0020_V_1512zoom.JPG,bcicommtower,can_wait,hieronyma alchorneoides,0.952490
comb_DJI_20250305092213_0022_V_2617zoom.JPG,bcicommtower,normal,protium stevensonii,0.618150
comb_DJI_20250305092409_0026_V_3039zoom.JPG,bcicommtower,normal,hippocratea volubilis,0.314570
comb_DJI_20250305092514_0028_V_2597zoom.JPG,bcicommtower,long_tail,aechmea nudicaulis,0.055330
comb_DJI_20250305092806_0034_V_2595zoom.JPG,bcicommtower,can_wait,hieronyma alchorneoides,0.944500
comb_DJI_20250305092900_0036_V_2976zoom.JPG,bcicommtower,long_tail,vatairea erythrocarpa,0.027310
comb_DJI_20250305093005_0038_V_3716zoom.JPG,bcicommtower,normal,hieronyma alchorneoides,0.780200
comb_DJI_20250305093743_0002_V_3699zoom.JPG,bcicommtower,long_tail,hymenaea courbaril,0.630330
comb_DJI_20250305093839_0004_V_3322zoom.JPG,bcicommtower,long_tail,combretum decandrum,0.176160
comb_DJI_20250305095951_0002_V_2939zoom.JPG,bcicommtower,can_wait,simarouba amara,0.995070
comb_DJI_20250305100336_0010_V_2929zoom.JPG,bcicommtower,long_tail,tabernaemontana arborea,0.249200
comb_DJI_20250305100738_0018_V_2485zoom.JPG,bcicommtower,long_tail,fridericia patellifera,0.527900
comb_DJI_20250305100942_0022_V_2072zoom.JPG,bcicommtower,can_wait,hieronyma alchorneoides,0.892230
comb_DJI_20250305101045_0024_V_2076zoom.JPG,bcicommtower,normal,terminalia amazonia,0.617520
comb_DJI_20250305101342_0030_V_1750zoom.JPG,bcicommtower,normal,spondias radlkoferi,0.048760
comb_DJI_20250305101443_0032_V_1397zoom.JPG,bcicommtower,can_wait,trattinnickia aspera,0.880770
comb_DJI_20250305101542_0034_V_1393zoom.JPG,bcicommtower,can_wait,hieronyma alchorneoides,0.967820
comb_DJI_20250305103041_0002_V_1410zoom.JPG,bcicommtower,long_tail,lonchocarpus heptaphyllus,0.446670
comb_DJI_20250305103143_0004_V_1404zoom.JPG,bcicommtower,can_wait,hieronyma alchorneoides,0.983740
comb_DJI_20250305103245_0006_V_1411zoom.JPG,bcicommtower,low_conf_known,jacaranda copaia,0.461230
comb_DJI_20250305103438_0010_V_1412zoom.JPG,bcicommtower,long_tail,pachira sessilis,0.654850
comb_DJI_20250305103853_0018_V_1441zoom.JPG,bcicommtower,can_wait,hieronyma alchorneoides,0.883360
comb_DJI_20250305104204_0024_V_1153zoom.JPG,bcicommtower,can_wait,hieronyma alchorneoides,0.967660
comb_DJI_20250305104307_0026_V_1137zoom.JPG,bcicommtower,long_tail,tynanthus croatianus,0.402450
comb_DJI_20250305104520_0030_V_879zoom.JPG,bcicommtower,low_conf_known,dipteryx oleifera,0.079030
comb_DJI_20250305110354_0010_V_344zoom.JPG,bcicommtower,can_wait,hieronyma alchorneoides,0.817620
comb_DJI_20250305110502_0012_V_328zoom.JPG,bcicommtower,normal,hippocratea volubilis,0.323460
comb_DJI_20250305110606_0014_V_336zoom.JPG,bcicommtower,can_wait,hieronyma alchorneoides,0.968460
comb_DJI_20250305110921_0020_V_448zoom.JPG,bcicommtower,low_conf_known,trattinnickia aspera,0.001580
comb_DJI_20250305111145_0024_V_342zoom.JPG,bcicommtower,can_wait,hieronyma alchorneoides,0.992330
comb_DJI_20250305111248_0026_V_230zoom.JPG,bcicommtower,can_wait,hippocratea volubilis,0.810680
comb_DJI_20250305111348_0028_V_115zoom.JPG,bcicommtower,normal,hieronyma alchorneoides,0.747700
comb_DJI_20250305111456_0030_V_221zoom.JPG,bcicommtower,can_wait,hieronyma alchorneoides,0.981150
comb_DJI_20250305111605_0032_V_51zoom.JPG,bcicommtower,can_wait,hieronyma alchorneoides,0.879510
comb_DJI_20250305111714_0034_V_136zoom.JPG,bcicommtower,can_wait,brosimum alicastrum,0.925830
comb_DJI_20250305111932_0038_V_146zoom.JPG,bcicommtower,normal,spondias radlkoferi,0.166910
comb_DJI_20250305114226_0006_V_7093zoom.JPG,bcicommtower,can_wait,terminalia amazonia,0.822550
comb_DJI_20250305114322_0008_V_7683zoom.JPG,bcicommtower,normal,uncaria tomentosa,0.328570
comb_DJI_20250305114620_0014_V_7968zoom.JPG,bcicommtower,normal,uncaria tomentosa,0.278160
comb_DJI_20250305114717_0016_V_7957zoom.JPG,bcicommtower,can_wait,hieronyma alchorneoides,0.951160
comb_DJI_20250305114954_0022_V_7121zoom.JPG,bcicommtower,normal,fridericia candicans,0.704570
comb_DJI_20250305115346_0030_V_7708zoom.JPG,bcicommtower,normal,terminalia amazonia,0.133420
comb_DJI_20250305115801_0038_V_6827zoom.JPG,bcicommtower,long_tail,cordia alliodora,0.355270
comb_DJI_20250305121554_0022_V_7099zoom.JPG,bcicommtower,long_tail,entada polystachya,0.104600
comb_DJI_20250305122739_0048_V_6750zoom.JPG,bcicommtower,normal,dipteryx oleifera,0.696090
comb_DJI_20250305123700_0004_V_5693zoom.JPG,bcicommtower,normal,hippocratea volubilis,0.224590
comb_DJI_20250305123753_0006_V_6100zoom.JPG,bcicommtower,normal,tabebuia rosea,0.194350
comb_DJI_20250305123841_0008_V_6086zoom.JPG,bcicommtower,long_tail,hymenaea courbaril,0.169010
comb_DJI_20250305124919_0004_V_5731zoom.JPG,bcicommtower,normal,hippocratea volubilis,0.594940
comb_DJI_20250305125012_0006_V_5721zoom.JPG,bcicommtower,long_tail,hymenaea courbaril,0.255360
comb_DJI_20250305125203_0010_V_5357zoom.JPG,bcicommtower,can_wait,ceiba pentandra,0.966420
comb_DJI_20250305125300_0012_V_6127zoom.JPG,bcicommtower,normal,alseis blackiana,0.536880
comb_DJI_20250305125358_0014_V_6092zoom.JPG,bcicommtower,normal,pouteria stipitata,0.243420
comb_DJI_20250305125455_0016_V_6465zoom.JPG,bcicommtower,long_tail,maripa panamensis,0.164620
comb_DJI_20250305125552_0018_V_6435zoom.JPG,bcicommtower,can_wait,guatteria lucens,0.976960
comb_DJI_20250305130115_0030_V_6726zoom.JPG,bcicommtower,normal,senegalia hayesii,0.243550
comb_DJI_20250305130207_0032_V_6038zoom.JPG,bcicommtower,can_wait,hieronyma alchorneoides,0.877250
comb_DJI_20250305130442_0038_V_6406zoom.JPG,bcicommtower,normal,pouteria stipitata,0.745380
comb_DJI_20250305130536_0040_V_5686zoom.JPG,bcicommtower,long_tail,maripa nicaraguensis,0.481850
comb_DJI_20250305130626_0042_V_5694zoom.JPG,bcicommtower,long_tail,robrichia schomburgkii,0.021130
comb_DJI_20250305131944_0008_V_4940zoom.JPG,bcicommtower,low_conf_known,dipteryx oleifera,0.106100
comb_DJI_20250305132033_0010_V_4562zoom.JPG,bcicommtower,can_wait,hieronyma alchorneoides,0.868440
comb_DJI_20250305132129_0012_V_4963zoom.JPG,bcicommtower,normal,hippocratea volubilis,0.616480
comb_DJI_20250305132226_0014_V_4948zoom.JPG,bcicommtower,long_tail,dalbergia sissoo,0.016910
comb_DJI_20250305132515_0020_V_4173zoom.JPG,bcicommtower,normal,protium stevensonii,0.139960
comb_DJI_20250305132608_0022_V_4561zoom.JPG,bcicommtower,long_tail,sloanea terniflora,0.468640
comb_DJI_20250305132702_0024_V_4175zoom.JPG,bcicommtower,can_wait,dipteryx oleifera,0.890050
comb_DJI_20250305132752_0026_V_4528zoom.JPG,bcicommtower,normal,protium stevensonii,0.770850
comb_DJI_20250305132855_0028_V_4525zoom.JPG,bcicommtower,low_conf_known,anacardium excelsum,0.148290
comb_DJI_20250305133116_0032_V_4575zoom.JPG,bcicommtower,can_wait,jacaranda copaia,0.968720
comb_DJI_20250305133418_0038_V_5757zoom.JPG,bcicommtower,long_tail,selenicereus monacanthus,0.078330
comb_DJI_20250305133608_0042_V_5393zoom.JPG,bcicommtower,normal,ocotea leptobotra,0.710170
comb_DJI_20250305133709_0044_V_5000zoom.JPG,bcicommtower,normal,simarouba amara,0.391060
comb_DJI_20250305133812_0046_V_5383zoom.JPG,bcicommtower,normal,ocotea leptobotra,0.176010
comb_DJI_20250305134619_0008_V_5027zoom.JPG,bcicommtower,long_tail,spondias mombin,0.106630
comb_DJI_20250305134832_0012_V_5056zoom.JPG,bcicommtower,normal,spondias radlkoferi,0.024290
comb_DJI_20250305134932_0014_V_5428zoom.JPG,bcicommtower,can_wait,hieronyma alchorneoides,0.907600
comb_DJI_20250305135037_0016_V_4656zoom.JPG,bcicommtower,long_tail,pseudobombax septenatum,0.415840
comb_DJI_20250305135150_0018_V_6159zoom.JPG,bcicommtower,normal,terminalia amazonia,0.026140
comb_DJI_20250520090740_0002_V_148zoom.JPG,coba2,low_conf_known,chrysophyllum cainito,0.334010
comb_DJI_20250520090816_0004_V_128zoom.JPG,coba2,normal,brosimum alicastrum,0.463370
comb_DJI_20250520090856_0006_V_179zoom.JPG,coba2,long_tail,cordia alliodora,0.143820
comb_DJI_20250520090933_0008_V_134zoom.JPG,coba2,long_tail,funtumia elastica,0.258070
comb_DJI_20250520091015_0010_V_126zoom.JPG,coba2,normal,pouteria stipitata,0.049970
comb_DJI_20250520091057_0012_V_174zoom.JPG,coba2,normal,brosimum alicastrum,0.175540
comb_DJI_20250520091134_0014_V_239zoom.JPG,coba2,long_tail,protium tenuifolium,0.275020
comb_DJI_20250520091215_0016_V_238zoom.JPG,coba2,normal,terminalia amazonia,0.084390
comb_DJI_20250520091254_0018_V_240zoom.JPG,coba2,normal,brosimum alicastrum,0.650030
comb_DJI_20250520091328_0020_V_132zoom.JPG,coba2,low_conf_known,dipteryx oleifera,0.041090
comb_DJI_20250520091411_0022_V_167zoom.JPG,coba2,low_conf_known,jacaranda copaia,0.021310
comb_DJI_20250520091446_0024_V_129zoom.JPG,coba2,normal,brosimum alicastrum,0.456060
comb_DJI_20250520091519_0026_V_127zoom.JPG,coba2,normal,terminalia oblonga,0.246200
comb_DJI_20250520091553_0028_V_125zoom.JPG,coba2,low_conf_known,jacaranda copaia,0.212160
comb_DJI_20250520091632_0030_V_141zoom.JPG,coba2,long_tail,margaritaria nobilis,0.029350
comb_DJI_20250520091709_0032_V_192zoom.JPG,coba2,normal,calophyllum longifolium,0.471900
comb_DJI_20250520091743_0034_V_171zoom.JPG,coba2,normal,terminalia oblonga,0.222040
comb_DJI_20250520091820_0036_V_131zoom.JPG,coba2,normal,terminalia oblonga,0.414790
comb_DJI_20250520091856_0038_V_90zoom.JPG,coba2,normal,calophyllum longifolium,0.022440
comb_DJI_20250520091935_0040_V_190zoom.JPG,coba2,long_tail,vochysia ferruginea,0.040340
comb_DJI_20250520092013_0042_V_104zoom.JPG,coba2,long_tail,guapira myrtiflora,0.086610
comb_DJI_20250520092051_0044_V_196zoom.JPG,coba2,low_conf_known,inga marginata,0.058560
comb_DJI_20250520092128_0046_V_191zoom.JPG,coba2,long_tail,guapira myrtiflora,0.068020
comb_DJI_20250520092204_0048_V_197zoom.JPG,coba2,normal,protium stevensonii,0.779560
comb_DJI_20250520092238_0050_V_208zoom.JPG,coba2,normal,calophyllum longifolium,0.607110
comb_DJI_20250520093137_0002_V_82zoom.JPG,coba2,normal,calophyllum longifolium,0.191550
comb_DJI_20250520093216_0004_V_94zoom.JPG,coba2,long_tail,guapira myrtiflora,0.066400
comb_DJI_20250520093250_0006_V_198zoom.JPG,coba2,normal,calophyllum longifolium,0.106530
comb_DJI_20250520093325_0008_V_78zoom.JPG,coba2,normal,brosimum alicastrum,0.061050
comb_DJI_20250520093402_0010_V_99zoom.JPG,coba2,normal,protium stevensonii,0.079700
comb_DJI_20250520093437_0012_V_80zoom.JPG,coba2,long_tail,cassipourea elliptica,0.297660
comb_DJI_20250520093511_0014_V_170zoom.JPG,coba2,long_tail,licaria triandra,0.064200
comb_DJI_20250520093548_0016_V_162zoom.JPG,coba2,long_tail,socratea exorrhiza,0.081100
comb_DJI_20250520093627_0018_V_168zoom.JPG,coba2,long_tail,pseudobombax septenatum,0.033550
comb_DJI_20250520093734_0022_V_119zoom.JPG,coba2,normal,brosimum alicastrum,0.258500
comb_DJI_20250520093808_0024_V_123zoom.JPG,coba2,long_tail,prionostemma aspera,0.026880
comb_DJI_20250520093843_0026_V_60zoom.JPG,coba2,can_wait,calophyllum longifolium,0.952560
comb_DJI_20250520093915_0028_V_63zoom.JPG,coba2,can_wait,calophyllum longifolium,0.809750
comb_DJI_20250520093948_0030_V_117zoom.JPG,coba2,normal,calophyllum longifolium,0.603590
comb_DJI_20250520094021_0032_V_86zoom.JPG,coba2,normal,hippocratea volubilis,0.032970
comb_DJI_20250520094051_0034_V_157zoom.JPG,coba2,long_tail,tabernaemontana arborea,0.180610
comb_DJI_20250520094101_0036_V_111zoom.JPG,coba2,normal,davilla nitida,0.026570
comb_DJI_20250520094132_0038_V_108zoom.JPG,coba2,long_tail,symphonia globulifera,0.024320
comb_DJI_20250520094203_0040_V_61zoom.JPG,coba2,long_tail,virola sebifera,0.301300
comb_DJI_20250520094234_0042_V_70zoom.JPG,coba2,low_conf_known,inga marginata,0.184160
comb_DJI_20250520094304_0044_V_158zoom.JPG,coba2,long_tail,guettarda macrosperma,0.039170
comb_DJI_20250520094337_0046_V_59zoom.JPG,coba2,low_conf_known,hieronyma alchorneoides,0.015570
comb_DJI_20250520094410_0048_V_68zoom.JPG,coba2,long_tail,manilkara staminodella,0.003990
comb_DJI_20250520094441_0050_V_110zoom.JPG,coba2,long_tail,ficus pertusa,0.005670
comb_DJI_20250520094514_0052_V_165zoom.JPG,coba2,normal,simarouba amara,0.307980
comb_DJI_20250520094551_0054_V_164zoom.JPG,coba2,normal,calophyllum longifolium,0.560170
comb_DJI_20250520094624_0056_V_163zoom.JPG,coba2,can_wait,calophyllum longifolium,0.819400
comb_DJI_20250520094658_0058_V_156zoom.JPG,coba2,long_tail,virola sebifera,0.083250
comb_DJI_20250520095702_0002_V_112zoom.JPG,coba2,long_tail,ulmus parvifolia,0.376210
comb_DJI_20250520095713_0004_V_182zoom.JPG,coba2,normal,calophyllum longifolium,0.501630
comb_DJI_20250520095749_0006_V_160zoom.JPG,coba2,long_tail,bonellia macrocarpa,0.033440
comb_DJI_20250520095829_0008_V_185zoom.JPG,coba2,long_tail,beilschmiedia tovarensis,0.037800
comb_DJI_20250520095908_0010_V_187zoom.JPG,coba2,long_tail,tabernaemontana arborea,0.127800
comb_DJI_20250520095947_0012_V_184zoom.JPG,coba2,normal,calophyllum longifolium,0.674330
comb_DJI_20250520100025_0014_V_172zoom.JPG,coba2,long_tail,guapira myrtiflora,0.037380
comb_DJI_20250520100111_0016_V_178zoom.JPG,coba2,can_wait,calophyllum longifolium,0.814970
comb_DJI_20250520100205_0018_V_166zoom.JPG,coba2,long_tail,couepia polyandra,0.037260
comb_DJI_20250520100243_0020_V_173zoom.JPG,coba2,low_conf_known,guatteria lucens,0.116090
comb_DJI_20250520100324_0022_V_237zoom.JPG,coba2,normal,protium stevensonii,0.037200
comb_DJI_20250520100401_0024_V_145zoom.JPG,coba2,long_tail,sloanea terniflora,0.240960
comb_DJI_20250520100437_0026_V_116zoom.JPG,coba2,long_tail,ligustrum ovalifolium,0.089720
comb_DJI_20250520100514_0028_V_169zoom.JPG,coba2,normal,brosimum alicastrum,0.320430
comb_DJI_20250520100546_0030_V_114zoom.JPG,coba2,long_tail,pseudobombax septenatum,0.018910
comb_DJI_20250520100617_0032_V_161zoom.JPG,coba2,normal,calophyllum longifolium,0.792400
comb_DJI_20250520100649_0034_V_71zoom.JPG,coba2,long_tail,symphonia globulifera,0.035530
comb_DJI_20250520100723_0036_V_107zoom.JPG,coba2,normal,brosimum alicastrum,0.655030
comb_DJI_20250520100750_0038_V_106zoom.JPG,coba2,normal,simarouba amara,0.095670
comb_DJI_20250520100819_0040_V_113zoom.JPG,coba2,normal,simarouba amara,0.183020
comb_DJI_20250520100850_0042_V_75zoom.JPG,coba2,normal,pouteria stipitata,0.318490
comb_DJI_20250520100921_0044_V_122zoom.JPG,coba2,normal,hieronyma alchorneoides,0.546520
comb_DJI_20250520100949_0046_V_21zoom.JPG,coba2,normal,protium stevensonii,0.196950
comb_DJI_20250520101015_0048_V_15zoom.JPG,coba2,normal,brosimum alicastrum,0.040970
comb_DJI_20250520101041_0050_V_17zoom.JPG,coba2,long_tail,ocotea oblonga,0.063690
comb_DJI_20250520101109_0052_V_67zoom.JPG,coba2,long_tail,virola sebifera,0.123270
comb_DJI_20250520101141_0054_V_209zoom.JPG,coba2,normal,ocotea leptobotra,0.191410
comb_DJI_20250520101215_0056_V_210zoom.JPG,coba2,normal,pouteria stipitata,0.213330
comb_DJI_20250520101246_0058_V_22zoom.JPG,coba2,low_conf_known,guatteria lucens,0.045110
comb_DJI_20250520101317_0060_V_211zoom.JPG,coba2,normal,apeiba membranacea,0.025060
comb_DJI_20250520101346_0062_V_27zoom.JPG,coba2,long_tail,ligustrum ovalifolium,0.110880
comb_DJI_20250520102112_0002_V_234zoom.JPG,coba2,low_conf_known,hura crepitans,0.063810
comb_DJI_20250520102143_0004_V_229zoom.JPG,coba2,long_tail,guapira myrtiflora,0.015220
comb_DJI_20250520102210_0006_V_16zoom.JPG,coba2,normal,brosimum alicastrum,0.091410
comb_DJI_20250520102243_0008_V_13zoom.JPG,coba2,long_tail,guapira myrtiflora,0.062360
comb_DJI_20250520102314_0010_V_7zoom.JPG,coba2,long_tail,virola sebifera,0.073870
comb_DJI_20250520102340_0012_V_2zoom.JPG,coba2,long_tail,nectandra lineata,0.065730
comb_DJI_20250520102409_0014_V_25zoom.JPG,coba2,low_conf_known,hura crepitans,0.186820
comb_DJI_20250520102437_0016_V_23zoom.JPG,coba2,normal,calophyllum longifolium,0.627540
comb_DJI_20250520102506_0018_V_9zoom.JPG,coba2,can_wait,calophyllum longifolium,0.860800
comb_DJI_20250520102538_0020_V_3zoom.JPG,coba2,long_tail,cordia alliodora,0.163850
comb_DJI_20250520102611_0022_V_4zoom.JPG,coba2,long_tail,virola sebifera,0.048730
comb_DJI_20250520102643_0024_V_30zoom.JPG,coba2,long_tail,tabernaemontana arborea,0.245810
comb_DJI_20250520102715_0026_V_1zoom.JPG,coba2,long_tail,zanthoxylum panamense,0.037310
comb_DJI_20250520102749_0028_V_200zoom.JPG,coba2,low_conf_known,cecropia insignis,0.152350
comb_DJI_20250520102823_0030_V_28zoom.JPG,coba2,long_tail,miconia multispicata,0.371580
comb_DJI_20250520102858_0032_V_64zoom.JPG,coba2,normal,terminalia amazonia,0.247450
comb_DJI_20250520102934_0034_V_72zoom.JPG,coba2,long_tail,psychotria nervosa,0.148210
comb_DJI_20250520103013_0036_V_5zoom.JPG,coba2,long_tail,sarcomphalus joazeiro,0.013050
comb_DJI_20250520103049_0038_V_230zoom.JPG,coba2,normal,protium stevensonii,0.226580
comb_DJI_20250520103119_0040_V_228zoom.JPG,coba2,normal,calophyllum longifolium,0.437230
comb_DJI_20250520103152_0042_V_231zoom.JPG,coba2,long_tail,neolamarckia cadamba,0.031910
comb_DJI_20250520103225_0044_V_225zoom.JPG,coba2,long_tail,casearia decandra,0.013770
comb_DJI_20250520103259_0046_V_226zoom.JPG,coba2,normal,brosimum alicastrum,0.158800
comb_DJI_20250520103336_0048_V_224zoom.JPG,coba2,normal,brosimum alicastrum,0.131990
comb_DJI_20250520103409_0050_V_130zoom.JPG,coba2,long_tail,prionostemma aspera,0.009080
comb_DJI_20250520103442_0052_V_220zoom.JPG,coba2,low_conf_known,chrysophyllum cainito,0.035040
comb_DJI_20250520114859_0002_V_223zoom.JPG,coba2,normal,terminalia oblonga,0.024280
comb_DJI_20250520114935_0004_V_221zoom.JPG,coba2,normal,pouteria stipitata,0.107690
comb_DJI_20250520115012_0006_V_124zoom.JPG,coba2,normal,simarouba amara,0.447330
comb_DJI_20250520115050_0008_V_76zoom.JPG,coba2,normal,brosimum alicastrum,0.459060
comb_DJI_20250520115128_0010_V_115zoom.JPG,coba2,long_tail,beilschmiedia tovarensis,0.072890
comb_DJI_20250520115204_0012_V_98zoom.JPG,coba2,long_tail,sloanea terniflora,0.172850
comb_DJI_20250520115241_0014_V_193zoom.JPG,coba2,long_tail,sloanea terniflora,0.100380
comb_DJI_20250520115314_0016_V_91zoom.JPG,coba2,normal,apeiba membranacea,0.015390
comb_DJI_20250520115351_0018_V_26zoom.JPG,coba2,long_tail,swartzia simplex,0.038800
comb_DJI_20250520115427_0020_V_222zoom.JPG,coba2,normal,brosimum alicastrum,0.205280
comb_DJI_20250520115504_0022_V_219zoom.JPG,coba2,normal,protium stevensonii,0.194500
comb_DJI_20250520115540_0024_V_215zoom.JPG,coba2,long_tail,guapira myrtiflora,0.074470
comb_DJI_20250520115614_0026_V_214zoom.JPG,coba2,normal,ocotea leptobotra,0.656680
comb_DJI_20250520115651_0028_V_212zoom.JPG,coba2,long_tail,protium panamense,0.107340
comb_DJI_20250520115726_0030_V_216zoom.JPG,coba2,normal,brosimum alicastrum,0.240500
comb_DJI_20250520115800_0032_V_213zoom.JPG,coba2,long_tail,beilschmiedia tovarensis,0.073470
comb_DJI_20250520115833_0034_V_232zoom.JPG,coba2,normal,davilla nitida,0.063100
comb_DJI_20250520115910_0036_V_69zoom.JPG,coba2,long_tail,beilschmiedia tovarensis,0.043670
comb_DJI_20250520115947_0038_V_45zoom.JPG,coba2,can_wait,calophyllum longifolium,0.961390
comb_DJI_20250520120024_0040_V_79zoom.JPG,coba2,low_conf_known,dipteryx oleifera,0.017610
comb_DJI_20250520120059_0042_V_218zoom.JPG,coba2,long_tail,guapira myrtiflora,0.124950
comb_DJI_20250520120136_0044_V_88zoom.JPG,coba2,normal,simarouba amara,0.127760
comb_DJI_20250520120214_0046_V_217zoom.JPG,coba2,long_tail,protium panamense,0.018190
comb_DJI_20250520120252_0048_V_47zoom.JPG,coba2,long_tail,xylopia frutescens,0.253960
comb_DJI_20250520120330_0050_V_95zoom.JPG,coba2,normal,brosimum alicastrum,0.630130
comb_DJI_20250520120407_0052_V_52zoom.JPG,coba2,low_conf_known,chrysophyllum cainito,0.121480
comb_DJI_20250522085314_0001_V_128zoom.JPG,srp31,long_tail,weinmannia trianae,0.022320
comb_DJI_20250522085346_0003_V_3zoom.JPG,srp31,long_tail,bactris maraja,0.008330
comb_DJI_20250522085419_0005_V_130zoom.JPG,srp31,low_conf_known,jacaranda copaia,0.059610
comb_DJI_20250522085447_0007_V_129zoom.JPG,srp31,long_tail,quararibea stenophylla,0.177600
comb_DJI_20250522085518_0009_V_8zoom.JPG,srp31,long_tail,quararibea stenophylla,0.060310
comb_DJI_20250522085731_0011_V_9zoom.JPG,srp31,long_tail,pseudobombax septenatum,0.025130
comb_DJI_20250522085801_0013_V_14zoom.JPG,srp31,normal,luehea seemannii,0.212330
comb_DJI_20250522085833_0015_V_16zoom.JPG,srp31,long_tail,socratea exorrhiza,0.266160
comb_DJI_20250522085904_0017_V_12zoom.JPG,srp31,long_tail,genipa americana,0.113590
comb_DJI_20250522085957_0019_V_11zoom.JPG,srp31,low_conf_known,anacardium excelsum,0.123130
comb_DJI_20250522090028_0021_V_18zoom.JPG,srp31,long_tail,fridericia patellifera,0.065620
comb_DJI_20250522090101_0023_V_22zoom.JPG,srp31,long_tail,gouania lupuloides,0.355570
comb_DJI_20250522090204_0025_V_19zoom.JPG,srp31,normal,ficus obtusifolia,0.456390
comb_DJI_20250522090234_0027_V_21zoom.JPG,srp31,normal,protium stevensonii,0.125730
comb_DJI_20250522090446_0029_V_20zoom.JPG,srp31,low_conf_known,guatteria lucens,0.448730
comb_DJI_20250522090515_0031_V_17zoom.JPG,srp31,long_tail,hylenaea praecelsa,0.160540
comb_DJI_20250522090544_0033_V_23zoom.JPG,srp31,long_tail,welfia regia,0.055760
comb_DJI_20250522090617_0035_V_49zoom.JPG,srp31,long_tail,evolvulus nummularius,0.043700
comb_DJI_20250522090652_0037_V_46zoom.JPG,srp31,low_conf_known,trattinnickia aspera,0.082630
comb_DJI_20250522090721_0039_V_156zoom.JPG,srp31,normal,davilla nitida,0.531830
comb_DJI_20250522091545_0001_V_48zoom.JPG,srp31,normal,davilla nitida,0.252780
comb_DJI_20250522091617_0003_V_51zoom.JPG,srp31,low_conf_known,hieronyma alchorneoides,0.141930
comb_DJI_20250522091647_0005_V_79zoom.JPG,srp31,normal,jacaranda copaia,0.591490
comb_DJI_20250522091719_0007_V_59zoom.JPG,srp31,low_conf_known,prioria copaifera,0.035320
comb_DJI_20250522091742_0009_V_52zoom.JPG,srp31,low_conf_known,prioria copaifera,0.026340
comb_DJI_20250522091815_0011_V_153zoom.JPG,srp31,normal,davilla nitida,0.627150
comb_DJI_20250522091913_0015_V_159zoom.JPG,srp31,normal,davilla nitida,0.723630
comb_DJI_20250522091943_0017_V_138zoom.JPG,srp31,normal,davilla nitida,0.222230
comb_DJI_20250522092011_0019_V_106zoom.JPG,srp31,normal,terminalia amazonia,0.147990
comb_DJI_20250522092039_0021_V_114zoom.JPG,srp31,normal,pouteria stipitata,0.105600
comb_DJI_20250522092107_0023_V_108zoom.JPG,srp31,long_tail,cordia alliodora,0.496600
comb_DJI_20250522092137_0025_V_98zoom.JPG,srp31,long_tail,funtumia elastica,0.038890
comb_DJI_20250522092216_0027_V_110zoom.JPG,srp31,can_wait,davilla nitida,0.932780
comb_DJI_20250522092241_0029_V_147zoom.JPG,srp31,long_tail,cordia alliodora,0.118000
comb_DJI_20250522092311_0031_V_99zoom.JPG,srp31,low_conf_known,anacardium excelsum,0.096070
comb_DJI_20250522092343_0033_V_151zoom.JPG,srp31,normal,davilla nitida,0.093350
comb_DJI_20250522092414_0035_V_152zoom.JPG,srp31,normal,pouteria stipitata,0.112730
comb_DJI_20250522092447_0037_V_146zoom.JPG,srp31,normal,davilla nitida,0.268480
comb_DJI_20250522092519_0039_V_95zoom.JPG,srp31,low_conf_known,dipteryx oleifera,0.053430
comb_DJI_20250522092550_0041_V_96zoom.JPG,srp31,normal,protium stevensonii,0.145630
comb_DJI_20250522092624_0043_V_97zoom.JPG,srp31,long_tail,selaginella willdenowii,0.022240
comb_DJI_20250522092659_0045_V_104zoom.JPG,srp31,long_tail,cordia alliodora,0.094560
comb_DJI_20250522092731_0047_V_105zoom.JPG,srp31,long_tail,protium tenuifolium,0.187760
comb_DJI_20250522092802_0049_V_123zoom.JPG,srp31,normal,brosimum alicastrum,0.109730
comb_DJI_20250522092832_0051_V_121zoom.JPG,srp31,long_tail,iriartea deltoidea,0.240800
comb_DJI_20250522092900_0053_V_122zoom.JPG,srp31,normal,fridericia candicans,0.229260
comb_DJI_20250522092939_0055_V_102zoom.JPG,srp31,normal,pouteria stipitata,0.108980
comb_DJI_20250522093009_0057_V_149zoom.JPG,srp31,long_tail,chrysophyllum argenteum,0.120000
comb_DJI_20250522093037_0059_V_111zoom.JPG,srp31,long_tail,sloanea terniflora,0.014510
comb_DJI_20250522093107_0061_V_148zoom.JPG,srp31,normal,apeiba membranacea,0.056750
comb_DJI_20250522093143_0063_V_112zoom.JPG,srp31,normal,protium stevensonii,0.036520
comb_DJI_20250522093814_0001_V_107zoom.JPG,srp31,normal,protium stevensonii,0.143640
comb_DJI_20250522093841_0003_V_116zoom.JPG,srp31,long_tail,olyra latifolia,0.074980
comb_DJI_20250522093914_0005_V_117zoom.JPG,srp31,long_tail,inga thibaudiana,0.110420
comb_DJI_20250522093946_0007_V_109zoom.JPG,srp31,long_tail,celtis iguanaea,0.149100
comb_DJI_20250522094013_0009_V_115zoom.JPG,srp31,long_tail,beilschmiedia tovarensis,0.163200
comb_DJI_20250522094042_0011_V_113zoom.JPG,srp31,long_tail,sloanea terniflora,0.191060
comb_DJI_20250522094115_0013_V_143zoom.JPG,srp31,normal,davilla nitida,0.042460
comb_DJI_20250522094144_0015_V_83zoom.JPG,srp31,low_conf_known,anacardium excelsum,0.054670
comb_DJI_20250522094215_0017_V_82zoom.JPG,srp31,normal,davilla nitida,0.742030
comb_DJI_20250522094242_0019_V_142zoom.JPG,srp31,long_tail,doliocarpus major,0.159960
comb_DJI_20250522094316_0021_V_77zoom.JPG,srp31,long_tail,cordia alliodora,0.211130
comb_DJI_20250522094347_0023_V_75zoom.JPG,srp31,long_tail,guazuma ulmifolia,0.044030
comb_DJI_20250522094418_0025_V_50zoom.JPG,srp31,normal,davilla nitida,0.269580
comb_DJI_20250522094446_0027_V_42zoom.JPG,srp31,low_conf_known,cecropia insignis,0.064110
comb_DJI_20250522094518_0029_V_44zoom.JPG,srp31,low_conf_known,prioria copaifera,0.106880
comb_DJI_20250522094550_0031_V_43zoom.JPG,srp31,long_tail,tabernaemontana arborea,0.241380
comb_DJI_20250522094613_0033_V_40zoom.JPG,srp31,long_tail,omphalea diandra,0.046040
comb_DJI_20250522094640_0035_V_36zoom.JPG,srp31,normal,protium stevensonii,0.398900
comb_DJI_20250522094710_0037_V_35zoom.JPG,srp31,long_tail,sloanea terniflora,0.027410
comb_DJI_20250522094745_0039_V_15zoom.JPG,srp31,normal,protium stevensonii,0.448980
comb_DJI_20250522094816_0041_V_38zoom.JPG,srp31,long_tail,cordia alliodora,0.227320
comb_DJI_20250522094847_0043_V_31zoom.JPG,srp31,low_conf_known,anacardium excelsum,0.210860
comb_DJI_20250522094917_0045_V_41zoom.JPG,srp31,long_tail,sloanea terniflora,0.101110
comb_DJI_20250522094956_0047_V_32zoom.JPG,srp31,long_tail,hylenaea praecelsa,0.050250
comb_DJI_20250522095027_0049_V_33zoom.JPG,srp31,normal,luehea seemannii,0.025260
comb_DJI_20250522095059_0051_V_61zoom.JPG,srp31,low_conf_known,chrysophyllum cainito,0.332100
comb_DJI_20250522095132_0053_V_68zoom.JPG,srp31,low_conf_known,hura crepitans,0.025370
comb_DJI_20250522095203_0055_V_70zoom.JPG,srp31,long_tail,celtis iguanaea,0.249680
comb_DJI_20250522095235_0057_V_158zoom.JPG,srp31,long_tail,fridericia schumanniana,0.027140
comb_DJI_20250522095308_0059_V_72zoom.JPG,srp31,long_tail,celtis iguanaea,0.042830
comb_DJI_20250522095340_0061_V_71zoom.JPG,srp31,low_conf_known,prioria copaifera,0.022890
comb_DJI_20250522095411_0063_V_76zoom.JPG,srp31,normal,protium stevensonii,0.136230
comb_DJI_20250522095442_0065_V_73zoom.JPG,srp31,normal,pouteria stipitata,0.040600
comb_DJI_20250522095514_0067_V_74zoom.JPG,srp31,long_tail,machaerium isadelphum,0.016320
comb_DJI_20250522095547_0069_V_101zoom.JPG,srp31,low_conf_known,jacaranda copaia,0.098040
comb_DJI_20250522095621_0071_V_150zoom.JPG,srp31,normal,alseis blackiana,0.032400
comb_DJI_20250522100316_0001_V_103zoom.JPG,srp31,low_conf_known,hieronyma alchorneoides,0.050280
comb_DJI_20250522100346_0003_V_100zoom.JPG,srp31,long_tail,guarea bullata,0.038000
comb_DJI_20250522100417_0005_V_124zoom.JPG,srp31,long_tail,prionostemma aspera,0.083500
comb_DJI_20250522100453_0007_V_86zoom.JPG,srp31,long_tail,doliocarpus major,0.098010
comb_DJI_20250522100519_0009_V_81zoom.JPG,srp31,long_tail,omphalea diandra,0.207770
comb_DJI_20250522100547_0011_V_85zoom.JPG,srp31,can_wait,cecropia insignis,0.850470
comb_DJI_20250522100615_0013_V_84zoom.JPG,srp31,can_wait,cecropia insignis,0.853440
comb_DJI_20250522100645_0015_V_80zoom.JPG,srp31,long_tail,inga edulis,0.132820
comb_DJI_20250522100716_0017_V_54zoom.JPG,srp31,low_conf_known,anacardium excelsum,0.198280
comb_DJI_20250522100746_0019_V_53zoom.JPG,srp31,low_conf_known,hieronyma alchorneoides,0.137720
comb_DJI_20250522100820_0021_V_55zoom.JPG,srp31,long_tail,guarea guidonia,0.471450
comb_DJI_20250522100854_0023_V_24zoom.JPG,srp31,long_tail,lonchocarpus heptaphyllus,0.150190
comb_DJI_20250522100923_0025_V_25zoom.JPG,srp31,normal,davilla nitida,0.025130
comb_DJI_20250522100957_0027_V_45zoom.JPG,srp31,long_tail,chrysophyllum argenteum,0.062020
comb_DJI_20250522101027_0029_V_47zoom.JPG,srp31,long_tail,manicaria saccifera,0.251500
comb_DJI_20250522101057_0031_V_39zoom.JPG,srp31,low_conf_known,cecropia insignis,0.291740
comb_DJI_20250522101125_0033_V_13zoom.JPG,srp31,normal,davilla nitida,0.234950
comb_DJI_20250522101200_0035_V_37zoom.JPG,srp31,long_tail,dialium guianense,0.018170
comb_DJI_20250522101227_0037_V_157zoom.JPG,srp31,long_tail,callichlamys latifolia,0.031600
comb_DJI_20250522101303_0039_V_69zoom.JPG,srp31,long_tail,sloanea terniflora,0.055090
comb_DJI_20250522101334_0041_V_62zoom.JPG,srp31,low_conf_known,jacaranda copaia,0.256120
comb_DJI_20250522101406_0043_V_155zoom.JPG,srp31,normal,brosimum alicastrum,0.025590
comb_DJI_20250522101442_0045_V_154zoom.JPG,srp31,normal,fridericia candicans,0.153390
comb_DJI_20250522101514_0047_V_66zoom.JPG,srp31,long_tail,chamaedorea costaricana,0.035520
comb_DJI_20250522101541_0049_V_56zoom.JPG,srp31,normal,fridericia candicans,0.077580
comb_DJI_20250522101613_0051_V_145zoom.JPG,srp31,long_tail,gouania lupuloides,0.196430
comb_DJI_20250522101645_0053_V_65zoom.JPG,srp31,long_tail,cordia alliodora,0.044930
comb_DJI_20250522101720_0055_V_67zoom.JPG,srp31,normal,jacaranda copaia,0.517170
comb_DJI_20250522101754_0057_V_92zoom.JPG,srp31,normal,terminalia oblonga,0.139880
comb_DJI_20250522101838_0059_V_141zoom.JPG,srp31,long_tail,aspidosperma desmanthum,0.541690
comb_DJI_20250522101910_0061_V_140zoom.JPG,srp31,low_conf_known,anacardium excelsum,0.005190
comb_DJI_20250522101939_0063_V_88zoom.JPG,srp31,long_tail,laelia anceps,0.037960
comb_DJI_20250522102002_0065_V_90zoom.JPG,srp31,long_tail,manilkara chicle,0.014240
comb_DJI_20250522102653_0001_V_89zoom.JPG,srp31,normal,hippocratea volubilis,0.019750
comb_DJI_20250522102725_0003_V_119zoom.JPG,srp31,long_tail,amphilophium crucigerum,0.277280
comb_DJI_20250522102758_0005_V_118zoom.JPG,srp31,long_tail,amphilophium crucigerum,0.070030
comb_DJI_20250522102834_0007_V_94zoom.JPG,srp31,normal,ocotea leptobotra,0.092330
comb_DJI_20250522102904_0009_V_139zoom.JPG,srp31,long_tail,muellera monilis,0.014520
comb_DJI_20250522102936_0011_V_137zoom.JPG,srp31,long_tail,pleurothyrium palmanum,0.033790
comb_DJI_20250522103005_0013_V_93zoom.JPG,srp31,long_tail,bignonia aequinoctialis,0.087040
comb_DJI_20250522103041_0015_V_120zoom.JPG,srp31,low_conf_known,inga marginata,0.296970
comb_DJI_20250522103116_0017_V_91zoom.JPG,srp31,normal,spondias radlkoferi,0.075500
comb_DJI_20250522103155_0019_V_60zoom.JPG,srp31,normal,alseis blackiana,0.051370
comb_DJI_20250522103225_0021_V_64zoom.JPG,srp31,normal,ceiba pentandra,0.073690
comb_DJI_20250522103255_0023_V_34zoom.JPG,srp31,low_conf_known,hieronyma alchorneoides,0.027130
comb_DJI_20250522103324_0025_V_63zoom.JPG,srp31,long_tail,blepharidium guatemalense,0.020410
comb_DJI_20250522103354_0027_V_144zoom.JPG,srp31,long_tail,lonchocarpus heptaphyllus,0.084570
comb_DJI_20250522103425_0029_V_136zoom.JPG,srp31,long_tail,hylenaea praecelsa,0.090010
comb_DJI_20250522103500_0031_V_87zoom.JPG,srp31,long_tail,sarcomphalus cinnamomum,0.057510
comb_DJI_20250522103527_0033_V_57zoom.JPG,srp31,long_tail,omphalea diandra,0.169840
comb_DJI_20250522103600_0035_V_58zoom.JPG,srp31,normal,simarouba amara,0.041880
comb_DJI_20250522103631_0037_V_26zoom.JPG,srp31,low_conf_known,jacaranda copaia,0.095200
comb_DJI_20250522103700_0039_V_27zoom.JPG,srp31,normal,davilla nitida,0.122860
comb_DJI_20250522103731_0041_V_30zoom.JPG,srp31,normal,davilla nitida,0.043280
comb_DJI_20250522103802_0043_V_126zoom.JPG,srp31,long_tail,guapira myrtiflora,0.019040
comb_DJI_20250522103832_0045_V_125zoom.JPG,srp31,long_tail,beilschmiedia tovarensis,0.063650
comb_DJI_20250522103903_0047_V_127zoom.JPG,srp31,normal,davilla nitida,0.361660
comb_DJI_20250522103936_0049_V_5zoom.JPG,srp31,long_tail,protium panamense,0.027180
comb_DJI_20250522104004_0051_V_131zoom.JPG,srp31,normal,uncaria tomentosa,0.028440
comb_DJI_20250522104034_0053_V_132zoom.JPG,srp31,long_tail,omphalea diandra,0.174300
comb_DJI_20250522104105_0055_V_133zoom.JPG,srp31,normal,fridericia candicans,0.369700
comb_DJI_20250522104137_0057_V_135zoom.JPG,srp31,long_tail,gouania lupuloides,0.354370
comb_DJI_20250522104209_0059_V_134zoom.JPG,srp31,long_tail,cespedesia spathulata,0.048220
comb_DJI_20250522104250_0061_V_29zoom.JPG,srp31,low_conf_known,inga marginata,0.030170
comb_DJI_20250522104321_0063_V_28zoom.JPG,srp31,low_conf_known,guatteria lucens,0.023310
comb_DJI_20250522105013_0001_V_2zoom.JPG,srp31,normal,protium stevensonii,0.062130
comb_DJI_20250522105044_0003_V_4zoom.JPG,srp31,low_conf_known,guatteria lucens,0.213690
comb_DJI_20250522105114_0005_V_1zoom.JPG,srp31,normal,fridericia candicans,0.065360
comb_DJI_20250522105140_0007_V_7zoom.JPG,srp31,normal,davilla nitida,0.124480
comb_DJI_20250522105212_0009_V_6zoom.JPG,srp31,long_tail,quercus oleoides,0.105920
comb_DJI_20250522105242_0011_V_10zoom.JPG,srp31,long_tail,attalea butyracea,0.049090
comb_DJI_20250523082829_0001_V_14zoom.JPG,srfincaroubik,long_tail,guapira myrtiflora,0.130320
comb_DJI_20250523082859_0003_V_18zoom.JPG,srfincaroubik,long_tail,tabernaemontana arborea,0.456850
comb_DJI_20250523082928_0005_V_154zoom.JPG,srfincaroubik,normal,simarouba amara,0.319140
comb_DJI_20250523082957_0007_V_32zoom.JPG,srfincaroubik,long_tail,tabernaemontana arborea,0.082950
comb_DJI_20250523083026_0009_V_31zoom.JPG,srfincaroubik,long_tail,omphalea diandra,0.064840
comb_DJI_20250523083056_0011_V_22zoom.JPG,srfincaroubik,long_tail,guapira myrtiflora,0.209570
comb_DJI_20250523083126_0013_V_27zoom.JPG,srfincaroubik,normal,brosimum alicastrum,0.794740
comb_DJI_20250523083152_0015_V_33zoom.JPG,srfincaroubik,normal,hippocratea volubilis,0.066430
comb_DJI_20250523083221_0017_V_21zoom.JPG,srfincaroubik,long_tail,beilschmiedia tovarensis,0.335030
comb_DJI_20250523083249_0019_V_25zoom.JPG,srfincaroubik,low_conf_known,prioria copaifera,0.070960
comb_DJI_20250523083315_0021_V_26zoom.JPG,srfincaroubik,long_tail,didymopanax morototoni,0.166580
comb_DJI_20250523083347_0023_V_155zoom.JPG,srfincaroubik,long_tail,cordia alliodora,0.042100
comb_DJI_20250523083416_0025_V_67zoom.JPG,srfincaroubik,normal,brosimum alicastrum,0.175160
comb_DJI_20250523083445_0027_V_63zoom.JPG,srfincaroubik,normal,brosimum alicastrum,0.072560
comb_DJI_20250523083514_0029_V_156zoom.JPG,srfincaroubik,long_tail,tabernaemontana arborea,0.050250
comb_DJI_20250523083542_0031_V_57zoom.JPG,srfincaroubik,long_tail,miconia prasina,0.034880
comb_DJI_20250523083611_0033_V_59zoom.JPG,srfincaroubik,normal,davilla nitida,0.614650
comb_DJI_20250523083638_0035_V_158zoom.JPG,srfincaroubik,normal,davilla nitida,0.547600
comb_DJI_20250523083705_0037_V_60zoom.JPG,srfincaroubik,low_conf_known,prioria copaifera,0.049530
comb_DJI_20250523083733_0039_V_62zoom.JPG,srfincaroubik,can_wait,hippocratea volubilis,0.859500
comb_DJI_20250523083801_0041_V_61zoom.JPG,srfincaroubik,long_tail,dalbergia ecastaphyllum,0.072040
comb_DJI_20250523083829_0043_V_58zoom.JPG,srfincaroubik,long_tail,combretum laxum,0.011810
comb_DJI_20250523083858_0045_V_89zoom.JPG,srfincaroubik,long_tail,tabernaemontana arborea,0.403520
comb_DJI_20250523083925_0047_V_99zoom.JPG,srfincaroubik,low_conf_known,hieronyma alchorneoides,0.045520
comb_DJI_20250523083952_0049_V_95zoom.JPG,srfincaroubik,low_conf_known,chrysophyllum cainito,0.293840
comb_DJI_20250523084022_0051_V_96zoom.JPG,srfincaroubik,long_tail,doliocarpus major,0.077450
comb_DJI_20250523084052_0053_V_127zoom.JPG,srfincaroubik,long_tail,sloanea terniflora,0.138270
comb_DJI_20250523084114_0055_V_125zoom.JPG,srfincaroubik,normal,davilla nitida,0.748100
comb_DJI_20250523084138_0057_V_93zoom.JPG,srfincaroubik,long_tail,guapira myrtiflora,0.229660
comb_DJI_20250523084203_0059_V_86zoom.JPG,srfincaroubik,normal,alseis blackiana,0.070740
comb_DJI_20250523084229_0061_V_85zoom.JPG,srfincaroubik,normal,pouteria stipitata,0.008870
comb_DJI_20250523084326_0065_V_148zoom.JPG,srfincaroubik,normal,brosimum alicastrum,0.425410
comb_DJI_20250523084353_0067_V_118zoom.JPG,srfincaroubik,normal,brosimum alicastrum,0.170220
comb_DJI_20250523084422_0069_V_119zoom.JPG,srfincaroubik,normal,luehea seemannii,0.043830
comb_DJI_20250523084952_0001_V_126zoom.JPG,srfincaroubik,normal,pouteria stipitata,0.026650
comb_DJI_20250523085022_0003_V_131zoom.JPG,srfincaroubik,long_tail,guapira myrtiflora,0.052550
comb_DJI_20250523085046_0005_V_122zoom.JPG,srfincaroubik,long_tail,pachira sessilis,0.019640
comb_DJI_20250523085113_0007_V_121zoom.JPG,srfincaroubik,normal,davilla nitida,0.608940
comb_DJI_20250523085142_0009_V_124zoom.JPG,srfincaroubik,long_tail,enterolobium cyclocarpum,0.108350
comb_DJI_20250523085210_0011_V_149zoom.JPG,srfincaroubik,normal,brosimum alicastrum,0.076810
comb_DJI_20250523085237_0013_V_123zoom.JPG,srfincaroubik,normal,brosimum alicastrum,0.112910
comb_DJI_20250523085304_0015_V_116zoom.JPG,srfincaroubik,low_conf_known,chrysophyllum cainito,0.062330
comb_DJI_20250523085330_0017_V_113zoom.JPG,srfincaroubik,long_tail,phoradendron dipterum,0.066510
comb_DJI_20250523085357_0019_V_164zoom.JPG,srfincaroubik,normal,senegalia hayesii,0.122940
comb_DJI_20250523085429_0021_V_115zoom.JPG,srfincaroubik,normal,brosimum alicastrum,0.348240
comb_DJI_20250523085457_0023_V_112zoom.JPG,srfincaroubik,long_tail,sapium glandulosum,0.014980
comb_DJI_20250523085528_0025_V_81zoom.JPG,srfincaroubik,normal,brosimum alicastrum,0.313180
comb_DJI_20250523085604_0027_V_78zoom.JPG,srfincaroubik,long_tail,pachira sessilis,0.636660
comb_DJI_20250523085633_0029_V_73zoom.JPG,srfincaroubik,long_tail,beilschmiedia tovarensis,0.049750
comb_DJI_20250523085704_0031_V_80zoom.JPG,srfincaroubik,normal,davilla nitida,0.106520
comb_DJI_20250523085731_0033_V_76zoom.JPG,srfincaroubik,normal,brosimum alicastrum,0.416800
comb_DJI_20250523085805_0035_V_75zoom.JPG,srfincaroubik,long_tail,guapira myrtiflora,0.224370
comb_DJI_20250523085829_0037_V_74zoom.JPG,srfincaroubik,long_tail,cordia alliodora,0.144130
comb_DJI_20250523085901_0039_V_83zoom.JPG,srfincaroubik,long_tail,sapium glandulosum,0.077730
comb_DJI_20250523085927_0041_V_82zoom.JPG,srfincaroubik,long_tail,didymopanax morototoni,0.059910
comb_DJI_20250523085955_0043_V_84zoom.JPG,srfincaroubik,long_tail,didymopanax morototoni,0.068700
comb_DJI_20250523090021_0045_V_79zoom.JPG,srfincaroubik,long_tail,guapira myrtiflora,0.240250
comb_DJI_20250523090055_0047_V_160zoom.JPG,srfincaroubik,normal,brosimum alicastrum,0.226390
comb_DJI_20250523090125_0049_V_53zoom.JPG,srfincaroubik,long_tail,ziziphus jujuba,0.099450
comb_DJI_20250523090154_0051_V_52zoom.JPG,srfincaroubik,low_conf_known,chrysophyllum cainito,0.072840
comb_DJI_20250523090223_0053_V_48zoom.JPG,srfincaroubik,normal,brosimum alicastrum,0.058420
comb_DJI_20250523090250_0055_V_50zoom.JPG,srfincaroubik,long_tail,guapira myrtiflora,0.080880
comb_DJI_20250523090320_0057_V_146zoom.JPG,srfincaroubik,long_tail,virola sebifera,0.220520
comb_DJI_20250523090348_0059_V_17zoom.JPG,srfincaroubik,long_tail,trema micranthum,0.055190
comb_DJI_20250523090417_0061_V_13zoom.JPG,srfincaroubik,normal,protium stevensonii,0.268930
comb_DJI_20250523090446_0063_V_12zoom.JPG,srfincaroubik,normal,terminalia oblonga,0.286930
comb_DJI_20250523090516_0065_V_16zoom.JPG,srfincaroubik,long_tail,didymopanax morototoni,0.333960
comb_DJI_20250523090552_0067_V_140zoom.JPG,srfincaroubik,normal,oenocarpus mapora,0.259050
comb_DJI_20250523090621_0069_V_142zoom.JPG,srfincaroubik,long_tail,protium panamense,0.158030
comb_DJI_20250523090650_0071_V_9zoom.JPG,srfincaroubik,normal,brosimum alicastrum,0.461490
comb_DJI_20250523090720_0073_V_11zoom.JPG,srfincaroubik,long_tail,guapira myrtiflora,0.070370
comb_DJI_20250523090748_0075_V_10zoom.JPG,srfincaroubik,normal,brosimum alicastrum,0.080280
comb_DJI_20250523090816_0077_V_8zoom.JPG,srfincaroubik,normal,brosimum alicastrum,0.225280
comb_DJI_20250523093559_0001_V_6zoom.JPG,srfincaroubik,long_tail,curculigo capitulata,0.055660
comb_DJI_20250523093627_0003_V_4zoom.JPG,srfincaroubik,normal,davilla nitida,0.471690
comb_DJI_20250523093656_0005_V_5zoom.JPG,srfincaroubik,normal,miconia argentea,0.596530
comb_DJI_20250523093724_0007_V_7zoom.JPG,srfincaroubik,long_tail,vochysia ferruginea,0.067460
comb_DJI_20250523093753_0009_V_40zoom.JPG,srfincaroubik,long_tail,lacmellea panamensis,0.016750
comb_DJI_20250523093823_0011_V_42zoom.JPG,srfincaroubik,long_tail,hylenaea praecelsa,0.063300
comb_DJI_20250523093853_0013_V_44zoom.JPG,srfincaroubik,long_tail,guapira myrtiflora,0.087580
comb_DJI_20250523093924_0015_V_43zoom.JPG,srfincaroubik,long_tail,cryptostegia grandiflora,0.026970
comb_DJI_20250523093950_0017_V_47zoom.JPG,srfincaroubik,long_tail,guapira myrtiflora,0.122450
comb_DJI_20250523094017_0019_V_51zoom.JPG,srfincaroubik,normal,brosimum alicastrum,0.118620
comb_DJI_20250523094050_0021_V_45zoom.JPG,srfincaroubik,normal,ocotea leptobotra,0.049600
comb_DJI_20250523094119_0023_V_46zoom.JPG,srfincaroubik,long_tail,maripa panamensis,0.100790
comb_DJI_20250523094147_0025_V_159zoom.JPG,srfincaroubik,low_conf_known,anacardium excelsum,0.089080
comb_DJI_20250523094213_0027_V_161zoom.JPG,srfincaroubik,long_tail,lysiloma latisiliquum,0.034660
comb_DJI_20250523094240_0029_V_41zoom.JPG,srfincaroubik,long_tail,vochysia ferruginea,0.735310
comb_DJI_20250523094311_0031_V_163zoom.JPG,srfincaroubik,normal,brosimum alicastrum,0.619830
comb_DJI_20250523094341_0033_V_77zoom.JPG,srfincaroubik,normal,brosimum alicastrum,0.075060
comb_DJI_20250523094412_0035_V_150zoom.JPG,srfincaroubik,long_tail,spondias mombin,0.044200
comb_DJI_20250523094447_0037_V_87zoom.JPG,srfincaroubik,long_tail,vochysia ferruginea,0.375690
comb_DJI_20250523094515_0039_V_117zoom.JPG,srfincaroubik,long_tail,guapira myrtiflora,0.177660
comb_DJI_20250523094544_0041_V_120zoom.JPG,srfincaroubik,normal,alseis blackiana,0.272780
comb_DJI_20250523094616_0043_V_128zoom.JPG,srfincaroubik,normal,apeiba membranacea,0.039900
comb_DJI_20250523094647_0045_V_129zoom.JPG,srfincaroubik,long_tail,mormodes powellii,0.025290
comb_DJI_20250523094716_0047_V_130zoom.JPG,srfincaroubik,low_conf_known,chrysophyllum cainito,0.119790
comb_DJI_20250523094746_0049_V_132zoom.JPG,srfincaroubik,normal,hippocratea volubilis,0.152690
comb_DJI_20250523094816_0051_V_134zoom.JPG,srfincaroubik,long_tail,sterculia tragacantha,0.370670
comb_DJI_20250523094845_0053_V_135zoom.JPG,srfincaroubik,long_tail,celtis iguanaea,0.046360
comb_DJI_20250523094916_0055_V_111zoom.JPG,srfincaroubik,long_tail,guapira myrtiflora,0.099360
comb_DJI_20250523094943_0057_V_103zoom.JPG,srfincaroubik,low_conf_known,hura crepitans,0.021850
comb_DJI_20250523095010_0059_V_133zoom.JPG,srfincaroubik,normal,protium stevensonii,0.114700
comb_DJI_20250523095039_0061_V_137zoom.JPG,srfincaroubik,long_tail,hylenaea praecelsa,0.037080
comb_DJI_20250523095110_0063_V_106zoom.JPG,srfincaroubik,low_conf_known,chrysophyllum cainito,0.017160
comb_DJI_20250523095136_0065_V_100zoom.JPG,srfincaroubik,long_tail,prionostemma aspera,0.075230
comb_DJI_20250523095211_0067_V_105zoom.JPG,srfincaroubik,can_wait,simarouba amara,0.843710
comb_DJI_20250523095239_0069_V_101zoom.JPG,srfincaroubik,normal,brosimum alicastrum,0.119900
comb_DJI_20250523095308_0071_V_107zoom.JPG,srfincaroubik,long_tail,guapira myrtiflora,0.252300
comb_DJI_20250523095338_0073_V_104zoom.JPG,srfincaroubik,normal,hippocratea volubilis,0.780200
comb_DJI_20250523095406_0075_V_102zoom.JPG,srfincaroubik,long_tail,guapira myrtiflora,0.087290
comb_DJI_20250523095959_0001_V_97zoom.JPG,srfincaroubik,normal,davilla nitida,0.773990
comb_DJI_20250523100030_0003_V_108zoom.JPG,srfincaroubik,long_tail,goupia glabra,0.117020
comb_DJI_20250523100058_0005_V_109zoom.JPG,srfincaroubik,low_conf_known,chrysophyllum cainito,0.207360
comb_DJI_20250523100159_0009_V_98zoom.JPG,srfincaroubik,can_wait,tachigali panamensis,0.961850
comb_DJI_20250523100233_0011_V_91zoom.JPG,srfincaroubik,long_tail,guapira myrtiflora,0.208150
comb_DJI_20250523100300_0013_V_71zoom.JPG,srfincaroubik,long_tail,hylenaea praecelsa,0.437470
comb_DJI_20250523100325_0015_V_157zoom.JPG,srfincaroubik,normal,brosimum alicastrum,0.154210
comb_DJI_20250523100357_0017_V_66zoom.JPG,srfincaroubik,normal,protium stevensonii,0.090230
comb_DJI_20250523100429_0019_V_70zoom.JPG,srfincaroubik,normal,terminalia amazonia,0.092470
comb_DJI_20250523100459_0021_V_38zoom.JPG,srfincaroubik,normal,brosimum alicastrum,0.100230
comb_DJI_20250523100530_0023_V_153zoom.JPG,srfincaroubik,normal,hippocratea volubilis,0.076360
comb_DJI_20250523100600_0025_V_37zoom.JPG,srfincaroubik,long_tail,cordia alliodora,0.010230
comb_DJI_20250523100627_0027_V_35zoom.JPG,srfincaroubik,low_conf_known,astronium graveolens,0.020830
comb_DJI_20250523100654_0029_V_34zoom.JPG,srfincaroubik,normal,terminalia amazonia,0.245410
comb_DJI_20250523100728_0031_V_39zoom.JPG,srfincaroubik,long_tail,gaussia maya,0.014940
comb_DJI_20250523100755_0033_V_138zoom.JPG,srfincaroubik,long_tail,didymopanax morototoni,0.702320
comb_DJI_20250523100824_0035_V_139zoom.JPG,srfincaroubik,long_tail,guapira myrtiflora,0.036200
comb_DJI_20250523100852_0037_V_20zoom.JPG,srfincaroubik,normal,davilla nitida,0.708090
comb_DJI_20250523100921_0039_V_19zoom.JPG,srfincaroubik,can_wait,davilla nitida,0.819880
comb_DJI_20250523100951_0041_V_30zoom.JPG,srfincaroubik,long_tail,cordia alliodora,0.072020
comb_DJI_20250523101017_0043_V_29zoom.JPG,srfincaroubik,low_conf_known,guatteria lucens,0.070810
comb_DJI_20250523101043_0045_V_23zoom.JPG,srfincaroubik,normal,brosimum alicastrum,0.160910
comb_DJI_20250523101111_0047_V_144zoom.JPG,srfincaroubik,normal,davilla nitida,0.265060
comb_DJI_20250523101139_0049_V_145zoom.JPG,srfincaroubik,can_wait,davilla nitida,0.993520
comb_DJI_20250523101205_0051_V_15zoom.JPG,srfincaroubik,low_conf_known,chrysophyllum cainito,0.119280
comb_DJI_20250523101232_0053_V_143zoom.JPG,srfincaroubik,normal,protium stevensonii,0.183450
comb_DJI_20250523101303_0055_V_141zoom.JPG,srfincaroubik,long_tail,didymopanax morototoni,0.065360
comb_DJI_20250523101332_0057_V_28zoom.JPG,srfincaroubik,normal,terminalia amazonia,0.650410
comb_DJI_20250523101404_0059_V_147zoom.JPG,srfincaroubik,normal,davilla nitida,0.381060
comb_DJI_20250523101437_0061_V_24zoom.JPG,srfincaroubik,long_tail,plinia cauliflora,0.017150
comb_DJI_20250523101507_0063_V_36zoom.JPG,srfincaroubik,normal,terminalia amazonia,0.135030
comb_DJI_20250523101542_0065_V_65zoom.JPG,srfincaroubik,long_tail,guazuma ulmifolia,0.243880
comb_DJI_20250523101612_0067_V_72zoom.JPG,srfincaroubik,normal,brosimum alicastrum,0.744730
comb_DJI_20250523101738_0073_V_68zoom.JPG,srfincaroubik,long_tail,volkameria mollis,0.103050
comb_DJI_20250523102233_0001_V_56zoom.JPG,srfincaroubik,long_tail,sapium glandulosum,0.126300
comb_DJI_20250523102302_0003_V_55zoom.JPG,srfincaroubik,low_conf_known,chrysophyllum cainito,0.075930
comb_DJI_20250523102325_0005_V_49zoom.JPG,srfincaroubik,normal,spondias radlkoferi,0.201550
comb_DJI_20250523102354_0007_V_162zoom.JPG,srfincaroubik,long_tail,guapira myrtiflora,0.058360
comb_DJI_20250523102424_0009_V_54zoom.JPG,srfincaroubik,normal,brosimum alicastrum,0.112240
comb_DJI_20250523102457_0011_V_151zoom.JPG,srfincaroubik,long_tail,guapira myrtiflora,0.045640
comb_DJI_20250523102523_0013_V_152zoom.JPG,srfincaroubik,long_tail,didymopanax morototoni,0.205920
comb_DJI_20250523102553_0015_V_94zoom.JPG,srfincaroubik,normal,ocotea leptobotra,0.153400
comb_DJI_20250523102619_0017_V_90zoom.JPG,srfincaroubik,normal,davilla nitida,0.392650
comb_DJI_20250523102649_0019_V_92zoom.JPG,srfincaroubik,low_conf_known,chrysophyllum cainito,0.075690
comb_DJI_20250523102724_0021_V_114zoom.JPG,srfincaroubik,normal,hippocratea volubilis,0.233200
comb_DJI_20250523102801_0023_V_1zoom.JPG,srfincaroubik,low_conf_known,jacaranda copaia,0.011030
comb_DJI_20250523102830_0025_V_2zoom.JPG,srfincaroubik,low_conf_known,jacaranda copaia,0.365900
comb_DJI_20250523102857_0027_V_3zoom.JPG,srfincaroubik,normal,brosimum alicastrum,0.141660
comb_DJI_20250523102924_0029_V_136zoom.JPG,srfincaroubik,can_wait,tachigali panamensis,0.929930
comb_DJI_20250715124149_0002_V_335zoom.JPG,bci25haplot,long_tail,prionostemma aspera,0.626020
comb_DJI_20250716091243_0004_V_281zoom.JPG,bci25haplot,normal,luehea seemannii,0.774360
comb_DJI_20250716091459_0012_V_231zoom.JPG,bci25haplot,normal,fridericia candicans,0.191810
comb_DJI_20250716091747_0022_V_314zoom.JPG,bci25haplot,low_conf_known,astronium graveolens,0.366360
comb_DJI_20250716091926_0028_V_362zoom.JPG,bci25haplot,normal,luehea seemannii,0.514270
comb_DJI_20250716092301_0040_V_385zoom.JPG,bci25haplot,normal,serjania circumvallata,0.274960
comb_DJI_20250716093943_0002_V_422zoom.JPG,bci25haplot,normal,apeiba membranacea,0.399730
comb_DJI_20250716094251_0012_V_424zoom.JPG,bci25haplot,can_wait,protium stevensonii,0.984200
comb_DJI_20250716094440_0018_V_389zoom.JPG,bci25haplot,normal,protium stevensonii,0.436680
comb_DJI_20250716094555_0022_V_388zoom.JPG,bci25haplot,normal,apeiba membranacea,0.059780
comb_DJI_20250716094809_0030_V_282zoom.JPG,bci25haplot,normal,ceiba pentandra,0.095420
comb_DJI_20250716101247_0030_V_367zoom.JPG,bci25haplot,normal,protium stevensonii,0.794610
comb_DJI_20250716102612_0004_V_289zoom.JPG,bci25haplot,normal,hippocratea volubilis,0.403080
comb_DJI_20250716102759_0010_V_318zoom.JPG,bci25haplot,long_tail,robrichia schomburgkii,0.029330
comb_DJI_20250716103128_0022_V_235zoom.JPG,bci25haplot,normal,protium stevensonii,0.607340
comb_DJI_20250716103203_0024_V_233zoom.JPG,bci25haplot,long_tail,amphilophium paniculatum,0.107110
comb_DJI_20250716104841_0002_V_211zoom.JPG,bci25haplot,normal,fridericia candicans,0.689060
comb_DJI_20250716105142_0012_V_258zoom.JPG,bci25haplot,normal,fridericia candicans,0.298120
comb_DJI_20250716105844_0032_V_386zoom.JPG,bci25haplot,normal,pouteria stipitata,0.023320
comb_DJI_20250716114435_0002_V_4zoom.JPG,bci10haplot,long_tail,guarea guidonia,0.330970
comb_DJI_20250716114822_0014_V_14zoom.JPG,bci10haplot,long_tail,guazuma ulmifolia,0.310230
comb_DJI_20250716115343_0032_V_75zoom.JPG,bci10haplot,normal,pouteria stipitata,0.164970
comb_DJI_20250716121355_0028_V_55zoom.JPG,bci10haplot,normal,ceiba pentandra,0.368610
comb_DJI_20250716121551_0034_V_7zoom.JPG,bci10haplot,long_tail,mascagnia ovatifolia,0.271450
comb_DJI_20250716123238_0004_V_19zoom.JPG,bci10haplot,normal,apeiba membranacea,0.597090
comb_DJI_20250716123309_0006_V_18zoom.JPG,bci10haplot,can_wait,astronium graveolens,0.825960
comb_DJI_20250716123448_0012_V_49zoom.JPG,bci10haplot,can_wait,luehea seemannii,0.927970
comb_DJI_20250716123606_0016_V_42zoom.JPG,bci10haplot,normal,jacaranda copaia,0.717470
comb_DJI_20250716125642_0017_V_109zoom.JPG,bci10haplot,long_tail,pouteria reticulata,0.562140
comb_DJI_20250716131149_0004_V_71zoom.JPG,bci10haplot,long_tail,spondias mombin,0.048710
comb_DJI_20250716131531_0014_V_33zoom.JPG,bci10haplot,long_tail,fridericia patellifera,0.136390
comb_DJI_20250717084443_0006_V_86zoom.JPG,bci10haplot,can_wait,luehea seemannii,0.888270
comb_DJI_20250717084542_0010_V_85zoom.JPG,bci10haplot,normal,protium stevensonii,0.225490
comb_DJI_20250717084750_0018_V_26zoom.JPG,bci10haplot,normal,ceiba pentandra,0.706610
comb_DJI_20250717085000_0024_V_11zoom.JPG,bci10haplot,normal,tabebuia rosea,0.026910
comb_DJI_20250717085316_0036_V_81zoom.JPG,bci10haplot,normal,ceiba pentandra,0.412440
comb_DJI_20250717085349_0038_V_82zoom.JPG,bci10haplot,long_tail,quararibea stenophylla,0.639470
comb_DJI_20250717090723_0004_V_56zoom.JPG,bci10haplot,normal,senegalia hayesii,0.300680
comb_DJI_20250717090754_0006_V_135zoom.JPG,bci10haplot,long_tail,casearia sylvestris,0.177320
comb_DJI_20250717090905_0010_V_134zoom.JPG,bci10haplot,long_tail,casearia laetioides,0.032020
comb_DJI_20250717091211_0020_V_29zoom.JPG,bci10haplot,normal,ceiba pentandra,0.504840
comb_DJI_20250717091343_0026_V_118zoom.JPG,bci10haplot,long_tail,quararibea stenophylla,0.315490
comb_DJI_20250717091649_0038_V_129zoom.JPG,bci10haplot,long_tail,prionostemma aspera,0.239340
comb_DJI_20250717091830_0044_V_92zoom.JPG,bci10haplot,long_tail,sterculia tragacantha,0.061800
comb_DJI_20250717093223_0006_V_91zoom.JPG,bci10haplot,long_tail,guapira myrtiflora,0.087310
comb_DJI_20250717093326_0010_V_102zoom.JPG,bci10haplot,long_tail,xylopia aromatica,0.015830
comb_DJI_20250717094909_0006_V_95zoom.JPG,bci10haplot,long_tail,celtis iguanaea,0.128460
comb_DJI_20250717094946_0008_V_97zoom.JPG,bci10haplot,can_wait,pouteria stipitata,0.834890
comb_DJI_20250717095103_0012_V_98zoom.JPG,bci10haplot,long_tail,haematoxylum campechianum,0.015740
comb_DJI_20250717095306_0018_V_32zoom.JPG,bci10haplot,long_tail,quararibea asterolepis,0.087610
comb_DJI_20250717095425_0022_V_120zoom.JPG,bci10haplot,long_tail,quararibea stenophylla,0.301980
comb_DJI_20250717095544_0026_V_121zoom.JPG,bci10haplot,long_tail,enterolobium cyclocarpum,0.429640
comb_DJI_20250717101132_0002_V_111zoom.JPG,bci10haplot,normal,spondias radlkoferi,0.046150
comb_DJI_20250717101435_0012_V_88zoom.JPG,bci10haplot,normal,ceiba pentandra,0.456190
comb_DJI_20250723113258_0039_V_8044zoom.JPG,bci50haplot,long_tail,hylenaea praecelsa,0.238530
comb_DJI_20250723123455_0003_V_6706zoom.JPG,bci50haplot,normal,pouteria stipitata,0.593650
comb_DJI_20250723124309_0031_V_6750zoom.JPG,bci50haplot,long_tail,fridericia schumanniana,0.239270
comb_DJI_20250723124440_0037_V_6657zoom.JPG,bci50haplot,long_tail,prionostemma aspera,0.159240
comb_DJI_20250723124554_0039_V_6674zoom.JPG,bci50haplot,long_tail,celtis iguanaea,0.472150
comb_DJI_20250723125836_0005_V_6130zoom.JPG,bci50haplot,can_wait,pouteria stipitata,0.947640
comb_DJI_20250723125905_0007_V_6127zoom.JPG,bci50haplot,normal,pouteria stipitata,0.307760
comb_DJI_20250723125940_0009_V_6715zoom.JPG,bci50haplot,normal,davilla nitida,0.753810
comb_DJI_20250723130907_0039_V_10898zoom.JPG,bci50haplot,long_tail,faramea occidentalis,0.016000
comb_DJI_20250724094029_0001_V_8846zoom.JPG,bci50haplot,can_wait,cecropia insignis,0.912160
comb_DJI_20250724094140_0005_V_8796zoom.JPG,bci50haplot,long_tail,moquilea platypus,0.001990
comb_DJI_20250724094213_0007_V_8803zoom.JPG,bci50haplot,long_tail,ocotea oblonga,0.261680
comb_DJI_20250724094243_0009_V_9343zoom.JPG,bci50haplot,long_tail,mascagnia ovatifolia,0.053410
comb_DJI_20250724094315_0011_V_9285zoom.JPG,bci50haplot,long_tail,mascagnia ovatifolia,0.695750
comb_DJI_20250724095915_0003_V_8840zoom.JPG,bci50haplot,long_tail,schaefferia frutescens,0.100960
comb_DJI_20250724095948_0005_V_9290zoom.JPG,bci50haplot,normal,apeiba membranacea,0.040050
comb_DJI_20250724100019_0007_V_9301zoom.JPG,bci50haplot,long_tail,mascagnia ovatifolia,0.147470
comb_DJI_20250724100328_0017_V_9957zoom.JPG,bci50haplot,long_tail,beilschmiedia tovarensis,0.184420
comb_DJI_20250724100429_0021_V_9283zoom.JPG,bci50haplot,long_tail,tabernaemontana arborea,0.019150
comb_DJI_20250724100502_0023_V_10026zoom.JPG,bci50haplot,can_wait,brosimum alicastrum,0.836250
comb_DJI_20250724100534_0025_V_9981zoom.JPG,bci50haplot,long_tail,quararibea stenophylla,0.979070
comb_DJI_20250724100608_0027_V_10038zoom.JPG,bci50haplot,long_tail,protium tenuifolium,0.730000
comb_DJI_20250724102412_0017_V_1295zoom.JPG,bci50haplot,long_tail,commicarpus scandens,0.023650
comb_DJI_20250724103025_0037_V_1250zoom.JPG,bci50haplot,normal,pouteria stipitata,0.204240
comb_DJI_20250724104531_0003_V_11744zoom.JPG,bci50haplot,long_tail,hylenaea praecelsa,0.243930
comb_DJI_20250724104746_0009_V_11802zoom.JPG,bci50haplot,can_wait,davilla nitida,0.835480
comb_DJI_20250724111817_0025_V_10432zoom.JPG,bci50haplot,long_tail,bursera schlechtendalii,0.013290
comb_DJI_20250724120707_0011_V_11688zoom.JPG,bci50haplot,normal,pouteria stipitata,0.268320
comb_DJI_20250724123602_0023_V_1088zoom.JPG,bci50haplot,long_tail,hylenaea praecelsa,0.211010
comb_DJI_20250724132546_0029_V_8001zoom.JPG,bci50haplot,can_wait,protium stevensonii,0.867900
comb_DJI_20250724132658_0033_V_8749zoom.JPG,bci50haplot,normal,protium stevensonii,0.154150
comb_DJI_20250724132732_0035_V_8744zoom.JPG,bci50haplot,long_tail,lonchocarpus heptaphyllus,0.067750
comb_DJI_20250724132809_0037_V_8177zoom.JPG,bci50haplot,long_tail,guettarda macrosperma,0.063050
comb_DJI_20250724132842_0039_V_8808zoom.JPG,bci50haplot,can_wait,jacaranda copaia,0.966780
comb_DJI_20250804145103_0001_V_7247zoom.JPG,bci50haplot,can_wait,protium stevensonii,0.970150
comb_DJI_20250804145140_0003_V_8015zoom.JPG,bci50haplot,long_tail,tabernaemontana arborea,0.356040
comb_DJI_20250804145215_0005_V_7913zoom.JPG,bci50haplot,long_tail,maclura tinctoria,0.176700
comb_DJI_20250804145246_0007_V_7839zoom.JPG,bci50haplot,can_wait,pouteria stipitata,0.802200
comb_DJI_20250804145322_0009_V_7830zoom.JPG,bci50haplot,normal,luehea seemannii,0.790230
comb_DJI_20250804145348_0011_V_7158zoom.JPG,bci50haplot,normal,ocotea leptobotra,0.098630
comb_DJI_20250804145429_0013_V_7847zoom.JPG,bci50haplot,normal,luehea seemannii,0.602620
comb_DJI_20250804145530_0017_V_7856zoom.JPG,bci50haplot,normal,apeiba tibourbou,0.397680
comb_DJI_20250804151718_0007_V_7747zoom.JPG,bci50haplot,normal,apeiba membranacea,0.462550
comb_DJI_20250804151856_0013_V_7744zoom.JPG,bci50haplot,can_wait,cecropia insignis,0.928860
comb_DJI_20250804152148_0021_V_7742zoom.JPG,bci50haplot,long_tail,cordia bicolor,0.730860
comb_DJI_20250804152253_0025_V_7592zoom.JPG,bci50haplot,normal,senegalia hayesii,0.689120
comb_DJI_20250804152433_0031_V_7081zoom.JPG,bci50haplot,can_wait,senegalia hayesii,0.803630
comb_DJI_20250804152504_0033_V_7118zoom.JPG,bci50haplot,long_tail,amphilophium paniculatum,0.349440
comb_DJI_20250804152534_0035_V_7079zoom.JPG,bci50haplot,can_wait,jacaranda copaia,0.873400
comb_DJI_20250806093816_0002_V_159zoom.JPG,shermancrane,low_conf_known,prioria copaifera,0.018900
comb_DJI_20250806093843_0004_V_158zoom.JPG,shermancrane,normal,brosimum alicastrum,0.090310
comb_DJI_20250806093919_0006_V_155zoom.JPG,shermancrane,long_tail,cespedesia spathulata,0.483590
comb_DJI_20250806093955_0008_V_156zoom.JPG,shermancrane,normal,protium stevensonii,0.430900
comb_DJI_20250806094036_0010_V_19zoom.JPG,shermancrane,normal,hippocratea volubilis,0.052970
comb_DJI_20250806094109_0012_V_173zoom.JPG,shermancrane,normal,terminalia amazonia,0.197330
comb_DJI_20250806094139_0014_V_160zoom.JPG,shermancrane,long_tail,protium tenuifolium,0.034820
comb_DJI_20250806094208_0016_V_161zoom.JPG,shermancrane,normal,protium stevensonii,0.234950
comb_DJI_20250806094238_0018_V_77zoom.JPG,shermancrane,long_tail,guapira myrtiflora,0.360810
comb_DJI_20250806094306_0020_V_78zoom.JPG,shermancrane,normal,brosimum alicastrum,0.541220
comb_DJI_20250806094335_0022_V_79zoom.JPG,shermancrane,low_conf_known,hieronyma alchorneoides,0.011160
comb_DJI_20250806094404_0024_V_169zoom.JPG,shermancrane,normal,brosimum alicastrum,0.141320
comb_DJI_20250806094434_0026_V_168zoom.JPG,shermancrane,long_tail,comocladia guatemalensis,0.026200
comb_DJI_20250806094505_0028_V_98zoom.JPG,shermancrane,long_tail,aspidosperma desmanthum,0.400720
comb_DJI_20250806094928_0002_V_166zoom.JPG,shermancrane,long_tail,protium panamense,0.094520
comb_DJI_20250806094956_0004_V_167zoom.JPG,shermancrane,long_tail,tabernaemontana arborea,0.087570
comb_DJI_20250806095028_0006_V_165zoom.JPG,shermancrane,normal,davilla nitida,0.503320
comb_DJI_20250806095057_0008_V_101zoom.JPG,shermancrane,normal,protium stevensonii,0.261980
comb_DJI_20250806095130_0010_V_102zoom.JPG,shermancrane,normal,protium stevensonii,0.406100
comb_DJI_20250806095205_0012_V_21zoom.JPG,shermancrane,normal,brosimum alicastrum,0.061750
comb_DJI_20250806095238_0014_V_97zoom.JPG,shermancrane,normal,ocotea leptobotra,0.620860
comb_DJI_20250806095310_0016_V_107zoom.JPG,shermancrane,normal,pouteria stipitata,0.127150
comb_DJI_20250806095345_0018_V_15zoom.JPG,shermancrane,normal,brosimum alicastrum,0.046860
comb_DJI_20250806095407_0020_V_40zoom.JPG,shermancrane,normal,brosimum alicastrum,0.093590
comb_DJI_20250806095437_0022_V_96zoom.JPG,shermancrane,low_conf_known,chrysophyllum cainito,0.009910
comb_DJI_20250806095510_0024_V_95zoom.JPG,shermancrane,normal,ficus obtusifolia,0.084050
comb_DJI_20250806095540_0026_V_80zoom.JPG,shermancrane,normal,calophyllum longifolium,0.011710
comb_DJI_20250806095608_0028_V_81zoom.JPG,shermancrane,long_tail,chrysophyllum argenteum,0.011900
comb_DJI_20250806095637_0030_V_85zoom.JPG,shermancrane,long_tail,sida ciliaris,0.017460
comb_DJI_20250806095705_0032_V_94zoom.JPG,shermancrane,normal,tabebuia rosea,0.014730
comb_DJI_20250806095734_0034_V_93zoom.JPG,shermancrane,normal,simarouba amara,0.419660
comb_DJI_20250806095801_0036_V_37zoom.JPG,shermancrane,normal,brosimum alicastrum,0.100440
comb_DJI_20250806095830_0038_V_36zoom.JPG,shermancrane,long_tail,vochysia ferruginea,0.096590
comb_DJI_20250806095906_0040_V_83zoom.JPG,shermancrane,long_tail,chrysophyllum argenteum,0.015800
comb_DJI_20250806095936_0042_V_86zoom.JPG,shermancrane,long_tail,protium tenuifolium,0.089080
comb_DJI_20250806100003_0044_V_82zoom.JPG,shermancrane,low_conf_known,cecropia insignis,0.248600
comb_DJI_20250806100030_0046_V_38zoom.JPG,shermancrane,normal,brosimum alicastrum,0.210770
comb_DJI_20250806100101_0048_V_92zoom.JPG,shermancrane,normal,davilla nitida,0.088830
comb_DJI_20250806100130_0050_V_89zoom.JPG,shermancrane,long_tail,cordia alliodora,0.166440
comb_DJI_20250806100156_0052_V_88zoom.JPG,shermancrane,normal,davilla nitida,0.594980
comb_DJI_20250806100226_0054_V_10zoom.JPG,shermancrane,normal,brosimum alicastrum,0.128930
comb_DJI_20250806100248_0056_V_8zoom.JPG,shermancrane,long_tail,doliocarpus major,0.085920
comb_DJI_20250806100321_0058_V_90zoom.JPG,shermancrane,long_tail,mimosa myriadenia,0.014080
comb_DJI_20250806100354_0060_V_91zoom.JPG,shermancrane,long_tail,machaerium isadelphum,0.098670
comb_DJI_20250806100424_0062_V_73zoom.JPG,shermancrane,long_tail,syzygium cumini,0.016940
comb_DJI_20250806100456_0064_V_70zoom.JPG,shermancrane,long_tail,socratea exorrhiza,0.084110
comb_DJI_20250806100527_0066_V_14zoom.JPG,shermancrane,normal,brosimum alicastrum,0.460600
comb_DJI_20250806100555_0068_V_69zoom.JPG,shermancrane,long_tail,guazuma ulmifolia,0.187560
comb_DJI_20250806100624_0070_V_68zoom.JPG,shermancrane,normal,protium stevensonii,0.497880
comb_DJI_20250806100654_0072_V_74zoom.JPG,shermancrane,long_tail,doliocarpus major,0.300560
comb_DJI_20250806100725_0074_V_76zoom.JPG,shermancrane,normal,protium stevensonii,0.095180
comb_DJI_20250806100755_0076_V_75zoom.JPG,shermancrane,low_conf_known,cecropia insignis,0.455670
comb_DJI_20250806100829_0078_V_71zoom.JPG,shermancrane,long_tail,croton matourensis,0.006210
comb_DJI_20250806100859_0080_V_72zoom.JPG,shermancrane,normal,alseis blackiana,0.044890
comb_DJI_20250806100930_0082_V_67zoom.JPG,shermancrane,long_tail,brassavola nodosa,0.007490
comb_DJI_20250806101418_0002_V_174zoom.JPG,shermancrane,can_wait,guatteria lucens,0.861930
comb_DJI_20250806101448_0004_V_176zoom.JPG,shermancrane,long_tail,socratea exorrhiza,0.653970
comb_DJI_20250806101520_0006_V_175zoom.JPG,shermancrane,long_tail,socratea exorrhiza,0.261680
comb_DJI_20250806101553_0008_V_112zoom.JPG,shermancrane,normal,brosimum alicastrum,0.081670
comb_DJI_20250806101623_0010_V_22zoom.JPG,shermancrane,long_tail,vochysia ferruginea,0.191330
comb_DJI_20250806101653_0012_V_9zoom.JPG,shermancrane,long_tail,margaritaria nobilis,0.091440
comb_DJI_20250806101724_0014_V_11zoom.JPG,shermancrane,normal,brosimum alicastrum,0.159690
comb_DJI_20250806101750_0016_V_84zoom.JPG,shermancrane,normal,brosimum alicastrum,0.224560
comb_DJI_20250806101821_0018_V_87zoom.JPG,shermancrane,long_tail,beilschmiedia tovarensis,0.097590
comb_DJI_20250806101856_0020_V_39zoom.JPG,shermancrane,long_tail,guilandina bonduc,0.015780
comb_DJI_20250806102312_0002_V_42zoom.JPG,shermancrane,long_tail,sloanea terniflora,0.881890
comb_DJI_20250806102344_0004_V_43zoom.JPG,shermancrane,normal,cecropia insignis,0.508780
comb_DJI_20250806102416_0006_V_154zoom.JPG,shermancrane,long_tail,guarea guidonia,0.295090
comb_DJI_20250806102450_0008_V_27zoom.JPG,shermancrane,long_tail,sloanea terniflora,0.015150
comb_DJI_20250806102520_0010_V_51zoom.JPG,shermancrane,normal,platypodium elegans,0.048420
comb_DJI_20250806102547_0012_V_54zoom.JPG,shermancrane,normal,protium stevensonii,0.183450
comb_DJI_20250806102618_0014_V_50zoom.JPG,shermancrane,normal,platypodium elegans,0.032410
comb_DJI_20250806102646_0016_V_55zoom.JPG,shermancrane,long_tail,doliocarpus major,0.398160
comb_DJI_20250806102717_0018_V_149zoom.JPG,shermancrane,can_wait,poulsenia armata,0.954530
comb_DJI_20250806102748_0020_V_150zoom.JPG,shermancrane,long_tail,celtis iguanaea,0.066100
comb_DJI_20250806102821_0022_V_26zoom.JPG,shermancrane,long_tail,guarea guidonia,0.230340
comb_DJI_20250806102855_0024_V_157zoom.JPG,shermancrane,long_tail,cordia bicolor,0.600030
comb_DJI_20250806102925_0026_V_164zoom.JPG,shermancrane,can_wait,jacaranda copaia,0.945480
comb_DJI_20250806102951_0028_V_163zoom.JPG,shermancrane,normal,protium stevensonii,0.291000
comb_DJI_20250806103021_0030_V_162zoom.JPG,shermancrane,long_tail,protium tenuifolium,0.203060
comb_DJI_20250806103053_0032_V_152zoom.JPG,shermancrane,normal,protium stevensonii,0.537900
comb_DJI_20250806103123_0034_V_99zoom.JPG,shermancrane,long_tail,serjania pyramidata,0.068620
comb_DJI_20250806103153_0036_V_181zoom.JPG,shermancrane,normal,protium stevensonii,0.628530
comb_DJI_20250806103222_0038_V_153zoom.JPG,shermancrane,normal,cecropia insignis,0.733440
comb_DJI_20250806103254_0040_V_151zoom.JPG,shermancrane,normal,protium stevensonii,0.409830
comb_DJI_20250806103325_0042_V_180zoom.JPG,shermancrane,long_tail,myroxylon balsamum,0.005800
comb_DJI_20250806103358_0044_V_41zoom.JPG,shermancrane,normal,brosimum alicastrum,0.135650
comb_DJI_20250806103430_0046_V_106zoom.JPG,shermancrane,normal,oenocarpus mapora,0.454080
comb_DJI_20250806103500_0048_V_105zoom.JPG,shermancrane,normal,brosimum alicastrum,0.495850
comb_DJI_20250806104059_0002_V_104zoom.JPG,shermancrane,normal,jacaranda copaia,0.660290
comb_DJI_20250806104130_0004_V_100zoom.JPG,shermancrane,long_tail,virola fosteri,0.021460
comb_DJI_20250806104202_0006_V_103zoom.JPG,shermancrane,long_tail,iriartea deltoidea,0.062690
comb_DJI_20250806104340_0012_V_108zoom.JPG,shermancrane,normal,hippocratea volubilis,0.076900
comb_DJI_20250806104412_0014_V_35zoom.JPG,shermancrane,low_conf_known,guatteria lucens,0.009170
comb_DJI_20250806104445_0016_V_45zoom.JPG,shermancrane,normal,brosimum alicastrum,0.023530
comb_DJI_20250806104520_0018_V_24zoom.JPG,shermancrane,can_wait,cecropia insignis,0.963720
comb_DJI_20250806104554_0020_V_56zoom.JPG,shermancrane,long_tail,cupania scrobiculata,0.111290
comb_DJI_20250806104625_0022_V_32zoom.JPG,shermancrane,normal,davilla nitida,0.325170
comb_DJI_20250806104655_0024_V_53zoom.JPG,shermancrane,normal,terminalia amazonia,0.429380
comb_DJI_20250806104727_0026_V_34zoom.JPG,shermancrane,long_tail,maripa panamensis,0.188610
comb_DJI_20250806105525_0002_V_12zoom.JPG,shermancrane,can_wait,guatteria lucens,0.950880
comb_DJI_20250806105556_0004_V_177zoom.JPG,shermancrane,long_tail,protium tenuifolium,0.315810
comb_DJI_20250806105630_0006_V_115zoom.JPG,shermancrane,long_tail,protium tenuifolium,0.668570
comb_DJI_20250806105706_0008_V_116zoom.JPG,shermancrane,long_tail,protium tenuifolium,0.127020
comb_DJI_20250806105742_0010_V_148zoom.JPG,shermancrane,normal,protium stevensonii,0.161490
comb_DJI_20250806105817_0012_V_145zoom.JPG,shermancrane,long_tail,nypa fruticans,0.089280
comb_DJI_20250806105852_0014_V_146zoom.JPG,shermancrane,low_conf_known,anacardium excelsum,0.208400
comb_DJI_20250806105924_0016_V_109zoom.JPG,shermancrane,normal,protium stevensonii,0.152160
comb_DJI_20250806105957_0018_V_147zoom.JPG,shermancrane,long_tail,protium tenuifolium,0.280940
comb_DJI_20250806110030_0020_V_111zoom.JPG,shermancrane,long_tail,omphalea diandra,0.085290
comb_DJI_20250806110101_0022_V_110zoom.JPG,shermancrane,long_tail,guarea guidonia,0.159020
comb_DJI_20250806110132_0024_V_13zoom.JPG,shermancrane,normal,brosimum alicastrum,0.450950
comb_DJI_20250806110202_0026_V_62zoom.JPG,shermancrane,long_tail,sapium glandulosum,0.026880
comb_DJI_20250806110230_0028_V_64zoom.JPG,shermancrane,long_tail,guapira myrtiflora,0.036020
comb_DJI_20250806110814_0002_V_63zoom.JPG,shermancrane,long_tail,cordia alliodora,0.145650
comb_DJI_20250806110845_0004_V_60zoom.JPG,shermancrane,normal,protium stevensonii,0.496370
comb_DJI_20250806110912_0006_V_59zoom.JPG,shermancrane,long_tail,sloanea terniflora,0.026570
comb_DJI_20250806110942_0008_V_61zoom.JPG,shermancrane,long_tail,sloanea terniflora,0.082300
comb_DJI_20250806111013_0010_V_57zoom.JPG,shermancrane,normal,brosimum alicastrum,0.098540
comb_DJI_20250806111044_0012_V_178zoom.JPG,shermancrane,low_conf_known,trattinnickia aspera,0.033400
comb_DJI_20250806111114_0014_V_179zoom.JPG,shermancrane,normal,protium stevensonii,0.125510
comb_DJI_20250806111145_0016_V_58zoom.JPG,shermancrane,long_tail,ulmus parvifolia,0.056850
comb_DJI_20250806111226_0018_V_118zoom.JPG,shermancrane,long_tail,brosimum guianense,0.016060
comb_DJI_20250806111256_0020_V_133zoom.JPG,shermancrane,normal,anacardium excelsum,0.668470
comb_DJI_20250806111329_0022_V_132zoom.JPG,shermancrane,long_tail,inga thibaudiana,0.689070
comb_DJI_20250806111401_0024_V_131zoom.JPG,shermancrane,normal,jacaranda copaia,0.764300
comb_DJI_20250806111429_0026_V_130zoom.JPG,shermancrane,long_tail,mikania cordifolia,0.106070
comb_DJI_20250806111458_0028_V_129zoom.JPG,shermancrane,long_tail,ligustrum sinense,0.013000
comb_DJI_20250806111527_0030_V_1zoom.JPG,shermancrane,low_conf_known,jacaranda copaia,0.101860
comb_DJI_20250806111559_0032_V_128zoom.JPG,shermancrane,long_tail,protium tenuifolium,0.392350
comb_DJI_20250806111633_0034_V_123zoom.JPG,shermancrane,low_conf_known,cecropia insignis,0.347460
comb_DJI_20250806111705_0036_V_121zoom.JPG,shermancrane,normal,protium stevensonii,0.095530
comb_DJI_20250806111736_0038_V_120zoom.JPG,shermancrane,low_conf_known,hieronyma alchorneoides,0.162690
comb_DJI_20250806111806_0040_V_119zoom.JPG,shermancrane,long_tail,cosmibuena macrocarpa,0.247530
comb_DJI_20250806111836_0042_V_3zoom.JPG,shermancrane,normal,protium stevensonii,0.068450
comb_DJI_20250806111908_0044_V_113zoom.JPG,shermancrane,long_tail,cordia bicolor,0.398740
comb_DJI_20250806111942_0046_V_114zoom.JPG,shermancrane,normal,ocotea leptobotra,0.392420
comb_DJI_20250806112015_0048_V_117zoom.JPG,shermancrane,normal,davilla nitida,0.311580
comb_DJI_20250806112051_0050_V_127zoom.JPG,shermancrane,normal,protium stevensonii,0.371250
comb_DJI_20250806112126_0052_V_134zoom.JPG,shermancrane,low_conf_known,anacardium excelsum,0.019270
comb_DJI_20250806112155_0054_V_140zoom.JPG,shermancrane,low_conf_known,chrysophyllum cainito,0.027870
comb_DJI_20250806112226_0056_V_137zoom.JPG,shermancrane,long_tail,guapira myrtiflora,0.271340
comb_DJI_20250806112254_0058_V_139zoom.JPG,shermancrane,normal,apeiba tibourbou,0.491790
comb_DJI_20250806112326_0060_V_138zoom.JPG,shermancrane,normal,davilla nitida,0.576410
comb_DJI_20250806112357_0062_V_135zoom.JPG,shermancrane,normal,ocotea leptobotra,0.449890
comb_DJI_20250806112430_0064_V_136zoom.JPG,shermancrane,long_tail,croton matourensis,0.005450
comb_DJI_20250806112515_0066_V_66zoom.JPG,shermancrane,long_tail,croton matourensis,0.015270
comb_DJI_20250806112544_0068_V_65zoom.JPG,shermancrane,long_tail,croton matourensis,0.007630
comb_DJI_20250807095805_0001_V_7139zoom.JPG,bci50haplot,normal,protium stevensonii,0.360860
comb_DJI_20250807095841_0003_V_6422zoom.JPG,bci50haplot,can_wait,pouteria stipitata,0.978110
comb_DJI_20250807095907_0005_V_7152zoom.JPG,bci50haplot,normal,ficus insipida,0.080440
comb_DJI_20250807095938_0007_V_7193zoom.JPG,bci50haplot,normal,davilla nitida,0.654670
comb_DJI_20250807100013_0009_V_6438zoom.JPG,bci50haplot,low_conf_known,jacaranda copaia,0.060920
comb_DJI_20250807100046_0011_V_6442zoom.JPG,bci50haplot,low_conf_known,jacaranda copaia,0.301890
comb_DJI_20250807100116_0013_V_6435zoom.JPG,bci50haplot,normal,apeiba membranacea,0.250730
comb_DJI_20250807100224_0017_V_6434zoom.JPG,bci50haplot,low_conf_known,trattinnickia aspera,0.470030
comb_DJI_20250807100410_0021_V_5827zoom.JPG,bci50haplot,normal,senegalia hayesii,0.270630
comb_DJI_20250807100447_0023_V_6481zoom.JPG,bci50haplot,long_tail,cordia alliodora,0.051370
comb_DJI_20250807100556_0027_V_5830zoom.JPG,bci50haplot,can_wait,protium stevensonii,0.846130
comb_DJI_20250807100747_0033_V_5837zoom.JPG,bci50haplot,low_conf_known,trattinnickia aspera,0.402480
comb_DJI_20250807102702_0001_V_5656zoom.JPG,bci50haplot,long_tail,genipa americana,0.126780
comb_DJI_20250807102737_0003_V_5648zoom.JPG,bci50haplot,normal,pouteria stipitata,0.241350
comb_DJI_20250807102811_0005_V_5105zoom.JPG,bci50haplot,long_tail,piscidia piscipula,0.049170
comb_DJI_20250807102951_0009_V_5672zoom.JPG,bci50haplot,can_wait,protium stevensonii,0.976320
comb_DJI_20250807103022_0011_V_5001zoom.JPG,bci50haplot,low_conf_known,anacardium excelsum,0.099670
comb_DJI_20250807103055_0013_V_5742zoom.JPG,bci50haplot,normal,davilla nitida,0.446260
comb_DJI_20250807103204_0017_V_6912zoom.JPG,bci50haplot,long_tail,spondias mombin,0.435390
comb_DJI_20250807103242_0019_V_7619zoom.JPG,bci50haplot,normal,senegalia hayesii,0.263130
comb_DJI_20250807103313_0021_V_7610zoom.JPG,bci50haplot,long_tail,quararibea stenophylla,0.839420
comb_DJI_20250807104940_0001_V_7605zoom.JPG,bci50haplot,long_tail,hylenaea praecelsa,0.038840
comb_DJI_20250807105013_0003_V_6459zoom.JPG,bci50haplot,normal,senegalia hayesii,0.522590
comb_DJI_20250807105128_0005_V_6431zoom.JPG,bci50haplot,normal,protium stevensonii,0.185440
comb_DJI_20250807105201_0007_V_6882zoom.JPG,bci50haplot,normal,senegalia hayesii,0.719990
comb_DJI_20250807105233_0009_V_7635zoom.JPG,bci50haplot,normal,serjania circumvallata,0.732060
comb_DJI_20250807105306_0011_V_7587zoom.JPG,bci50haplot,can_wait,senegalia hayesii,0.903160
comb_DJI_20250807105339_0013_V_7586zoom.JPG,bci50haplot,normal,simarouba amara,0.111470
comb_DJI_20250807105414_0015_V_8366zoom.JPG,bci50haplot,normal,zanthoxylum ekmanii,0.622910
comb_DJI_20250807105521_0019_V_8346zoom.JPG,bci50haplot,long_tail,quararibea stenophylla,0.767930
comb_DJI_20250807105552_0021_V_8357zoom.JPG,bci50haplot,normal,senegalia hayesii,0.775140
comb_DJI_20250807105621_0023_V_8381zoom.JPG,bci50haplot,normal,senegalia hayesii,0.715380
comb_DJI_20250807111027_0001_V_8373zoom.JPG,bci50haplot,can_wait,senegalia hayesii,0.838150
comb_DJI_20250807111058_0003_V_8368zoom.JPG,bci50haplot,long_tail,callichlamys latifolia,0.086240
comb_DJI_20250807111128_0005_V_8363zoom.JPG,bci50haplot,can_wait,senegalia hayesii,0.916390
comb_DJI_20250807111203_0007_V_7696zoom.JPG,bci50haplot,normal,serjania circumvallata,0.790570
comb_DJI_20250807111238_0009_V_7677zoom.JPG,bci50haplot,can_wait,luehea seemannii,0.918880
comb_DJI_20250807111347_0013_V_7643zoom.JPG,bci50haplot,normal,platypodium elegans,0.026350
comb_DJI_20250807111654_0021_V_6974zoom.JPG,bci50haplot,long_tail,amphilophium crucigerum,0.683130
comb_DJI_20250807111759_0025_V_6963zoom.JPG,bci50haplot,can_wait,senegalia hayesii,0.975720
comb_DJI_20250807111913_0029_V_6970zoom.JPG,bci50haplot,long_tail,trema micranthum,0.891080
comb_DJI_20250807111947_0031_V_7617zoom.JPG,bci50haplot,normal,trattinnickia aspera,0.690700
comb_DJI_20250807112024_0033_V_6945zoom.JPG,bci50haplot,long_tail,entada polystachya,0.194650
comb_DJI_20250807112100_0035_V_6941zoom.JPG,bci50haplot,normal,zanthoxylum ekmanii,0.312940
comb_DJI_20250807112139_0037_V_6353zoom.JPG,bci50haplot,long_tail,thouinidium decandrum,0.028060
comb_DJI_20250807113636_0001_V_5792zoom.JPG,bci50haplot,normal,prioria copaifera,0.768020
comb_DJI_20250807113759_0003_V_5038zoom.JPG,bci50haplot,long_tail,bactris major,0.144880
comb_DJI_20250807113831_0005_V_5779zoom.JPG,bci50haplot,long_tail,tabernaemontana arborea,0.397500
comb_DJI_20250807113940_0009_V_5025zoom.JPG,bci50haplot,long_tail,styrax argenteus,0.038450
comb_DJI_20250807114012_0011_V_5017zoom.JPG,bci50haplot,long_tail,spondias mombin,0.638730
comb_DJI_20250807114043_0013_V_5653zoom.JPG,bci50haplot,can_wait,alseis blackiana,0.991380
comb_DJI_20250807114117_0015_V_5733zoom.JPG,bci50haplot,normal,protium stevensonii,0.101570
comb_DJI_20250807114145_0017_V_5751zoom.JPG,bci50haplot,long_tail,fridericia patellifera,0.218710
comb_DJI_20250807114216_0019_V_5042zoom.JPG,bci50haplot,normal,trattinnickia aspera,0.558820
comb_DJI_20250807114247_0021_V_5067zoom.JPG,bci50haplot,low_conf_known,jacaranda copaia,0.077530
comb_DJI_20250807130003_0001_V_7916zoom.JPG,bci50haplot,normal,spondias radlkoferi,0.553050
comb_DJI_20250807130153_0005_V_7145zoom.JPG,bci50haplot,normal,protium stevensonii,0.162600
comb_DJI_20250807130340_0011_V_7293zoom.JPG,bci50haplot,long_tail,omphalea diandra,0.717820
comb_DJI_20250807130416_0013_V_7246zoom.JPG,bci50haplot,long_tail,cardiospermum grandiflorum,0.253380
comb_DJI_20250807130607_0019_V_7261zoom.JPG,bci50haplot,low_conf_known,dipteryx oleifera,0.055210
comb_DJI_20250807130835_0025_V_7229zoom.JPG,bci50haplot,low_conf_known,hieronyma alchorneoides,0.151070
comb_DJI_20250813084505_0003_V_8633zoom.JPG,bci50haplot,long_tail,spondias mombin,0.237250
comb_DJI_20250813084539_0005_V_8702zoom.JPG,bci50haplot,long_tail,sloanea terniflora,0.025920
comb_DJI_20250813084720_0011_V_9109zoom.JPG,bci50haplot,can_wait,inga marginata,0.861990
comb_DJI_20250813084829_0015_V_8542zoom.JPG,bci50haplot,normal,protium stevensonii,0.692530
comb_DJI_20250813084914_0017_V_9799zoom.JPG,bci50haplot,can_wait,inga marginata,0.967850
comb_DJI_20250813084955_0019_V_9148zoom.JPG,bci50haplot,normal,protium stevensonii,0.446320
comb_DJI_20250813085149_0023_V_9706zoom.JPG,bci50haplot,can_wait,hieronyma alchorneoides,0.934540
comb_DJI_20250813085222_0025_V_9690zoom.JPG,bci50haplot,long_tail,trichilia tuberculata,0.599790
comb_DJI_20250813085401_0031_V_9809zoom.JPG,bci50haplot,can_wait,tachigali panamensis,0.925100
comb_DJI_20250813085435_0033_V_10320zoom.JPG,bci50haplot,normal,hippocratea volubilis,0.013760
comb_DJI_20250813085509_0035_V_10354zoom.JPG,bci50haplot,normal,senegalia hayesii,0.414440
comb_DJI_20250813090644_0001_V_9793zoom.JPG,bci50haplot,long_tail,lonchocarpus heptaphyllus,0.227620
comb_DJI_20250813090719_0003_V_10321zoom.JPG,bci50haplot,long_tail,quararibea asterolepis,0.084810
comb_DJI_20250813090936_0009_V_10259zoom.JPG,bci50haplot,long_tail,fridericia schumanniana,0.137880
comb_DJI_20250813091008_0011_V_10311zoom.JPG,bci50haplot,long_tail,quararibea asterolepis,0.725910
comb_DJI_20250813091214_0019_V_10286zoom.JPG,bci50haplot,normal,fridericia candicans,0.079370
comb_DJI_20250813091251_0021_V_10273zoom.JPG,bci50haplot,long_tail,combretum decandrum,0.102130
comb_DJI_20250813091321_0023_V_10269zoom.JPG,bci50haplot,long_tail,guapira myrtiflora,0.803430
comb_DJI_20250813091508_0027_V_9741zoom.JPG,bci50haplot,can_wait,protium stevensonii,0.945380
comb_DJI_20250813091805_0037_V_9698zoom.JPG,bci50haplot,normal,uncaria tomentosa,0.345750
comb_DJI_20250813093020_0001_V_9691zoom.JPG,bci50haplot,long_tail,mascagnia ovatifolia,0.107990
comb_DJI_20250813093128_0005_V_8579zoom.JPG,bci50haplot,normal,protium stevensonii,0.112090
comb_DJI_20250813094204_0035_V_10222zoom.JPG,bci50haplot,long_tail,thouinidium decandrum,0.246650
comb_DJI_20250813101100_0015_V_9624zoom.JPG,bci50haplot,long_tail,doliocarpus major,0.662790
comb_DJI_20250813101207_0019_V_10605zoom.JPG,bci50haplot,long_tail,piscidia carthagenensis,0.016040
comb_DJI_20250813101338_0025_V_11949zoom.JPG,bci50haplot,long_tail,amphilophium paniculatum,0.186540
comb_DJI_20250813101635_0033_V_11435zoom.JPG,bci50haplot,long_tail,amphilophium paniculatum,0.352590
comb_DJI_20250813101713_0035_V_11465zoom.JPG,bci50haplot,long_tail,jasminum sambac,0.030630
comb_DJI_20250813103251_0009_V_954zoom.JPG,bci50haplot,long_tail,omphalea diandra,0.081520
comb_DJI_20250813103325_0011_V_11427zoom.JPG,bci50haplot,long_tail,bactris maraja,0.153450
comb_DJI_20250813110602_0022_V_10110zoom.JPG,bci50haplot,normal,pouteria stipitata,0.011620
comb_DJI_20250813110635_0024_V_9661zoom.JPG,bci50haplot,normal,serjania circumvallata,0.583670
comb_DJI_20250813110711_0026_V_9660zoom.JPG,bci50haplot,long_tail,ocotea oblonga,0.361370
comb_DJI_20250813111826_0001_V_9664zoom.JPG,bci50haplot,low_conf_known,jacaranda copaia,0.018000
comb_DJI_20250813112118_0011_V_10210zoom.JPG,bci50haplot,normal,fridericia candicans,0.089850
comb_DJI_20250813112155_0013_V_10213zoom.JPG,bci50haplot,normal,fridericia candicans,0.494170
comb_DJI_20250813112306_0015_V_10235zoom.JPG,bci50haplot,normal,luehea seemannii,0.425150
comb_DJI_20250813112447_0021_V_10256zoom.JPG,bci50haplot,long_tail,quararibea stenophylla,0.128830
comb_DJI_20250813112554_0025_V_11544zoom.JPG,bci50haplot,long_tail,fridericia patellifera,0.573020
comb_DJI_20250813115116_0005_V_7925zoom.JPG,bci50haplot,long_tail,combretum fruticosum,0.133330
comb_DJI_20250813121047_0011_V_8480zoom.JPG,bci50haplot,normal,davilla nitida,0.070730
comb_DJI_20250813121303_0019_V_8512zoom.JPG,bci50haplot,normal,fridericia candicans,0.156790
comb_DJI_20250813121508_0027_V_8492zoom.JPG,bci50haplot,normal,apeiba membranacea,0.320890
comb_DJI_20250813121619_0029_V_9049zoom.JPG,bci50haplot,can_wait,pouteria stipitata,0.920610
comb_DJI_20250813121729_0033_V_9540zoom.JPG,bci50haplot,normal,hippocratea volubilis,0.342130
comb_DJI_20250813123319_0001_V_8483zoom.JPG,bci50haplot,long_tail,martinella obovata,0.049060
comb_DJI_20250813123831_0017_V_8982zoom.JPG,bci50haplot,long_tail,acalypha macrostachya,0.447420
comb_DJI_20250813123948_0021_V_8439zoom.JPG,bci50haplot,can_wait,protium stevensonii,0.981430
comb_DJI_20250813124022_0023_V_8969zoom.JPG,bci50haplot,long_tail,cordia alliodora,0.332310
comb_DJI_20250813124119_0027_V_8947zoom.JPG,bci50haplot,normal,serjania circumvallata,0.018470
comb_DJI_20250813124153_0029_V_8943zoom.JPG,bci50haplot,long_tail,clusia multiflora,0.057770
comb_DJI_20250813124227_0031_V_8415zoom.JPG,bci50haplot,normal,pouteria stipitata,0.303250
comb_DJI_20250813125704_0001_V_9011zoom.JPG,bci50haplot,normal,terminalia amazonia,0.462630
comb_DJI_20250813125745_0003_V_9530zoom.JPG,bci50haplot,can_wait,brosimum alicastrum,0.881930
comb_DJI_20250813125823_0005_V_9515zoom.JPG,bci50haplot,can_wait,pouteria stipitata,0.877960
comb_DJI_20250813125902_0007_V_9498zoom.JPG,bci50haplot,normal,sterculia apetala,0.093970
comb_DJI_20250813130012_0011_V_10099zoom.JPG,bci50haplot,can_wait,alseis blackiana,0.966760
comb_DJI_20250813130052_0013_V_9034zoom.JPG,bci50haplot,normal,uncaria tomentosa,0.515430
comb_DJI_20250813130128_0015_V_9593zoom.JPG,bci50haplot,normal,protium stevensonii,0.116420
comb_DJI_20250813130200_0017_V_9606zoom.JPG,bci50haplot,can_wait,protium stevensonii,0.828910
comb_DJI_20250813130235_0019_V_10107zoom.JPG,bci50haplot,normal,serjania circumvallata,0.610920
comb_DJI_20250813130341_0021_V_9564zoom.JPG,bci50haplot,long_tail,cavanillesia platanifolia,0.085840
comb_DJI_20250813130414_0023_V_9628zoom.JPG,bci50haplot,normal,fridericia candicans,0.696410
comb_DJI_20250813130515_0027_V_9588zoom.JPG,bci50haplot,long_tail,amphilophium paniculatum,0.907700
comb_DJI_20250813132348_0003_V_11921zoom.JPG,bci50haplot,long_tail,celtis iguanaea,0.668560
comb_DJI_20250813132421_0005_V_11369zoom.JPG,bci50haplot,long_tail,fridericia patellifera,0.236960
comb_DJI_20250813132456_0007_V_11306zoom.JPG,bci50haplot,normal,pouteria stipitata,0.274830
comb_DJI_20250813132632_0009_V_1447zoom.JPG,bci50haplot,long_tail,fridericia floribunda,0.123160
comb_DJI_20250813132743_0013_V_802zoom.JPG,bci50haplot,long_tail,quararibea asterolepis,0.896840
comb_DJI_20250813132819_0015_V_807zoom.JPG,bci50haplot,long_tail,spondias mombin,0.025810
comb_DJI_20250813132856_0017_V_11936zoom.JPG,bci50haplot,can_wait,alseis blackiana,0.968060
comb_DJI_20250813132932_0019_V_11343zoom.JPG,bci50haplot,low_conf_known,hieronyma alchorneoides,0.467890
comb_DJI_20250813135043_0001_V_950zoom.JPG,bci50haplot,can_wait,senegalia hayesii,0.848750
comb_DJI_20250813135119_0003_V_1436zoom.JPG,bci50haplot,long_tail,virola sebifera,0.224550
comb_DJI_20250813135153_0005_V_901zoom.JPG,bci50haplot,long_tail,celtis iguanaea,0.478290
comb_DJI_20250813135223_0007_V_1401zoom.JPG,bci50haplot,normal,terminalia oblonga,0.222080
comb_DJI_20250813135256_0009_V_905zoom.JPG,bci50haplot,normal,alseis blackiana,0.481600
comb_DJI_20250813135331_0011_V_11394zoom.JPG,bci50haplot,can_wait,astronium graveolens,0.855260
comb_DJI_20250813135404_0013_V_11416zoom.JPG,bci50haplot,normal,terminalia oblonga,0.067090
comb_DJI_20250813135441_0015_V_11390zoom.JPG,bci50haplot,long_tail,casearia sylvestris,0.238580
comb_DJI_20250813135515_0017_V_896zoom.JPG,bci50haplot,long_tail,dolichandra unguis-cati,0.152540
comb_DJI_20250813135738_0023_V_981zoom.JPG,bci50haplot,normal,fridericia candicans,0.222370
comb_DJI_20250813135820_0025_V_1051zoom.JPG,bci50haplot,long_tail,fridericia patellifera,0.586600
comb_DJI_20250813135929_0029_V_1042zoom.JPG,bci50haplot,long_tail,guapira myrtiflora,0.132420
comb_DJI_20250813140004_0031_V_990zoom.JPG,bci50haplot,long_tail,fridericia patellifera,0.308440
comb_DJI_20250813140042_0033_V_11545zoom.JPG,bci50haplot,long_tail,cordia alliodora,0.160820
comb_DJI_20250813141326_0003_V_11519zoom.JPG,bci50haplot,low_conf_known,chrysophyllum cainito,0.395550
comb_DJI_20250813141512_0007_V_1000zoom.JPG,bci50haplot,long_tail,amphilophium crucigerum,0.420180
comb_DJI_20250813141551_0009_V_965zoom.JPG,bci50haplot,long_tail,trichilia tuberculata,0.838880
comb_DJI_20250813141626_0011_V_1020zoom.JPG,bci50haplot,long_tail,rhizophora mangle,0.064660
comb_DJI_20250813141659_0013_V_1070zoom.JPG,bci50haplot,normal,hippocratea volubilis,0.028330
comb_DJI_20250813141735_0015_V_1033zoom.JPG,bci50haplot,can_wait,prioria copaifera,0.883390
comb_DJI_20250813141818_0017_V_11610zoom.JPG,bci50haplot,can_wait,inga marginata,0.842990
comb_DJI_20250813141852_0019_V_11502zoom.JPG,bci50haplot,long_tail,cordia alliodora,0.241120
comb_DJI_20250813141927_0021_V_11526zoom.JPG,bci50haplot,long_tail,fridericia patellifera,0.504410
comb_DJI_20250813142006_0023_V_974zoom.JPG,bci50haplot,long_tail,fridericia patellifera,0.140500
comb_DJI_20250813143959_0019_V_2234zoom.JPG,bci50haplot,normal,guatteria lucens,0.595150
comb_DJI_20250813144507_0033_V_2213zoom.JPG,bci50haplot,long_tail,beilschmiedia tovarensis,0.367850
comb_DJI_20250814105206_0011_V_6966zoom.JPG,bcitbarbour3o,normal,fridericia candicans,0.066540
comb_DJI_20250814105559_0025_V_7176zoom.JPG,bcitbarbour3o,long_tail,maripa panamensis,0.057260
comb_DJI_20250814105750_0031_V_6444zoom.JPG,bcitbarbour3o,normal,hieronyma alchorneoides,0.545630
comb_DJI_20250814105822_0033_V_6506zoom.JPG,bcitbarbour3o,normal,davilla nitida,0.036660
comb_DJI_20250814115240_0041_V_10392zoom.JPG,bcitbarbour3o,normal,alseis blackiana,0.429330
comb_DJI_20250814123654_0023_V_4851zoom.JPG,bcitbarbour3o,long_tail,combretum decandrum,0.920030
comb_DJI_20250814124626_0055_V_4265zoom.JPG,bcitbarbour3o,long_tail,guapira myrtiflora,0.279980
comb_DJI_20250814125658_0005_V_7729zoom.JPG,bcitbarbour3o,normal,terminalia oblonga,0.389890
comb_DJI_20250814125922_0013_V_6909zoom.JPG,bcitbarbour3o,long_tail,nectandra lineata,0.680850
comb_DJI_20250814132047_0003_V_9237zoom.JPG,bcitbarbour3o,long_tail,combretum decandrum,0.792650
comb_DJI_20250814132120_0005_V_9376zoom.JPG,bcitbarbour3o,normal,uncaria tomentosa,0.262700
comb_DJI_20250814134326_0001_V_6314zoom.JPG,bcifairchild,long_tail,maripa panamensis,0.254430
comb_DJI_20250814134418_0003_V_6964zoom.JPG,bcifairchild,long_tail,combretum decandrum,0.374670
comb_DJI_20250814134448_0005_V_6907zoom.JPG,bcifairchild,long_tail,combretum decandrum,0.024100
comb_DJI_20250814134521_0007_V_7715zoom.JPG,bcifairchild,long_tail,combretum decandrum,0.502000
comb_DJI_20250814134548_0009_V_7658zoom.JPG,bcifairchild,long_tail,combretum decandrum,0.186750
comb_DJI_20250814134616_0011_V_7711zoom.JPG,bcifairchild,normal,handroanthus guayacan,0.575060
comb_DJI_20250814134700_0013_V_7670zoom.JPG,bcifairchild,low_conf_known,handroanthus guayacan,0.447900
comb_DJI_20250814134726_0015_V_7686zoom.JPG,bcifairchild,can_wait,dipteryx oleifera,0.949170
comb_DJI_20250814134801_0017_V_7684zoom.JPG,bcifairchild,normal,davilla nitida,0.109350
comb_DJI_20250814134833_0019_V_228zoom.JPG,bcifairchild,can_wait,handroanthus guayacan,0.900740
comb_DJI_20250814134902_0021_V_231zoom.JPG,bcifairchild,normal,handroanthus guayacan,0.796320
comb_DJI_20250814134950_0023_V_7659zoom.JPG,bcifairchild,can_wait,dipteryx oleifera,0.805300
comb_DJI_20250814135021_0025_V_7605zoom.JPG,bcifairchild,normal,sterculia apetala,0.643200
comb_DJI_20250814135204_0027_V_7599zoom.JPG,bcifairchild,long_tail,maripa panamensis,0.237680
comb_DJI_20250814135233_0029_V_7552zoom.JPG,bcifairchild,long_tail,doliocarpus major,0.022950
comb_DJI_20250814135308_0031_V_7555zoom.JPG,bcifairchild,can_wait,anacardium excelsum,0.889140
comb_DJI_20250814135340_0033_V_7573zoom.JPG,bcifairchild,low_conf_known,hieronyma alchorneoides,0.245130
comb_DJI_20250814135413_0035_V_7600zoom.JPG,bcifairchild,normal,dipteryx oleifera,0.771970
comb_DJI_20250814135443_0037_V_7598zoom.JPG,bcifairchild,normal,handroanthus guayacan,0.711440
comb_DJI_20250814135514_0039_V_6686zoom.JPG,bcifairchild,normal,terminalia amazonia,0.761820
comb_DJI_20250814135544_0041_V_6697zoom.JPG,bcifairchild,normal,protium stevensonii,0.058230
comb_DJI_20250814135629_0043_V_6772zoom.JPG,bcifairchild,low_conf_known,guatteria lucens,0.043540
comb_DJI_20250814135705_0045_V_7751zoom.JPG,bcifairchild,long_tail,neolamarckia cadamba,0.627680
comb_DJI_20250814135746_0047_V_6878zoom.JPG,bcifairchild,can_wait,hieronyma alchorneoides,0.943510
comb_DJI_20250814135818_0049_V_6776zoom.JPG,bcifairchild,long_tail,aspidosperma desmanthum,0.298940
comb_DJI_20250814135850_0051_V_6682zoom.JPG,bcifairchild,long_tail,bignonia aequinoctialis,0.156260
comb_DJI_20250814135924_0053_V_6709zoom.JPG,bcifairchild,normal,jacaranda copaia,0.747260
comb_DJI_20250814135956_0055_V_6122zoom.JPG,bcifairchild,can_wait,hieronyma alchorneoides,0.997720
comb_DJI_20250814140024_0057_V_6078zoom.JPG,bcifairchild,long_tail,cissus erosa,0.120980
comb_DJI_20250814140055_0059_V_6041zoom.JPG,bcifairchild,long_tail,moquilea platypus,0.017020
comb_DJI_20250814140124_0061_V_5175zoom.JPG,bcifairchild,long_tail,aspidosperma desmanthum,0.599030
comb_DJI_20250814140211_0063_V_6010zoom.JPG,bcifairchild,can_wait,guatteria lucens,0.927500
comb_DJI_20250814140241_0065_V_6005zoom.JPG,bcifairchild,can_wait,ficus obtusifolia,0.985890
comb_DJI_20250814140317_0067_V_6648zoom.JPG,bcifairchild,long_tail,cordia dentata,0.169290
comb_DJI_20250814140350_0069_V_6657zoom.JPG,bcifairchild,normal,hieronyma alchorneoides,0.738240
comb_DJI_20250814141436_0001_V_6631zoom.JPG,bcifairchild,normal,handroanthus guayacan,0.555810
comb_DJI_20250814141503_0003_V_6630zoom.JPG,bcifairchild,long_tail,aspidosperma desmanthum,0.432050
comb_DJI_20250814141535_0005_V_6586zoom.JPG,bcifairchild,can_wait,hieronyma alchorneoides,0.983120
comb_DJI_20250814141615_0007_V_5891zoom.JPG,bcifairchild,long_tail,aspidosperma desmanthum,0.362680
comb_DJI_20250814141648_0009_V_5971zoom.JPG,bcifairchild,normal,ceiba pentandra,0.294450
comb_DJI_20250814141721_0011_V_5120zoom.JPG,bcifairchild,long_tail,pseudobombax septenatum,0.171020
comb_DJI_20250814142003_0001_V_5119zoom.JPG,bcifairchild,long_tail,spondias mombin,0.782390
comb_DJI_20250814142034_0003_V_4369zoom.JPG,bcifairchild,normal,hieronyma alchorneoides,0.572880
comb_DJI_20250814142107_0005_V_4279zoom.JPG,bcifairchild,normal,ocotea leptobotra,0.469590
comb_DJI_20250814142140_0007_V_4720zoom.JPG,bcifairchild,long_tail,pseudobombax septenatum,0.464890
comb_DJI_20250814142213_0009_V_4741zoom.JPG,bcifairchild,normal,davilla nitida,0.320050
comb_DJI_20250814142242_0011_V_4725zoom.JPG,bcifairchild,normal,hieronyma alchorneoides,0.668330
comb_DJI_20250814142313_0013_V_4728zoom.JPG,bcifairchild,low_conf_known,handroanthus guayacan,0.062850
comb_DJI_20250814142347_0015_V_4277zoom.JPG,bcifairchild,normal,handroanthus guayacan,0.731510
comb_DJI_20250814142425_0017_V_4348zoom.JPG,bcifairchild,long_tail,moquilea platypus,0.003220
comb_DJI_20250814142459_0019_V_3401zoom.JPG,bcifairchild,can_wait,anacardium excelsum,0.971300
comb_DJI_20250814142542_0021_V_3399zoom.JPG,bcifairchild,normal,dipteryx oleifera,0.762580
comb_DJI_20250814142614_0023_V_3392zoom.JPG,bcifairchild,can_wait,sterculia apetala,0.903470
comb_DJI_20250814142648_0025_V_2409zoom.JPG,bcifairchild,long_tail,pseudobombax septenatum,0.596780
comb_DJI_20250814142717_0027_V_2417zoom.JPG,bcifairchild,normal,luehea seemannii,0.740130
comb_DJI_20250814142754_0029_V_3390zoom.JPG,bcifairchild,can_wait,anacardium excelsum,0.910300
comb_DJI_20250814142826_0031_V_3353zoom.JPG,bcifairchild,normal,davilla nitida,0.234130
comb_DJI_20250814142859_0033_V_3356zoom.JPG,bcifairchild,long_tail,combretum decandrum,0.052140
comb_DJI_20250814142931_0035_V_2832zoom.JPG,bcifairchild,long_tail,chrysophyllum argenteum,0.451940
comb_DJI_20250814143004_0037_V_2430zoom.JPG,bcifairchild,long_tail,dialium guianense,0.016080
comb_DJI_20250814143041_0039_V_3332zoom.JPG,bcifairchild,can_wait,luehea seemannii,0.912080
comb_DJI_20250814143130_0041_V_3840zoom.JPG,bcifairchild,low_conf_known,ochroma pyramidale,0.345680
comb_DJI_20250814143202_0043_V_3886zoom.JPG,bcifairchild,normal,davilla nitida,0.200320
comb_DJI_20250814143235_0045_V_2861zoom.JPG,bcifairchild,long_tail,aegiphila elata,0.105400
comb_DJI_20250814143310_0047_V_2867zoom.JPG,bcifairchild,can_wait,anacardium excelsum,0.985470
comb_DJI_20250814143341_0049_V_2887zoom.JPG,bcifairchild,normal,fridericia candicans,0.557870
comb_DJI_20250814143419_0051_V_2154zoom.JPG,bcifairchild,long_tail,adenocalymma inundatum,0.092260
comb_DJI_20250814143453_0053_V_2011zoom.JPG,bcifairchild,long_tail,maripa panamensis,0.122960
comb_DJI_20250814143526_0055_V_2153zoom.JPG,bcifairchild,long_tail,pseudobombax septenatum,0.537970
comb_DJI_20250820092450_0001_V_4292zoom.JPG,bci25haplot,long_tail,pelliciera rhizophorae,0.021710
comb_DJI_20250820092635_0007_V_5926zoom.JPG,bci25haplot,normal,platypodium elegans,0.632290
comb_DJI_20250820092712_0009_V_5939zoom.JPG,bci25haplot,normal,uncaria tomentosa,0.034290
comb_DJI_20250820092956_0019_V_6675zoom.JPG,bci25haplot,normal,platypodium elegans,0.058680
comb_DJI_20250820094634_0003_V_6680zoom.JPG,bci25haplot,long_tail,volkameria glabra,0.051690
comb_DJI_20250820094845_0011_V_8996zoom.JPG,bci25haplot,can_wait,anacardium excelsum,0.842850
comb_DJI_20250820094956_0015_V_8935zoom.JPG,bci25haplot,long_tail,ormosia macrocalyx,0.042650
comb_DJI_20250820095212_0021_V_8769zoom.JPG,bci25haplot,can_wait,trattinnickia aspera,0.974640
comb_DJI_20250820095457_0031_V_7478zoom.JPG,bci25haplot,can_wait,trattinnickia aspera,0.972100
comb_DJI_20250820095527_0033_V_7473zoom.JPG,bci25haplot,long_tail,hymenaea courbaril,0.718690
comb_DJI_20250820105129_0001_V_5148zoom.JPG,bci25haplot,long_tail,attalea butyracea,0.657630
comb_DJI_20250820105205_0003_V_5152zoom.JPG,bci25haplot,long_tail,combretum fruticosum,0.067990
comb_DJI_20250820105242_0005_V_5153zoom.JPG,bci25haplot,normal,hippocratea volubilis,0.397880
comb_DJI_20250820105455_0013_V_5881zoom.JPG,bci25haplot,normal,davilla nitida,0.548380
comb_DJI_20250820105635_0019_V_5884zoom.JPG,bci25haplot,normal,platypodium elegans,0.145740
comb_DJI_20250820105813_0023_V_5122zoom.JPG,bci25haplot,can_wait,protium stevensonii,0.925720
comb_DJI_20250820105910_0027_V_5121zoom.JPG,bci25haplot,long_tail,ormosia macrocalyx,0.032920
comb_DJI_20250820105945_0029_V_5052zoom.JPG,bci25haplot,can_wait,luehea seemannii,0.954220
comb_DJI_20250820110017_0031_V_5042zoom.JPG,bci25haplot,can_wait,protium stevensonii,0.923000
comb_DJI_20250820110126_0035_V_5069zoom.JPG,bci25haplot,long_tail,hylenaea praecelsa,0.423870
comb_DJI_20250820110234_0039_V_5829zoom.JPG,bci25haplot,can_wait,platypodium elegans,0.923700
comb_DJI_20250820112130_0009_V_4977zoom.JPG,bci25haplot,normal,hippocratea volubilis,0.033350
comb_DJI_20250820112158_0011_V_4974zoom.JPG,bci25haplot,long_tail,nectandra lineata,0.263310
comb_DJI_20250820112225_0013_V_5840zoom.JPG,bci25haplot,normal,platypodium elegans,0.637800
comb_DJI_20250820112331_0017_V_5492zoom.JPG,bci25haplot,can_wait,platypodium elegans,0.957720
comb_DJI_20250820112405_0019_V_6242zoom.JPG,bci25haplot,can_wait,terminalia amazonia,0.955270
comb_DJI_20250820112519_0021_V_6255zoom.JPG,bci25haplot,long_tail,lonchocarpus heptaphyllus,0.316730
comb_DJI_20250820112701_0027_V_7177zoom.JPG,bci25haplot,long_tail,maripa panamensis,0.237800
comb_DJI_20250820114252_0001_V_7168zoom.JPG,bci25haplot,long_tail,guapira myrtiflora,0.035910
comb_DJI_20250820114323_0003_V_6531zoom.JPG,bci25haplot,long_tail,amphilophium crucigerum,0.283070
comb_DJI_20250820114648_0013_V_7971zoom.JPG,bci25haplot,long_tail,tanaecium pyramidatum,0.199680
comb_DJI_20250820114952_0023_V_7449zoom.JPG,bci25haplot,long_tail,tontelea passiflora,0.345140
comb_DJI_20250820115028_0025_V_7437zoom.JPG,bci25haplot,long_tail,enterolobium cyclocarpum,0.782540
comb_DJI_20250821154043_0003_V_1590zoom.JPG,bci50haplot,normal,terminalia oblonga,0.149060
comb_DJI_20250911094540_0001_V_277zoom.JPG,bci10haplot,low_conf_known,hieronyma alchorneoides,0.108740
comb_DJI_20250911094618_0003_V_4465zoom.JPG,bci10haplot,long_tail,chamaedorea tepejilote,0.027420
comb_DJI_20250911094723_0007_V_1970zoom.JPG,bci10haplot,can_wait,guatteria lucens,0.975920
comb_DJI_20250911094858_0013_V_2337zoom.JPG,bci10haplot,normal,pouteria stipitata,0.361650
comb_DJI_20250911094931_0015_V_2415zoom.JPG,bci10haplot,can_wait,alseis blackiana,0.995770
comb_DJI_20250911100549_0001_V_2338zoom.JPG,bci10haplot,normal,oenocarpus mapora,0.519820
comb_DJI_20250911100654_0005_V_2377zoom.JPG,bci10haplot,long_tail,amphilophium crucigerum,0.542120
comb_DJI_20250911100724_0007_V_2250zoom.JPG,bci10haplot,long_tail,guapira myrtiflora,0.246780
comb_DJI_20250911100759_0009_V_2648zoom.JPG,bci10haplot,long_tail,lonchocarpus heptaphyllus,0.059470
comb_DJI_20250911100936_0015_V_2657zoom.JPG,bci10haplot,long_tail,aiouea montana,0.127220
comb_DJI_20250911101145_0021_V_2647zoom.JPG,bci10haplot,long_tail,amphilophium crucigerum,0.395010
comb_DJI_20250911104430_0011_V_3231zoom.JPG,bci10haplot,long_tail,hylenaea praecelsa,0.052480
comb_DJI_20250924093440_0005_V_974zoom.JPG,bci10haplot,normal,uncaria tomentosa,0.427180
comb_DJI_20250924093515_0007_V_655zoom.JPG,bci10haplot,long_tail,guapira myrtiflora,0.026520
comb_DJI_20250924093619_0011_V_871zoom.JPG,bci10haplot,can_wait,guatteria lucens,0.974160
comb_DJI_20250924094028_0025_V_1076zoom.JPG,bci10haplot,long_tail,guapira myrtiflora,0.156690
comb_DJI_20250924103035_0001_V_1446zoom.JPG,bci10haplot,normal,uncaria tomentosa,0.334080
comb_DJI_20250924103105_0003_V_1435zoom.JPG,bci10haplot,normal,fridericia candicans,0.091820
comb_DJI_20250924103210_0005_V_1293zoom.JPG,bci10haplot,long_tail,guarea guidonia,0.858940
comb_DJI_20250924103243_0007_V_1075zoom.JPG,bci10haplot,normal,uncaria tomentosa,0.071230
comb_DJI_20250924103345_0011_V_1147zoom.JPG,bci10haplot,low_conf_known,jacaranda copaia,0.491420
comb_DJI_20250924103418_0013_V_1556zoom.JPG,bci10haplot,long_tail,cordia alliodora,0.269820
comb_DJI_20250924103447_0015_V_1559zoom.JPG,bci10haplot,long_tail,cordia alliodora,0.538700
comb_DJI_20250924103550_0019_V_1584zoom.JPG,bci10haplot,normal,davilla nitida,0.180050
comb_DJI_20250924103625_0021_V_1304zoom.JPG,bci10haplot,normal,alseis blackiana,0.444560
comb_DJI_20250924103655_0023_V_1570zoom.JPG,bci10haplot,long_tail,fridericia patellifera,0.318630
comb_DJI_20250924103757_0025_V_1283zoom.JPG,bci10haplot,normal,serjania circumvallata,0.347760
comb_DJI_20250924103856_0029_V_1294zoom.JPG,bci10haplot,low_conf_known,jacaranda copaia,0.190740
comb_DJI_20250924105205_0001_V_1342zoom.JPG,bci10haplot,low_conf_known,jacaranda copaia,0.077860
comb_DJI_20250924105235_0003_V_1285zoom.JPG,bci10haplot,normal,jacaranda copaia,0.575660
comb_DJI_20250924105304_0005_V_1327zoom.JPG,bci10haplot,can_wait,uncaria tomentosa,0.899050
comb_DJI_20250924105334_0007_V_975zoom.JPG,bci10haplot,normal,uncaria tomentosa,0.454360
comb_DJI_20250924105408_0009_V_1282zoom.JPG,bci10haplot,long_tail,trichilia tuberculata,0.291440
comb_DJI_20250924105503_0013_V_1299zoom.JPG,bci10haplot,long_tail,cordia alliodora,0.514550
comb_DJI_20250924105609_0015_V_1292zoom.JPG,bci10haplot,normal,alseis blackiana,0.641230
comb_DJI_20250924105637_0017_V_981zoom.JPG,bci10haplot,can_wait,alseis blackiana,0.818200
comb_DJI_20250924105706_0019_V_982zoom.JPG,bci10haplot,long_tail,callichlamys latifolia,0.489300
comb_DJI_20250924105814_0023_V_736zoom.JPG,bci10haplot,long_tail,duranta erecta,0.013520
comb_DJI_20250924105846_0025_V_728zoom.JPG,bci10haplot,long_tail,colubrina asiatica,0.051010
comb_DJI_20250924105954_0029_V_968zoom.JPG,bci10haplot,can_wait,alseis blackiana,0.935430
comb_DJI_20250924110028_0031_V_734zoom.JPG,bci10haplot,long_tail,sapium laurifolium,0.004850
comb_DJI_20250924110103_0033_V_743zoom.JPG,bci10haplot,long_tail,trichilia tuberculata,0.704190
comb_DJI_20250926091446_0013_V_4752zoom.JPG,bci10haplot,long_tail,fridericia patellifera,0.184080
comb_DJI_20250926091520_0015_V_4218zoom.JPG,bci10haplot,low_conf_known,hieronyma alchorneoides,0.079390
comb_DJI_20250926091556_0017_V_4225zoom.JPG,bci10haplot,long_tail,celtis iguanaea,0.705510
comb_DJI_20250926091625_0019_V_4221zoom.JPG,bci10haplot,can_wait,uncaria tomentosa,0.815560
comb_DJI_20250926091757_0021_V_3930zoom.JPG,bci10haplot,can_wait,uncaria tomentosa,0.974310
comb_DJI_20250926091830_0023_V_3941zoom.JPG,bci10haplot,normal,uncaria tomentosa,0.346300
comb_DJI_20250926091905_0025_V_4214zoom.JPG,bci10haplot,can_wait,uncaria tomentosa,0.960180
comb_DJI_20250926091933_0027_V_3844zoom.JPG,bci10haplot,normal,ceiba pentandra,0.759610
comb_DJI_20250926092033_0031_V_3937zoom.JPG,bci10haplot,long_tail,guapira myrtiflora,0.326270
comb_DJI_20250926101918_0003_V_3958zoom.JPG,bci10haplot,long_tail,prionostemma aspera,0.102260
comb_DJI_20250926102056_0007_V_3980zoom.JPG,bci10haplot,normal,terminalia amazonia,0.067760
comb_DJI_20250926102129_0009_V_3671zoom.JPG,bci10haplot,normal,uncaria tomentosa,0.746410
comb_DJI_20250926102210_0011_V_3441zoom.JPG,bci10haplot,normal,chrysophyllum cainito,0.761270
comb_DJI_20250926102243_0013_V_3435zoom.JPG,bci10haplot,normal,pouteria stipitata,0.462200
comb_DJI_20250926102317_0015_V_3020zoom.JPG,bci10haplot,can_wait,guatteria lucens,0.973440
comb_DJI_20250926102358_0017_V_3243zoom.JPG,bci10haplot,can_wait,alseis blackiana,0.973760
comb_DJI_20250926102512_0021_V_3013zoom.JPG,bci10haplot,low_conf_known,jacaranda copaia,0.017020
comb_DJI_20250926102651_0025_V_2724zoom.JPG,bci10haplot,normal,hippocratea volubilis,0.176280
comb_DJI_20250926102724_0027_V_2965zoom.JPG,bci10haplot,can_wait,pouteria stipitata,0.955440
comb_DJI_20250926102754_0029_V_2721zoom.JPG,bci10haplot,long_tail,tabernaemontana arborea,0.623420
comb_DJI_20250926102826_0031_V_2911zoom.JPG,bci10haplot,long_tail,aechmea tillandsioides,0.168550
comb_DJI_20250926110130_0007_V_2670zoom.JPG,bci10haplot,low_conf_known,dipteryx oleifera,0.341070
comb_DJI_20250926110200_0009_V_2432zoom.JPG,bci10haplot,long_tail,vitex parviflora,0.042250
comb_DJI_20250926110228_0011_V_2464zoom.JPG,bci10haplot,can_wait,alseis blackiana,0.971140
comb_DJI_20250926110330_0013_V_3007zoom.JPG,bci10haplot,normal,fridericia candicans,0.142250
comb_DJI_20250926110358_0015_V_2637zoom.JPG,bci10haplot,long_tail,cordia alliodora,0.970980
comb_DJI_20250926110427_0017_V_2434zoom.JPG,bci10haplot,low_conf_known,hieronyma alchorneoides,0.252030
comb_DJI_20250926110458_0019_V_2642zoom.JPG,bci10haplot,long_tail,cordia alliodora,0.459830
comb_DJI_20250926110558_0023_V_2348zoom.JPG,bci10haplot,long_tail,ocotea oblonga,0.447610
comb_DJI_20250926110755_0031_V_2675zoom.JPG,bci10haplot,long_tail,sapium glandulosum,0.687850
comb_DJI_20250926111032_0039_V_2100zoom.JPG,bci10haplot,long_tail,jasminum fluminense,0.088530
comb_DJI_20250926111102_0041_V_2380zoom.JPG,bci10haplot,normal,fridericia candicans,0.456430
comb_DJI_20250926112645_0001_V_2371zoom.JPG,bci10haplot,long_tail,fridericia schumanniana,0.374520
comb_DJI_20250926112718_0003_V_2344zoom.JPG,bci10haplot,normal,uncaria tomentosa,0.316050
comb_DJI_20250926112818_0007_V_1906zoom.JPG,bci10haplot,normal,fridericia candicans,0.092920
comb_DJI_20250926112850_0009_V_2125zoom.JPG,bci10haplot,long_tail,combretum fruticosum,0.102610
comb_DJI_20250926113028_0013_V_2093zoom.JPG,bci10haplot,normal,protium stevensonii,0.169610
comb_DJI_20250926113130_0017_V_4289zoom.JPG,bci10haplot,long_tail,cordia alliodora,0.020500
comb_DJI_20250926113236_0021_V_4472zoom.JPG,bci10haplot,long_tail,cordia alliodora,0.732490
comb_DJI_20250926113416_0027_V_234zoom.JPG,bci10haplot,long_tail,celtis iguanaea,0.683650
comb_DJI_20250930113438_0001_V_6324zoom.JPG,bcifairchild,long_tail,maripa panamensis,0.038980
comb_DJI_20250930113515_0003_V_6357zoom.JPG,bcifairchild,can_wait,fridericia candicans,0.828700
comb_DJI_20250930113545_0005_V_6340zoom.JPG,bcifairchild,normal,hippocratea volubilis,0.045160
comb_DJI_20250930113617_0007_V_6371zoom.JPG,bcifairchild,normal,anacardium excelsum,0.718440
comb_DJI_20250930113651_0009_V_6339zoom.JPG,bcifairchild,normal,terminalia amazonia,0.728550
comb_DJI_20250930113726_0011_V_5537zoom.JPG,bcifairchild,can_wait,anacardium excelsum,0.851790
comb_DJI_20250930113759_0013_V_6429zoom.JPG,bcifairchild,long_tail,omphalea diandra,0.127300
comb_DJI_20250930113830_0015_V_5641zoom.JPG,bcifairchild,long_tail,aegiphila elata,0.413350
comb_DJI_20250930113859_0017_V_6444zoom.JPG,bcifairchild,long_tail,annona spraguei,0.251680
comb_DJI_20250930113931_0019_V_5639zoom.JPG,bcifairchild,long_tail,vatairea erythrocarpa,0.095540
comb_DJI_20250930114017_0021_V_5638zoom.JPG,bcifairchild,long_tail,bignonia aequinoctialis,0.529780
comb_DJI_20250930114046_0023_V_5635zoom.JPG,bcifairchild,long_tail,vatairea erythrocarpa,0.034920
comb_DJI_20250930114118_0025_V_5687zoom.JPG,bcifairchild,can_wait,luehea seemannii,0.940680
comb_DJI_20250930114152_0027_V_5698zoom.JPG,bcifairchild,normal,anacardium excelsum,0.599390
comb_DJI_20250930114222_0029_V_5742zoom.JPG,bcifairchild,can_wait,dipteryx oleifera,0.913870
comb_DJI_20250930114256_0031_V_5692zoom.JPG,bcifairchild,long_tail,volkameria glabra,0.053530
comb_DJI_20250930114327_0033_V_4973zoom.JPG,bcifairchild,normal,protium stevensonii,0.553270
comb_DJI_20250930114359_0035_V_4947zoom.JPG,bcifairchild,can_wait,luehea seemannii,0.977480
comb_DJI_20250930114432_0037_V_5012zoom.JPG,bcifairchild,can_wait,anacardium excelsum,0.892790
comb_DJI_20250930114502_0039_V_5041zoom.JPG,bcifairchild,normal,luehea seemannii,0.799330
comb_DJI_20250930114551_0041_V_5048zoom.JPG,bcifairchild,long_tail,callichlamys latifolia,0.072860
comb_DJI_20250930114626_0043_V_4132zoom.JPG,bcifairchild,can_wait,luehea seemannii,0.880300
comb_DJI_20250930114657_0045_V_4184zoom.JPG,bcifairchild,normal,anacardium excelsum,0.730540
comb_DJI_20250930114729_0047_V_3241zoom.JPG,bcifairchild,low_conf_known,anacardium excelsum,0.470960
comb_DJI_20250930114759_0049_V_3200zoom.JPG,bcifairchild,normal,calophyllum longifolium,0.375290
comb_DJI_20250930114834_0051_V_3135zoom.JPG,bcifairchild,can_wait,anacardium excelsum,0.903140
comb_DJI_20250930114902_0053_V_3215zoom.JPG,bcifairchild,can_wait,anacardium excelsum,0.840950
comb_DJI_20250930115630_0001_V_4138zoom.JPG,bcifairchild,can_wait,astronium graveolens,0.937350
comb_DJI_20250930115700_0003_V_4133zoom.JPG,bcifairchild,can_wait,platypodium elegans,0.961530
comb_DJI_20250930115729_0005_V_4116zoom.JPG,bcifairchild,long_tail,mormodes powellii,0.131680
comb_DJI_20250930115814_0007_V_4871zoom.JPG,bcifairchild,normal,ceiba pentandra,0.212670
comb_DJI_20250930115853_0009_V_3962zoom.JPG,bcifairchild,can_wait,astronium graveolens,0.806120
comb_DJI_20250930115921_0011_V_3970zoom.JPG,bcifairchild,long_tail,lonchocarpus heptaphyllus,0.033730
comb_DJI_20250930115953_0013_V_3914zoom.JPG,bcifairchild,normal,jacaranda copaia,0.713650
comb_DJI_20250930120022_0015_V_3980zoom.JPG,bcifairchild,can_wait,anacardium excelsum,0.928640
comb_DJI_20250930120058_0017_V_2224zoom.JPG,bcifairchild,long_tail,dialium guianense,0.023160
comb_DJI_20250930120131_0019_V_2314zoom.JPG,bcifairchild,normal,protium stevensonii,0.006440
comb_DJI_20250930120200_0021_V_2245zoom.JPG,bcifairchild,long_tail,fridericia schumanniana,0.172810
comb_DJI_20250930120232_0023_V_2311zoom.JPG,bcifairchild,can_wait,hieronyma alchorneoides,0.895160
comb_DJI_20250930120259_0025_V_1430zoom.JPG,bcifairchild,long_tail,guapira myrtiflora,0.358050
comb_DJI_20250930120342_0027_V_1450zoom.JPG,bcifairchild,long_tail,pithecellobium keyense,0.180880
comb_DJI_20250930120418_0029_V_2093zoom.JPG,bcifairchild,can_wait,sterculia apetala,0.957820
comb_DJI_20250930120446_0031_V_2116zoom.JPG,bcifairchild,long_tail,sapium glandulosum,0.935450
comb_DJI_20250930120513_0033_V_2123zoom.JPG,bcifairchild,long_tail,jasminum fluminense,0.177220
comb_DJI_20250930120541_0035_V_1256zoom.JPG,bcifairchild,long_tail,fridericia floribunda,0.114200
comb_DJI_20250930120609_0037_V_1231zoom.JPG,bcifairchild,normal,handroanthus guayacan,0.774940
comb_DJI_20250930120636_0039_V_2032zoom.JPG,bcifairchild,normal,platypodium elegans,0.455520
comb_DJI_20250930120704_0041_V_1159zoom.JPG,bcifairchild,can_wait,calophyllum longifolium,0.891910
comb_DJI_20250930120738_0043_V_1239zoom.JPG,bcifairchild,low_conf_known,handroanthus guayacan,0.350840
comb_DJI_20250930120814_0045_V_2103zoom.JPG,bcifairchild,normal,davilla nitida,0.087610
comb_DJI_20250930120857_0047_V_1347zoom.JPG,bcifairchild,long_tail,gyrocarpus americanus,0.075750
comb_DJI_20250930120928_0049_V_1400zoom.JPG,bcifairchild,long_tail,passiflora filipes,0.037770
comb_DJI_20250930121001_0051_V_781zoom.JPG,bcifairchild,normal,tabebuia rosea,0.461050
comb_DJI_20250930121034_0053_V_1354zoom.JPG,bcifairchild,can_wait,luehea seemannii,0.960030
comb_DJI_20250930121104_0055_V_1349zoom.JPG,bcifairchild,low_conf_known,hura crepitans,0.150990
comb_DJI_20250930121139_0057_V_663zoom.JPG,bcifairchild,long_tail,vatairea erythrocarpa,0.094430
comb_DJI_20250930121211_0059_V_678zoom.JPG,bcifairchild,can_wait,anacardium excelsum,0.984770
comb_DJI_20250930121239_0061_V_676zoom.JPG,bcifairchild,can_wait,anacardium excelsum,0.948800
comb_DJI_20250930121310_0063_V_697zoom.JPG,bcifairchild,normal,hippocratea volubilis,0.316690
comb_DJI_20250930121341_0065_V_7419zoom.JPG,bcifairchild,can_wait,anacardium excelsum,0.819390
comb_DJI_20250930122247_0001_V_7410zoom.JPG,bcifairchild,can_wait,sterculia apetala,0.892280
comb_DJI_20250930122317_0003_V_669zoom.JPG,bcifairchild,can_wait,anacardium excelsum,0.900810
comb_DJI_20250930122349_0005_V_605zoom.JPG,bcifairchild,normal,apeiba membranacea,0.642390
comb_DJI_20250930122426_0007_V_634zoom.JPG,bcifairchild,low_conf_known,anacardium excelsum,0.052730
comb_DJI_20250930122457_0009_V_611zoom.JPG,bcifairchild,long_tail,guapira myrtiflora,0.329740
comb_DJI_20250930122528_0011_V_1168zoom.JPG,bcifairchild,long_tail,aspidosperma desmanthum,0.466390
comb_DJI_20250930122553_0013_V_1076zoom.JPG,bcifairchild,long_tail,pseudobombax septenatum,0.898430
comb_DJI_20250930122625_0015_V_609zoom.JPG,bcifairchild,long_tail,pseudobombax septenatum,0.761020
comb_DJI_20250930122700_0017_V_608zoom.JPG,bcifairchild,long_tail,trichilia tuberculata,0.409800
comb_DJI_20250930122736_0019_V_610zoom.JPG,bcifairchild,can_wait,terminalia amazonia,0.974100
comb_DJI_20250930122823_0021_V_7392zoom.JPG,bcifairchild,low_conf_known,anacardium excelsum,0.099840
comb_DJI_20250930122857_0023_V_7417zoom.JPG,bcifairchild,can_wait,hieronyma alchorneoides,0.908630
comb_DJI_20250930122929_0025_V_7415zoom.JPG,bcifairchild,normal,protium stevensonii,0.019180
comb_DJI_20250930123002_0027_V_7412zoom.JPG,bcifairchild,long_tail,moquilea platypus,0.021530
comb_DJI_20250930123035_0029_V_7411zoom.JPG,bcifairchild,long_tail,pseudobombax septenatum,0.554160
comb_DJI_20250930123109_0031_V_7414zoom.JPG,bcifairchild,normal,terminalia amazonia,0.688500
comb_DJI_20250930123143_0033_V_102zoom.JPG,bcifairchild,can_wait,brosimum alicastrum,0.974210
comb_DJI_20250930123214_0035_V_7397zoom.JPG,bcifairchild,normal,anacardium excelsum,0.754820
comb_DJI_20251001101623_0001_V_8412zoom.JPG,bci25haplot,can_wait,uncaria tomentosa,0.992460
comb_DJI_20251001101728_0005_V_8327zoom.JPG,bci25haplot,long_tail,andira inermis,0.133230
comb_DJI_20251001101834_0009_V_1505zoom.JPG,bci25haplot,normal,simarouba amara,0.121140
comb_DJI_20251001102434_0031_V_1519zoom.JPG,bci25haplot,normal,pouteria stipitata,0.296170
comb_DJI_20251001103908_0001_V_2040zoom.JPG,bci25haplot,long_tail,amphilophium crucigerum,0.810220
comb_DJI_20251001103938_0003_V_2070zoom.JPG,bci25haplot,normal,pouteria stipitata,0.161460
comb_DJI_20251001104139_0009_V_2826zoom.JPG,bci25haplot,low_conf_known,astronium graveolens,0.483100
comb_DJI_20251001104432_0021_V_1475zoom.JPG,bci25haplot,normal,hippocratea volubilis,0.151840
comb_DJI_20251001104504_0023_V_1479zoom.JPG,bci25haplot,long_tail,spondias mombin,0.240540
comb_DJI_20251001104705_0029_V_1990zoom.JPG,bci25haplot,long_tail,prionostemma aspera,0.426470
comb_DJI_20251001104803_0033_V_1979zoom.JPG,bci25haplot,low_conf_known,jacaranda copaia,0.064750
comb_DJI_20251001104956_0041_V_1416zoom.JPG,bci25haplot,normal,platypodium elegans,0.506660
comb_DJI_20251001110639_0003_V_1944zoom.JPG,bci25haplot,normal,platypodium elegans,0.448760
comb_DJI_20251001110748_0005_V_2665zoom.JPG,bci25haplot,normal,pouteria stipitata,0.326550
comb_DJI_20251001110815_0007_V_2673zoom.JPG,bci25haplot,normal,platypodium elegans,0.116090
comb_DJI_20251001110913_0011_V_2662zoom.JPG,bci25haplot,normal,hippocratea volubilis,0.749840
comb_DJI_20251001111422_0029_V_2730zoom.JPG,bci25haplot,can_wait,ficus obtusifolia,0.927520
comb_DJI_20251001113734_0007_V_3498zoom.JPG,bci25haplot,long_tail,dialium guianense,0.015210
comb_DJI_20251001114237_0025_V_3376zoom.JPG,bci25haplot,long_tail,heteropterys intermedia,0.158870
comb_DJI_20251001114407_0029_V_3858zoom.JPG,bci25haplot,normal,davilla nitida,0.248380
comb_DJI_20251001121010_0011_V_4084zoom.JPG,bci25haplot,normal,astronium graveolens,0.774190
comb_DJI_20251001121454_0027_V_4078zoom.JPG,bci25haplot,normal,ocotea leptobotra,0.409980
comb_DJI_20251001123400_0015_V_4262zoom.JPG,bci25haplot,normal,davilla nitida,0.124890
comb_DJI_20251001123433_0017_V_5098zoom.JPG,bci25haplot,normal,protium stevensonii,0.789020
comb_DJI_20251001123612_0023_V_4237zoom.JPG,bci25haplot,normal,davilla nitida,0.138590
comb_DJI_20251001123644_0025_V_4252zoom.JPG,bci25haplot,long_tail,doliocarpus major,0.242200
comb_DJI_20251001124002_0035_V_3551zoom.JPG,bci25haplot,long_tail,melicoccus oliviformis,0.016380
comb_DJI_20251001124103_0039_V_3566zoom.JPG,bci25haplot,long_tail,combretum decandrum,0.359870
comb_DJI_20251001125439_0003_V_2881zoom.JPG,bci25haplot,long_tail,pithecellobium keyense,0.012040
comb_DJI_20251001125509_0005_V_3545zoom.JPG,bci25haplot,normal,pouteria stipitata,0.661350
comb_DJI_20251001125819_0015_V_2157zoom.JPG,bci25haplot,long_tail,fridericia patellifera,0.280130
comb_DJI_20251003105120_0001_V_1875zoom.JPG,bcizetektower,normal,protium stevensonii,0.392250
comb_DJI_20251003105430_0013_V_850zoom.JPG,bcizetektower,long_tail,bignonia aequinoctialis,0.254590
comb_DJI_20251003105526_0017_V_1383zoom.JPG,bcizetektower,normal,pouteria stipitata,0.165990
comb_DJI_20251003105555_0019_V_1372zoom.JPG,bcizetektower,long_tail,sloanea terniflora,0.937360
comb_DJI_20251003105833_0027_V_1335zoom.JPG,bcizetektower,long_tail,serjania brachycarpa,0.446520
comb_DJI_20251003105903_0029_V_1354zoom.JPG,bcizetektower,long_tail,passiflora filipes,0.232030
comb_DJI_20251003112509_0001_V_717zoom.JPG,bcizetektower,normal,terminalia oblonga,0.082650
comb_DJI_20251003112937_0017_V_1530zoom.JPG,bcizetektower,low_conf_known,jacaranda copaia,0.085010
comb_DJI_20251003113250_0027_V_1527zoom.JPG,bcizetektower,normal,platypodium elegans,0.754960
comb_DJI_20251003113326_0029_V_1063zoom.JPG,bcizetektower,can_wait,alseis blackiana,0.859920
comb_DJI_20251003114755_0001_V_2006zoom.JPG,bcizetektower,long_tail,guarea guidonia,0.043310
comb_DJI_20251003114902_0003_V_2491zoom.JPG,bcizetektower,long_tail,guarea guidonia,0.036080
comb_DJI_20251003115143_0013_V_2454zoom.JPG,bcizetektower,long_tail,fridericia schumanniana,0.512930
comb_DJI_20251003115215_0015_V_568zoom.JPG,bcizetektower,normal,protium stevensonii,0.165160
comb_DJI_20251003115250_0017_V_138zoom.JPG,bcizetektower,long_tail,tontelea passiflora,0.145710
comb_DJI_20251003115318_0019_V_494zoom.JPG,bcizetektower,long_tail,pouteria reticulata,0.245200
comb_DJI_20251003115349_0021_V_496zoom.JPG,bcizetektower,long_tail,zanthoxylum panamense,0.175680
comb_DJI_20251003115526_0025_V_2453zoom.JPG,bcizetektower,normal,fridericia candicans,0.581340
comb_DJI_20251003115725_0033_V_718zoom.JPG,bcizetektower,long_tail,celtis iguanaea,0.892530
comb_DJI_20251003115930_0041_V_2160zoom.JPG,bcizetektower,normal,protium stevensonii,0.344150
comb_DJI_20251003121048_0001_V_2101zoom.JPG,bcizetektower,low_conf_known,jacaranda copaia,0.028140
comb_DJI_20251003121147_0005_V_2118zoom.JPG,bcizetektower,can_wait,uncaria tomentosa,0.968150
comb_DJI_20251003121219_0007_V_2059zoom.JPG,bcizetektower,long_tail,zanthoxylum panamense,0.029700
comb_DJI_20251003121250_0009_V_221zoom.JPG,bcizetektower,normal,uncaria tomentosa,0.127900
comb_DJI_20251003121320_0011_V_2164zoom.JPG,bcizetektower,normal,hippocratea volubilis,0.375010
comb_DJI_20251003121451_0017_V_219zoom.JPG,bcizetektower,long_tail,sparrea schippii,0.918350
comb_DJI_20251003121624_0021_V_2137zoom.JPG,bcizetektower,long_tail,tontelea passiflora,0.120030
comb_DJI_20251003121733_0025_V_269zoom.JPG,bcizetektower,long_tail,fridericia schumanniana,0.442060
comb_DJI_20251003121838_0029_V_2314zoom.JPG,bcizetektower,normal,brosimum alicastrum,0.377140
comb_DJI_20251003121904_0031_V_838zoom.JPG,bcizetektower,normal,brosimum alicastrum,0.797790
comb_DJI_20251003121931_0033_V_857zoom.JPG,bcizetektower,normal,hippocratea volubilis,0.409390
comb_DJI_20251003122002_0035_V_840zoom.JPG,bcizetektower,long_tail,cordia alliodora,0.148300
comb_DJI_20251003122241_0043_V_1429zoom.JPG,bcizetektower,long_tail,cordia alliodora,0.275260
comb_DJI_20251003122312_0045_V_1464zoom.JPG,bcizetektower,long_tail,callichlamys latifolia,0.452550
comb_DJI_20251006111336_0025_V_740zoom.JPG,bcidraytontower,normal,brosimum alicastrum,0.129600
comb_DJI_20251006111836_0041_V_2246zoom.JPG,bcidraytontower,long_tail,guapira myrtiflora,0.211840
comb_DJI_20251006114109_0001_V_2307zoom.JPG,bcidraytontower,long_tail,moquilea platypus,0.673060
comb_DJI_20251006114842_0027_V_743zoom.JPG,bcidraytontower,long_tail,aegiphila elata,0.224190
comb_DJI_20251006114914_0029_V_667zoom.JPG,bcidraytontower,long_tail,philodendron jacquinii,0.378390
comb_DJI_20251006115048_0035_V_696zoom.JPG,bcidraytontower,normal,uncaria tomentosa,0.336860
comb_DJI_20251006115158_0037_V_661zoom.JPG,bcidraytontower,long_tail,nectandra lineata,0.434200
comb_DJI_20251006115339_0043_V_680zoom.JPG,bcidraytontower,long_tail,fridericia patellifera,0.262230
comb_DJI_20251006115415_0045_V_2198zoom.JPG,bcidraytontower,long_tail,fridericia patellifera,0.203030
comb_DJI_20251006121339_0001_V_2498zoom.JPG,bcidraytontower,can_wait,brosimum alicastrum,0.912700
comb_DJI_20251006121726_0013_V_2472zoom.JPG,bcidraytontower,long_tail,agdestis clematidea,0.032730
comb_DJI_20251006121936_0021_V_471zoom.JPG,bcidraytontower,long_tail,guapira myrtiflora,0.028200
comb_DJI_20251009083327_0001_V_7267zoom.JPG,bcitbarbour3n,normal,handroanthus guayacan,0.541860
comb_DJI_20251009083523_0009_V_8216zoom.JPG,bcitbarbour3n,can_wait,anacardium excelsum,0.946500
comb_DJI_20251009083655_0015_V_8215zoom.JPG,bcitbarbour3n,low_conf_known,dipteryx oleifera,0.026940
comb_DJI_20251009083753_0019_V_8143zoom.JPG,bcitbarbour3n,long_tail,fridericia patellifera,0.300010
comb_DJI_20251009083905_0021_V_8991zoom.JPG,bcitbarbour3n,can_wait,hieronyma alchorneoides,0.932770
comb_DJI_20251009084504_0043_V_9932zoom.JPG,bcitbarbour3n,normal,davilla nitida,0.422820
comb_DJI_20251009084530_0045_V_9900zoom.JPG,bcitbarbour3n,can_wait,calophyllum longifolium,0.859460
comb_DJI_20251009085802_0003_V_10751zoom.JPG,bcitbarbour3n,long_tail,celtis iguanaea,0.185660
comb_DJI_20251009085834_0005_V_11808zoom.JPG,bcitbarbour3n,normal,calophyllum longifolium,0.361040
comb_DJI_20251009085906_0007_V_11801zoom.JPG,bcitbarbour3n,normal,calophyllum longifolium,0.666180
comb_DJI_20251009090452_0027_V_10742zoom.JPG,bcitbarbour3n,long_tail,guarea guidonia,0.492260
comb_DJI_20251009090719_0037_V_10644zoom.JPG,bcitbarbour3n,can_wait,hieronyma alchorneoides,0.977780
comb_DJI_20251009091035_0047_V_11655zoom.JPG,bcitbarbour3n,normal,calophyllum longifolium,0.762510
comb_DJI_20251009091106_0049_V_10656zoom.JPG,bcitbarbour3n,low_conf_known,astronium graveolens,0.012020
comb_DJI_20251009091311_0057_V_10659zoom.JPG,bcitbarbour3n,can_wait,hieronyma alchorneoides,0.918130
comb_DJI_20251009091340_0059_V_10687zoom.JPG,bcitbarbour3n,long_tail,guarea guidonia,0.589700
comb_DJI_20251009092136_0001_V_10657zoom.JPG,bcitbarbour3n,long_tail,enterolobium cyclocarpum,0.829500
comb_DJI_20251009092433_0013_V_11704zoom.JPG,bcitbarbour3n,long_tail,guarea guidonia,0.443760
comb_DJI_20251009092532_0017_V_11737zoom.JPG,bcitbarbour3n,can_wait,ficus insipida,0.912220
comb_DJI_20251009092815_0025_V_857zoom.JPG,bcitbarbour3n,long_tail,casearia laetioides,0.027230
comb_DJI_20251009092916_0029_V_731zoom.JPG,bcitbarbour3n,normal,hippocratea volubilis,0.298390
comb_DJI_20251009093259_0041_V_10820zoom.JPG,bcitbarbour3n,long_tail,guarea guidonia,0.631680
comb_DJI_20251009093530_0051_V_10754zoom.JPG,bcitbarbour3n,normal,spondias radlkoferi,0.017130
comb_DJI_20251009093702_0057_V_10077zoom.JPG,bcitbarbour3n,long_tail,callichlamys latifolia,0.108410
comb_DJI_20251009093734_0059_V_10073zoom.JPG,bcitbarbour3n,long_tail,casearia laetioides,0.058830
comb_DJI_20251009095026_0015_V_9066zoom.JPG,bcitbarbour3n,normal,fridericia candicans,0.390950
comb_DJI_20251009095303_0023_V_9041zoom.JPG,bcitbarbour3n,normal,astronium graveolens,0.777970
comb_DJI_20251009095406_0027_V_9036zoom.JPG,bcitbarbour3n,long_tail,dolichandra unguis-cati,0.204020
comb_DJI_20251009095741_0039_V_8986zoom.JPG,bcitbarbour3n,normal,davilla nitida,0.426370
comb_DJI_20251009101059_0001_V_9188zoom.JPG,bcitbarbour3n,can_wait,simarouba amara,0.864780
comb_DJI_20251009101131_0003_V_9169zoom.JPG,bcitbarbour3n,normal,davilla nitida,0.625740
comb_DJI_20251009101310_0009_V_10175zoom.JPG,bcitbarbour3n,normal,hippocratea volubilis,0.418720
comb_DJI_20251009101413_0013_V_9167zoom.JPG,bcitbarbour3n,long_tail,spondias mombin,0.844260
comb_DJI_20251009101656_0021_V_8251zoom.JPG,bcitbarbour3n,can_wait,simarouba amara,0.950100
comb_DJI_20251009101726_0023_V_8296zoom.JPG,bcitbarbour3n,normal,terminalia amazonia,0.689840
comb_DJI_20251009101952_0033_V_8286zoom.JPG,bcitbarbour3n,low_conf_known,chrysophyllum cainito,0.140470
comb_DJI_20251009102227_0041_V_8330zoom.JPG,bcitbarbour3n,low_conf_known,jacaranda copaia,0.138440
comb_DJI_20251009102426_0049_V_7401zoom.JPG,bcitbarbour3n,long_tail,aspidosperma desmanthum,0.528870
comb_DJI_20251009102455_0051_V_7413zoom.JPG,bcitbarbour3n,normal,tachigali panamensis,0.157120
comb_DJI_20251009102528_0053_V_7405zoom.JPG,bcitbarbour3n,normal,hippocratea volubilis,0.273080
comb_DJI_20251009102558_0055_V_7397zoom.JPG,bcitbarbour3n,can_wait,tabebuia rosea,0.921680
comb_DJI_20251009102626_0057_V_8260zoom.JPG,bcitbarbour3n,long_tail,spondias mombin,0.515310
comb_DJI_20251009102759_0061_V_7246zoom.JPG,bcitbarbour3n,normal,terminalia oblonga,0.223360
comb_DJI_20251009103723_0003_V_7256zoom.JPG,bcitbarbour3n,normal,luehea seemannii,0.332450
comb_DJI_20251009104206_0003_V_708zoom.JPG,bcitbarbour3n,normal,calophyllum longifolium,0.403080
comb_DJI_20251009104517_0015_V_739zoom.JPG,bcitbarbour3n,can_wait,prioria copaifera,0.841370
comb_DJI_20251009104719_0021_V_1500zoom.JPG,bcitbarbour3n,normal,protium stevensonii,0.084570
comb_DJI_20251009104927_0029_V_2260zoom.JPG,bcitbarbour3n,normal,protium stevensonii,0.102220
comb_DJI_20251009104958_0031_V_2365zoom.JPG,bcitbarbour3n,long_tail,phyllanthus mocinoanus,0.014900
comb_DJI_20251009105056_0035_V_2393zoom.JPG,bcitbarbour3n,normal,simarouba amara,0.472690
comb_DJI_20251009105124_0037_V_1530zoom.JPG,bcitbarbour3n,can_wait,hieronyma alchorneoides,0.973760
comb_DJI_20251009105157_0039_V_1684zoom.JPG,bcitbarbour3n,long_tail,cordia alliodora,0.102170
comb_DJI_20251009105304_0041_V_1660zoom.JPG,bcitbarbour3n,normal,tabebuia rosea,0.474800
comb_DJI_20251009105409_0045_V_830zoom.JPG,bcitbarbour3n,normal,simarouba amara,0.649180
comb_DJI_20251010082325_0001_V_730zoom.JPG,bcitbarbour3n,can_wait,tachigali panamensis,0.902760
comb_DJI_20251010082356_0003_V_795zoom.JPG,bcitbarbour3n,long_tail,doliocarpus major,0.281280
comb_DJI_20251010082503_0007_V_1682zoom.JPG,bcitbarbour3n,normal,protium stevensonii,0.388290
comb_DJI_20251010082532_0009_V_1741zoom.JPG,bcitbarbour3n,normal,protium stevensonii,0.197210
comb_DJI_20251010082605_0011_V_1656zoom.JPG,bcitbarbour3n,normal,hippocratea volubilis,0.390470
comb_DJI_20251010082856_0019_V_2398zoom.JPG,bcitbarbour3n,long_tail,guarea guidonia,0.920260
comb_DJI_20251010082928_0021_V_2388zoom.JPG,bcitbarbour3n,normal,terminalia amazonia,0.629730
comb_DJI_20251010083000_0023_V_2505zoom.JPG,bcitbarbour3n,normal,luehea seemannii,0.103650
comb_DJI_20251010083030_0025_V_2392zoom.JPG,bcitbarbour3n,normal,davilla nitida,0.673750
comb_DJI_20251010083141_0029_V_3216zoom.JPG,bcitbarbour3n,long_tail,combretum decandrum,0.277010
comb_DJI_20251010083247_0033_V_3138zoom.JPG,bcitbarbour3n,low_conf_known,chrysophyllum cainito,0.179740
comb_DJI_20251010083351_0035_V_3132zoom.JPG,bcitbarbour3n,long_tail,dalbergia granadillo,0.019430
comb_DJI_20251010083453_0039_V_2396zoom.JPG,bcitbarbour3n,normal,hippocratea volubilis,0.189160
comb_DJI_20251010083600_0043_V_2440zoom.JPG,bcitbarbour3n,can_wait,anacardium excelsum,0.977970
comb_DJI_20251010083738_0049_V_3134zoom.JPG,bcitbarbour3n,normal,calophyllum longifolium,0.660790
comb_DJI_20251010083806_0051_V_3029zoom.JPG,bcitbarbour3n,normal,terminalia oblonga,0.707080
comb_DJI_20251010083835_0053_V_3139zoom.JPG,bcitbarbour3n,long_tail,mascagnia divaricata,0.124530
comb_DJI_20251010085108_0009_V_3662zoom.JPG,bcitbarbour3n,normal,davilla nitida,0.659460
comb_DJI_20251010085138_0011_V_3758zoom.JPG,bcitbarbour3n,normal,prioria copaifera,0.556370
comb_DJI_20251010085238_0015_V_3807zoom.JPG,bcitbarbour3n,can_wait,prioria copaifera,0.976480
comb_DJI_20251010085343_0019_V_4231zoom.JPG,bcitbarbour3n,can_wait,prioria copaifera,0.911620
comb_DJI_20251010085456_0021_V_4278zoom.JPG,bcitbarbour3n,long_tail,pseudobombax septenatum,0.359420
comb_DJI_20251010085527_0023_V_4213zoom.JPG,bcitbarbour3n,can_wait,tachigali panamensis,0.974820
comb_DJI_20251010085632_0027_V_4216zoom.JPG,bcitbarbour3n,long_tail,doliocarpus major,0.713060
comb_DJI_20251010085702_0029_V_4584zoom.JPG,bcitbarbour3n,normal,terminalia amazonia,0.679450
comb_DJI_20251010085736_0031_V_4139zoom.JPG,bcitbarbour3n,long_tail,sparrea schippii,0.473840
comb_DJI_20251010090045_0041_V_3768zoom.JPG,bcitbarbour3n,long_tail,guapira myrtiflora,0.117210
comb_DJI_20251010090156_0045_V_4128zoom.JPG,bcitbarbour3n,can_wait,tabebuia rosea,0.825620
comb_DJI_20251010090256_0049_V_4146zoom.JPG,bcitbarbour3n,normal,davilla nitida,0.301190
comb_DJI_20251010090326_0051_V_4543zoom.JPG,bcitbarbour3n,can_wait,simarouba amara,0.915700
comb_DJI_20251010090510_0057_V_3566zoom.JPG,bcitbarbour3n,long_tail,vochysia ferruginea,0.107240
comb_DJI_20251010090541_0059_V_3565zoom.JPG,bcitbarbour3n,low_conf_known,chrysophyllum cainito,0.203660
comb_DJI_20251010091348_0001_V_2997zoom.JPG,bcitbarbour3n,long_tail,combretum decandrum,0.063730
comb_DJI_20251010091425_0003_V_2921zoom.JPG,bcitbarbour3n,long_tail,spondias mombin,0.122310
comb_DJI_20251010091503_0005_V_1487zoom.JPG,bcitbarbour3n,normal,simarouba amara,0.648080
comb_DJI_20251010091532_0007_V_1488zoom.JPG,bcitbarbour3n,can_wait,trattinnickia aspera,0.989850
comb_DJI_20251010091638_0011_V_1443zoom.JPG,bcitbarbour3n,long_tail,guarea guidonia,0.609160
comb_DJI_20251010092057_0025_V_11661zoom.JPG,bcitbarbour3n,normal,pouteria stipitata,0.211250
comb_DJI_20251010092353_0003_V_9726zoom.JPG,bcitbarbour3n,normal,hippocratea volubilis,0.237830
comb_DJI_20251010092425_0005_V_9714zoom.JPG,bcitbarbour3n,normal,ceiba pentandra,0.603170
comb_DJI_20251010092919_0021_V_10575zoom.JPG,bcitbarbour3n,long_tail,doliocarpus major,0.320400
comb_DJI_20251010093022_0025_V_10596zoom.JPG,bcitbarbour3n,normal,calophyllum longifolium,0.792370
comb_DJI_20251010093908_0007_V_11656zoom.JPG,bcitbarbour3n,long_tail,quararibea asterolepis,0.164320
comb_DJI_20251010094252_0019_V_613zoom.JPG,bcitbarbour3n,normal,ceiba pentandra,0.328070
comb_DJI_20251010094918_0041_V_2194zoom.JPG,bcitbarbour3n,long_tail,protium tenuifolium,0.111920
comb_DJI_20251010094950_0043_V_2932zoom.JPG,bcitbarbour3n,normal,hippocratea volubilis,0.107990
comb_DJI_20251010095022_0045_V_2223zoom.JPG,bcitbarbour3n,normal,fridericia candicans,0.250450
comb_DJI_20251010095121_0049_V_2923zoom.JPG,bcitbarbour3n,normal,hippocratea volubilis,0.549130
comb_DJI_20251010095154_0051_V_2910zoom.JPG,bcitbarbour3n,normal,spondias radlkoferi,0.064740
comb_DJI_20251010102616_0001_V_2866zoom.JPG,bcitbarbour3n,long_tail,lonchocarpus heptaphyllus,0.141130
comb_DJI_20251010102645_0003_V_3474zoom.JPG,bcitbarbour3n,long_tail,hymenaea courbaril,0.456380
comb_DJI_20251010102716_0005_V_2898zoom.JPG,bcitbarbour3n,long_tail,hylenaea praecelsa,0.231600
comb_DJI_20251010103651_0037_V_608zoom.JPG,bcitbarbour3n,long_tail,combretum decandrum,0.082610
comb_DJI_20251010103721_0039_V_553zoom.JPG,bcitbarbour3n,long_tail,heteropterys intermedia,0.251500
comb_DJI_20251010103816_0043_V_479zoom.JPG,bcitbarbour3n,normal,platypodium elegans,0.256450
comb_DJI_20251010104057_0051_V_455zoom.JPG,bcitbarbour3n,can_wait,simarouba amara,0.858730
comb_DJI_20251010105142_0007_V_11547zoom.JPG,bcitbarbour3n,normal,hippocratea volubilis,0.402710
comb_DJI_20251010105650_0025_V_10520zoom.JPG,bcitbarbour3n,long_tail,vochysia ferruginea,0.286410
comb_DJI_20251010105722_0027_V_10493zoom.JPG,bcitbarbour3n,long_tail,lonchocarpus heptaphyllus,0.799860
comb_DJI_20251010111456_0021_V_7023zoom.JPG,bcitbarbour3n,low_conf_known,chrysophyllum cainito,0.130220
comb_DJI_20251010111526_0023_V_7009zoom.JPG,bcitbarbour3n,normal,oenocarpus mapora,0.659920
comb_DJI_20251010111758_0033_V_7031zoom.JPG,bcitbarbour3n,normal,protium stevensonii,0.073210
comb_DJI_20251010111859_0037_V_7125zoom.JPG,bcitbarbour3n,normal,fridericia candicans,0.266640
comb_DJI_20251010112339_0053_V_7152zoom.JPG,bcitbarbour3n,long_tail,callichlamys latifolia,0.159170
comb_DJI_20251010112407_0055_V_7165zoom.JPG,bcitbarbour3n,long_tail,fridericia schumanniana,0.148590
comb_DJI_20251010114050_0029_V_8082zoom.JPG,bcitbarbour3n,long_tail,pachira sessilis,0.713160
comb_DJI_20251010114324_0039_V_7090zoom.JPG,bcitbarbour3n,normal,davilla nitida,0.712720
comb_DJI_20251010114451_0043_V_8079zoom.JPG,bcitbarbour3n,can_wait,simarouba amara,0.858100
comb_DJI_20251010114523_0045_V_7016zoom.JPG,bcitbarbour3n,normal,pouteria stipitata,0.334260
comb_DJI_20251010114723_0053_V_8901zoom.JPG,bcitbarbour3n,normal,hippocratea volubilis,0.164800
comb_DJI_20251010114823_0057_V_8854zoom.JPG,bcitbarbour3n,can_wait,dipteryx oleifera,0.952090
comb_DJI_20251010120825_0005_V_8013zoom.JPG,bcitbarbour3n,long_tail,combretum fruticosum,0.171830
comb_DJI_20251010120928_0009_V_7961zoom.JPG,bcitbarbour3n,normal,hippocratea volubilis,0.201400
comb_DJI_20251010121637_0033_V_9309zoom.JPG,bcitbarbour3n,long_tail,aiouea montana,0.082260
comb_DJI_20251010122017_0043_V_9314zoom.JPG,bcitbarbour3n,normal,pouteria stipitata,0.230880
comb_DJI_20251010123043_0005_V_6933zoom.JPG,bcitbarbour3n,normal,hippocratea volubilis,0.653690
comb_DJI_20251010123230_0009_V_8475zoom.JPG,bcitbarbour3n,can_wait,hippocratea volubilis,0.903990
comb_DJI_20251010123853_0029_V_8646zoom.JPG,bcitbarbour3n,long_tail,pseudobombax septenatum,0.063450
comb_DJI_20251010124258_0043_V_7860zoom.JPG,bcitbarbour3n,normal,davilla nitida,0.038630
comb_DJI_20251010125231_0007_V_7658zoom.JPG,bcitbarbour3n,normal,fridericia candicans,0.091760
comb_DJI_20251014095739_0001_V_99zoom.JPG,bcitbarbour3n,long_tail,cordia collococca,0.102600
comb_DJI_20251014095859_0003_V_53zoom.JPG,bcitbarbour3n,long_tail,andira inermis,0.046610
comb_DJI_20251014095927_0005_V_55zoom.JPG,bcitbarbour3n,long_tail,spondias mombin,0.053520
comb_DJI_20251014100004_0007_V_11077zoom.JPG,bcitbarbour3n,can_wait,hieronyma alchorneoides,0.987100
comb_DJI_20251014100035_0009_V_11076zoom.JPG,bcitbarbour3n,normal,brosimum alicastrum,0.054830
comb_DJI_20251014100109_0011_V_11079zoom.JPG,bcitbarbour3n,long_tail,vatairea erythrocarpa,0.047170
comb_DJI_20251014100141_0013_V_11075zoom.JPG,bcitbarbour3n,can_wait,dipteryx oleifera,0.855020
comb_DJI_20251014100216_0015_V_219zoom.JPG,bcitbarbour3n,low_conf_known,anacardium excelsum,0.073670
comb_DJI_20251014100330_0017_V_11170zoom.JPG,bcitbarbour3n,low_conf_known,prioria copaifera,0.042520
comb_DJI_20251014100457_0019_V_11085zoom.JPG,bcitbarbour3n,long_tail,vatairea erythrocarpa,0.244360
comb_DJI_20251014100527_0021_V_11161zoom.JPG,bcitbarbour3n,normal,davilla nitida,0.781470
comb_DJI_20251014100559_0023_V_11119zoom.JPG,bcitbarbour3n,can_wait,luehea seemannii,0.992130
comb_DJI_20251014103531_0001_V_11115zoom.JPG,bcitbarbour3n,low_conf_known,chrysophyllum cainito,0.187520
comb_DJI_20251014103601_0003_V_4879zoom.JPG,bcitbarbour3n,can_wait,luehea seemannii,0.989220
comb_DJI_20251014103639_0005_V_4854zoom.JPG,bcitbarbour3n,long_tail,andira inermis,0.078820
comb_DJI_20251014103712_0007_V_4923zoom.JPG,bcitbarbour3n,long_tail,pseudobombax septenatum,0.317320
comb_DJI_20251014103746_0009_V_4925zoom.JPG,bcitbarbour3n,can_wait,anacardium excelsum,0.801030
comb_DJI_20251014103818_0011_V_4938zoom.JPG,bcitbarbour3n,can_wait,anacardium excelsum,0.858270
comb_DJI_20251014103849_0013_V_4891zoom.JPG,bcitbarbour3n,normal,apeiba membranacea,0.325610
comb_DJI_20251014103958_0015_V_4994zoom.JPG,bcitbarbour3n,low_conf_known,anacardium excelsum,0.199820
comb_DJI_20251014104027_0017_V_5005zoom.JPG,bcitbarbour3n,normal,platypodium elegans,0.468420
comb_DJI_20251014104101_0019_V_4957zoom.JPG,bcitbarbour3n,long_tail,bactris maraja,0.066360
comb_DJI_20251014104137_0021_V_11200zoom.JPG,bcitbarbour3n,long_tail,chrysophyllum argenteum,0.011460
comb_DJI_20251014104208_0023_V_11172zoom.JPG,bcitbarbour3n,long_tail,vatairea erythrocarpa,0.331940
comb_DJI_20251014104243_0025_V_11250zoom.JPG,bcitbarbour3n,normal,anacardium excelsum,0.634150
comb_DJI_20251014104316_0027_V_11289zoom.JPG,bcitbarbour3n,low_conf_known,dipteryx oleifera,0.175770
comb_DJI_20251014104354_0029_V_295zoom.JPG,bcitbarbour3n,normal,fridericia candicans,0.470150
comb_DJI_20251014104432_0031_V_11290zoom.JPG,bcitbarbour3n,low_conf_known,dipteryx oleifera,0.483010
comb_DJI_20251014104504_0033_V_11325zoom.JPG,bcitbarbour3n,normal,apeiba membranacea,0.598930
comb_DJI_20251014104615_0035_V_11296zoom.JPG,bcitbarbour3n,can_wait,luehea seemannii,0.939120
comb_DJI_20251014104651_0037_V_5011zoom.JPG,bcitbarbour3n,long_tail,spondias mombin,0.387400
comb_DJI_20251014104719_0039_V_4963zoom.JPG,bcitbarbour3n,normal,platypodium elegans,0.340650
comb_DJI_20251014104752_0041_V_11292zoom.JPG,bcitbarbour3n,normal,fridericia candicans,0.711540
comb_DJI_20251014104830_0043_V_5455zoom.JPG,bcitbarbour3n,low_conf_known,handroanthus guayacan,0.257490
comb_DJI_20251014104859_0045_V_4999zoom.JPG,bcitbarbour3n,normal,fridericia candicans,0.535590
comb_DJI_20251014104933_0047_V_5447zoom.JPG,bcitbarbour3n,long_tail,pseudobombax septenatum,0.510650
comb_DJI_20251014105006_0049_V_5470zoom.JPG,bcitbarbour3n,can_wait,platypodium elegans,0.860270
comb_DJI_20251014105034_0051_V_4894zoom.JPG,bcitbarbour3n,can_wait,anacardium excelsum,0.928720
comb_DJI_20251014105107_0053_V_4970zoom.JPG,bcitbarbour3n,normal,uncaria tomentosa,0.031350
comb_DJI_20251014105904_0001_V_4897zoom.JPG,bcitbarbour3n,normal,ceiba pentandra,0.243930
comb_DJI_20251014105935_0003_V_4892zoom.JPG,bcitbarbour3n,normal,ceiba pentandra,0.636540
comb_DJI_20251014110007_0005_V_5403zoom.JPG,bcitbarbour3n,long_tail,pachira sessilis,0.610690
comb_DJI_20251014110038_0007_V_4911zoom.JPG,bcitbarbour3n,normal,ceiba pentandra,0.656390
comb_DJI_20251014110109_0009_V_4919zoom.JPG,bcitbarbour3n,normal,ceiba pentandra,0.714650
comb_DJI_20251014110140_0011_V_5378zoom.JPG,bcitbarbour3n,long_tail,spondias mombin,0.457680
comb_DJI_20251014110212_0013_V_5411zoom.JPG,bcitbarbour3n,normal,pouteria stipitata,0.418270
comb_DJI_20251014110249_0015_V_5449zoom.JPG,bcitbarbour3n,normal,ceiba pentandra,0.400680
comb_DJI_20251014110324_0017_V_5458zoom.JPG,bcitbarbour3n,can_wait,calophyllum longifolium,0.824420
comb_DJI_20251014110354_0019_V_5456zoom.JPG,bcitbarbour3n,normal,tachigali panamensis,0.691430
comb_DJI_20251014110500_0021_V_5491zoom.JPG,bcitbarbour3n,normal,fridericia candicans,0.323720
comb_DJI_20251014110531_0023_V_5468zoom.JPG,bcitbarbour3n,normal,hippocratea volubilis,0.286110
comb_DJI_20251014110607_0025_V_5947zoom.JPG,bcitbarbour3n,normal,hippocratea volubilis,0.071290
comb_DJI_20251014110639_0027_V_5968zoom.JPG,bcitbarbour3n,can_wait,trattinnickia aspera,0.984950
comb_DJI_20251014110716_0029_V_6006zoom.JPG,bcitbarbour3n,normal,fridericia candicans,0.732880
comb_DJI_20251014110743_0031_V_6414zoom.JPG,bcitbarbour3n,can_wait,luehea seemannii,0.920780
comb_DJI_20251014110817_0033_V_6007zoom.JPG,bcitbarbour3n,normal,fridericia candicans,0.785750
comb_DJI_20251014110850_0035_V_6030zoom.JPG,bcitbarbour3n,long_tail,doliocarpus major,0.705880
comb_DJI_20251014110921_0037_V_5985zoom.JPG,bcitbarbour3n,can_wait,hieronyma alchorneoides,0.988310
comb_DJI_20251014110956_0039_V_6505zoom.JPG,bcitbarbour3n,normal,uncaria tomentosa,0.368930
comb_DJI_20251014111108_0041_V_6474zoom.JPG,bcitbarbour3n,long_tail,spondias mombin,0.334980
comb_DJI_20251014111143_0043_V_6411zoom.JPG,bcitbarbour3n,normal,davilla nitida,0.581300
comb_DJI_20251014111216_0045_V_6485zoom.JPG,bcitbarbour3n,long_tail,fridericia schumanniana,0.118720
comb_DJI_20251014111249_0047_V_6423zoom.JPG,bcitbarbour3n,can_wait,luehea seemannii,0.990650
comb_DJI_20251014111318_0049_V_5923zoom.JPG,bcitbarbour3n,long_tail,heteropterys intermedia,0.063610
comb_DJI_20251014111352_0051_V_5873zoom.JPG,bcitbarbour3n,long_tail,fridericia patellifera,0.045170
comb_DJI_20251014111424_0053_V_5808zoom.JPG,bcitbarbour3n,can_wait,dipteryx oleifera,0.820370
comb_DJI_20251014111457_0055_V_5806zoom.JPG,bcitbarbour3n,long_tail,tontelea passiflora,0.189640
comb_DJI_20251014111529_0057_V_5863zoom.JPG,bcitbarbour3n,can_wait,luehea seemannii,0.954690
comb_DJI_20251014112143_0001_V_6331zoom.JPG,bcitbarbour3n,normal,davilla nitida,0.287110
comb_DJI_20251014112253_0003_V_5821zoom.JPG,bcitbarbour3n,long_tail,casearia guianensis,0.223520
comb_DJI_20251014112325_0005_V_6370zoom.JPG,bcitbarbour3n,long_tail,amphilophium paniculatum,0.203830
comb_DJI_20251014112358_0007_V_6445zoom.JPG,bcitbarbour3n,normal,terminalia oblonga,0.077800
comb_DJI_20251014112659_0009_V_6364zoom.JPG,bcitbarbour3n,can_wait,anacardium excelsum,0.966520
comb_DJI_20251014112730_0011_V_6441zoom.JPG,bcitbarbour3n,normal,anacardium excelsum,0.772400
comb_DJI_20251014112812_0013_V_6349zoom.JPG,bcitbarbour3n,long_tail,callichlamys latifolia,0.337360
comb_DJI_20251014112846_0015_V_6353zoom.JPG,bcitbarbour3n,normal,ocotea leptobotra,0.707330
comb_DJI_20251014112918_0017_V_6367zoom.JPG,bcitbarbour3n,normal,terminalia amazonia,0.378990
comb_DJI_20251014112951_0019_V_6401zoom.JPG,bcitbarbour3n,can_wait,dipteryx oleifera,0.947170
comb_DJI_20251014113019_0021_V_6310zoom.JPG,bcitbarbour3n,low_conf_known,guatteria lucens,0.250000
comb_DJI_20251014113128_0023_V_5882zoom.JPG,bcitbarbour3n,normal,dipteryx oleifera,0.793850
comb_DJI_20251014113154_0025_V_6302zoom.JPG,bcitbarbour3n,can_wait,tachigali panamensis,0.905590
comb_DJI_20251014113224_0027_V_5731zoom.JPG,bcitbarbour3n,long_tail,doliocarpus multiflorus,0.238890
comb_DJI_20251014113305_0029_V_5732zoom.JPG,bcitbarbour3n,can_wait,anacardium excelsum,0.972820
comb_DJI_20251014113340_0031_V_6260zoom.JPG,bcitbarbour3n,long_tail,tontelea passiflora,0.232260
comb_DJI_20251014113415_0033_V_6245zoom.JPG,bcitbarbour3n,long_tail,spondias mombin,0.368400
comb_DJI_20251014113448_0035_V_6138zoom.JPG,bcitbarbour3n,can_wait,dipteryx oleifera,0.885740
comb_DJI_20251014113518_0037_V_5645zoom.JPG,bcitbarbour3n,can_wait,dipteryx oleifera,0.953900
comb_DJI_20251014113547_0039_V_6144zoom.JPG,bcitbarbour3n,normal,tabebuia rosea,0.551620
comb_DJI_20251014113622_0041_V_5594zoom.JPG,bcitbarbour3n,normal,dipteryx oleifera,0.630440
comb_DJI_20251014113731_0043_V_5152zoom.JPG,bcitbarbour3n,can_wait,tachigali panamensis,0.843630
comb_DJI_20251014113803_0045_V_5099zoom.JPG,bcitbarbour3n,normal,davilla nitida,0.524720
comb_DJI_20251014113837_0047_V_5607zoom.JPG,bcitbarbour3n,normal,dipteryx oleifera,0.666750
comb_DJI_20251014113911_0049_V_5068zoom.JPG,bcitbarbour3n,normal,dipteryx oleifera,0.684450
comb_DJI_20251014113944_0051_V_5609zoom.JPG,bcitbarbour3n,long_tail,guapira myrtiflora,0.157260
comb_DJI_20251014114013_0053_V_4723zoom.JPG,bcitbarbour3n,normal,handroanthus guayacan,0.557860
comb_DJI_20251014114045_0055_V_5078zoom.JPG,bcitbarbour3n,normal,protium stevensonii,0.655440
comb_DJI_20251014114116_0057_V_5064zoom.JPG,bcitbarbour3n,can_wait,sterculia apetala,0.857210
comb_DJI_20251014114723_0001_V_5115zoom.JPG,bcitbarbour3n,normal,fridericia candicans,0.208440
comb_DJI_20251014114756_0003_V_4738zoom.JPG,bcitbarbour3n,normal,hippocratea volubilis,0.688950
comb_DJI_20251014114905_0005_V_4742zoom.JPG,bcitbarbour3n,normal,protium stevensonii,0.633430
comb_DJI_20251014114937_0007_V_4758zoom.JPG,bcitbarbour3n,long_tail,heteropterys intermedia,0.043460
comb_DJI_20251014115009_0009_V_5159zoom.JPG,bcitbarbour3n,long_tail,tontelea passiflora,0.432840
comb_DJI_20251014115042_0011_V_5150zoom.JPG,bcitbarbour3n,normal,dipteryx oleifera,0.758770
comb_DJI_20251014115119_0013_V_5290zoom.JPG,bcitbarbour3n,normal,hippocratea volubilis,0.186800
comb_DJI_20251014115155_0015_V_5223zoom.JPG,bcitbarbour3n,long_tail,vochysia ferruginea,0.142830
comb_DJI_20251014115224_0017_V_5220zoom.JPG,bcitbarbour3n,can_wait,dipteryx oleifera,0.866140
comb_DJI_20251014115256_0019_V_5189zoom.JPG,bcitbarbour3n,long_tail,tontelea passiflora,0.234840
comb_DJI_20251014115404_0021_V_5149zoom.JPG,bcitbarbour3n,can_wait,dipteryx oleifera,0.930220
comb_DJI_20251014122426_0001_V_5659zoom.JPG,bcitbarbour3n,long_tail,tontelea passiflora,0.070920
comb_DJI_20251014122536_0003_V_5179zoom.JPG,bcitbarbour3n,can_wait,dipteryx oleifera,0.917460
comb_DJI_20251014122611_0005_V_5164zoom.JPG,bcitbarbour3n,normal,hippocratea volubilis,0.084820
comb_DJI_20251014122647_0007_V_5654zoom.JPG,bcitbarbour3n,can_wait,dipteryx oleifera,0.967820
comb_DJI_20251014122721_0009_V_5679zoom.JPG,bcitbarbour3n,normal,hippocratea volubilis,0.281190
comb_DJI_20251014122801_0011_V_5714zoom.JPG,bcitbarbour3n,low_conf_known,dipteryx oleifera,0.398110
comb_DJI_20251014122841_0013_V_5722zoom.JPG,bcitbarbour3n,normal,hippocratea volubilis,0.482130
comb_DJI_20251014122912_0015_V_5706zoom.JPG,bcitbarbour3n,long_tail,zanthoxylum panamense,0.223320
comb_DJI_20251014122947_0017_V_5792zoom.JPG,bcitbarbour3n,long_tail,fridericia schumanniana,0.268910
comb_DJI_20251014123020_0019_V_5837zoom.JPG,bcitbarbour3n,normal,fridericia candicans,0.168910
comb_DJI_20251014123058_0021_V_5267zoom.JPG,bcitbarbour3n,normal,fridericia candicans,0.633680
comb_DJI_20251014123203_0023_V_5709zoom.JPG,bcitbarbour3n,can_wait,fridericia candicans,0.870170
comb_DJI_20251014123240_0025_V_5282zoom.JPG,bcitbarbour3n,long_tail,tabernaemontana arborea,0.676450
comb_DJI_20251014123316_0027_V_4793zoom.JPG,bcitbarbour3n,can_wait,hieronyma alchorneoides,0.994370
comb_DJI_20251014123354_0029_V_5226zoom.JPG,bcitbarbour3n,normal,platypodium elegans,0.623450
comb_DJI_20251014123428_0031_V_4877zoom.JPG,bcitbarbour3n,normal,terminalia amazonia,0.611630
comb_DJI_20251014123502_0033_V_5333zoom.JPG,bcitbarbour3n,long_tail,vatairea erythrocarpa,0.139060
comb_DJI_20251014123534_0035_V_5301zoom.JPG,bcitbarbour3n,can_wait,ceiba pentandra,0.853490
comb_DJI_20251014123608_0037_V_5342zoom.JPG,bcitbarbour3n,can_wait,anacardium excelsum,0.835210
comb_DJI_20251014123637_0039_V_5353zoom.JPG,bcitbarbour3n,can_wait,astronium graveolens,0.818820
comb_DJI_20251014123709_0041_V_5807zoom.JPG,bcitbarbour3n,normal,pouteria stipitata,0.216570
comb_DJI_20251014123821_0043_V_5380zoom.JPG,bcitbarbour3n,long_tail,vatairea erythrocarpa,0.071420
comb_DJI_20251015112836_0001_V_6925zoom.JPG,bciarmour,can_wait,terminalia amazonia,0.850780
comb_DJI_20251015112906_0003_V_6918zoom.JPG,bciarmour,can_wait,dipteryx oleifera,0.896320
comb_DJI_20251015112933_0005_V_6849zoom.JPG,bciarmour,can_wait,dipteryx oleifera,0.826610
comb_DJI_20251015113014_0007_V_9223zoom.JPG,bciarmour,can_wait,terminalia amazonia,0.882340
comb_DJI_20251015113048_0009_V_9243zoom.JPG,bciarmour,can_wait,hieronyma alchorneoides,0.927380
comb_DJI_20251015113123_0011_V_7919zoom.JPG,bciarmour,long_tail,moquilea platypus,0.435960
comb_DJI_20251015113155_0013_V_9065zoom.JPG,bciarmour,normal,ceiba pentandra,0.432010
comb_DJI_20251015113224_0015_V_7903zoom.JPG,bciarmour,can_wait,luehea seemannii,0.850300
comb_DJI_20251015113300_0017_V_7877zoom.JPG,bciarmour,normal,sterculia apetala,0.375980
comb_DJI_20251015113330_0019_V_9106zoom.JPG,bciarmour,low_conf_known,jacaranda copaia,0.306890
comb_DJI_20251015113402_0021_V_9070zoom.JPG,bciarmour,long_tail,spondias mombin,0.849790
comb_DJI_20251015113431_0023_V_9130zoom.JPG,bciarmour,can_wait,davilla nitida,0.897640
comb_DJI_20251015113502_0025_V_9072zoom.JPG,bciarmour,normal,prioria copaifera,0.779950
comb_DJI_20251015113531_0027_V_10286zoom.JPG,bciarmour,normal,hieronyma alchorneoides,0.585170
comb_DJI_20251015113606_0029_V_10178zoom.JPG,bciarmour,normal,ochroma pyramidale,0.789190
comb_DJI_20251015113637_0031_V_11426zoom.JPG,bciarmour,can_wait,sterculia apetala,0.949330
comb_DJI_20251015113709_0033_V_1064zoom.JPG,bciarmour,can_wait,dipteryx oleifera,0.839730
comb_DJI_20251015113749_0035_V_1268zoom.JPG,bciarmour,can_wait,anacardium excelsum,0.961260
comb_DJI_20251015113820_0037_V_1053zoom.JPG,bciarmour,can_wait,handroanthus guayacan,0.825030
comb_DJI_20251015113851_0039_V_1045zoom.JPG,bciarmour,can_wait,sterculia apetala,0.969610
comb_DJI_20251015113926_0041_V_1830zoom.JPG,bciarmour,normal,hieronyma alchorneoides,0.796070
comb_DJI_20251015114002_0043_V_987zoom.JPG,bciarmour,long_tail,cosmibuena macrocarpa,0.710450
comb_DJI_20251015114032_0045_V_1046zoom.JPG,bciarmour,long_tail,sapium glandulosum,0.834420
comb_DJI_20251015114105_0047_V_1070zoom.JPG,bciarmour,can_wait,prioria copaifera,0.923030
comb_DJI_20251015114135_0049_V_12057zoom.JPG,bciarmour,normal,hippocratea volubilis,0.624320
comb_DJI_20251015121457_0001_V_12079zoom.JPG,bciarmour,can_wait,prioria copaifera,0.957190
comb_DJI_20251015121528_0003_V_12073zoom.JPG,bciarmour,can_wait,prioria copaifera,0.852730
comb_DJI_20251015121607_0005_V_12027zoom.JPG,bciarmour,can_wait,sterculia apetala,0.976200
comb_DJI_20251015121637_0007_V_821zoom.JPG,bciarmour,can_wait,prioria copaifera,0.870450
comb_DJI_20251015121709_0009_V_822zoom.JPG,bciarmour,can_wait,hieronyma alchorneoides,0.901900
comb_DJI_20251015121740_0011_V_862zoom.JPG,bciarmour,normal,ocotea leptobotra,0.501320
comb_DJI_20251015121812_0013_V_12030zoom.JPG,bciarmour,normal,terminalia amazonia,0.655710
comb_DJI_20251015121849_0015_V_10749zoom.JPG,bciarmour,can_wait,hieronyma alchorneoides,0.945160
comb_DJI_20251015121922_0017_V_10883zoom.JPG,bciarmour,low_conf_known,prioria copaifera,0.458450
comb_DJI_20251015121957_0019_V_10880zoom.JPG,bciarmour,can_wait,jacaranda copaia,0.967880
comb_DJI_20251015122025_0021_V_10878zoom.JPG,bciarmour,can_wait,terminalia amazonia,0.964820
comb_DJI_20251015122101_0023_V_12054zoom.JPG,bciarmour,normal,terminalia amazonia,0.746150
comb_DJI_20251015122141_0025_V_10962zoom.JPG,bciarmour,normal,apeiba membranacea,0.085410
comb_DJI_20251015122217_0027_V_10961zoom.JPG,bciarmour,long_tail,spondias mombin,0.422050
comb_DJI_20251015122246_0029_V_10964zoom.JPG,bciarmour,can_wait,davilla nitida,0.949690
comb_DJI_20251015122313_0031_V_10227zoom.JPG,bciarmour,normal,prioria copaifera,0.733600
comb_DJI_20251015122346_0033_V_10073zoom.JPG,bciarmour,normal,terminalia amazonia,0.548410
comb_DJI_20251015122417_0035_V_9006zoom.JPG,bciarmour,normal,sterculia apetala,0.426940
comb_DJI_20251015122454_0037_V_9020zoom.JPG,bciarmour,normal,hieronyma alchorneoides,0.686460
comb_DJI_20251015122526_0039_V_7772zoom.JPG,bciarmour,can_wait,guatteria lucens,0.858100
comb_DJI_20251015122603_0041_V_7837zoom.JPG,bciarmour,can_wait,luehea seemannii,0.921060
comb_DJI_20251015122640_0043_V_7826zoom.JPG,bciarmour,can_wait,terminalia amazonia,0.902880
comb_DJI_20251015122716_0045_V_8822zoom.JPG,bciarmour,can_wait,prioria copaifera,0.974510
comb_DJI_20251015122750_0047_V_8835zoom.JPG,bciarmour,normal,hippocratea volubilis,0.704810
comb_DJI_20251015122825_0049_V_7510zoom.JPG,bciarmour,can_wait,prioria copaifera,0.947890
comb_DJI_20251015122901_0051_V_7557zoom.JPG,bciarmour,long_tail,fridericia patellifera,0.310020
comb_DJI_20251015122930_0053_V_8762zoom.JPG,bciarmour,can_wait,luehea seemannii,0.804120
comb_DJI_20251015123001_0055_V_8766zoom.JPG,bciarmour,can_wait,prioria copaifera,0.970990
comb_DJI_20251015123035_0057_V_8790zoom.JPG,bciarmour,can_wait,hieronyma alchorneoides,0.934060
comb_DJI_20251015123106_0059_V_8768zoom.JPG,bciarmour,normal,prioria copaifera,0.502940
comb_DJI_20251015123136_0061_V_8756zoom.JPG,bciarmour,can_wait,uncaria tomentosa,0.977230
comb_DJI_20251015123211_0063_V_8828zoom.JPG,bciarmour,can_wait,prioria copaifera,0.948030
comb_DJI_20251015123937_0001_V_10091zoom.JPG,bciarmour,normal,apeiba membranacea,0.795100
comb_DJI_20251015124010_0003_V_10095zoom.JPG,bciarmour,can_wait,hieronyma alchorneoides,0.855380
comb_DJI_20251015124046_0005_V_10070zoom.JPG,bciarmour,can_wait,prioria copaifera,0.990190
comb_DJI_20251015124115_0007_V_10010zoom.JPG,bciarmour,long_tail,cordia alliodora,0.042400
comb_DJI_20251015124147_0009_V_10011zoom.JPG,bciarmour,can_wait,sterculia apetala,0.968160
comb_DJI_20251015124221_0011_V_10910zoom.JPG,bciarmour,normal,hippocratea volubilis,0.020030
comb_DJI_20251015124255_0013_V_9898zoom.JPG,bciarmour,can_wait,dipteryx oleifera,0.954170
comb_DJI_20251015124328_0015_V_10748zoom.JPG,bciarmour,normal,prioria copaifera,0.673010
comb_DJI_20251015124400_0017_V_9897zoom.JPG,bciarmour,can_wait,dipteryx oleifera,0.952890
comb_DJI_20251015124437_0019_V_9866zoom.JPG,bciarmour,can_wait,hippocratea volubilis,0.889140
comb_DJI_20251015124509_0021_V_8572zoom.JPG,bciarmour,can_wait,dipteryx oleifera,0.947610
comb_DJI_20251015124546_0023_V_8634zoom.JPG,bciarmour,can_wait,hieronyma alchorneoides,0.963890
comb_DJI_20251015124622_0025_V_8637zoom.JPG,bciarmour,can_wait,fridericia candicans,0.935510
comb_DJI_20251015124658_0027_V_8669zoom.JPG,bciarmour,long_tail,guarea guidonia,0.247450
comb_DJI_20251015124733_0029_V_7424zoom.JPG,bciarmour,can_wait,simarouba amara,0.895340
comb_DJI_20251015124805_0031_V_7405zoom.JPG,bciarmour,can_wait,dipteryx oleifera,0.974030
comb_DJI_20251015124839_0033_V_6218zoom.JPG,bciarmour,normal,ocotea leptobotra,0.572710
comb_DJI_20251015124916_0035_V_6307zoom.JPG,bciarmour,long_tail,fridericia patellifera,0.230930
comb_DJI_20251015124946_0037_V_6297zoom.JPG,bciarmour,can_wait,hieronyma alchorneoides,0.955230
comb_DJI_20251015125023_0039_V_6213zoom.JPG,bciarmour,long_tail,sapium glandulosum,0.565490
comb_DJI_20251015125053_0041_V_5302zoom.JPG,bciarmour,can_wait,sterculia apetala,0.964520
comb_DJI_20251015125122_0043_V_5233zoom.JPG,bciarmour,low_conf_known,anacardium excelsum,0.048510
comb_DJI_20251015125200_0045_V_4465zoom.JPG,bciarmour,normal,fridericia candicans,0.090090
comb_DJI_20251015125229_0047_V_3915zoom.JPG,bciarmour,long_tail,pseudobombax septenatum,0.454640
comb_DJI_20251015125305_0049_V_3940zoom.JPG,bciarmour,can_wait,ceiba pentandra,0.817180
comb_DJI_20251015125338_0051_V_5307zoom.JPG,bciarmour,can_wait,prioria copaifera,0.957240
comb_DJI_20251015125411_0053_V_4528zoom.JPG,bciarmour,long_tail,lonchocarpus heptaphyllus,0.279880
comb_DJI_20251015125441_0055_V_5303zoom.JPG,bciarmour,can_wait,dipteryx oleifera,0.942230
comb_DJI_20251015125508_0057_V_5305zoom.JPG,bciarmour,can_wait,dipteryx oleifera,0.835910
comb_DJI_20251015125542_0059_V_5345zoom.JPG,bciarmour,can_wait,uncaria tomentosa,0.935830
comb_DJI_20251015125617_0061_V_5299zoom.JPG,bciarmour,long_tail,spondias mombin,0.933020
comb_DJI_20251015125651_0063_V_5301zoom.JPG,bciarmour,normal,prioria copaifera,0.699020
comb_DJI_20251015125728_0065_V_6456zoom.JPG,bciarmour,can_wait,ceiba pentandra,0.879940
comb_DJI_20251015130349_0001_V_7515zoom.JPG,bciarmour,can_wait,uncaria tomentosa,0.839230
comb_DJI_20251015130423_0003_V_7629zoom.JPG,bciarmour,can_wait,prioria copaifera,0.984640
comb_DJI_20251015130455_0005_V_7627zoom.JPG,bciarmour,normal,hippocratea volubilis,0.145370
comb_DJI_20251015130530_0007_V_6525zoom.JPG,bciarmour,long_tail,annona glabra,0.784690
comb_DJI_20251015130610_0009_V_5572zoom.JPG,bciarmour,can_wait,terminalia amazonia,0.908580
comb_DJI_20251015130643_0011_V_6654zoom.JPG,bciarmour,can_wait,luehea seemannii,0.891980
comb_DJI_20251015130716_0013_V_6731zoom.JPG,bciarmour,normal,ceiba pentandra,0.625550
comb_DJI_20251015130745_0015_V_7841zoom.JPG,bciarmour,long_tail,dioclea virgata,0.175830
comb_DJI_20251015130815_0017_V_7835zoom.JPG,bciarmour,can_wait,terminalia amazonia,0.909800
comb_DJI_20251015130854_0019_V_6850zoom.JPG,bciarmour,can_wait,ceiba pentandra,0.804510
comb_DJI_20251015130922_0021_V_6846zoom.JPG,bciarmour,normal,handroanthus guayacan,0.758260
comb_DJI_20251015130954_0023_V_6786zoom.JPG,bciarmour,normal,terminalia amazonia,0.747080
comb_DJI_20251015131023_0025_V_6862zoom.JPG,bciarmour,normal,davilla nitida,0.620020
comb_DJI_20251015131058_0027_V_6920zoom.JPG,bciarmour,normal,tachigali panamensis,0.361160
comb_DJI_20251015131305_0001_V_5746zoom.JPG,bciarmour,long_tail,spondias mombin,0.949140
comb_DJI_20251015131341_0003_V_5669zoom.JPG,bciarmour,can_wait,fridericia candicans,0.911090
comb_DJI_20251015131415_0005_V_5677zoom.JPG,bciarmour,can_wait,anacardium excelsum,0.929100
comb_DJI_20251015131447_0007_V_4731zoom.JPG,bciarmour,can_wait,prioria copaifera,0.919710
comb_DJI_20251015131529_0009_V_5567zoom.JPG,bciarmour,normal,hippocratea volubilis,0.067530
comb_DJI_20251015131604_0011_V_6762zoom.JPG,bciarmour,long_tail,pseudobombax septenatum,0.183930
comb_DJI_20251015131635_0013_V_6764zoom.JPG,bciarmour,normal,protium stevensonii,0.059950
comb_DJI_20251015131708_0015_V_7833zoom.JPG,bciarmour,long_tail,callichlamys latifolia,0.114280
comb_DJI_20251015131736_0017_V_7781zoom.JPG,bciarmour,can_wait,tachigali panamensis,0.913700
comb_DJI_20251015131813_0019_V_9076zoom.JPG,bciarmour,normal,ficus insipida,0.072350
comb_DJI_20251015131848_0021_V_8816zoom.JPG,bciarmour,normal,pouteria stipitata,0.790460
comb_DJI_20251015131920_0023_V_8825zoom.JPG,bciarmour,can_wait,trattinnickia aspera,0.926280
comb_DJI_20251015131953_0025_V_8823zoom.JPG,bciarmour,can_wait,hieronyma alchorneoides,0.952270
comb_DJI_20251015132027_0027_V_7761zoom.JPG,bciarmour,long_tail,gustavia superba,0.915790
comb_DJI_20251015132057_0029_V_8833zoom.JPG,bciarmour,normal,protium stevensonii,0.237460
comb_DJI_20251015132129_0031_V_6711zoom.JPG,bciarmour,normal,davilla nitida,0.327440
comb_DJI_20251015132202_0033_V_6673zoom.JPG,bciarmour,long_tail,paullinia fuscescens,0.296900
comb_DJI_20251015132236_0035_V_7672zoom.JPG,bciarmour,normal,pouteria stipitata,0.127520
comb_DJI_20251015132308_0037_V_7632zoom.JPG,bciarmour,normal,terminalia amazonia,0.738070
comb_DJI_20251015132920_0001_V_6428zoom.JPG,bciarmour,normal,serjania circumvallata,0.126060
comb_DJI_20251015132952_0003_V_7520zoom.JPG,bciarmour,can_wait,uncaria tomentosa,0.952980
comb_DJI_20251015133024_0005_V_6429zoom.JPG,bciarmour,long_tail,cordia alliodora,0.122270
comb_DJI_20251015133130_0009_V_6468zoom.JPG,bciarmour,normal,davilla nitida,0.539710
comb_DJI_20251015133205_0011_V_5423zoom.JPG,bciarmour,long_tail,amyris elemifera,0.073020
comb_DJI_20251015133246_0013_V_5431zoom.JPG,bciarmour,long_tail,spondias mombin,0.615860
comb_DJI_20251015133321_0015_V_5448zoom.JPG,bciarmour,normal,apeiba membranacea,0.031110
comb_DJI_20251015133403_0017_V_4523zoom.JPG,bciarmour,normal,luehea seemannii,0.796080
comb_DJI_20251015133437_0019_V_4518zoom.JPG,bciarmour,low_conf_known,prioria copaifera,0.158820
comb_DJI_20251015133510_0021_V_3947zoom.JPG,bciarmour,low_conf_known,hieronyma alchorneoides,0.470650
comb_DJI_20251015133544_0023_V_4515zoom.JPG,bciarmour,can_wait,prioria copaifera,0.937570
comb_DJI_20251015133621_0025_V_3460zoom.JPG,bciarmour,long_tail,prunus myrtifolia,0.099120
comb_DJI_20251015133657_0027_V_4462zoom.JPG,bciarmour,can_wait,prioria copaifera,0.856830
comb_DJI_20251015133728_0029_V_4537zoom.JPG,bciarmour,long_tail,morisonia flexuosa,0.360370
comb_DJI_20251015133802_0031_V_4552zoom.JPG,bciarmour,normal,prioria copaifera,0.632520
comb_DJI_20251015133833_0033_V_5221zoom.JPG,bciarmour,can_wait,prioria copaifera,0.822420
comb_DJI_20251015133906_0035_V_4511zoom.JPG,bciarmour,can_wait,jacaranda copaia,0.917330
comb_DJI_20251015133944_0037_V_5296zoom.JPG,bciarmour,can_wait,dipteryx oleifera,0.905820
comb_DJI_20251015134021_0039_V_6261zoom.JPG,bciarmour,normal,luehea seemannii,0.683170
comb_DJI_20251015134054_0041_V_6230zoom.JPG,bciarmour,long_tail,combretum decandrum,0.283830
comb_DJI_20251015134126_0043_V_6299zoom.JPG,bciarmour,normal,luehea seemannii,0.755830
comb_DJI_20251015134159_0045_V_6439zoom.JPG,bciarmour,can_wait,luehea seemannii,0.923300
comb_DJI_20251015134234_0047_V_6296zoom.JPG,bciarmour,can_wait,luehea seemannii,0.953420
comb_DJI_20251015134307_0049_V_6331zoom.JPG,bciarmour,long_tail,pachira sessilis,0.856410
comb_DJI_20251015134334_0051_V_7320zoom.JPG,bciarmour,can_wait,prioria copaifera,0.979880
comb_DJI_20251015134407_0053_V_7316zoom.JPG,bciarmour,normal,simarouba amara,0.424130
comb_DJI_20251015134436_0055_V_7318zoom.JPG,bciarmour,normal,serjania circumvallata,0.567650
comb_DJI_20251015134513_0057_V_8559zoom.JPG,bciarmour,low_conf_known,dipteryx oleifera,0.192140
comb_DJI_20251015134551_0059_V_8631zoom.JPG,bciarmour,normal,simarouba amara,0.695110
comb_DJI_20251015134624_0061_V_8751zoom.JPG,bciarmour,normal,davilla nitida,0.077200
comb_DJI_20251015134654_0063_V_8650zoom.JPG,bciarmour,can_wait,hieronyma alchorneoides,0.882000
comb_DJI_20251015134726_0065_V_8627zoom.JPG,bciarmour,can_wait,dipteryx oleifera,0.868040
comb_DJI_20251015134802_0067_V_8640zoom.JPG,bciarmour,long_tail,cissus erosa,0.541000
comb_DJI_20251016100618_0001_V_7535zoom.JPG,bciarmour,can_wait,hieronyma alchorneoides,0.971780
comb_DJI_20251016100648_0003_V_8770zoom.JPG,bciarmour,can_wait,dipteryx oleifera,0.962790
comb_DJI_20251016100718_0005_V_8753zoom.JPG,bciarmour,can_wait,prioria copaifera,0.885370
comb_DJI_20251016100748_0007_V_7531zoom.JPG,bciarmour,can_wait,hieronyma alchorneoides,0.875350
comb_DJI_20251016100819_0009_V_7536zoom.JPG,bciarmour,normal,prioria copaifera,0.608650
comb_DJI_20251016100847_0011_V_7512zoom.JPG,bciarmour,can_wait,prioria copaifera,0.891550
comb_DJI_20251016101536_0001_V_8758zoom.JPG,bciarmour,long_tail,callichlamys latifolia,0.358370
comb_DJI_20251016101611_0003_V_8810zoom.JPG,bciarmour,low_conf_known,prioria copaifera,0.476740
comb_DJI_20251016101647_0005_V_10022zoom.JPG,bciarmour,can_wait,prioria copaifera,0.927410
comb_DJI_20251016101721_0007_V_8841zoom.JPG,bciarmour,normal,prioria copaifera,0.762430
comb_DJI_20251016101749_0009_V_10096zoom.JPG,bciarmour,can_wait,prioria copaifera,0.985870
comb_DJI_20251016101822_0011_V_10881zoom.JPG,bciarmour,can_wait,hieronyma alchorneoides,0.969150
comb_DJI_20251016101851_0013_V_10967zoom.JPG,bciarmour,normal,prioria copaifera,0.504460
comb_DJI_20251016101924_0015_V_10922zoom.JPG,bciarmour,long_tail,ficus yoponensis,0.255200
comb_DJI_20251016101955_0017_V_9913zoom.JPG,bciarmour,normal,terminalia amazonia,0.248730
comb_DJI_20251016102023_0019_V_9902zoom.JPG,bciarmour,normal,davilla nitida,0.280580
comb_DJI_20251016102054_0021_V_9899zoom.JPG,bciarmour,can_wait,tachigali panamensis,0.935760
comb_DJI_20251016102132_0023_V_9817zoom.JPG,bciarmour,long_tail,didymopanax morototoni,0.914380
comb_DJI_20251016102157_0025_V_10745zoom.JPG,bciarmour,can_wait,jacaranda copaia,0.850250
comb_DJI_20251016102227_0027_V_10765zoom.JPG,bciarmour,normal,handroanthus guayacan,0.586190
comb_DJI_20251016102301_0029_V_10773zoom.JPG,bciarmour,long_tail,inga laurina,0.139900
comb_DJI_20251016102334_0031_V_10798zoom.JPG,bciarmour,can_wait,prioria copaifera,0.871710
comb_DJI_20251016102408_0033_V_11894zoom.JPG,bciarmour,normal,protium stevensonii,0.736540
comb_DJI_20251016102444_0035_V_12043zoom.JPG,bciarmour,can_wait,prioria copaifera,0.973510
comb_DJI_20251016102526_0037_V_1700zoom.JPG,bciarmour,can_wait,hieronyma alchorneoides,0.933460
comb_DJI_20251016102600_0039_V_1832zoom.JPG,bciarmour,can_wait,prioria copaifera,0.942480
comb_DJI_20251016102632_0041_V_1848zoom.JPG,bciarmour,normal,ficus obtusifolia,0.022630
comb_DJI_20251016102707_0043_V_1907zoom.JPG,bciarmour,can_wait,hieronyma alchorneoides,0.879140
comb_DJI_20251016102746_0045_V_1936zoom.JPG,bciarmour,low_conf_known,prioria copaifera,0.471350
comb_DJI_20251016102818_0047_V_1063zoom.JPG,bciarmour,long_tail,protium tenuifolium,0.200720
comb_DJI_20251016102848_0049_V_356zoom.JPG,bciarmour,normal,protium stevensonii,0.785340
comb_DJI_20251016102917_0051_V_1102zoom.JPG,bciarmour,can_wait,luehea seemannii,0.906330
comb_DJI_20251016102949_0053_V_1041zoom.JPG,bciarmour,long_tail,virola fosteri,0.316290
comb_DJI_20251016103023_0055_V_1072zoom.JPG,bciarmour,can_wait,luehea seemannii,0.879020
comb_DJI_20251016103049_0057_V_12096zoom.JPG,bciarmour,normal,terminalia amazonia,0.336040
comb_DJI_20251016103118_0059_V_12091zoom.JPG,bciarmour,can_wait,ochroma pyramidale,0.872310
comb_DJI_20251016103149_0061_V_10898zoom.JPG,bciarmour,normal,terminalia amazonia,0.477140
comb_DJI_20251016103222_0063_V_12098zoom.JPG,bciarmour,can_wait,prioria copaifera,0.945230
comb_DJI_20251016104302_0001_V_12136zoom.JPG,bciarmour,long_tail,omphalea diandra,0.104190
comb_DJI_20251016104332_0003_V_11364zoom.JPG,bciarmour,can_wait,luehea seemannii,0.928040
comb_DJI_20251016104408_0005_V_11442zoom.JPG,bciarmour,normal,chrysophyllum cainito,0.596040
comb_DJI_20251016104439_0007_V_11363zoom.JPG,bciarmour,can_wait,simarouba amara,0.955370
comb_DJI_20251016104512_0009_V_10189zoom.JPG,bciarmour,long_tail,nectandra lineata,0.365120
comb_DJI_20251016104541_0011_V_10176zoom.JPG,bciarmour,can_wait,tabebuia rosea,0.885350
comb_DJI_20251016104612_0013_V_10977zoom.JPG,bciarmour,long_tail,microdesmia arborea,0.286100
comb_DJI_20251016104641_0015_V_10072zoom.JPG,bciarmour,normal,tachigali panamensis,0.685800
comb_DJI_20251016104717_0017_V_10956zoom.JPG,bciarmour,can_wait,tabebuia rosea,0.958730
comb_DJI_20251016104748_0019_V_9012zoom.JPG,bciarmour,normal,davilla nitida,0.412950
comb_DJI_20251016104817_0021_V_10960zoom.JPG,bciarmour,long_tail,virola fosteri,0.035200
comb_DJI_20251016104847_0023_V_10075zoom.JPG,bciarmour,can_wait,hieronyma alchorneoides,0.970250
comb_DJI_20251016104919_0025_V_10081zoom.JPG,bciarmour,long_tail,sapium glandulosum,0.320090
comb_DJI_20251016104952_0027_V_9007zoom.JPG,bciarmour,can_wait,guatteria lucens,0.925060
comb_DJI_20251016105026_0029_V_9067zoom.JPG,bciarmour,can_wait,prioria copaifera,0.986160
comb_DJI_20251016105102_0031_V_9117zoom.JPG,bciarmour,can_wait,hieronyma alchorneoides,0.981830
comb_DJI_20251016105130_0033_V_9134zoom.JPG,bciarmour,can_wait,hieronyma alchorneoides,0.873530
comb_DJI_20251016105204_0035_V_9061zoom.JPG,bciarmour,long_tail,guarea guidonia,0.930090
comb_DJI_20251016105241_0037_V_9177zoom.JPG,bciarmour,normal,luehea seemannii,0.069270
comb_DJI_20251016105316_0039_V_7911zoom.JPG,bciarmour,can_wait,dipteryx oleifera,0.871430
comb_DJI_20251016105346_0041_V_9170zoom.JPG,bciarmour,long_tail,callichlamys latifolia,0.136050
comb_DJI_20251016105416_0043_V_9172zoom.JPG,bciarmour,can_wait,hieronyma alchorneoides,0.937570
comb_DJI_20251016105522_0045_V_6838zoom.JPG,bciarmour,long_tail,annona glabra,0.188440
comb_DJI_20251016105556_0047_V_5606zoom.JPG,bciarmour,can_wait,prioria copaifera,0.976420
comb_DJI_20251016105633_0049_V_6854zoom.JPG,bciarmour,long_tail,lonchocarpus heptaphyllus,0.465410
comb_DJI_20251016105701_0051_V_5744zoom.JPG,bciarmour,can_wait,handroanthus guayacan,0.943480
comb_DJI_20251016105733_0053_V_6942zoom.JPG,bciarmour,normal,handroanthus guayacan,0.519490
comb_DJI_20251016110419_0001_V_6917zoom.JPG,bciarmour,can_wait,protium stevensonii,0.995090
comb_DJI_20251016110717_0001_V_3875zoom.JPG,bciarmour,can_wait,anacardium excelsum,0.895170
comb_DJI_20251016110746_0003_V_3873zoom.JPG,bciarmour,can_wait,prioria copaifera,0.870180
comb_DJI_20251016110816_0005_V_4466zoom.JPG,bciarmour,long_tail,virola fosteri,0.154330
comb_DJI_20251016110853_0007_V_4474zoom.JPG,bciarmour,can_wait,hieronyma alchorneoides,0.934100
comb_DJI_20251016110921_0009_V_4468zoom.JPG,bciarmour,long_tail,sapium glandulosum,0.513360
comb_DJI_20251016110951_0011_V_4461zoom.JPG,bciarmour,long_tail,sapium glandulosum,0.395830
comb_DJI_20251016111021_0013_V_4477zoom.JPG,bciarmour,normal,ceiba pentandra,0.796820
comb_DJI_20251016111051_0015_V_4448zoom.JPG,bciarmour,can_wait,luehea seemannii,0.988190
comb_DJI_20251016111121_0017_V_4410zoom.JPG,bciarmour,can_wait,anacardium excelsum,0.966020
comb_DJI_20251016111149_0019_V_4423zoom.JPG,bciarmour,can_wait,prioria copaifera,0.991210
comb_DJI_20251016111213_0021_V_5135zoom.JPG,bciarmour,can_wait,sterculia apetala,0.951340
comb_DJI_20251016111246_0023_V_4407zoom.JPG,bciarmour,can_wait,uncaria tomentosa,0.951470
comb_DJI_20251016111315_0025_V_4427zoom.JPG,bciarmour,can_wait,hieronyma alchorneoides,0.980930
comb_DJI_20251016111343_0027_V_4331zoom.JPG,bciarmour,long_tail,spondias mombin,0.143060
comb_DJI_20251016111412_0029_V_4330zoom.JPG,bciarmour,can_wait,uncaria tomentosa,0.971100
comb_DJI_20251016111440_0031_V_4375zoom.JPG,bciarmour,can_wait,uncaria tomentosa,0.910720
comb_DJI_20251016111516_0033_V_5099zoom.JPG,bciarmour,normal,serjania circumvallata,0.237410
comb_DJI_20251016111548_0035_V_5029zoom.JPG,bciarmour,can_wait,uncaria tomentosa,0.977980
comb_DJI_20251016111620_0037_V_5018zoom.JPG,bciarmour,normal,uncaria tomentosa,0.790690
comb_DJI_20251016111654_0039_V_6197zoom.JPG,bciarmour,can_wait,uncaria tomentosa,0.863500
comb_DJI_20251016111735_0041_V_5206zoom.JPG,bciarmour,can_wait,uncaria tomentosa,0.869430
comb_DJI_20251016111808_0043_V_5141zoom.JPG,bciarmour,normal,prioria copaifera,0.754160
comb_DJI_20251016111844_0045_V_5225zoom.JPG,bciarmour,normal,davilla nitida,0.673630
comb_DJI_20251016111919_0047_V_6202zoom.JPG,bciarmour,normal,protium stevensonii,0.548360
comb_DJI_20251016111950_0049_V_6141zoom.JPG,bciarmour,long_tail,guapira myrtiflora,0.744800
comb_DJI_20251016112022_0051_V_6140zoom.JPG,bciarmour,can_wait,uncaria tomentosa,0.935230
comb_DJI_20251016112051_0053_V_6058zoom.JPG,bciarmour,can_wait,uncaria tomentosa,0.982340
comb_DJI_20251016112123_0055_V_7283zoom.JPG,bciarmour,normal,ceiba pentandra,0.737650
comb_DJI_20251016112156_0057_V_7326zoom.JPG,bciarmour,can_wait,dipteryx oleifera,0.922220
comb_DJI_20251016113059_0001_V_8457zoom.JPG,bciarmour,can_wait,alseis blackiana,0.838320
comb_DJI_20251016113133_0003_V_8544zoom.JPG,bciarmour,long_tail,goethalsia meiantha,0.146130
comb_DJI_20251016113202_0005_V_8460zoom.JPG,bciarmour,can_wait,dipteryx oleifera,0.842440
comb_DJI_20251016113230_0007_V_8466zoom.JPG,bciarmour,can_wait,tachigali panamensis,0.950370
comb_DJI_20251016113300_0009_V_7241zoom.JPG,bciarmour,long_tail,psiguria warscewiczii,0.004800
comb_DJI_20251016113330_0011_V_7301zoom.JPG,bciarmour,normal,dipteryx oleifera,0.782680
comb_DJI_20251016113402_0013_V_7245zoom.JPG,bciarmour,normal,hippocratea volubilis,0.050380
comb_DJI_20251016113432_0015_V_7242zoom.JPG,bciarmour,long_tail,virola fosteri,0.063160
comb_DJI_20251016113502_0017_V_7247zoom.JPG,bciarmour,can_wait,anacardium excelsum,0.976860
comb_DJI_20251016113535_0019_V_8373zoom.JPG,bciarmour,can_wait,ochroma pyramidale,0.819630
comb_DJI_20251016113607_0021_V_7188zoom.JPG,bciarmour,can_wait,anacardium excelsum,0.983700
comb_DJI_20251016113637_0023_V_8308zoom.JPG,bciarmour,normal,protium stevensonii,0.427170
comb_DJI_20251016113708_0025_V_7193zoom.JPG,bciarmour,can_wait,hieronyma alchorneoides,0.940030
comb_DJI_20251016113740_0027_V_7191zoom.JPG,bciarmour,can_wait,hieronyma alchorneoides,0.924410
comb_DJI_20251016113807_0029_V_7196zoom.JPG,bciarmour,long_tail,ocotea oblonga,0.182690
comb_DJI_20251016113837_0031_V_7187zoom.JPG,bciarmour,normal,uncaria tomentosa,0.039540
comb_DJI_20251016113910_0033_V_6034zoom.JPG,bciarmour,can_wait,ochroma pyramidale,0.949730
comb_DJI_20251016113952_0035_V_6021zoom.JPG,bciarmour,long_tail,trema micranthum,0.687030
comb_DJI_20251016114027_0037_V_6006zoom.JPG,bciarmour,long_tail,trema micranthum,0.253860
comb_DJI_20251016114101_0039_V_6011zoom.JPG,bciarmour,normal,hippocratea volubilis,0.200280
comb_DJI_20251016114132_0041_V_6013zoom.JPG,bciarmour,can_wait,hieronyma alchorneoides,0.886480
comb_DJI_20251016114204_0043_V_6009zoom.JPG,bciarmour,long_tail,callichlamys latifolia,0.395600
comb_DJI_20251016114238_0045_V_4956zoom.JPG,bciarmour,normal,terminalia oblonga,0.180760
comb_DJI_20251016114310_0047_V_4946zoom.JPG,bciarmour,normal,ocotea leptobotra,0.265270
comb_DJI_20251016114341_0049_V_4983zoom.JPG,bciarmour,can_wait,prioria copaifera,0.931200
comb_DJI_20251016114411_0051_V_4268zoom.JPG,bciarmour,normal,ocotea leptobotra,0.242610
comb_DJI_20251016114442_0053_V_4230zoom.JPG,bciarmour,low_conf_known,handroanthus guayacan,0.418820
comb_DJI_20251016114509_0055_V_4239zoom.JPG,bciarmour,can_wait,dipteryx oleifera,0.856230
comb_DJI_20251016114539_0057_V_4235zoom.JPG,bciarmour,long_tail,hymenaea courbaril,0.137560
comb_DJI_20251016114609_0059_V_4897zoom.JPG,bciarmour,can_wait,anacardium excelsum,0.932070
comb_DJI_20251016114641_0061_V_4229zoom.JPG,bciarmour,low_conf_known,dipteryx oleifera,0.475620
comb_DJI_20251016115518_0001_V_4189zoom.JPG,bciarmour,can_wait,apeiba membranacea,0.927650
comb_DJI_20251016115550_0003_V_4188zoom.JPG,bciarmour,can_wait,tabebuia rosea,0.921660
comb_DJI_20251016115622_0005_V_4782zoom.JPG,bciarmour,can_wait,hieronyma alchorneoides,0.981990
comb_DJI_20251016115655_0007_V_4752zoom.JPG,bciarmour,can_wait,protium stevensonii,0.932440
comb_DJI_20251016115727_0009_V_4750zoom.JPG,bciarmour,normal,apeiba membranacea,0.335480
comb_DJI_20251016115756_0011_V_4747zoom.JPG,bciarmour,long_tail,cosmibuena macrocarpa,0.768780
comb_DJI_20251016115826_0013_V_5801zoom.JPG,bciarmour,can_wait,anacardium excelsum,0.874770
comb_DJI_20251016115857_0015_V_5772zoom.JPG,bciarmour,can_wait,anacardium excelsum,0.939010
comb_DJI_20251016115933_0017_V_5841zoom.JPG,bciarmour,can_wait,anacardium excelsum,0.918050
comb_DJI_20251016120005_0019_V_5771zoom.JPG,bciarmour,can_wait,prioria copaifera,0.886620
comb_DJI_20251016120039_0021_V_7045zoom.JPG,bciarmour,can_wait,dipteryx oleifera,0.853530
comb_DJI_20251016120110_0023_V_5908zoom.JPG,bciarmour,normal,terminalia amazonia,0.380320
comb_DJI_20251016120142_0025_V_7046zoom.JPG,bciarmour,can_wait,jacaranda copaia,0.978070
comb_DJI_20251016120216_0027_V_7093zoom.JPG,bciarmour,normal,luehea seemannii,0.071960
comb_DJI_20251016120250_0029_V_8155zoom.JPG,bciarmour,low_conf_known,guatteria lucens,0.006150
comb_DJI_20251016120326_0031_V_8077zoom.JPG,bciarmour,can_wait,prioria copaifera,0.939500
comb_DJI_20251016120400_0033_V_6993zoom.JPG,bciarmour,can_wait,dipteryx oleifera,0.803320
comb_DJI_20251016120427_0035_V_7083zoom.JPG,bciarmour,normal,dipteryx oleifera,0.715570
comb_DJI_20251016120457_0037_V_6981zoom.JPG,bciarmour,normal,ceiba pentandra,0.598140
comb_DJI_20251016120530_0039_V_6985zoom.JPG,bciarmour,normal,simarouba amara,0.279570
comb_DJI_20251016120601_0041_V_6987zoom.JPG,bciarmour,can_wait,terminalia amazonia,0.818840
comb_DJI_20251016120635_0043_V_6983zoom.JPG,bciarmour,normal,terminalia amazonia,0.134730
comb_DJI_20251016120704_0045_V_7491zoom.JPG,bciarmour,long_tail,spondias mombin,0.165330
comb_DJI_20251016120839_0047_V_7022zoom.JPG,bciarmour,can_wait,tachigali panamensis,0.952070
comb_DJI_20251016120907_0049_V_7485zoom.JPG,bciarmour,long_tail,hylenaea praecelsa,0.106850
comb_DJI_20251016120934_0051_V_7678zoom.JPG,bciarmour,can_wait,handroanthus guayacan,0.874990
comb_DJI_20251016121009_0053_V_7462zoom.JPG,bciarmour,long_tail,cosmibuena macrocarpa,0.614830
comb_DJI_20251016121941_0001_V_6362zoom.JPG,bciarmour,long_tail,sapium glandulosum,0.936790
comb_DJI_20251016122018_0003_V_5367zoom.JPG,bciarmour,can_wait,tachigali panamensis,0.971310
comb_DJI_20251016122046_0005_V_6366zoom.JPG,bciarmour,can_wait,ceiba pentandra,0.844110
comb_DJI_20251016122115_0007_V_5368zoom.JPG,bciarmour,can_wait,prioria copaifera,0.933500
comb_DJI_20251016122146_0009_V_4803zoom.JPG,bciarmour,normal,uncaria tomentosa,0.386230
comb_DJI_20251016122223_0011_V_4589zoom.JPG,bciarmour,can_wait,uncaria tomentosa,0.964470
comb_DJI_20251016122258_0013_V_4122zoom.JPG,bciarmour,long_tail,dalbergia retusa,0.047250
comb_DJI_20251016122330_0015_V_4595zoom.JPG,bciarmour,long_tail,guapira myrtiflora,0.025460
comb_DJI_20251016122404_0017_V_4588zoom.JPG,bciarmour,can_wait,chrysophyllum cainito,0.941040
comb_DJI_20251016122437_0019_V_3542zoom.JPG,bciarmour,long_tail,spondias mombin,0.223080
comb_DJI_20251016122508_0021_V_3986zoom.JPG,bciarmour,normal,ceiba pentandra,0.547590
comb_DJI_20251016122543_0023_V_3540zoom.JPG,bciarmour,long_tail,virola fosteri,0.007070
comb_DJI_20251016122611_0025_V_4586zoom.JPG,bciarmour,normal,dipteryx oleifera,0.674010
comb_DJI_20251016122644_0027_V_3985zoom.JPG,bciarmour,normal,sterculia apetala,0.389940
comb_DJI_20251016122715_0029_V_3994zoom.JPG,bciarmour,can_wait,anacardium excelsum,0.874160
comb_DJI_20251016122744_0031_V_3486zoom.JPG,bciarmour,can_wait,prioria copaifera,0.953230
comb_DJI_20251016122813_0033_V_3481zoom.JPG,bciarmour,can_wait,prioria copaifera,0.937360
comb_DJI_20251016122846_0035_V_3018zoom.JPG,bciarmour,can_wait,prioria copaifera,0.912530
comb_DJI_20251016122920_0037_V_3546zoom.JPG,bciarmour,can_wait,anacardium excelsum,0.901710
comb_DJI_20251016122955_0039_V_3589zoom.JPG,bciarmour,can_wait,anacardium excelsum,0.947470
comb_DJI_20251016123031_0041_V_3046zoom.JPG,bciarmour,can_wait,hieronyma alchorneoides,0.960750
comb_DJI_20251016123101_0043_V_3547zoom.JPG,bciarmour,can_wait,prioria copaifera,0.948850
comb_DJI_20251016123132_0045_V_3039zoom.JPG,bciarmour,can_wait,dipteryx oleifera,0.913830
comb_DJI_20251016123203_0047_V_3113zoom.JPG,bciarmour,can_wait,ceiba pentandra,0.921510
comb_DJI_20251016123237_0049_V_3004zoom.JPG,bciarmour,long_tail,spondias mombin,0.119390
comb_DJI_20251016123311_0051_V_11067zoom.JPG,bciarmour,can_wait,prioria copaifera,0.909280
comb_DJI_20251016123342_0053_V_11046zoom.JPG,bciarmour,can_wait,anacardium excelsum,0.934480
comb_DJI_20251016123415_0055_V_11037zoom.JPG,bciarmour,can_wait,prioria copaifera,0.856630
comb_DJI_20251016123449_0057_V_2zoom.JPG,bciarmour,can_wait,prioria copaifera,0.900650
comb_DJI_20251016124151_0001_V_11026zoom.JPG,bciarmour,can_wait,dipteryx oleifera,0.844160
comb_DJI_20251016124223_0003_V_11092zoom.JPG,bciarmour,can_wait,anacardium excelsum,0.978160
comb_DJI_20251016124257_0005_V_11087zoom.JPG,bciarmour,can_wait,dipteryx oleifera,0.899260
comb_DJI_20251016124329_0007_V_11085zoom.JPG,bciarmour,normal,ceiba pentandra,0.145840
comb_DJI_20251016124403_0009_V_38zoom.JPG,bciarmour,can_wait,anacardium excelsum,0.964320
comb_DJI_20251016124439_0011_V_58zoom.JPG,bciarmour,normal,ceiba pentandra,0.342240
comb_DJI_20251016124508_0013_V_27zoom.JPG,bciarmour,long_tail,guapira myrtiflora,0.236810
comb_DJI_20251016124536_0015_V_11088zoom.JPG,bciarmour,can_wait,anacardium excelsum,0.858090
comb_DJI_20251016124609_0017_V_62zoom.JPG,bciarmour,can_wait,dipteryx oleifera,0.852610
comb_DJI_20251016124641_0019_V_11136zoom.JPG,bciarmour,normal,chrysophyllum cainito,0.689510
comb_DJI_20251016124710_0021_V_3246zoom.JPG,bciarmour,low_conf_known,prioria copaifera,0.316260
comb_DJI_20251016124744_0023_V_11159zoom.JPG,bciarmour,can_wait,hieronyma alchorneoides,0.820220
comb_DJI_20251016124816_0025_V_3241zoom.JPG,bciarmour,low_conf_known,hieronyma alchorneoides,0.014210
comb_DJI_20251016124849_0027_V_3127zoom.JPG,bciarmour,long_tail,cordia alliodora,0.098380
comb_DJI_20251016124923_0029_V_3234zoom.JPG,bciarmour,long_tail,moquilea platypus,0.199320
comb_DJI_20251016124955_0031_V_3636zoom.JPG,bciarmour,normal,tabebuia rosea,0.691750
comb_DJI_20251016125026_0033_V_3665zoom.JPG,bciarmour,long_tail,sparrea schippii,0.561120
comb_DJI_20251016125055_0035_V_3612zoom.JPG,bciarmour,normal,davilla nitida,0.110750
comb_DJI_20251016125129_0037_V_3630zoom.JPG,bciarmour,can_wait,protium stevensonii,0.948650
comb_DJI_20251016125202_0039_V_3653zoom.JPG,bciarmour,long_tail,pseudobombax septenatum,0.302870
comb_DJI_20251016125241_0041_V_3734zoom.JPG,bciarmour,low_conf_known,ochroma pyramidale,0.308050
comb_DJI_20251016125314_0043_V_3737zoom.JPG,bciarmour,long_tail,protium tenuifolium,0.170600
comb_DJI_20251016125345_0045_V_3848zoom.JPG,bciarmour,normal,hippocratea volubilis,0.070990
comb_DJI_20251016125415_0047_V_3232zoom.JPG,bciarmour,can_wait,ochroma pyramidale,0.976570
comb_DJI_20251016125449_0049_V_3275zoom.JPG,bciarmour,can_wait,prioria copaifera,0.817110
comb_DJI_20251016125522_0051_V_3236zoom.JPG,bciarmour,long_tail,spondias mombin,0.343560
comb_DJI_20251016125553_0053_V_11216zoom.JPG,bciarmour,normal,prioria copaifera,0.501320
comb_DJI_20251016125626_0055_V_3278zoom.JPG,bciarmour,can_wait,dipteryx oleifera,0.982960
comb_DJI_20251016125659_0057_V_11197zoom.JPG,bciarmour,normal,tabebuia rosea,0.414770
comb_DJI_20251016125725_0059_V_11139zoom.JPG,bciarmour,normal,prioria copaifera,0.601710
comb_DJI_20251016125800_0061_V_125zoom.JPG,bciarmour,normal,uncaria tomentosa,0.070910
comb_DJI_20251016125834_0063_V_65zoom.JPG,bciarmour,normal,prioria copaifera,0.646140
comb_DJI_20251016130609_0001_V_186zoom.JPG,bciarmour,normal,prioria copaifera,0.705950
comb_DJI_20251016130648_0003_V_11188zoom.JPG,bciarmour,can_wait,prioria copaifera,0.950000
comb_DJI_20251016130721_0005_V_3285zoom.JPG,bciarmour,long_tail,sapium glandulosum,0.796900
comb_DJI_20251016130752_0007_V_3817zoom.JPG,bciarmour,can_wait,dipteryx oleifera,0.952080
comb_DJI_20251016130824_0009_V_3839zoom.JPG,bciarmour,can_wait,hieronyma alchorneoides,0.951910
comb_DJI_20251016130900_0011_V_3877zoom.JPG,bciarmour,long_tail,sapium glandulosum,0.829240
comb_DJI_20251016130933_0013_V_3823zoom.JPG,bciarmour,can_wait,trattinnickia aspera,0.838660
comb_DJI_20251016131002_0015_V_3847zoom.JPG,bciarmour,long_tail,cnidoscolus megacanthus,0.072880
comb_DJI_20251016131038_0017_V_3883zoom.JPG,bciarmour,normal,hieronyma alchorneoides,0.670490
comb_DJI_20251016131112_0019_V_3872zoom.JPG,bciarmour,long_tail,pseudobombax septenatum,0.276820
comb_DJI_20251016131145_0021_V_3870zoom.JPG,bciarmour,normal,ceiba pentandra,0.477010
comb_DJI_20251017090329_0001_V_8578zoom.JPG,bciarmour,can_wait,dipteryx oleifera,0.887130
comb_DJI_20251017090403_0003_V_9824zoom.JPG,bciarmour,can_wait,anacardium excelsum,0.876230
comb_DJI_20251017090433_0005_V_9820zoom.JPG,bciarmour,long_tail,spondias mombin,0.693070
comb_DJI_20251017093614_0001_V_9826zoom.JPG,bciarmour,low_conf_known,handroanthus guayacan,0.027710
comb_DJI_20251017093646_0003_V_9792zoom.JPG,bciarmour,normal,terminalia oblonga,0.142420
comb_DJI_20251017093716_0005_V_10703zoom.JPG,bciarmour,can_wait,trattinnickia aspera,0.817080
comb_DJI_20251017093749_0007_V_10645zoom.JPG,bciarmour,normal,dipteryx oleifera,0.757700
comb_DJI_20251017093824_0009_V_10606zoom.JPG,bciarmour,can_wait,dipteryx oleifera,0.951010
comb_DJI_20251017093858_0011_V_10646zoom.JPG,bciarmour,normal,ceiba pentandra,0.644600
comb_DJI_20251017093934_0013_V_11760zoom.JPG,bciarmour,long_tail,barkeria obovata,0.008730
comb_DJI_20251017094047_0017_V_10644zoom.JPG,bciarmour,can_wait,sterculia apetala,0.974080
comb_DJI_20251017094118_0019_V_10641zoom.JPG,bciarmour,long_tail,sapium glandulosum,0.765490
comb_DJI_20251017094149_0021_V_10724zoom.JPG,bciarmour,can_wait,terminalia amazonia,0.903450
comb_DJI_20251017100440_0001_V_11892zoom.JPG,bciarmour,long_tail,guarea guidonia,0.095450
comb_DJI_20251017100513_0003_V_11848zoom.JPG,bciarmour,normal,ceiba pentandra,0.577950
comb_DJI_20251017100545_0005_V_11925zoom.JPG,bciarmour,long_tail,combretum fruticosum,0.178400
comb_DJI_20251017100614_0007_V_10752zoom.JPG,bciarmour,normal,ceiba pentandra,0.699900
comb_DJI_20251017100643_0009_V_10764zoom.JPG,bciarmour,long_tail,macropsychanthus wilsonii,0.064170
comb_DJI_20251017100716_0011_V_11889zoom.JPG,bciarmour,normal,tachigali panamensis,0.209250
comb_DJI_20251017100745_0013_V_10744zoom.JPG,bciarmour,normal,hippocratea volubilis,0.495630
comb_DJI_20251017100816_0015_V_11959zoom.JPG,bciarmour,normal,terminalia oblonga,0.449390
comb_DJI_20251017100853_0017_V_816zoom.JPG,bciarmour,can_wait,luehea seemannii,0.835290
comb_DJI_20251017100927_0019_V_886zoom.JPG,bciarmour,can_wait,luehea seemannii,0.867960
comb_DJI_20251017100958_0021_V_819zoom.JPG,bciarmour,can_wait,anacardium excelsum,0.894410
comb_DJI_20251017101030_0023_V_11852zoom.JPG,bciarmour,normal,terminalia amazonia,0.644810
comb_DJI_20251017101101_0025_V_11846zoom.JPG,bciarmour,normal,ceiba pentandra,0.577250
comb_DJI_20251017101133_0027_V_11847zoom.JPG,bciarmour,long_tail,spondias mombin,0.584410
comb_DJI_20251017101206_0029_V_681zoom.JPG,bciarmour,can_wait,ceiba pentandra,0.918600
comb_DJI_20251017101245_0031_V_1677zoom.JPG,bciarmour,normal,dipteryx oleifera,0.783650
comb_DJI_20251017101320_0033_V_627zoom.JPG,bciarmour,normal,spondias radlkoferi,0.637580
comb_DJI_20251017101350_0035_V_693zoom.JPG,bciarmour,long_tail,fridericia patellifera,0.183860
comb_DJI_20251017101422_0037_V_583zoom.JPG,bciarmour,normal,fridericia candicans,0.297330
comb_DJI_20251017101455_0039_V_645zoom.JPG,bciarmour,can_wait,prioria copaifera,0.952950
comb_DJI_20251017101528_0041_V_575zoom.JPG,bciarmour,normal,calophyllum longifolium,0.573960
comb_DJI_20251017101557_0043_V_574zoom.JPG,bciarmour,can_wait,sterculia apetala,0.985450
comb_DJI_20251017101625_0045_V_1490zoom.JPG,bciarmour,can_wait,prioria copaifera,0.978700
comb_DJI_20251017101702_0047_V_1495zoom.JPG,bciarmour,normal,ochroma pyramidale,0.552890
comb_DJI_20251017101730_0049_V_1493zoom.JPG,bciarmour,normal,uncaria tomentosa,0.096460
comb_DJI_20251017101810_0051_V_2295zoom.JPG,bciarmour,low_conf_known,prioria copaifera,0.416910
comb_DJI_20251017101842_0053_V_2354zoom.JPG,bciarmour,can_wait,dipteryx oleifera,0.972750
comb_DJI_20251017101913_0055_V_2301zoom.JPG,bciarmour,can_wait,prioria copaifera,0.903800
comb_DJI_20251017101942_0057_V_2311zoom.JPG,bciarmour,can_wait,prioria copaifera,0.975730
comb_DJI_20251017102016_0059_V_2757zoom.JPG,bciarmour,can_wait,anacardium excelsum,0.938420
comb_DJI_20251017102047_0061_V_2213zoom.JPG,bciarmour,can_wait,dipteryx oleifera,0.872820
comb_DJI_20251017102117_0063_V_2207zoom.JPG,bciarmour,long_tail,hiraea grandifolia,0.023810
comb_DJI_20251017102150_0065_V_2155zoom.JPG,bciarmour,normal,pouteria stipitata,0.367320
comb_DJI_20251017103322_0001_V_2233zoom.JPG,bciarmour,long_tail,sloanea terniflora,0.875710
comb_DJI_20251017103400_0003_V_2692zoom.JPG,bciarmour,can_wait,anacardium excelsum,0.976970
comb_DJI_20251017103432_0005_V_2703zoom.JPG,bciarmour,normal,prioria copaifera,0.514700
comb_DJI_20251017103509_0007_V_2634zoom.JPG,bciarmour,low_conf_known,prioria copaifera,0.466680
comb_DJI_20251017103544_0009_V_2635zoom.JPG,bciarmour,long_tail,pachira sessilis,0.943900
comb_DJI_20251017103615_0011_V_2637zoom.JPG,bciarmour,can_wait,dipteryx oleifera,0.915760
comb_DJI_20251017103646_0013_V_2685zoom.JPG,bciarmour,long_tail,callichlamys latifolia,0.605230
comb_DJI_20251017103719_0015_V_2559zoom.JPG,bciarmour,normal,prioria copaifera,0.703410
comb_DJI_20251017103753_0017_V_2560zoom.JPG,bciarmour,can_wait,guatteria lucens,0.825670
comb_DJI_20251017103834_0019_V_2608zoom.JPG,bciarmour,normal,davilla nitida,0.706450
comb_DJI_20251017103913_0021_V_2575zoom.JPG,bciarmour,low_conf_known,anacardium excelsum,0.363220
comb_DJI_20251017103948_0023_V_2023zoom.JPG,bciarmour,can_wait,prioria copaifera,0.888840
comb_DJI_20251017104023_0025_V_2018zoom.JPG,bciarmour,can_wait,brosimum alicastrum,0.904280
comb_DJI_20251017104059_0027_V_2121zoom.JPG,bciarmour,can_wait,prioria copaifera,0.994280
comb_DJI_20251017104131_0029_V_2095zoom.JPG,bciarmour,normal,uncaria tomentosa,0.135130
comb_DJI_20251017104202_0031_V_2093zoom.JPG,bciarmour,long_tail,spondias mombin,0.413710
comb_DJI_20251017104231_0033_V_2105zoom.JPG,bciarmour,normal,calophyllum longifolium,0.611340
comb_DJI_20251017104308_0035_V_1496zoom.JPG,bciarmour,can_wait,luehea seemannii,0.939950
comb_DJI_20251017104345_0037_V_1434zoom.JPG,bciarmour,normal,hippocratea volubilis,0.682850
comb_DJI_20251017104418_0039_V_520zoom.JPG,bciarmour,can_wait,calophyllum longifolium,0.982410
comb_DJI_20251017104444_0041_V_1433zoom.JPG,bciarmour,can_wait,prioria copaifera,0.980450
comb_DJI_20251017104512_0043_V_466zoom.JPG,bciarmour,long_tail,callichlamys latifolia,0.525230
comb_DJI_20251017104546_0045_V_1374zoom.JPG,bciarmour,can_wait,uncaria tomentosa,0.995180
comb_DJI_20251017104619_0047_V_2094zoom.JPG,bciarmour,can_wait,uncaria tomentosa,0.987640
comb_DJI_20251017104654_0049_V_2019zoom.JPG,bciarmour,long_tail,spondias mombin,0.898540
comb_DJI_20251017110425_0001_V_2020zoom.JPG,bciarmour,normal,prioria copaifera,0.760580
comb_DJI_20251017110453_0003_V_2053zoom.JPG,bciarmour,normal,terminalia amazonia,0.310720
comb_DJI_20251017110520_0005_V_2041zoom.JPG,bciarmour,normal,uncaria tomentosa,0.578510
comb_DJI_20251017110550_0007_V_2013zoom.JPG,bciarmour,long_tail,aspidosperma desmanthum,0.210800
comb_DJI_20251017110626_0009_V_2458zoom.JPG,bciarmour,can_wait,anacardium excelsum,0.990810
comb_DJI_20251017110654_0011_V_2467zoom.JPG,bciarmour,can_wait,anacardium excelsum,0.924290
comb_DJI_20251017110731_0013_V_1761zoom.JPG,bciarmour,long_tail,tabernaemontana arborea,0.017730
comb_DJI_20251017110810_0015_V_1339zoom.JPG,bciarmour,can_wait,uncaria tomentosa,0.976680
comb_DJI_20251017110836_0017_V_1275zoom.JPG,bciarmour,can_wait,jacaranda copaia,0.969060
comb_DJI_20251017110913_0019_V_490zoom.JPG,bciarmour,long_tail,spondias mombin,0.607030
comb_DJI_20251017110946_0021_V_1353zoom.JPG,bciarmour,long_tail,sloanea terniflora,0.883360
comb_DJI_20251017111023_0023_V_484zoom.JPG,bciarmour,normal,fridericia candicans,0.708880
comb_DJI_20251017111059_0025_V_11589zoom.JPG,bciarmour,can_wait,tachigali panamensis,0.982180
comb_DJI_20251017111129_0027_V_457zoom.JPG,bciarmour,can_wait,calophyllum longifolium,0.980730
comb_DJI_20251017111202_0029_V_456zoom.JPG,bciarmour,normal,zanthoxylum ekmanii,0.266780
comb_DJI_20251017111232_0031_V_400zoom.JPG,bciarmour,normal,hippocratea volubilis,0.088110
comb_DJI_20251017111302_0033_V_11496zoom.JPG,bciarmour,can_wait,prioria copaifera,0.928530
comb_DJI_20251017111333_0035_V_397zoom.JPG,bciarmour,low_conf_known,prioria copaifera,0.449180
comb_DJI_20251017111405_0037_V_396zoom.JPG,bciarmour,can_wait,prioria copaifera,0.968890
comb_DJI_20251017111436_0039_V_12008zoom.JPG,bciarmour,can_wait,uncaria tomentosa,0.940090
comb_DJI_20251017112606_0001_V_421zoom.JPG,bciarmour,normal,prioria copaifera,0.786710
comb_DJI_20251017112634_0003_V_401zoom.JPG,bciarmour,can_wait,hippocratea volubilis,0.867480
comb_DJI_20251017112706_0005_V_929zoom.JPG,bciarmour,normal,hippocratea volubilis,0.091180
comb_DJI_20251017112736_0007_V_395zoom.JPG,bciarmour,low_conf_known,prioria copaifera,0.432090
comb_DJI_20251017112804_0009_V_925zoom.JPG,bciarmour,can_wait,prioria copaifera,0.822330
comb_DJI_20251017112839_0011_V_1787zoom.JPG,bciarmour,normal,uncaria tomentosa,0.686670
comb_DJI_20251017112912_0013_V_937zoom.JPG,bciarmour,normal,spondias radlkoferi,0.505330
comb_DJI_20251017112943_0015_V_1763zoom.JPG,bciarmour,can_wait,uncaria tomentosa,0.970110
comb_DJI_20251017113019_0017_V_1762zoom.JPG,bciarmour,normal,uncaria tomentosa,0.150010
comb_DJI_20251017113048_0019_V_1772zoom.JPG,bciarmour,can_wait,uncaria tomentosa,0.969080
comb_DJI_20251017113122_0021_V_926zoom.JPG,bciarmour,low_conf_known,ochroma pyramidale,0.455550
comb_DJI_20251017113152_0023_V_927zoom.JPG,bciarmour,can_wait,dipteryx oleifera,0.961480
comb_DJI_20251017113222_0025_V_11971zoom.JPG,bciarmour,normal,zanthoxylum ekmanii,0.595840
comb_DJI_20251017113257_0027_V_923zoom.JPG,bciarmour,long_tail,thouinidium decandrum,0.165210
comb_DJI_20251017113331_0029_V_10833zoom.JPG,bciarmour,can_wait,uncaria tomentosa,0.959420
comb_DJI_20251017113404_0031_V_10816zoom.JPG,bciarmour,normal,zanthoxylum ekmanii,0.453540
comb_DJI_20251017113445_0033_V_9936zoom.JPG,bciarmour,can_wait,prioria copaifera,0.994870
comb_DJI_20251017113522_0035_V_9943zoom.JPG,bciarmour,normal,hura crepitans,0.703360
comb_DJI_20251017113558_0037_V_9277zoom.JPG,bciarmour,low_conf_known,prioria copaifera,0.328240
comb_DJI_20251017113632_0039_V_8683zoom.JPG,bciarmour,can_wait,prioria copaifera,0.944330
comb_DJI_20251017113717_0041_V_8058zoom.JPG,bciarmour,normal,ochroma pyramidale,0.583030
comb_DJI_20251017113749_0043_V_8060zoom.JPG,bciarmour,can_wait,jacaranda copaia,0.944090
comb_DJI_20251017113826_0045_V_9364zoom.JPG,bciarmour,normal,ocotea leptobotra,0.429790
comb_DJI_20251017113901_0047_V_9304zoom.JPG,bciarmour,long_tail,tontelea passiflora,0.282640
comb_DJI_20251017113937_0049_V_9276zoom.JPG,bciarmour,normal,prioria copaifera,0.650310
comb_DJI_20251017114012_0051_V_10385zoom.JPG,bciarmour,low_conf_known,hieronyma alchorneoides,0.163010
comb_DJI_20251017115314_0001_V_10812zoom.JPG,bciarmour,normal,luehea seemannii,0.050000
comb_DJI_20251017115357_0003_V_10387zoom.JPG,bciarmour,long_tail,ocotea oblonga,0.099870
comb_DJI_20251017115436_0005_V_10467zoom.JPG,bciarmour,normal,anacardium excelsum,0.690360
comb_DJI_20251017115513_0007_V_10469zoom.JPG,bciarmour,can_wait,uncaria tomentosa,0.969750
comb_DJI_20251017115551_0009_V_10509zoom.JPG,bciarmour,can_wait,uncaria tomentosa,0.904520
comb_DJI_20251017115631_0011_V_11596zoom.JPG,bciarmour,normal,luehea seemannii,0.776370
comb_DJI_20251017115704_0013_V_11643zoom.JPG,bciarmour,can_wait,anacardium excelsum,0.878060
comb_DJI_20251017115740_0015_V_11600zoom.JPG,bciarmour,can_wait,luehea seemannii,0.967030
comb_DJI_20251017115816_0017_V_11590zoom.JPG,bciarmour,can_wait,jacaranda copaia,0.857790
comb_DJI_20251017115853_0019_V_11680zoom.JPG,bciarmour,normal,prioria copaifera,0.722950
comb_DJI_20251017115929_0021_V_11597zoom.JPG,bciarmour,can_wait,prioria copaifera,0.931010
comb_DJI_20251017120007_0023_V_570zoom.JPG,bciarmour,normal,ochroma pyramidale,0.768400
comb_DJI_20251017120041_0025_V_526zoom.JPG,bciarmour,long_tail,cordia alliodora,0.060840
comb_DJI_20251017120117_0027_V_525zoom.JPG,bciarmour,normal,ochroma pyramidale,0.764720
comb_DJI_20251017120151_0029_V_531zoom.JPG,bciarmour,normal,prioria copaifera,0.595230
comb_DJI_20251017120224_0031_V_573zoom.JPG,bciarmour,normal,prioria copaifera,0.662880
comb_DJI_20251017120304_0033_V_572zoom.JPG,bciarmour,can_wait,prioria copaifera,0.966130
comb_DJI_20251017120343_0035_V_11726zoom.JPG,bciarmour,normal,ochroma pyramidale,0.769100
comb_DJI_20251017120419_0037_V_585zoom.JPG,bciarmour,normal,davilla nitida,0.207660
comb_DJI_20251017120457_0039_V_11668zoom.JPG,bciarmour,normal,davilla nitida,0.500080
comb_DJI_20251017120536_0041_V_548zoom.JPG,bciarmour,can_wait,prioria copaifera,0.976190
comb_DJI_20251017120716_0047_V_10519zoom.JPG,bciarmour,can_wait,anacardium excelsum,0.849890
comb_DJI_20251017121548_0003_V_10535zoom.JPG,bciarmour,low_conf_known,prioria copaifera,0.153410
comb_DJI_20251017121629_0005_V_10571zoom.JPG,bciarmour,long_tail,cordia alliodora,0.045100
comb_DJI_20251017121701_0007_V_9439zoom.JPG,bciarmour,long_tail,trema micranthum,0.705480
comb_DJI_20251017121739_0009_V_9609zoom.JPG,bciarmour,long_tail,guazuma ulmifolia,0.009530
comb_DJI_20251017121826_0011_V_9467zoom.JPG,bciarmour,normal,dipteryx oleifera,0.776880
comb_DJI_20251017121905_0013_V_9466zoom.JPG,bciarmour,normal,prioria copaifera,0.650320
comb_DJI_20251017121940_0015_V_9362zoom.JPG,bciarmour,normal,uncaria tomentosa,0.267530
comb_DJI_20251017122016_0017_V_9365zoom.JPG,bciarmour,can_wait,hieronyma alchorneoides,0.861670
comb_DJI_20251017122052_0019_V_8161zoom.JPG,bciarmour,can_wait,prioria copaifera,0.813830
comb_DJI_20251017122132_0021_V_8205zoom.JPG,bciarmour,low_conf_known,trattinnickia aspera,0.117600
comb_DJI_20251017122213_0023_V_8263zoom.JPG,bciarmour,can_wait,ochroma pyramidale,0.872180
comb_DJI_20251017122250_0025_V_8217zoom.JPG,bciarmour,can_wait,astronium graveolens,0.972580
comb_DJI_20251017122412_0029_V_8307zoom.JPG,bciarmour,can_wait,trattinnickia aspera,0.916550
comb_DJI_20251017122451_0031_V_8389zoom.JPG,bciarmour,long_tail,paullinia fuscescens,0.586480
comb_DJI_20251017122706_0039_V_9766zoom.JPG,bciarmour,long_tail,bowdichia virgilioides,0.007110
comb_DJI_20251017122746_0041_V_9781zoom.JPG,bciarmour,can_wait,ceiba pentandra,0.885550
comb_DJI_20251017122821_0043_V_9771zoom.JPG,bciarmour,long_tail,spondias mombin,0.277620
comb_DJI_20251017122858_0045_V_9738zoom.JPG,bciarmour,normal,luehea seemannii,0.110320
comb_DJI_20251017122934_0047_V_9736zoom.JPG,bciarmour,can_wait,sterculia apetala,0.964880
comb_DJI_20260112115736_0001_V_3400zoom.JPG,bciarmour,can_wait,prioria copaifera,0.934290
comb_DJI_20260112115809_0003_V_3344zoom.JPG,bciarmour,long_tail,trema micranthum,0.517420
comb_DJI_20260112115840_0005_V_3282zoom.JPG,bciarmour,long_tail,trema micranthum,0.186590
comb_DJI_20260112115916_0007_V_3345zoom.JPG,bciarmour,long_tail,maripa panamensis,0.061660
comb_DJI_20260112115948_0009_V_3343zoom.JPG,bciarmour,long_tail,symphonia globulifera,0.201400
comb_DJI_20260112120027_0011_V_3894zoom.JPG,bciarmour,normal,uncaria tomentosa,0.349930
comb_DJI_20260112120101_0013_V_4405zoom.JPG,bciarmour,normal,spondias radlkoferi,0.052990
comb_DJI_20260112120127_0015_V_4435zoom.JPG,bciarmour,can_wait,apeiba membranacea,0.824460
comb_DJI_20260112120206_0017_V_4437zoom.JPG,bciarmour,normal,prioria copaifera,0.780400
comb_DJI_20260112120246_0019_V_4415zoom.JPG,bciarmour,can_wait,hieronyma alchorneoides,0.973070
comb_DJI_20260112120323_0021_V_4481zoom.JPG,bciarmour,can_wait,hieronyma alchorneoides,0.983260
comb_DJI_20260112120356_0023_V_4402zoom.JPG,bciarmour,can_wait,jacaranda copaia,0.862640
comb_DJI_20260112120428_0025_V_5140zoom.JPG,bciarmour,can_wait,prioria copaifera,0.873480
comb_DJI_20260112120502_0027_V_5138zoom.JPG,bciarmour,can_wait,anacardium excelsum,0.972070
comb_DJI_20260112120539_0029_V_6155zoom.JPG,bciarmour,can_wait,hieronyma alchorneoides,0.946560
comb_DJI_20260112120613_0031_V_6226zoom.JPG,bciarmour,normal,fridericia candicans,0.052130
comb_DJI_20260112120650_0033_V_6264zoom.JPG,bciarmour,normal,protium stevensonii,0.640810
comb_DJI_20260112120724_0035_V_6136zoom.JPG,bciarmour,long_tail,pisonia aculeata,0.027210
comb_DJI_20260112122448_0001_V_6222zoom.JPG,bciarmour,normal,protium stevensonii,0.241150
comb_DJI_20260112122520_0003_V_6210zoom.JPG,bciarmour,normal,protium stevensonii,0.391770
comb_DJI_20260112122553_0005_V_6157zoom.JPG,bciarmour,normal,uncaria tomentosa,0.288070
comb_DJI_20260112122634_0007_V_7354zoom.JPG,bciarmour,normal,uncaria tomentosa,0.511360
comb_DJI_20260112122715_0009_V_7366zoom.JPG,bciarmour,normal,protium stevensonii,0.622730
comb_DJI_20260112122753_0011_V_6145zoom.JPG,bciarmour,long_tail,colubrina arborescens,0.496480
comb_DJI_20260112122824_0013_V_6137zoom.JPG,bciarmour,normal,hippocratea volubilis,0.386660
comb_DJI_20260112122857_0015_V_7302zoom.JPG,bciarmour,normal,hippocratea volubilis,0.103070
comb_DJI_20260112122932_0017_V_7296zoom.JPG,bciarmour,can_wait,trattinnickia aspera,0.803800
comb_DJI_20260112123008_0019_V_7260zoom.JPG,bciarmour,normal,uncaria tomentosa,0.512300
comb_DJI_20260112123041_0021_V_6134zoom.JPG,bciarmour,can_wait,uncaria tomentosa,0.980540
comb_DJI_20260112123114_0023_V_6138zoom.JPG,bciarmour,can_wait,uncaria tomentosa,0.959450
comb_DJI_20260112123148_0025_V_6088zoom.JPG,bciarmour,normal,uncaria tomentosa,0.082720
comb_DJI_20260112123223_0027_V_6152zoom.JPG,bciarmour,normal,ceiba pentandra,0.786710
comb_DJI_20260112123300_0029_V_5038zoom.JPG,bciarmour,normal,uncaria tomentosa,0.781840
comb_DJI_20260112123340_0031_V_5120zoom.JPG,bciarmour,long_tail,guazuma ulmifolia,0.201870
comb_DJI_20260112123409_0033_V_5096zoom.JPG,bciarmour,can_wait,trattinnickia aspera,0.931220
comb_DJI_20260112123444_0035_V_5131zoom.JPG,bciarmour,can_wait,hieronyma alchorneoides,0.955300
comb_DJI_20260112123525_0037_V_4951zoom.JPG,bciarmour,long_tail,flemingia strobilifera,0.047140
comb_DJI_20260112123600_0039_V_5892zoom.JPG,bciarmour,can_wait,ochroma pyramidale,0.979450
comb_DJI_20260112123633_0041_V_5882zoom.JPG,bciarmour,long_tail,colubrina asiatica,0.145030
comb_DJI_20260112123715_0043_V_6019zoom.JPG,bciarmour,normal,ochroma pyramidale,0.582380
comb_DJI_20260112123754_0045_V_5021zoom.JPG,bciarmour,long_tail,trema micranthum,0.145240
comb_DJI_20260112123830_0047_V_7246zoom.JPG,bciarmour,normal,pouteria stipitata,0.376460
comb_DJI_20260112123902_0049_V_7201zoom.JPG,bciarmour,long_tail,moquilea platypus,0.343330
comb_DJI_20260112123942_0051_V_7194zoom.JPG,bciarmour,long_tail,fridericia schumanniana,0.021320
comb_DJI_20260112124015_0053_V_7205zoom.JPG,bciarmour,low_conf_known,ochroma pyramidale,0.402740
comb_DJI_20260112124045_0055_V_5888zoom.JPG,bciarmour,normal,protium stevensonii,0.016970
comb_DJI_20260112124117_0057_V_7096zoom.JPG,bciarmour,can_wait,terminalia amazonia,0.802120
comb_DJI_20260114095131_0001_V_7091zoom.JPG,bciarmour,long_tail,arthrostemma ciliatum,0.023420
comb_DJI_20260114095204_0003_V_7161zoom.JPG,bciarmour,long_tail,omphalea diandra,0.126650
comb_DJI_20260114095240_0005_V_8290zoom.JPG,bciarmour,long_tail,prionostemma aspera,0.056550
comb_DJI_20260114095317_0007_V_8216zoom.JPG,bciarmour,long_tail,aegiphila elata,0.621260
comb_DJI_20260114095350_0009_V_8228zoom.JPG,bciarmour,can_wait,guatteria lucens,0.928460
comb_DJI_20260114095427_0011_V_7047zoom.JPG,bciarmour,normal,zanthoxylum ekmanii,0.757970
comb_DJI_20260114095459_0013_V_7049zoom.JPG,bciarmour,normal,ocotea leptobotra,0.395880
comb_DJI_20260114095532_0015_V_7071zoom.JPG,bciarmour,long_tail,pisonia aculeata,0.069960
comb_DJI_20260114095606_0017_V_7052zoom.JPG,bciarmour,normal,prioria copaifera,0.794270
comb_DJI_20260114095639_0019_V_7044zoom.JPG,bciarmour,normal,pouteria stipitata,0.568870
comb_DJI_20260114095714_0021_V_8150zoom.JPG,bciarmour,low_conf_known,anacardium excelsum,0.199460
comb_DJI_20260114095742_0023_V_8145zoom.JPG,bciarmour,long_tail,tabernaemontana arborea,0.126840
comb_DJI_20260114095815_0025_V_7455zoom.JPG,bciarmour,can_wait,prioria copaifera,0.898060
comb_DJI_20260114095847_0027_V_7450zoom.JPG,bciarmour,normal,protium stevensonii,0.615750
comb_DJI_20260114095921_0029_V_8685zoom.JPG,bciarmour,normal,prioria copaifera,0.762010
comb_DJI_20260114100000_0031_V_7460zoom.JPG,bciarmour,can_wait,hieronyma alchorneoides,0.967730
comb_DJI_20260114100034_0033_V_6997zoom.JPG,bciarmour,normal,calophyllum longifolium,0.770300
comb_DJI_20260114100108_0035_V_5787zoom.JPG,bciarmour,normal,hippocratea volubilis,0.773170
comb_DJI_20260114100141_0037_V_6363zoom.JPG,bciarmour,normal,hippocratea volubilis,0.068110
comb_DJI_20260114100217_0039_V_5479zoom.JPG,bciarmour,long_tail,passiflora serratodigitata,0.088260
comb_DJI_20260114100251_0041_V_4664zoom.JPG,bciarmour,long_tail,amphilophium crucigerum,0.779580
comb_DJI_20260114100320_0043_V_4665zoom.JPG,bciarmour,can_wait,tachigali panamensis,0.930740
comb_DJI_20260114100347_0045_V_5377zoom.JPG,bciarmour,can_wait,anacardium excelsum,0.837740
comb_DJI_20260114100428_0047_V_5369zoom.JPG,bciarmour,normal,jacaranda copaia,0.772850
comb_DJI_20260114100508_0049_V_5814zoom.JPG,bciarmour,long_tail,callichlamys latifolia,0.090130
comb_DJI_20260114100542_0051_V_4745zoom.JPG,bciarmour,long_tail,vanilla mexicana,0.019470
comb_DJI_20260114100616_0053_V_4736zoom.JPG,bciarmour,can_wait,jacaranda copaia,0.913120
comb_DJI_20260114100650_0055_V_4145zoom.JPG,bciarmour,can_wait,dipteryx oleifera,0.854430
comb_DJI_20260114100725_0057_V_3555zoom.JPG,bciarmour,long_tail,guapira myrtiflora,0.116560
comb_DJI_20260114100758_0059_V_4123zoom.JPG,bciarmour,can_wait,prioria copaifera,0.874950
comb_DJI_20260114100831_0061_V_4581zoom.JPG,bciarmour,can_wait,ochroma pyramidale,0.941040
comb_DJI_20260114101944_0001_V_4585zoom.JPG,bciarmour,can_wait,luehea seemannii,0.977160
comb_DJI_20260114102021_0003_V_2998zoom.JPG,bciarmour,normal,ocotea leptobotra,0.455070
comb_DJI_20260114102055_0005_V_3476zoom.JPG,bciarmour,low_conf_known,prioria copaifera,0.091510
comb_DJI_20260114102128_0007_V_2994zoom.JPG,bciarmour,low_conf_known,prioria copaifera,0.435870
comb_DJI_20260114102203_0009_V_3012zoom.JPG,bciarmour,normal,ceiba pentandra,0.735350
comb_DJI_20260114102238_0011_V_3040zoom.JPG,bciarmour,low_conf_known,hieronyma alchorneoides,0.061810
comb_DJI_20260114102310_0013_V_3034zoom.JPG,bciarmour,long_tail,virola fosteri,0.001880
comb_DJI_20260114102346_0015_V_3594zoom.JPG,bciarmour,low_conf_known,anacardium excelsum,0.017780
comb_DJI_20260114102419_0017_V_3617zoom.JPG,bciarmour,normal,protium stevensonii,0.083170
comb_DJI_20260114102454_0019_V_3033zoom.JPG,bciarmour,can_wait,prioria copaifera,0.899630
comb_DJI_20260114102528_0021_V_3635zoom.JPG,bciarmour,low_conf_known,prioria copaifera,0.257840
comb_DJI_20260114102606_0023_V_3031zoom.JPG,bciarmour,normal,trattinnickia aspera,0.640530
comb_DJI_20260114102637_0025_V_3626zoom.JPG,bciarmour,normal,protium stevensonii,0.769140
comb_DJI_20260114102713_0027_V_3637zoom.JPG,bciarmour,normal,protium stevensonii,0.196450
comb_DJI_20260114102743_0029_V_3655zoom.JPG,bciarmour,long_tail,inga laurina,0.075640
comb_DJI_20260114102817_0031_V_3688zoom.JPG,bciarmour,long_tail,cissus microcarpa,0.105960
comb_DJI_20260114102852_0033_V_3572zoom.JPG,bciarmour,normal,pouteria stipitata,0.367290
comb_DJI_20260114102926_0035_V_4213zoom.JPG,bciarmour,normal,davilla nitida,0.543650
comb_DJI_20260114103002_0037_V_4741zoom.JPG,bciarmour,long_tail,guarea guidonia,0.956160
comb_DJI_20260114103034_0039_V_4837zoom.JPG,bciarmour,long_tail,prionostemma aspera,0.241010
comb_DJI_20260114103106_0041_V_4853zoom.JPG,bciarmour,low_conf_known,hieronyma alchorneoides,0.411750
comb_DJI_20260114103133_0043_V_4861zoom.JPG,bciarmour,normal,hieronyma alchorneoides,0.742840
comb_DJI_20260114103203_0045_V_4738zoom.JPG,bciarmour,long_tail,guapira myrtiflora,0.243500
comb_DJI_20260114103230_0047_V_5767zoom.JPG,bciarmour,can_wait,simarouba amara,0.859410
comb_DJI_20260114103301_0049_V_4822zoom.JPG,bciarmour,long_tail,fridericia patellifera,0.086420
comb_DJI_20260114103333_0051_V_5832zoom.JPG,bciarmour,long_tail,protium panamense,0.080230
comb_DJI_20260114103406_0053_V_4744zoom.JPG,bciarmour,long_tail,beilschmiedia tovarensis,0.057660
comb_DJI_20260114104442_0001_V_5867zoom.JPG,bciarmour,low_conf_known,hieronyma alchorneoides,0.378450
comb_DJI_20260114104511_0003_V_5865zoom.JPG,bciarmour,can_wait,protium stevensonii,0.932060
comb_DJI_20260114104546_0005_V_7082zoom.JPG,bciarmour,can_wait,anacardium excelsum,0.871370
comb_DJI_20260114104616_0007_V_5870zoom.JPG,bciarmour,normal,anacardium excelsum,0.741440
comb_DJI_20260114104653_0009_V_5901zoom.JPG,bciarmour,normal,alseis blackiana,0.146500
comb_DJI_20260114104734_0011_V_7106zoom.JPG,bciarmour,normal,fridericia candicans,0.211160
comb_DJI_20260114104810_0013_V_5884zoom.JPG,bciarmour,long_tail,celtis iguanaea,0.146300
comb_DJI_20260114104843_0015_V_5890zoom.JPG,bciarmour,normal,uncaria tomentosa,0.057900
comb_DJI_20260114104911_0017_V_4893zoom.JPG,bciarmour,long_tail,guapira myrtiflora,0.135170
comb_DJI_20260114104948_0019_V_4829zoom.JPG,bciarmour,normal,fridericia candicans,0.104980
comb_DJI_20260114105021_0021_V_4854zoom.JPG,bciarmour,long_tail,sloanea terniflora,0.358360
comb_DJI_20260114105058_0023_V_4236zoom.JPG,bciarmour,can_wait,jacaranda copaia,0.941730
comb_DJI_20260114105133_0025_V_4896zoom.JPG,bciarmour,can_wait,hieronyma alchorneoides,0.977880
comb_DJI_20260114105207_0027_V_4895zoom.JPG,bciarmour,long_tail,virola sebifera,0.839920
comb_DJI_20260114105241_0029_V_3640zoom.JPG,bciarmour,long_tail,tabernaemontana arborea,0.207040
comb_DJI_20260114105314_0031_V_4234zoom.JPG,bciarmour,can_wait,jacaranda copaia,0.885130
comb_DJI_20260114105351_0033_V_4285zoom.JPG,bciarmour,can_wait,uncaria tomentosa,0.934710
comb_DJI_20260114105426_0035_V_4321zoom.JPG,bciarmour,can_wait,uncaria tomentosa,0.906620
comb_DJI_20260114105459_0037_V_3765zoom.JPG,bciarmour,long_tail,nectandra lineata,0.559250
comb_DJI_20260114105536_0039_V_3742zoom.JPG,bciarmour,long_tail,tontelea passiflora,0.088450
comb_DJI_20260114105610_0041_V_3752zoom.JPG,bciarmour,can_wait,apeiba tibourbou,0.881290
comb_DJI_20260114105647_0043_V_3851zoom.JPG,bciarmour,can_wait,hieronyma alchorneoides,0.969930
comb_DJI_20260114105720_0045_V_3341zoom.JPG,bciarmour,can_wait,prioria copaifera,0.940680
comb_DJI_20260114105755_0047_V_3815zoom.JPG,bciarmour,can_wait,dipteryx oleifera,0.940430
comb_DJI_20260114105828_0049_V_3780zoom.JPG,bciarmour,normal,luehea seemannii,0.059380
comb_DJI_20260114105856_0051_V_3314zoom.JPG,bciarmour,normal,davilla nitida,0.117850
comb_DJI_20260114105931_0053_V_3235zoom.JPG,bciarmour,can_wait,dipteryx oleifera,0.959930
comb_DJI_20260114110008_0055_V_3740zoom.JPG,bciarmour,long_tail,spirotheca rosea,0.041580
comb_DJI_20260114110043_0057_V_3250zoom.JPG,bciarmour,long_tail,pisonia aculeata,0.084140
comb_DJI_20260114110115_0059_V_3155zoom.JPG,bciarmour,normal,astronium graveolens,0.730460
comb_DJI_20260114110146_0061_V_3130zoom.JPG,bciarmour,low_conf_known,chrysophyllum cainito,0.223400
comb_DJI_20260114110947_0001_V_3030zoom.JPG,bciarmour,normal,spondias radlkoferi,0.287550
comb_DJI_20260114111027_0003_V_11083zoom.JPG,bciarmour,can_wait,prioria copaifera,0.904590
comb_DJI_20260114111112_0005_V_25zoom.JPG,bciarmour,normal,terminalia amazonia,0.433170
comb_DJI_20260114111151_0007_V_50zoom.JPG,bciarmour,can_wait,luehea seemannii,0.925960
comb_DJI_20260114111231_0009_V_11143zoom.JPG,bciarmour,normal,protium stevensonii,0.768050
comb_DJI_20260114111307_0011_V_78zoom.JPG,bciarmour,low_conf_known,prioria copaifera,0.454960
comb_DJI_20260114111343_0013_V_122zoom.JPG,bciarmour,can_wait,dipteryx oleifera,0.824210
comb_DJI_20260114111420_0015_V_124zoom.JPG,bciarmour,normal,protium stevensonii,0.782820
comb_DJI_20260114111457_0017_V_11187zoom.JPG,bciarmour,can_wait,prioria copaifera,0.976020
comb_DJI_20260114111533_0019_V_11200zoom.JPG,bciarmour,can_wait,anacardium excelsum,0.949380
comb_DJI_20260114111613_0021_V_3283zoom.JPG,bciarmour,can_wait,hieronyma alchorneoides,0.960860
comb_DJI_20260114111850_0001_V_9877zoom.JPG,bciarmour,normal,davilla nitida,0.144910
comb_DJI_20260114111930_0003_V_10690zoom.JPG,bciarmour,can_wait,trattinnickia aspera,0.919160
comb_DJI_20260114112011_0005_V_9818zoom.JPG,bciarmour,can_wait,prioria copaifera,0.989600
comb_DJI_20260114112048_0007_V_10766zoom.JPG,bciarmour,can_wait,hieronyma alchorneoides,0.982250
comb_DJI_20260114112126_0009_V_10698zoom.JPG,bciarmour,can_wait,protium stevensonii,0.886930
comb_DJI_20260114112200_0011_V_10699zoom.JPG,bciarmour,normal,prioria copaifera,0.670270
comb_DJI_20260114112237_0013_V_10689zoom.JPG,bciarmour,can_wait,hieronyma alchorneoides,0.950090
comb_DJI_20260114112312_0015_V_11860zoom.JPG,bciarmour,normal,terminalia amazonia,0.435940
comb_DJI_20260114112404_0017_V_2515zoom.JPG,bciarmour,long_tail,ficus citrifolia,0.052990
comb_DJI_20260114112456_0019_V_1564zoom.JPG,bciarmour,normal,prioria copaifera,0.799510
comb_DJI_20260114112531_0021_V_1555zoom.JPG,bciarmour,normal,protium stevensonii,0.048690
comb_DJI_20260114112603_0023_V_1580zoom.JPG,bciarmour,can_wait,uncaria tomentosa,0.924730
comb_DJI_20260114112642_0025_V_1500zoom.JPG,bciarmour,can_wait,prioria copaifera,0.829410
comb_DJI_20260114113530_0001_V_2289zoom.JPG,bciarmour,normal,davilla nitida,0.510460
comb_DJI_20260114113606_0003_V_2347zoom.JPG,bciarmour,can_wait,uncaria tomentosa,0.974850
comb_DJI_20260114113641_0005_V_2302zoom.JPG,bciarmour,can_wait,davilla nitida,0.959460
comb_DJI_20260114113720_0007_V_2761zoom.JPG,bciarmour,long_tail,lonchocarpus heptaphyllus,0.029760
comb_DJI_20260114113758_0009_V_2797zoom.JPG,bciarmour,normal,alseis blackiana,0.607880
comb_DJI_20260114114148_0001_V_9886zoom.JPG,bciarmour,can_wait,protium stevensonii,0.862470
comb_DJI_20260114114226_0003_V_8495zoom.JPG,bciarmour,normal,calophyllum longifolium,0.716530
comb_DJI_20260114114302_0005_V_8465zoom.JPG,bciarmour,long_tail,casearia bicolor,0.326160
comb_DJI_20260114114335_0007_V_8447zoom.JPG,bciarmour,long_tail,guapira myrtiflora,0.203990
comb_DJI_20260114114405_0009_V_9653zoom.JPG,bciarmour,can_wait,guatteria lucens,0.827060
comb_DJI_20260114114441_0011_V_9557zoom.JPG,bciarmour,long_tail,laguncularia racemosa,0.068980
comb_DJI_20260114114517_0013_V_9549zoom.JPG,bciarmour,long_tail,moquilea platypus,0.082780
comb_DJI_20260114114551_0015_V_9545zoom.JPG,bciarmour,long_tail,bignonia aequinoctialis,0.253270
comb_DJI_20260114114621_0017_V_9550zoom.JPG,bciarmour,normal,prioria copaifera,0.555450
comb_DJI_20260114114704_0019_V_9433zoom.JPG,bciarmour,can_wait,dipteryx oleifera,0.892500
comb_DJI_20260114114743_0021_V_9442zoom.JPG,bciarmour,long_tail,virola fosteri,0.123240
comb_DJI_20260114114820_0023_V_8160zoom.JPG,bciarmour,long_tail,nectandra lineata,0.293120
comb_DJI_20260114114858_0025_V_9371zoom.JPG,bciarmour,can_wait,trattinnickia aspera,0.975830
comb_DJI_20260114114934_0027_V_9282zoom.JPG,bciarmour,normal,protium stevensonii,0.682170
comb_DJI_20260114115009_0029_V_8054zoom.JPG,bciarmour,normal,prioria copaifera,0.635120
comb_DJI_20260114115044_0031_V_8746zoom.JPG,bciarmour,long_tail,cespedesia spathulata,0.222260
comb_DJI_20260114115125_0033_V_8747zoom.JPG,bciarmour,can_wait,brosimum alicastrum,0.844810
comb_DJI_20260114115200_0035_V_9940zoom.JPG,bciarmour,long_tail,aspidosperma desmanthum,0.021080
comb_DJI_20260114120010_0001_V_9939zoom.JPG,bciarmour,long_tail,cordia alliodora,0.176160
comb_DJI_20260114120049_0003_V_10862zoom.JPG,bciarmour,long_tail,bignonia aequinoctialis,0.128910
comb_DJI_20260114120124_0005_V_10818zoom.JPG,bciarmour,can_wait,prioria copaifera,0.821650
comb_DJI_20260114120207_0007_V_11967zoom.JPG,bciarmour,can_wait,uncaria tomentosa,0.839550
comb_DJI_20260114120244_0009_V_11969zoom.JPG,bciarmour,normal,dipteryx oleifera,0.642640
comb_DJI_20260114120316_0011_V_938zoom.JPG,bciarmour,low_conf_known,trattinnickia aspera,0.233610
comb_DJI_20260114120348_0013_V_930zoom.JPG,bciarmour,low_conf_known,trattinnickia aspera,0.354450
comb_DJI_20260114120459_0017_V_405zoom.JPG,bciarmour,can_wait,jacaranda copaia,0.979870
comb_DJI_20260114120536_0019_V_403zoom.JPG,bciarmour,normal,tabebuia rosea,0.125860
comb_DJI_20260114120614_0021_V_1321zoom.JPG,bciarmour,normal,jacaranda copaia,0.794630
comb_DJI_20260114120648_0023_V_1341zoom.JPG,bciarmour,can_wait,jacaranda copaia,0.943790
comb_DJI_20260114120725_0025_V_428zoom.JPG,bciarmour,can_wait,jacaranda copaia,0.877020
comb_DJI_20260114120755_0027_V_1342zoom.JPG,bciarmour,can_wait,jacaranda copaia,0.884240
comb_DJI_20260114120828_0029_V_461zoom.JPG,bciarmour,long_tail,fridericia patellifera,0.149200
comb_DJI_20260114120906_0031_V_494zoom.JPG,bciarmour,normal,trattinnickia aspera,0.723280
comb_DJI_20260114120937_0033_V_402zoom.JPG,bciarmour,can_wait,jacaranda copaia,0.969140
comb_DJI_20260114121009_0035_V_485zoom.JPG,bciarmour,can_wait,zanthoxylum ekmanii,0.854340
comb_DJI_20260114121041_0037_V_1358zoom.JPG,bciarmour,low_conf_known,jacaranda copaia,0.068720
comb_DJI_20260114121118_0039_V_1361zoom.JPG,bciarmour,normal,jacaranda copaia,0.748410
comb_DJI_20260114121157_0041_V_1352zoom.JPG,bciarmour,can_wait,ochroma pyramidale,0.967060
comb_DJI_20260114121235_0043_V_524zoom.JPG,bciarmour,normal,uncaria tomentosa,0.125600
comb_DJI_20260114121316_0045_V_11662zoom.JPG,bciarmour,normal,hippocratea volubilis,0.399980
comb_DJI_20260114121432_0049_V_399zoom.JPG,bciarmour,can_wait,luehea seemannii,0.836940
comb_DJI_20260114121506_0051_V_11573zoom.JPG,bciarmour,normal,anacardium excelsum,0.772270
comb_DJI_20260114121544_0053_V_11505zoom.JPG,bciarmour,normal,spondias radlkoferi,0.125330
comb_DJI_20260114121618_0055_V_10383zoom.JPG,bciarmour,long_tail,trema micranthum,0.435780
comb_DJI_20260114121659_0057_V_10391zoom.JPG,bciarmour,long_tail,paullinia fuscescens,0.251600
comb_DJI_20260114121734_0059_V_10836zoom.JPG,bciarmour,low_conf_known,dipteryx oleifera,0.355690
comb_DJI_20260114121809_0061_V_10400zoom.JPG,bciarmour,can_wait,uncaria tomentosa,0.988730
comb_DJI_20260114122549_0001_V_9935zoom.JPG,bciarmour,can_wait,brosimum alicastrum,0.902870
comb_DJI_20260114122634_0003_V_10515zoom.JPG,bciarmour,can_wait,uncaria tomentosa,0.904050
comb_DJI_20260114122707_0005_V_9370zoom.JPG,bciarmour,long_tail,inga thibaudiana,0.729210
comb_DJI_20260114122751_0007_V_9447zoom.JPG,bciarmour,normal,uncaria tomentosa,0.699740
comb_DJI_20260114122828_0009_V_10539zoom.JPG,bciarmour,can_wait,uncaria tomentosa,0.801840
comb_DJI_20260114122906_0011_V_9436zoom.JPG,bciarmour,normal,ochroma pyramidale,0.743800
comb_DJI_20260114122944_0013_V_10542zoom.JPG,bciarmour,normal,trattinnickia aspera,0.685090
comb_DJI_20260114123020_0015_V_10538zoom.JPG,bciarmour,long_tail,virola fosteri,0.208240
comb_DJI_20260114123055_0017_V_10537zoom.JPG,bciarmour,normal,prioria copaifera,0.743900
comb_DJI_20260114123127_0019_V_10570zoom.JPG,bciarmour,long_tail,paullinia pinnata,0.047730
comb_DJI_20260114123203_0021_V_10622zoom.JPG,bciarmour,can_wait,luehea seemannii,0.828140
comb_DJI_20260114123241_0023_V_9660zoom.JPG,bciarmour,can_wait,jacaranda copaia,0.944430
comb_DJI_20260114123319_0025_V_10617zoom.JPG,bciarmour,normal,brosimum alicastrum,0.263700
comb_DJI_20260114123353_0027_V_9776zoom.JPG,bciarmour,long_tail,symphonia globulifera,0.176630
comb_DJI_20260114124704_0001_V_10655zoom.JPG,bciarmour,normal,davilla nitida,0.442380
comb_DJI_20260114124809_0003_V_11849zoom.JPG,bciarmour,normal,apeiba membranacea,0.149350
comb_DJI_20260114125014_0001_V_752zoom.JPG,bciarmour,normal,fridericia candicans,0.384010
comb_DJI_20260114125100_0003_V_629zoom.JPG,bciarmour,can_wait,prioria copaifera,0.839200
comb_DJI_20260114125131_0005_V_631zoom.JPG,bciarmour,can_wait,prioria copaifera,0.867040
comb_DJI_20260114125205_0007_V_577zoom.JPG,bciarmour,normal,astronium graveolens,0.514510
comb_DJI_20260114125245_0009_V_601zoom.JPG,bciarmour,can_wait,prioria copaifera,0.838320
comb_DJI_20260114125318_0011_V_608zoom.JPG,bciarmour,can_wait,prioria copaifera,0.902310
comb_DJI_20260114125350_0013_V_535zoom.JPG,bciarmour,long_tail,oryctanthus spicatus,0.011810
comb_DJI_20260114125427_0015_V_1471zoom.JPG,bciarmour,long_tail,virola fosteri,0.114030
comb_DJI_20260114125513_0017_V_1435zoom.JPG,bciarmour,long_tail,callichlamys latifolia,0.166730
comb_DJI_20260114125609_0019_V_1451zoom.JPG,bciarmour,can_wait,prioria copaifera,0.963600
comb_DJI_20260114125641_0021_V_1438zoom.JPG,bciarmour,can_wait,prioria copaifera,0.910980
comb_DJI_20260114125717_0023_V_2153zoom.JPG,bciarmour,long_tail,ocotea oblonga,0.364040
comb_DJI_20260114125758_0025_V_1360zoom.JPG,bciarmour,long_tail,tontelea passiflora,0.073490
comb_DJI_20260114125825_0027_V_2080zoom.JPG,bciarmour,normal,jacaranda copaia,0.778610
comb_DJI_20260114125903_0029_V_1364zoom.JPG,bciarmour,can_wait,trattinnickia aspera,0.973880
comb_DJI_20260114125948_0031_V_2063zoom.JPG,bciarmour,can_wait,uncaria tomentosa,0.997780
comb_DJI_20260114130027_0033_V_1272zoom.JPG,bciarmour,normal,uncaria tomentosa,0.440770
comb_DJI_20260114131035_0001_V_2481zoom.JPG,bciarmour,long_tail,protium panamense,0.267680
comb_DJI_20260114131111_0003_V_1779zoom.JPG,bciarmour,can_wait,guatteria lucens,0.945670
comb_DJI_20260114131144_0005_V_1788zoom.JPG,bciarmour,normal,spondias radlkoferi,0.653630
comb_DJI_20260114131220_0007_V_2462zoom.JPG,bciarmour,long_tail,callitriche heterophylla,0.058060
comb_DJI_20260114131328_0009_V_2460zoom.JPG,bciarmour,can_wait,luehea seemannii,0.949670
comb_DJI_20260114131407_0011_V_2457zoom.JPG,bciarmour,normal,prioria copaifera,0.736100
comb_DJI_20260114131449_0013_V_2038zoom.JPG,bciarmour,can_wait,terminalia amazonia,0.948370
comb_DJI_20260114131526_0015_V_2565zoom.JPG,bciarmour,can_wait,prioria copaifera,0.942830
comb_DJI_20260114131601_0017_V_2664zoom.JPG,bciarmour,long_tail,amphilophium paniculatum,0.087070
comb_DJI_20260114131643_0019_V_2617zoom.JPG,bciarmour,long_tail,dioclea virgata,0.028060
comb_DJI_20260114131750_0021_V_2688zoom.JPG,bciarmour,normal,hippocratea volubilis,0.074910
comb_DJI_20260114131823_0023_V_2697zoom.JPG,bciarmour,can_wait,prioria copaifera,0.900180
comb_DJI_20260114131858_0025_V_2082zoom.JPG,bciarmour,can_wait,guatteria lucens,0.828530
comb_DJI_20260114131942_0027_V_2074zoom.JPG,bciarmour,long_tail,callichlamys latifolia,0.802450
comb_DJI_20260114132023_0029_V_2163zoom.JPG,bciarmour,can_wait,tachigali panamensis,0.925410
comb_DJI_20260114132103_0031_V_2689zoom.JPG,bciarmour,can_wait,prioria copaifera,0.811350
comb_DJI_20260114132143_0033_V_1436zoom.JPG,bciarmour,can_wait,prioria copaifera,0.936060
comb_DJI_20260114132222_0035_V_1445zoom.JPG,bciarmour,normal,protium stevensonii,0.546460
comb_DJI_20260114132256_0037_V_2158zoom.JPG,bciarmour,long_tail,guapira myrtiflora,0.092040
comb_DJI_20260114132332_0039_V_2261zoom.JPG,bciarmour,long_tail,hiraea grandifolia,0.543540
comb_DJI_20260114132409_0041_V_2775zoom.JPG,bciarmour,can_wait,prioria copaifera,0.961200
comb_DJI_20260311164936_0001_V_11113tele.JPG,bcitbarbour3n,long_tail,himatanthus articulatus,0.026110
comb_DJI_20260311165148_0003_V_52tele.JPG,bcitbarbour3n,long_tail,spondias mombin,0.022710
comb_DJI_20260311165222_0005_V_11021tele.JPG,bcitbarbour3n,long_tail,spondias purpurea,0.021060
comb_DJI_20260311165255_0007_V_11023tele.JPG,bcitbarbour3n,can_wait,simarouba amara,0.897470
comb_DJI_20260311165328_0009_V_11089tele.JPG,bcitbarbour3n,long_tail,cordia alliodora,0.172670
comb_DJI_20260311165359_0011_V_11022tele.JPG,bcitbarbour3n,can_wait,dipteryx oleifera,0.981210
comb_DJI_20260311165431_0013_V_11074tele.JPG,bcitbarbour3n,can_wait,dipteryx oleifera,0.956610
comb_DJI_20260311165509_0015_V_4786tele.JPG,bcitbarbour3n,long_tail,dalbergia granadillo,0.019340
comb_DJI_20260311165540_0017_V_4749tele.JPG,bcitbarbour3n,normal,tachigali panamensis,0.520640
comb_DJI_20260311165614_0019_V_4829tele.JPG,bcitbarbour3n,normal,terminalia amazonia,0.020940
comb_DJI_20260311165645_0021_V_4848tele.JPG,bcitbarbour3n,normal,terminalia amazonia,0.434280
comb_DJI_20260311165721_0023_V_4803tele.JPG,bcitbarbour3n,normal,calophyllum longifolium,0.116480
comb_DJI_20260311165756_0025_V_4808tele.JPG,bcitbarbour3n,normal,tabebuia rosea,0.561730
comb_DJI_20260311165849_0027_V_4789tele.JPG,bcitbarbour3n,normal,tabebuia rosea,0.089080
comb_DJI_20260311165927_0029_V_4823tele.JPG,bcitbarbour3n,can_wait,jacaranda copaia,0.965370
comb_DJI_20260311170013_0031_V_5365tele.JPG,bcitbarbour3n,normal,luehea seemannii,0.367630
comb_DJI_20260311170048_0033_V_5910tele.JPG,bcitbarbour3n,can_wait,luehea seemannii,0.852120
comb_DJI_20260311170130_0035_V_5897tele.JPG,bcitbarbour3n,normal,protium stevensonii,0.163800
comb_DJI_20260311170213_0037_V_5388tele.JPG,bcitbarbour3n,long_tail,entada polystachya,0.196580
comb_DJI_20260311170244_0039_V_5302tele.JPG,bcitbarbour3n,can_wait,alseis blackiana,0.838740
comb_DJI_20260311170314_0041_V_4857tele.JPG,bcitbarbour3n,long_tail,pseudobombax septenatum,0.069460
comb_DJI_20260311170343_0043_V_4861tele.JPG,bcitbarbour3n,can_wait,ficus obtusifolia,0.850760
comb_DJI_20260317083530_0001_V_8048tele.JPG,bci50haplot,normal,alseis blackiana,0.630900
comb_DJI_20260317083605_0003_V_8792tele.JPG,bci50haplot,normal,ocotea leptobotra,0.434410
comb_DJI_20260317083637_0005_V_8813tele.JPG,bci50haplot,low_conf_known,guatteria lucens,0.200820
comb_DJI_20260317083711_0007_V_8788tele.JPG,bci50haplot,normal,prioria copaifera,0.710280
comb_DJI_20260317083746_0009_V_8161tele.JPG,bci50haplot,normal,hippocratea volubilis,0.365240
comb_DJI_20260317083822_0011_V_9311tele.JPG,bci50haplot,can_wait,astronium graveolens,0.971390
comb_DJI_20260317083854_0013_V_8857tele.JPG,bci50haplot,normal,protium stevensonii,0.025310
comb_DJI_20260317083926_0015_V_9292tele.JPG,bci50haplot,long_tail,alseis yucatanensis,0.324260
comb_DJI_20260317083958_0017_V_9295tele.JPG,bci50haplot,normal,jacaranda copaia,0.654290
comb_DJI_20260317084031_0019_V_8833tele.JPG,bci50haplot,long_tail,mascagnia divaricata,0.454350
comb_DJI_20260317084059_0021_V_9304tele.JPG,bci50haplot,normal,jacaranda copaia,0.793190
comb_DJI_20260317084130_0023_V_8825tele.JPG,bci50haplot,can_wait,jacaranda copaia,0.925740
comb_DJI_20260317084203_0025_V_9360tele.JPG,bci50haplot,normal,trattinnickia aspera,0.621450
comb_DJI_20260317084235_0027_V_9208tele.JPG,bci50haplot,low_conf_known,prioria copaifera,0.037650
comb_DJI_20260317084309_0029_V_8728tele.JPG,bci50haplot,long_tail,fridericia schumanniana,0.132220
comb_DJI_20260317084339_0031_V_9219tele.JPG,bci50haplot,can_wait,astronium graveolens,0.952880
comb_DJI_20260317084413_0033_V_9289tele.JPG,bci50haplot,normal,serjania circumvallata,0.580070
comb_DJI_20260317084445_0035_V_8814tele.JPG,bci50haplot,normal,alseis blackiana,0.562720
comb_DJI_20260317084516_0037_V_8727tele.JPG,bci50haplot,normal,alseis blackiana,0.164490
comb_DJI_20260317085856_0001_V_5671tele.JPG,bci50haplot,low_conf_known,jacaranda copaia,0.078180
comb_DJI_20260317085933_0003_V_5006tele.JPG,bci50haplot,can_wait,cecropia insignis,0.813930
comb_DJI_20260317090008_0005_V_11283tele.JPG,bci50haplot,long_tail,trema micranthum,0.151350
comb_DJI_20260317090042_0007_V_11277tele.JPG,bci50haplot,can_wait,inga marginata,0.991720
comb_DJI_20260317090110_0009_V_4996tele.JPG,bci50haplot,can_wait,astronium graveolens,0.914800
comb_DJI_20260317090141_0011_V_10646tele.JPG,bci50haplot,long_tail,quararibea asterolepis,0.293490
comb_DJI_20260317090241_0015_V_10722tele.JPG,bci50haplot,normal,tabebuia rosea,0.061880
comb_DJI_20260317090318_0017_V_10655tele.JPG,bci50haplot,normal,zanthoxylum ekmanii,0.561510
comb_DJI_20260317090349_0019_V_11296tele.JPG,bci50haplot,long_tail,cordia alliodora,0.030610
comb_DJI_20260317090428_0021_V_10725tele.JPG,bci50haplot,long_tail,guapira myrtiflora,0.116060
comb_DJI_20260317090506_0023_V_11265tele.JPG,bci50haplot,long_tail,quararibea asterolepis,0.192010
comb_DJI_20260317090537_0025_V_10799tele.JPG,bci50haplot,long_tail,omphalea diandra,0.121860
comb_DJI_20260317090607_0027_V_10782tele.JPG,bci50haplot,long_tail,fridericia patellifera,0.833620
comb_DJI_20260317090638_0029_V_10797tele.JPG,bci50haplot,long_tail,fridericia patellifera,0.189120
comb_DJI_20260317090711_0031_V_10821tele.JPG,bci50haplot,long_tail,amphilophium paniculatum,0.656540
comb_DJI_20260317090743_0033_V_11270tele.JPG,bci50haplot,normal,pouteria stipitata,0.617650
comb_DJI_20260317090817_0035_V_10776tele.JPG,bci50haplot,normal,oenocarpus mapora,0.277550
comb_DJI_20260317090851_0037_V_10773tele.JPG,bci50haplot,long_tail,cordia alliodora,0.168890
comb_DJI_20260317090922_0039_V_10764tele.JPG,bci50haplot,long_tail,fridericia patellifera,0.185970
comb_DJI_20260317090956_0041_V_5129tele.JPG,bci50haplot,long_tail,fridericia patellifera,0.417620
comb_DJI_20260317091029_0043_V_10760tele.JPG,bci50haplot,can_wait,jacaranda copaia,0.914480
comb_DJI_20260317091103_0045_V_10842tele.JPG,bci50haplot,long_tail,protium tenuifolium,0.164580
comb_DJI_20260317091135_0047_V_10843tele.JPG,bci50haplot,low_conf_known,handroanthus guayacan,0.367810
comb_DJI_20260317091205_0049_V_10833tele.JPG,bci50haplot,long_tail,trema micranthum,0.081420
comb_DJI_20260317091241_0051_V_10855tele.JPG,bci50haplot,long_tail,fridericia schumanniana,0.182310
comb_DJI_20260317092259_0002_V_10774tele.JPG,bci50haplot,long_tail,amphilophium crucigerum,0.209070
comb_DJI_20260317092333_0004_V_5245tele.JPG,bci50haplot,long_tail,amphilophium paniculatum,0.809790
comb_DJI_20260317092412_0006_V_10870tele.JPG,bci50haplot,long_tail,cordia alliodora,0.462780
comb_DJI_20260317092452_0008_V_5202tele.JPG,bci50haplot,long_tail,omphalea diandra,0.301050
comb_DJI_20260317092529_0010_V_5181tele.JPG,bci50haplot,long_tail,celtis iguanaea,0.228860
comb_DJI_20260317092558_0012_V_5327tele.JPG,bci50haplot,can_wait,prioria copaifera,0.940860
comb_DJI_20260317092633_0014_V_5220tele.JPG,bci50haplot,normal,trattinnickia aspera,0.510200
comb_DJI_20260317092711_0016_V_5196tele.JPG,bci50haplot,long_tail,fridericia patellifera,0.094540
comb_DJI_20260317092744_0018_V_5212tele.JPG,bci50haplot,normal,fridericia candicans,0.043460
comb_DJI_20260317092819_0020_V_5260tele.JPG,bci50haplot,normal,cecropia insignis,0.776560
comb_DJI_20260317092850_0022_V_5197tele.JPG,bci50haplot,long_tail,cordia alliodora,0.967190
comb_DJI_20260317092921_0024_V_5100tele.JPG,bci50haplot,normal,simarouba amara,0.699600
comb_DJI_20260317092951_0026_V_5815tele.JPG,bci50haplot,long_tail,pristimera celastroides,0.026570
comb_DJI_20260317093029_0028_V_5910tele.JPG,bci50haplot,long_tail,paullinia fuscescens,0.062410
comb_DJI_20260317093105_0030_V_5185tele.JPG,bci50haplot,long_tail,beilschmiedia tovarensis,0.596270
comb_DJI_20260317093140_0032_V_5301tele.JPG,bci50haplot,long_tail,dalbergia ecastaphyllum,0.015170
comb_DJI_20260317093215_0034_V_5183tele.JPG,bci50haplot,long_tail,amphilophium crucigerum,0.178790
comb_DJI_20260317093256_0036_V_5919tele.JPG,bci50haplot,long_tail,persea caerulea,0.038720
comb_DJI_20260317093336_0038_V_5985tele.JPG,bci50haplot,long_tail,beilschmiedia tovarensis,0.385820
comb_DJI_20260317093409_0040_V_6006tele.JPG,bci50haplot,low_conf_known,trattinnickia aspera,0.004560
comb_DJI_20260317093435_0042_V_5992tele.JPG,bci50haplot,long_tail,moquilea platypus,0.002940
comb_DJI_20260317093506_0044_V_5918tele.JPG,bci50haplot,can_wait,jacaranda copaia,0.849130
comb_DJI_20260317093538_0046_V_5982tele.JPG,bci50haplot,long_tail,peritassa laevigata,0.106770
comb_DJI_20260317093615_0048_V_6015tele.JPG,bci50haplot,normal,protium stevensonii,0.265470
comb_DJI_20260317093648_0050_V_5913tele.JPG,bci50haplot,long_tail,virola sebifera,0.147050
comb_DJI_20260317094735_0001_V_5965tele.JPG,bci50haplot,normal,hippocratea volubilis,0.655230
comb_DJI_20260317094813_0003_V_6471tele.JPG,bci50haplot,long_tail,quararibea asterolepis,0.049770
comb_DJI_20260317094849_0005_V_6484tele.JPG,bci50haplot,normal,senegalia hayesii,0.344260
comb_DJI_20260317094923_0007_V_7162tele.JPG,bci50haplot,normal,senegalia hayesii,0.583390
comb_DJI_20260317094959_0009_V_7148tele.JPG,bci50haplot,normal,serjania circumvallata,0.131470
comb_DJI_20260317095037_0011_V_6479tele.JPG,bci50haplot,normal,simarouba amara,0.201990
comb_DJI_20260317095116_0013_V_5820tele.JPG,bci50haplot,normal,brosimum alicastrum,0.263890
comb_DJI_20260317095153_0015_V_5908tele.JPG,bci50haplot,normal,protium stevensonii,0.402250
comb_DJI_20260317095228_0017_V_5929tele.JPG,bci50haplot,long_tail,tontelea passiflora,0.108470
comb_DJI_20260317095302_0019_V_5914tele.JPG,bci50haplot,long_tail,inga thibaudiana,0.155950
comb_DJI_20260317095335_0021_V_5885tele.JPG,bci50haplot,normal,pouteria stipitata,0.593710
comb_DJI_20260317095406_0023_V_5199tele.JPG,bci50haplot,long_tail,drypetes lateriflora,0.015290
comb_DJI_20260317095433_0025_V_5819tele.JPG,bci50haplot,normal,trattinnickia aspera,0.620240
comb_DJI_20260317095503_0027_V_5889tele.JPG,bci50haplot,long_tail,spondias mombin,0.123680
comb_DJI_20260317095539_0029_V_5206tele.JPG,bci50haplot,long_tail,beilschmiedia tovarensis,0.025580
comb_DJI_20260317095612_0031_V_5182tele.JPG,bci50haplot,low_conf_known,hieronyma alchorneoides,0.007490
comb_DJI_20260317095645_0033_V_5102tele.JPG,bci50haplot,long_tail,guarea guidonia,0.117300
comb_DJI_20260317095715_0035_V_5896tele.JPG,bci50haplot,normal,alseis blackiana,0.753480
comb_DJI_20260317095751_0037_V_5096tele.JPG,bci50haplot,low_conf_known,hieronyma alchorneoides,0.142970
comb_DJI_20260317095828_0039_V_5149tele.JPG,bci50haplot,long_tail,trema micranthum,0.276530
comb_DJI_20260317095906_0041_V_5113tele.JPG,bci50haplot,long_tail,tabernaemontana arborea,0.517670
comb_DJI_20260317095942_0043_V_5117tele.JPG,bci50haplot,long_tail,amphilophium paniculatum,0.881740
comb_DJI_20260317100018_0045_V_5261tele.JPG,bci50haplot,normal,terminalia oblonga,0.232290
comb_DJI_20260317100054_0047_V_5201tele.JPG,bci50haplot,normal,zanthoxylum ekmanii,0.616190
comb_DJI_20260317100128_0049_V_10814tele.JPG,bci50haplot,long_tail,cordia alliodora,0.127880
comb_DJI_20260317100200_0051_V_10809tele.JPG,bci50haplot,normal,serjania circumvallata,0.029510
comb_DJI_20260317100230_0053_V_5097tele.JPG,bci50haplot,normal,spondias radlkoferi,0.465030
comb_DJI_20260317101409_0001_V_5107tele.JPG,bci50haplot,long_tail,amphilophium paniculatum,0.632410
comb_DJI_20260317101447_0003_V_11284tele.JPG,bci50haplot,low_conf_known,hieronyma alchorneoides,0.220960
comb_DJI_20260317101519_0005_V_5681tele.JPG,bci50haplot,long_tail,omphalea diandra,0.246190
comb_DJI_20260317101551_0007_V_5670tele.JPG,bci50haplot,normal,pouteria stipitata,0.163570
comb_DJI_20260317101618_0009_V_5139tele.JPG,bci50haplot,long_tail,amphilophium paniculatum,0.330980
comb_DJI_20260317101653_0011_V_11267tele.JPG,bci50haplot,long_tail,fridericia patellifera,0.087300
comb_DJI_20260317101725_0013_V_11262tele.JPG,bci50haplot,long_tail,ardisia palmana,0.001340
comb_DJI_20260317101800_0015_V_5657tele.JPG,bci50haplot,long_tail,dalbergia ecastaphyllum,0.104840
comb_DJI_20260317101834_0017_V_5676tele.JPG,bci50haplot,long_tail,pseudobombax septenatum,0.087910
comb_DJI_20260318092441_0001_V_70tele.JPG,bcifairchild,long_tail,aspidosperma megalocarpon,0.004130
comb_DJI_20260318092508_0003_V_71tele.JPG,bcifairchild,can_wait,anacardium excelsum,0.944130
comb_DJI_20260318092542_0005_V_75tele.JPG,bcifairchild,normal,protium stevensonii,0.351000
comb_DJI_20260318092610_0007_V_7351tele.JPG,bcifairchild,low_conf_known,dipteryx oleifera,0.143970
comb_DJI_20260318092638_0009_V_40tele.JPG,bcifairchild,normal,handroanthus guayacan,0.637510
comb_DJI_20260318092710_0011_V_7401tele.JPG,bcifairchild,can_wait,hieronyma alchorneoides,0.924030
comb_DJI_20260318092740_0013_V_7329tele.JPG,bcifairchild,can_wait,anacardium excelsum,0.961140
comb_DJI_20260318092812_0015_V_565tele.JPG,bcifairchild,long_tail,pseudobombax septenatum,0.090420
comb_DJI_20260318092838_0017_V_7341tele.JPG,bcifairchild,long_tail,entada polystachya,0.070770
comb_DJI_20260318092911_0019_V_7335tele.JPG,bcifairchild,low_conf_known,jacaranda copaia,0.144740
comb_DJI_20260318092949_0021_V_572tele.JPG,bcifairchild,long_tail,fridericia patellifera,0.433750
comb_DJI_20260318093019_0023_V_7282tele.JPG,bcifairchild,long_tail,entada polystachya,0.062300
comb_DJI_20260318093050_0025_V_7252tele.JPG,bcifairchild,can_wait,astronium graveolens,0.825030
comb_DJI_20260318093119_0027_V_536tele.JPG,bcifairchild,normal,platypodium elegans,0.109530
comb_DJI_20260318093148_0029_V_484tele.JPG,bcifairchild,low_conf_known,handroanthus guayacan,0.496480
comb_DJI_20260318093222_0031_V_492tele.JPG,bcifairchild,long_tail,andira inermis,0.067230
comb_DJI_20260318093255_0033_V_511tele.JPG,bcifairchild,can_wait,anacardium excelsum,0.972730
comb_DJI_20260318093329_0035_V_488tele.JPG,bcifairchild,normal,apeiba membranacea,0.572650
comb_DJI_20260318093357_0037_V_489tele.JPG,bcifairchild,low_conf_known,jacaranda copaia,0.025450
comb_DJI_20260318093429_0039_V_455tele.JPG,bcifairchild,normal,terminalia amazonia,0.045700
comb_DJI_20260318093502_0041_V_454tele.JPG,bcifairchild,low_conf_known,jacaranda copaia,0.178360
comb_DJI_20260318093536_0043_V_450tele.JPG,bcifairchild,normal,apeiba membranacea,0.499180
comb_DJI_20260318093608_0045_V_466tele.JPG,bcifairchild,can_wait,dipteryx oleifera,0.854540
comb_DJI_20260318093644_0047_V_452tele.JPG,bcifairchild,normal,spondias radlkoferi,0.158990
comb_DJI_20260318093717_0049_V_940tele.JPG,bcifairchild,normal,calophyllum longifolium,0.410400
comb_DJI_20260318093744_0051_V_956tele.JPG,bcifairchild,can_wait,calophyllum longifolium,0.921410
comb_DJI_20260318093817_0053_V_945tele.JPG,bcifairchild,normal,anacardium excelsum,0.753580
comb_DJI_20260318093846_0055_V_878tele.JPG,bcifairchild,long_tail,pseudobombax septenatum,0.532110
comb_DJI_20260318093918_0057_V_936tele.JPG,bcifairchild,normal,handroanthus guayacan,0.550420
comb_DJI_20260318093953_0059_V_888tele.JPG,bcifairchild,normal,hieronyma alchorneoides,0.714080
comb_DJI_20260318094025_0061_V_877tele.JPG,bcifairchild,low_conf_known,handroanthus guayacan,0.179030
comb_DJI_20260318094053_0063_V_892tele.JPG,bcifairchild,low_conf_known,dipteryx oleifera,0.272710
comb_DJI_20260318094125_0065_V_1648tele.JPG,bcifairchild,normal,handroanthus guayacan,0.597920
comb_DJI_20260318094202_0067_V_1678tele.JPG,bcifairchild,normal,fridericia candicans,0.719040
comb_DJI_20260318094803_0001_V_998tele.JPG,bcifairchild,normal,platypodium elegans,0.311220
comb_DJI_20260318094837_0003_V_996tele.JPG,bcifairchild,can_wait,anacardium excelsum,0.984870
comb_DJI_20260318094907_0005_V_943tele.JPG,bcifairchild,can_wait,hieronyma alchorneoides,0.976720
comb_DJI_20260318094937_0007_V_932tele.JPG,bcifairchild,long_tail,virola koschnyi,0.001330
comb_DJI_20260318095006_0009_V_994tele.JPG,bcifairchild,normal,simarouba amara,0.076410
comb_DJI_20260318095036_0011_V_485tele.JPG,bcifairchild,long_tail,trichilia tuberculata,0.116350
comb_DJI_20260318095105_0013_V_487tele.JPG,bcifairchild,long_tail,diphysa americana,0.169010
comb_DJI_20260318095135_0015_V_1048tele.JPG,bcifairchild,can_wait,astronium graveolens,0.902440
comb_DJI_20260318095205_0017_V_494tele.JPG,bcifairchild,can_wait,hippocratea volubilis,0.818160
comb_DJI_20260318095237_0019_V_1012tele.JPG,bcifairchild,long_tail,omphalea diandra,0.069110
comb_DJI_20260318095309_0021_V_995tele.JPG,bcifairchild,long_tail,entada polystachya,0.623680
comb_DJI_20260318095343_0023_V_1742tele.JPG,bcifairchild,can_wait,chrysophyllum cainito,0.848310
comb_DJI_20260318095415_0025_V_1001tele.JPG,bcifairchild,can_wait,jacaranda copaia,0.955490
comb_DJI_20260318095446_0027_V_1755tele.JPG,bcifairchild,low_conf_known,trattinnickia aspera,0.154960
comb_DJI_20260318095516_0029_V_1762tele.JPG,bcifairchild,long_tail,ligustrum sinense,0.044970
comb_DJI_20260318095546_0031_V_1687tele.JPG,bcifairchild,can_wait,anacardium excelsum,0.877560
comb_DJI_20260318095613_0033_V_1671tele.JPG,bcifairchild,normal,hippocratea volubilis,0.713710
comb_DJI_20260318095639_0035_V_1674tele.JPG,bcifairchild,long_tail,castilla elastica,0.042510
comb_DJI_20260318095712_0037_V_2565tele.JPG,bcifairchild,can_wait,luehea seemannii,0.963850
comb_DJI_20260318095746_0039_V_1654tele.JPG,bcifairchild,normal,hippocratea volubilis,0.525410
comb_DJI_20260318095817_0041_V_2526tele.JPG,bcifairchild,normal,dipteryx oleifera,0.681580
comb_DJI_20260318095849_0043_V_2490tele.JPG,bcifairchild,normal,anacardium excelsum,0.638330
comb_DJI_20260318095919_0045_V_3449tele.JPG,bcifairchild,can_wait,hieronyma alchorneoides,0.845000
comb_DJI_20260318095953_0047_V_2498tele.JPG,bcifairchild,can_wait,hieronyma alchorneoides,0.872390
comb_DJI_20260318100018_0049_V_2513tele.JPG,bcifairchild,can_wait,ceiba pentandra,0.829480
comb_DJI_20260318100049_0051_V_2495tele.JPG,bcifairchild,can_wait,ocotea leptobotra,0.896260
comb_DJI_20260318100118_0053_V_2489tele.JPG,bcifairchild,normal,platypodium elegans,0.002400
comb_DJI_20260318100154_0055_V_1625tele.JPG,bcifairchild,can_wait,hieronyma alchorneoides,0.882620
comb_DJI_20260318100228_0057_V_1646tele.JPG,bcifairchild,can_wait,hieronyma alchorneoides,0.852740
comb_DJI_20260318100257_0059_V_1647tele.JPG,bcifairchild,long_tail,pseudobombax septenatum,0.685610
comb_DJI_20260318100332_0061_V_853tele.JPG,bcifairchild,normal,anacardium excelsum,0.769380
comb_DJI_20260318100404_0063_V_846tele.JPG,bcifairchild,long_tail,bursera graveolens,0.237390
comb_DJI_20260318100433_0065_V_1601tele.JPG,bcifairchild,long_tail,ardisia palmana,0.002430
comb_DJI_20260318100505_0067_V_859tele.JPG,bcifairchild,can_wait,luehea seemannii,0.909240
comb_DJI_20260318100544_0069_V_1570tele.JPG,bcifairchild,can_wait,anacardium excelsum,0.946130
comb_DJI_20260318101233_0001_V_2021tele.JPG,bcifairchild,normal,pouteria stipitata,0.126040
comb_DJI_20260318101311_0003_V_2831tele.JPG,bcifairchild,long_tail,lonchocarpus heptaphyllus,0.082870
comb_DJI_20260318101351_0005_V_2419tele.JPG,bcifairchild,can_wait,anacardium excelsum,0.851760
comb_DJI_20260318101424_0007_V_2410tele.JPG,bcifairchild,normal,ceiba pentandra,0.712090
comb_DJI_20260318101455_0009_V_2450tele.JPG,bcifairchild,normal,calophyllum longifolium,0.742570
comb_DJI_20260318101527_0011_V_2408tele.JPG,bcifairchild,can_wait,spondias radlkoferi,0.817000
comb_DJI_20260318101604_0013_V_1621tele.JPG,bcifairchild,can_wait,anacardium excelsum,0.950380
comb_DJI_20260318101642_0015_V_2467tele.JPG,bcifairchild,can_wait,hieronyma alchorneoides,0.917760
comb_DJI_20260318101745_0019_V_2452tele.JPG,bcifairchild,can_wait,hieronyma alchorneoides,0.936440
comb_DJI_20260318101818_0021_V_3451tele.JPG,bcifairchild,can_wait,luehea seemannii,0.915930
comb_DJI_20260318101854_0023_V_2493tele.JPG,bcifairchild,can_wait,hieronyma alchorneoides,0.967090
comb_DJI_20260318101927_0025_V_2500tele.JPG,bcifairchild,can_wait,hieronyma alchorneoides,0.929050
comb_DJI_20260318102000_0027_V_3452tele.JPG,bcifairchild,can_wait,dipteryx oleifera,0.922320
comb_DJI_20260318102034_0029_V_3453tele.JPG,bcifairchild,can_wait,dipteryx oleifera,0.956680
comb_DJI_20260318102106_0031_V_3457tele.JPG,bcifairchild,long_tail,spondias mombin,0.122230
comb_DJI_20260318102138_0033_V_3509tele.JPG,bcifairchild,long_tail,fridericia schumanniana,0.045060
comb_DJI_20260318102211_0035_V_4429tele.JPG,bcifairchild,normal,sterculia apetala,0.708420
comb_DJI_20260318102244_0037_V_4469tele.JPG,bcifairchild,low_conf_known,dipteryx oleifera,0.422040
comb_DJI_20260318102312_0039_V_4438tele.JPG,bcifairchild,can_wait,dipteryx oleifera,0.937420
comb_DJI_20260318102348_0041_V_4473tele.JPG,bcifairchild,normal,uncaria tomentosa,0.206810
comb_DJI_20260318102418_0043_V_4423tele.JPG,bcifairchild,long_tail,nectandra lineata,0.729990
comb_DJI_20260318102444_0045_V_4424tele.JPG,bcifairchild,low_conf_known,handroanthus guayacan,0.229340
comb_DJI_20260318102513_0047_V_3448tele.JPG,bcifairchild,long_tail,vatairea erythrocarpa,0.220050
comb_DJI_20260318102548_0049_V_4357tele.JPG,bcifairchild,normal,hippocratea volubilis,0.386180
comb_DJI_20260318102621_0051_V_4448tele.JPG,bcifairchild,can_wait,anacardium excelsum,0.941660
comb_DJI_20260318102653_0053_V_4449tele.JPG,bcifairchild,long_tail,pseudobombax septenatum,0.763410
comb_DJI_20260318102728_0055_V_4352tele.JPG,bcifairchild,long_tail,aiouea montana,0.713510
comb_DJI_20260318102801_0057_V_4430tele.JPG,bcifairchild,long_tail,cnidoscolus megacanthus,0.090560
comb_DJI_20260318102834_0059_V_5271tele.JPG,bcifairchild,normal,luehea seemannii,0.431870
comb_DJI_20260318102907_0061_V_4431tele.JPG,bcifairchild,normal,hippocratea volubilis,0.135540
comb_DJI_20260318102939_0063_V_4426tele.JPG,bcifairchild,can_wait,anacardium excelsum,0.893710
comb_DJI_20260318103010_0065_V_4455tele.JPG,bcifairchild,can_wait,platypodium elegans,0.945400
comb_DJI_20260318103048_0067_V_5356tele.JPG,bcifairchild,can_wait,hieronyma alchorneoides,0.975840
comb_DJI_20260318103610_0001_V_5324tele.JPG,bcifairchild,long_tail,cordia alliodora,0.118260
comb_DJI_20260318103643_0003_V_5318tele.JPG,bcifairchild,long_tail,lysiloma latisiliquum,0.248850
comb_DJI_20260318103720_0005_V_5374tele.JPG,bcifairchild,can_wait,uncaria tomentosa,0.946260
comb_DJI_20260318103754_0007_V_6103tele.JPG,bcifairchild,can_wait,anacardium excelsum,0.930500
comb_DJI_20260318103855_0011_V_6104tele.JPG,bcifairchild,normal,luehea seemannii,0.028620
comb_DJI_20260318103929_0013_V_6128tele.JPG,bcifairchild,normal,dipteryx oleifera,0.745130
comb_DJI_20260318104023_0015_V_6767tele.JPG,bcifairchild,can_wait,fridericia candicans,0.908130
comb_DJI_20260318104053_0017_V_6857tele.JPG,bcifairchild,long_tail,lafoensia punicifolia,0.054560
comb_DJI_20260318104127_0019_V_6868tele.JPG,bcifairchild,normal,anacardium excelsum,0.691150
comb_DJI_20260318104155_0021_V_6846tele.JPG,bcifairchild,normal,uncaria tomentosa,0.511240
comb_DJI_20260318104227_0023_V_6904tele.JPG,bcifairchild,normal,uncaria tomentosa,0.092120
comb_DJI_20260318104257_0025_V_6169tele.JPG,bcifairchild,low_conf_known,handroanthus guayacan,0.389330
comb_DJI_20260318104328_0027_V_6178tele.JPG,bcifairchild,normal,fridericia candicans,0.695150
comb_DJI_20260318104401_0029_V_6165tele.JPG,bcifairchild,normal,handroanthus guayacan,0.611450
comb_DJI_20260318104437_0031_V_5393tele.JPG,bcifairchild,long_tail,pseudobombax septenatum,0.034950
comb_DJI_20260318104512_0033_V_6210tele.JPG,bcifairchild,normal,tabebuia rosea,0.358010
comb_DJI_20260318104544_0035_V_6244tele.JPG,bcifairchild,normal,calophyllum longifolium,0.026790
comb_DJI_20260318104619_0037_V_6215tele.JPG,bcifairchild,normal,uncaria tomentosa,0.045500
comb_DJI_20260318104655_0039_V_6209tele.JPG,bcifairchild,low_conf_known,trattinnickia aspera,0.121880
comb_DJI_20260318104733_0041_V_5390tele.JPG,bcifairchild,long_tail,brassavola nodosa,0.070500
comb_DJI_20260318104803_0043_V_5401tele.JPG,bcifairchild,long_tail,vatairea erythrocarpa,0.293040
comb_DJI_20260318104840_0045_V_4534tele.JPG,bcifairchild,can_wait,dipteryx oleifera,0.890620
comb_DJI_20260318104915_0047_V_4600tele.JPG,bcifairchild,can_wait,anacardium excelsum,0.853010
comb_DJI_20260318104948_0049_V_5453tele.JPG,bcifairchild,can_wait,luehea seemannii,0.951870
comb_DJI_20260318105021_0051_V_5484tele.JPG,bcifairchild,long_tail,erythrina poeppigiana,0.029740
comb_DJI_20260318105057_0053_V_4646tele.JPG,bcifairchild,can_wait,hieronyma alchorneoides,0.961200
comb_DJI_20260318105131_0055_V_5452tele.JPG,bcifairchild,long_tail,telmatoblechnum serrulatum,0.007900
comb_DJI_20260318105207_0057_V_5482tele.JPG,bcifairchild,normal,dipteryx oleifera,0.682790
comb_DJI_20260318105236_0059_V_5492tele.JPG,bcifairchild,normal,hippocratea volubilis,0.238550
comb_DJI_20260318105308_0061_V_5497tele.JPG,bcifairchild,normal,terminalia amazonia,0.737160
comb_DJI_20260318105341_0063_V_5549tele.JPG,bcifairchild,low_conf_known,astronium graveolens,0.203900
comb_DJI_20260318105416_0065_V_5494tele.JPG,bcifairchild,long_tail,tynanthus croatianus,0.144450
comb_DJI_20260320100917_0001_V_4694tele.JPG,bcifairchild,can_wait,anacardium excelsum,0.919580
comb_DJI_20260320100948_0003_V_4697tele.JPG,bcifairchild,can_wait,anacardium excelsum,0.891950
comb_DJI_20260320101018_0005_V_5565tele.JPG,bcifairchild,can_wait,anacardium excelsum,0.905750
comb_DJI_20260320101047_0007_V_5564tele.JPG,bcifairchild,can_wait,anacardium excelsum,0.951600
comb_DJI_20260320101116_0009_V_5542tele.JPG,bcifairchild,normal,spondias radlkoferi,0.015400
comb_DJI_20260320101146_0011_V_4677tele.JPG,bcifairchild,normal,chrysophyllum cainito,0.742370
comb_DJI_20260320101215_0013_V_5538tele.JPG,bcifairchild,normal,chrysophyllum cainito,0.720660
comb_DJI_20260320101249_0015_V_4835tele.JPG,bcifairchild,can_wait,anacardium excelsum,0.943680
comb_DJI_20260320101321_0017_V_4778tele.JPG,bcifairchild,normal,spondias radlkoferi,0.056090
comb_DJI_20260320101353_0019_V_4822tele.JPG,bcifairchild,can_wait,brosimum alicastrum,0.934860
comb_DJI_20260320101420_0021_V_4804tele.JPG,bcifairchild,normal,pouteria stipitata,0.726140
comb_DJI_20260320101451_0023_V_4830tele.JPG,bcifairchild,can_wait,brosimum alicastrum,0.925550
comb_DJI_20260320101527_0025_V_3931tele.JPG,bcifairchild,can_wait,anacardium excelsum,0.924790
comb_DJI_20260320101600_0027_V_4775tele.JPG,bcifairchild,long_tail,passovia pedunculata,0.020690
comb_DJI_20260320101628_0029_V_3918tele.JPG,bcifairchild,can_wait,dipteryx oleifera,0.954140
comb_DJI_20260320101701_0031_V_3763tele.JPG,bcifairchild,long_tail,tontelea passiflora,0.451820
comb_DJI_20260320101736_0033_V_4698tele.JPG,bcifairchild,can_wait,anacardium excelsum,0.935890
comb_DJI_20260320101808_0035_V_4684tele.JPG,bcifairchild,can_wait,ceiba pentandra,0.882350
comb_DJI_20260320101840_0037_V_4691tele.JPG,bcifairchild,normal,spondias radlkoferi,0.077910
comb_DJI_20260320101914_0039_V_4678tele.JPG,bcifairchild,long_tail,aiouea montana,0.204170
comb_DJI_20260320101952_0041_V_4676tele.JPG,bcifairchild,can_wait,ochroma pyramidale,0.857830
comb_DJI_20260320102023_0043_V_3823tele.JPG,bcifairchild,normal,hippocratea volubilis,0.157330
comb_DJI_20260320102053_0045_V_2759tele.JPG,bcifairchild,normal,hippocratea volubilis,0.506510
comb_DJI_20260320102125_0047_V_3687tele.JPG,bcifairchild,long_tail,pseudobombax septenatum,0.990420
comb_DJI_20260320102159_0049_V_3698tele.JPG,bcifairchild,can_wait,uncaria tomentosa,0.837220
comb_DJI_20260320102232_0051_V_3753tele.JPG,bcifairchild,normal,uncaria tomentosa,0.796010
comb_DJI_20260320102716_0001_V_4705tele.JPG,bcifairchild,can_wait,anacardium excelsum,0.976110
comb_DJI_20260320102750_0003_V_4682tele.JPG,bcifairchild,can_wait,anacardium excelsum,0.963490
comb_DJI_20260320102820_0005_V_3722tele.JPG,bcifairchild,can_wait,anacardium excelsum,0.959430
comb_DJI_20260320102853_0007_V_4624tele.JPG,bcifairchild,can_wait,anacardium excelsum,0.881940
comb_DJI_20260320102921_0009_V_4637tele.JPG,bcifairchild,can_wait,anacardium excelsum,0.820820
comb_DJI_20260320102950_0011_V_5483tele.JPG,bcifairchild,normal,anacardium excelsum,0.724300
comb_DJI_20260320103012_0013_V_4612tele.JPG,bcifairchild,low_conf_known,chrysophyllum cainito,0.076730
comb_DJI_20260320103039_0015_V_4635tele.JPG,bcifairchild,can_wait,hieronyma alchorneoides,0.922130
comb_DJI_20260320103110_0017_V_4617tele.JPG,bcifairchild,can_wait,anacardium excelsum,0.818080
comb_DJI_20260320103140_0019_V_3688tele.JPG,bcifairchild,can_wait,dipteryx oleifera,0.818770
comb_DJI_20260320103208_0021_V_3735tele.JPG,bcifairchild,can_wait,hieronyma alchorneoides,0.820090
comb_DJI_20260320103241_0023_V_4613tele.JPG,bcifairchild,can_wait,anacardium excelsum,0.873470
comb_DJI_20260320103308_0025_V_4638tele.JPG,bcifairchild,normal,terminalia amazonia,0.724450
comb_DJI_20260320103339_0027_V_4661tele.JPG,bcifairchild,normal,anacardium excelsum,0.610260
comb_DJI_20260320103409_0029_V_4579tele.JPG,bcifairchild,can_wait,anacardium excelsum,0.867400
comb_DJI_20260320103440_0031_V_5451tele.JPG,bcifairchild,can_wait,dipteryx oleifera,0.927700
comb_DJI_20260320103514_0033_V_4580tele.JPG,bcifairchild,low_conf_known,anacardium excelsum,0.262670
comb_DJI_20260320103549_0035_V_4590tele.JPG,bcifairchild,can_wait,anacardium excelsum,0.865630
comb_DJI_20260320103625_0037_V_3565tele.JPG,bcifairchild,low_conf_known,anacardium excelsum,0.417930
comb_DJI_20260320103655_0039_V_4541tele.JPG,bcifairchild,can_wait,anacardium excelsum,0.882270
comb_DJI_20260320103727_0041_V_4578tele.JPG,bcifairchild,can_wait,hieronyma alchorneoides,0.918780
comb_DJI_20260320103801_0043_V_4574tele.JPG,bcifairchild,can_wait,terminalia amazonia,0.989520
comb_DJI_20260320103835_0045_V_4582tele.JPG,bcifairchild,normal,dipteryx oleifera,0.734900
comb_DJI_20260320103909_0047_V_3720tele.JPG,bcifairchild,can_wait,hieronyma alchorneoides,0.812660
comb_DJI_20260320103958_0049_V_3703tele.JPG,bcifairchild,long_tail,pouteria glomerata,0.130540
comb_DJI_20260320104031_0051_V_3739tele.JPG,bcifairchild,normal,uncaria tomentosa,0.553960
comb_DJI_20260320104105_0053_V_3635tele.JPG,bcifairchild,can_wait,hippocratea volubilis,0.838820
comb_DJI_20260320104206_0057_V_2680tele.JPG,bcifairchild,normal,dipteryx oleifera,0.788450
comb_DJI_20260320104238_0059_V_2755tele.JPG,bcifairchild,normal,tabebuia rosea,0.040760
comb_DJI_20260320104307_0061_V_3689tele.JPG,bcifairchild,can_wait,hieronyma alchorneoides,0.872010
comb_DJI_20260320104341_0063_V_2700tele.JPG,bcifairchild,low_conf_known,trattinnickia aspera,0.001230
comb_DJI_20260320104411_0065_V_2752tele.JPG,bcifairchild,can_wait,anacardium excelsum,0.845140
comb_DJI_20260320104443_0067_V_2753tele.JPG,bcifairchild,can_wait,ceiba pentandra,0.847300
comb_DJI_20260320104515_0069_V_2776tele.JPG,bcifairchild,can_wait,anacardium excelsum,0.946630
comb_DJI_20260320104549_0071_V_2819tele.JPG,bcifairchild,can_wait,hippocratea volubilis,0.957450
comb_DJI_20260320104617_0073_V_2795tele.JPG,bcifairchild,can_wait,jacaranda copaia,0.929120
comb_DJI_20260320105108_0001_V_2928tele.JPG,bcifairchild,low_conf_known,anacardium excelsum,0.480640
comb_DJI_20260320105134_0003_V_2033tele.JPG,bcifairchild,low_conf_known,handroanthus guayacan,0.317430
comb_DJI_20260320105206_0005_V_2915tele.JPG,bcifairchild,long_tail,pristimera celastroides,0.189570
comb_DJI_20260320105239_0007_V_2913tele.JPG,bcifairchild,low_conf_known,anacardium excelsum,0.273890
comb_DJI_20260320105310_0009_V_2917tele.JPG,bcifairchild,low_conf_known,hura crepitans,0.182020
comb_DJI_20260320105343_0011_V_2904tele.JPG,bcifairchild,long_tail,pseudobombax septenatum,0.095270
comb_DJI_20260320105422_0013_V_3925tele.JPG,bcifairchild,can_wait,anacardium excelsum,0.901010
comb_DJI_20260320105449_0015_V_2801tele.JPG,bcifairchild,low_conf_known,jacaranda copaia,0.262230
comb_DJI_20260320105525_0017_V_3808tele.JPG,bcifairchild,can_wait,hippocratea volubilis,0.823440
comb_DJI_20260320105558_0019_V_3760tele.JPG,bcifairchild,normal,spondias radlkoferi,0.141350
comb_DJI_20260320105633_0021_V_3947tele.JPG,bcifairchild,long_tail,gustavia superba,0.546550
comb_DJI_20260320105709_0023_V_3949tele.JPG,bcifairchild,normal,protium stevensonii,0.136110
comb_DJI_20260320105742_0025_V_2973tele.JPG,bcifairchild,long_tail,sterculia tragacantha,0.053840
comb_DJI_20260320105816_0027_V_2902tele.JPG,bcifairchild,low_conf_known,handroanthus guayacan,0.453380
comb_DJI_20260320105850_0029_V_2100tele.JPG,bcifairchild,can_wait,hippocratea volubilis,0.918390
comb_DJI_20260320105924_0031_V_2062tele.JPG,bcifairchild,long_tail,haematoxylum campechianum,0.031850
comb_DJI_20260320105958_0033_V_2039tele.JPG,bcifairchild,normal,protium stevensonii,0.201940
comb_DJI_20260320110032_0035_V_1912tele.JPG,bcifairchild,long_tail,tapirira guianensis,0.309660
comb_DJI_20260320110102_0037_V_2794tele.JPG,bcifairchild,can_wait,trattinnickia aspera,0.851140
comb_DJI_20260320110136_0039_V_1088tele.JPG,bcifairchild,long_tail,combretum fruticosum,0.011580
comb_DJI_20260320110205_0041_V_1073tele.JPG,bcifairchild,normal,ocotea leptobotra,0.578800
comb_DJI_20260320110237_0043_V_1935tele.JPG,bcifairchild,normal,davilla nitida,0.695520
comb_DJI_20260320110307_0045_V_1026tele.JPG,bcifairchild,normal,handroanthus guayacan,0.729310
comb_DJI_20260320110336_0047_V_1061tele.JPG,bcifairchild,normal,hippocratea volubilis,0.348140
comb_DJI_20260320110406_0049_V_1801tele.JPG,bcifairchild,normal,hieronyma alchorneoides,0.739890
comb_DJI_20260320110438_0051_V_1804tele.JPG,bcifairchild,normal,spondias radlkoferi,0.292720
comb_DJI_20260320110513_0053_V_1796tele.JPG,bcifairchild,normal,sterculia apetala,0.692560
comb_DJI_20260320110540_0055_V_1738tele.JPG,bcifairchild,long_tail,heteropterys intermedia,0.064060
comb_DJI_20260320110606_0057_V_1731tele.JPG,bcifairchild,long_tail,cabralea canjerana,0.007070
comb_DJI_20260320110635_0059_V_2612tele.JPG,bcifairchild,normal,calophyllum longifolium,0.753390
comb_DJI_20260320110707_0061_V_1805tele.JPG,bcifairchild,long_tail,cryptostegia grandiflora,0.012740
comb_DJI_20260320110737_0063_V_1794tele.JPG,bcifairchild,normal,dipteryx oleifera,0.575540
comb_DJI_20260320110811_0065_V_1826tele.JPG,bcifairchild,normal,anacardium excelsum,0.726460
comb_DJI_20260320110845_0067_V_1795tele.JPG,bcifairchild,can_wait,anacardium excelsum,0.875200
comb_DJI_20260320110916_0069_V_1793tele.JPG,bcifairchild,normal,terminalia amazonia,0.330240
comb_DJI_20260320110946_0071_V_1803tele.JPG,bcifairchild,can_wait,calophyllum longifolium,0.838480
comb_DJI_20260320111529_0001_V_1845tele.JPG,bcifairchild,normal,dipteryx oleifera,0.534690
comb_DJI_20260320111559_0003_V_1884tele.JPG,bcifairchild,long_tail,moquilea platypus,0.014880
comb_DJI_20260320111627_0005_V_1835tele.JPG,bcifairchild,low_conf_known,dipteryx oleifera,0.212350
comb_DJI_20260320111659_0007_V_1836tele.JPG,bcifairchild,low_conf_known,dipteryx oleifera,0.215800
comb_DJI_20260320111733_0009_V_1833tele.JPG,bcifairchild,normal,hippocratea volubilis,0.148470
comb_DJI_20260320111803_0011_V_2798tele.JPG,bcifairchild,normal,hippocratea volubilis,0.110600
comb_DJI_20260320111836_0013_V_1870tele.JPG,bcifairchild,low_conf_known,dipteryx oleifera,0.317700
comb_DJI_20260320111907_0015_V_1860tele.JPG,bcifairchild,low_conf_known,dipteryx oleifera,0.069850
comb_DJI_20260320111939_0017_V_1834tele.JPG,bcifairchild,long_tail,spondias mombin,0.027380
comb_DJI_20260320112010_0019_V_1838tele.JPG,bcifairchild,can_wait,brosimum alicastrum,0.845350
comb_DJI_20260320112043_0021_V_2677tele.JPG,bcifairchild,can_wait,terminalia amazonia,0.839820
comb_DJI_20260320112115_0023_V_2684tele.JPG,bcifairchild,normal,terminalia amazonia,0.041820
comb_DJI_20260320112145_0025_V_2685tele.JPG,bcifairchild,normal,hippocratea volubilis,0.056940
comb_DJI_20260320112217_0027_V_1799tele.JPG,bcifairchild,normal,brosimum alicastrum,0.475370
comb_DJI_20260320112254_0029_V_2715tele.JPG,bcifairchild,long_tail,entada polystachya,0.040160
comb_DJI_20260320112323_0031_V_2705tele.JPG,bcifairchild,normal,davilla nitida,0.244190
comb_DJI_20260322090450_0001_V_2613tele.JPG,bcifairchild,normal,hippocratea volubilis,0.029370
comb_DJI_20260322090520_0003_V_3637tele.JPG,bcifairchild,low_conf_known,anacardium excelsum,0.396280
comb_DJI_20260322090547_0005_V_3548tele.JPG,bcifairchild,low_conf_known,anacardium excelsum,0.101020
comb_DJI_20260322090615_0007_V_3546tele.JPG,bcifairchild,normal,dipteryx oleifera,0.651120
comb_DJI_20260322090644_0009_V_3544tele.JPG,bcifairchild,can_wait,hura crepitans,0.824420
comb_DJI_20260322090715_0011_V_4536tele.JPG,bcifairchild,long_tail,ziziphus mauritiana,0.122350
comb_DJI_20260322090742_0013_V_3602tele.JPG,bcifairchild,can_wait,anacardium excelsum,0.853480
comb_DJI_20260322090811_0015_V_4547tele.JPG,bcifairchild,normal,tabebuia rosea,0.058530
comb_DJI_20260322090840_0017_V_4538tele.JPG,bcifairchild,can_wait,anacardium excelsum,0.879400
comb_DJI_20260322090915_0019_V_4537tele.JPG,bcifairchild,can_wait,hura crepitans,0.909420
comb_DJI_20260322090946_0021_V_5418tele.JPG,bcifairchild,low_conf_known,dipteryx oleifera,0.114450
comb_DJI_20260322091015_0023_V_4535tele.JPG,bcifairchild,normal,hippocratea volubilis,0.128610
comb_DJI_20260322091047_0025_V_5436tele.JPG,bcifairchild,low_conf_known,anacardium excelsum,0.182230
comb_DJI_20260322091121_0027_V_4487tele.JPG,bcifairchild,low_conf_known,hieronyma alchorneoides,0.439690
comb_DJI_20260322091156_0029_V_5321tele.JPG,bcifairchild,normal,spondias radlkoferi,0.051280
comb_DJI_20260322091229_0031_V_4502tele.JPG,bcifairchild,normal,dipteryx oleifera,0.785760
comb_DJI_20260322091301_0033_V_4500tele.JPG,bcifairchild,normal,dipteryx oleifera,0.615680
comb_DJI_20260322091330_0035_V_4511tele.JPG,bcifairchild,long_tail,guapira myrtiflora,0.043330
comb_DJI_20260322091402_0037_V_4490tele.JPG,bcifairchild,normal,ceiba pentandra,0.598990
comb_DJI_20260322091437_0039_V_3504tele.JPG,bcifairchild,long_tail,pisonia aculeata,0.251400
comb_DJI_20260322091508_0041_V_4486tele.JPG,bcifairchild,normal,luehea seemannii,0.236250
comb_DJI_20260322091541_0043_V_3527tele.JPG,bcifairchild,normal,hippocratea volubilis,0.070260
comb_DJI_20260322091615_0045_V_3497tele.JPG,bcifairchild,low_conf_known,chrysophyllum cainito,0.067260
comb_DJI_20260322091647_0047_V_3495tele.JPG,bcifairchild,can_wait,dipteryx oleifera,0.953980
comb_DJI_20260322091722_0049_V_2539tele.JPG,bcifairchild,can_wait,hieronyma alchorneoides,0.892860
comb_DJI_20260322091757_0051_V_2559tele.JPG,bcifairchild,normal,hieronyma alchorneoides,0.616320
comb_DJI_20260322091830_0053_V_2537tele.JPG,bcifairchild,long_tail,trichilia tuberculata,0.014170
comb_DJI_20260322091906_0055_V_2567tele.JPG,bcifairchild,long_tail,heteropterys intermedia,0.039320
comb_DJI_20260322091940_0057_V_2639tele.JPG,bcifairchild,can_wait,anacardium excelsum,0.899720
comb_DJI_20260322092019_0059_V_2645tele.JPG,bcifairchild,can_wait,hieronyma alchorneoides,0.892870
comb_DJI_20260322092050_0061_V_2659tele.JPG,bcifairchild,can_wait,anacardium excelsum,0.856670
comb_DJI_20260322092121_0063_V_3549tele.JPG,bcifairchild,normal,hieronyma alchorneoides,0.719020
comb_DJI_20260322092150_0065_V_2635tele.JPG,bcifairchild,low_conf_known,hieronyma alchorneoides,0.248570
comb_DJI_20260322092219_0067_V_3553tele.JPG,bcifairchild,long_tail,fridericia patellifera,0.101030
comb_DJI_20260322092252_0069_V_2614tele.JPG,bcifairchild,long_tail,simarouba glauca,0.024000
comb_DJI_20260322092325_0071_V_2701tele.JPG,bcifairchild,low_conf_known,anacardium excelsum,0.081110
comb_DJI_20260322092848_0001_V_2678tele.JPG,bcifairchild,normal,dipteryx oleifera,0.728190
comb_DJI_20260322092920_0003_V_2722tele.JPG,bcifairchild,can_wait,anacardium excelsum,0.909770
comb_DJI_20260322092951_0005_V_1774tele.JPG,bcifairchild,can_wait,anacardium excelsum,0.862330
comb_DJI_20260322093021_0007_V_2634tele.JPG,bcifairchild,normal,anacardium excelsum,0.617370
comb_DJI_20260322093050_0009_V_1747tele.JPG,bcifairchild,normal,hieronyma alchorneoides,0.742570
comb_DJI_20260322093114_0011_V_1737tele.JPG,bcifairchild,can_wait,anacardium excelsum,0.971820
comb_DJI_20260322093144_0013_V_1751tele.JPG,bcifairchild,can_wait,anacardium excelsum,0.982430
comb_DJI_20260322093218_0015_V_1740tele.JPG,bcifairchild,normal,anacardium excelsum,0.507230
comb_DJI_20260322093251_0017_V_1785tele.JPG,bcifairchild,normal,anacardium excelsum,0.731130
comb_DJI_20260322093323_0019_V_1744tele.JPG,bcifairchild,low_conf_known,jacaranda copaia,0.046300
comb_DJI_20260322093353_0021_V_997tele.JPG,bcifairchild,low_conf_known,hieronyma alchorneoides,0.295520
comb_DJI_20260322093426_0023_V_1052tele.JPG,bcifairchild,can_wait,anacardium excelsum,0.894590
comb_DJI_20260322093453_0025_V_1032tele.JPG,bcifairchild,long_tail,tillandsia bulbosa,0.117810
comb_DJI_20260322093524_0027_V_546tele.JPG,bcifairchild,long_tail,duranta erecta,0.041110
comb_DJI_20260322093555_0029_V_527tele.JPG,bcifairchild,low_conf_known,jacaranda copaia,0.071060
comb_DJI_20260322093627_0031_V_483tele.JPG,bcifairchild,low_conf_known,anacardium excelsum,0.487310
comb_DJI_20260322093704_0033_V_543tele.JPG,bcifairchild,normal,luehea seemannii,0.086150
comb_DJI_20260322093733_0035_V_535tele.JPG,bcifairchild,low_conf_known,hieronyma alchorneoides,0.317160
comb_DJI_20260322093803_0037_V_529tele.JPG,bcifairchild,low_conf_known,hieronyma alchorneoides,0.490840
comb_DJI_20260322093832_0039_V_528tele.JPG,bcifairchild,can_wait,hieronyma alchorneoides,0.938130
comb_DJI_20260322093901_0041_V_1030tele.JPG,bcifairchild,normal,apeiba membranacea,0.285730
comb_DJI_20260322093932_0043_V_1091tele.JPG,bcifairchild,long_tail,omphalea diandra,0.296240
comb_DJI_20260322094009_0045_V_1078tele.JPG,bcifairchild,low_conf_known,dipteryx oleifera,0.401600
comb_DJI_20260322094040_0047_V_1075tele.JPG,bcifairchild,low_conf_known,dipteryx oleifera,0.335580
comb_DJI_20260322094111_0049_V_1840tele.JPG,bcifairchild,low_conf_known,dipteryx oleifera,0.450140
comb_DJI_20260322094143_0051_V_1914tele.JPG,bcifairchild,normal,terminalia oblonga,0.063310
comb_DJI_20260322094219_0053_V_1268tele.JPG,bcifairchild,can_wait,hippocratea volubilis,0.927460
comb_DJI_20260322094251_0055_V_1271tele.JPG,bcifairchild,normal,hippocratea volubilis,0.449950
comb_DJI_20260322094328_0057_V_635tele.JPG,bcifairchild,normal,protium stevensonii,0.214390
comb_DJI_20260322094400_0059_V_1207tele.JPG,bcifairchild,normal,davilla nitida,0.598300
comb_DJI_20260322094429_0061_V_686tele.JPG,bcifairchild,normal,terminalia amazonia,0.031620
comb_DJI_20260322094502_0063_V_1228tele.JPG,bcifairchild,normal,hippocratea volubilis,0.442880
comb_DJI_20260322094530_0065_V_667tele.JPG,bcifairchild,can_wait,anacardium excelsum,0.935380
comb_DJI_20260322094602_0067_V_633tele.JPG,bcifairchild,low_conf_known,hieronyma alchorneoides,0.397810
