queue,global_key,split,predicted_species,confidence,species_labelled_crowns,species_top1_accuracy,novelty_rank,how_new_it_looks,batch_id
long_tail,comb_DJI_20240912091709_0010_V_3681zoom.JPG,,persicaria hydropiperoides,0.082080,0,,1,0.719,1
long_tail,comb_DJI_20260114114441_0011_V_9557zoom.JPG,,laguncularia racemosa,0.068980,0,,3,0.641,1
long_tail,comb_DJI_20250924110028_0031_V_734zoom.JPG,,sapium laurifolium,0.004850,0,,4,0.620,1
long_tail,comb_DJI_20250523093753_0009_V_40zoom.JPG,,lacmellea panamensis,0.016750,1,0.0000,5,0.613,1
long_tail,comb_DJI_20240913114952_0016_V_3887zoom.JPG,,boerhavia coccinea,0.197150,0,,6,0.613,1
long_tail,comb_DJI_20250806094434_0026_V_168zoom.JPG,,comocladia guatemalensis,0.026200,0,,7,0.607,1
long_tail,comb_DJI_20260322093453_0025_V_1032tele.JPG,,tillandsia bulbosa,0.117810,0,,8,0.592,1
long_tail,comb_DJI_20250813124153_0029_V_8943zoom.JPG,,clusia multiflora,0.057770,0,,9,0.578,1
long_tail,comb_DJI_20260311165222_0005_V_11021tele.JPG,,spondias purpurea,0.021060,0,,10,0.572,1
long_tail,comb_DJI_20250305092514_0028_V_2597zoom.JPG,,aechmea nudicaulis,0.055330,0,,11,0.571,1
long_tail,comb_DJI_20260320102125_0047_V_3687tele.JPG,,pseudobombax septenatum,0.990420,27,0.5926,12,0.560,1
long_tail,comb_DJI_20250110162618_0038_V_58zoom.JPG,,ipomoea muricata,0.021430,0,,13,0.555,1
long_tail,comb_DJI_20251006114914_0029_V_667zoom.JPG,,philodendron jacquinii,0.378390,0,,15,0.548,1
long_tail,comb_DJI_20250523094213_0027_V_161zoom.JPG,,lysiloma latisiliquum,0.034660,0,,17,0.540,1
long_tail,comb_DJI_20260318104437_0031_V_5393tele.JPG,,pseudobombax septenatum,0.034950,27,0.5926,19,0.536,1
long_tail,comb_DJI_20251006121726_0013_V_2472zoom.JPG,,agdestis clematidea,0.032730,0,,20,0.534,1
long_tail,comb_DJI_20250305130626_0042_V_5694zoom.JPG,,robrichia schomburgkii,0.021130,0,,21,0.533,1
long_tail,comb_DJI_20250522093841_0003_V_116zoom.JPG,,olyra latifolia,0.074980,0,,23,0.529,1
long_tail,comb_DJI_20240911153823_0062_V_5079zoom.JPG,,cissus erosa,0.187150,1,1.0000,24,0.526,1
long_tail,comb_DJI_20260320101600_0027_V_4775tele.JPG,,passovia pedunculata,0.020690,0,,25,0.526,1
long_tail,comb_DJI_20250820092450_0001_V_4292zoom.JPG,,pelliciera rhizophorae,0.021710,0,,27,0.519,1
long_tail,comb_DJI_20241217094911_0010_V_1963zoom.JPG,,gmelina arborea,0.026960,0,,30,0.513,1
long_tail,comb_DJI_20260114095131_0001_V_7091zoom.JPG,,arthrostemma ciliatum,0.023420,0,,32,0.507,1
long_tail,comb_DJI_20260311165509_0015_V_4786tele.JPG,,dalbergia granadillo,0.019340,0,,34,0.505,1
long_tail,comb_DJI_20250110141113_0054_V_175zoom.JPG,,parinari excelsa,0.018910,0,,35,0.505,1
long_tail,comb_DJI_20260114123127_0019_V_10570zoom.JPG,,paullinia pinnata,0.047730,0,,38,0.499,1
long_tail,comb_DJI_20241211100933_0026_V_1259zoom.JPG,,vochysia ferruginea,0.648990,2,0.5000,40,0.494,2
long_tail,comb_DJI_20250305133418_0038_V_5757zoom.JPG,,selenicereus monacanthus,0.078330,0,,41,0.494,2
long_tail,comb_DJI_20250304093145_0004_V_8024zoom.JPG,,pseudobombax septenatum,0.264640,27,0.5926,43,0.517,1
long_tail,comb_DJI_20251014104101_0019_V_4957zoom.JPG,,bactris maraja,0.066360,0,,45,0.489,2
long_tail,comb_DJI_20260114103203_0045_V_4738zoom.JPG,,guapira myrtiflora,0.243500,17,0.5882,46,0.486,2
long_tail,comb_DJI_20250813135441_0015_V_11390zoom.JPG,,casearia sylvestris,0.238580,0,,47,0.485,2
long_tail,comb_DJI_20250205103748_0036_V_6837zoom.JPG,,guazuma ulmifolia,0.015580,11,0.6364,48,0.484,3
long_tail,comb_DJI_20250523083542_0031_V_57zoom.JPG,,miconia prasina,0.034880,0,,49,0.483,3
long_tail,comb_DJI_20250110155802_0048_V_45zoom.JPG,,calycophyllum candidissimum,0.903940,0,,50,0.483,3
long_tail,comb_DJI_20260114112404_0017_V_2515zoom.JPG,,ficus citrifolia,0.052990,0,,51,0.483,3
long_tail,comb_DJI_20250523085330_0017_V_113zoom.JPG,,phoradendron dipterum,0.066510,0,,54,0.479,3
long_tail,comb_DJI_20250924105846_0025_V_728zoom.JPG,,colubrina asiatica,0.051010,0,,56,0.544,3
long_tail,comb_DJI_20250930113759_0013_V_6429zoom.JPG,,omphalea diandra,0.127300,6,0.5000,59,0.476,3
long_tail,comb_DJI_20250520102934_0034_V_72zoom.JPG,,psychotria nervosa,0.148210,0,,60,0.475,3
long_tail,comb_DJI_20250304091017_0024_V_8318zoom.JPG,,pseudobombax septenatum,0.613420,27,0.5926,62,0.548,1
long_tail,comb_DJI_20250926102826_0031_V_2911zoom.JPG,,aechmea tillandsioides,0.168550,0,,63,0.473,3
long_tail,comb_DJI_20250304085013_0046_V_7541zoom.JPG,,spirotheca rosea,0.016840,0,,64,0.473,3
long_tail,comb_DJI_20250110160426_0006_V_41zoom.JPG,,cissampelos tropaeolifolia,0.011480,0,,65,0.471,3
long_tail,comb_DJI_20250911094618_0003_V_4465zoom.JPG,,chamaedorea tepejilote,0.027420,0,,66,0.471,3
long_tail,comb_DJI_20250814140317_0067_V_6648zoom.JPG,,cordia dentata,0.169290,0,,68,0.471,3
long_tail,comb_DJI_20250110164124_0016_V_211zoom.JPG,,enterolobium cyclocarpum,0.220060,6,0.5000,71,0.469,3
long_tail,comb_DJI_20260311170213_0037_V_5388tele.JPG,,entada polystachya,0.196580,0,,72,0.478,3
long_tail,comb_DJI_20260322091906_0055_V_2567tele.JPG,,heteropterys intermedia,0.039320,1,1.0000,75,0.465,3
long_tail,comb_DJI_20241127094724_0010_V_2019zoom.JPG,,guazuma ulmifolia,0.207660,11,0.6364,77,0.465,3
long_tail,comb_DJI_20260320110540_0055_V_1738tele.JPG,,heteropterys intermedia,0.064060,1,1.0000,78,0.464,3
long_tail,comb_DJI_20251009104958_0031_V_2365zoom.JPG,,phyllanthus mocinoanus,0.014900,0,,79,0.464,3
long_tail,comb_DJI_20251016131002_0015_V_3847zoom.JPG,,cnidoscolus megacanthus,0.072880,0,,81,0.462,3
long_tail,comb_DJI_20250717093326_0010_V_102zoom.JPG,,xylopia aromatica,0.015830,0,,84,0.458,3
long_tail,comb_DJI_20260318095639_0035_V_1674tele.JPG,,castilla elastica,0.042510,0,,87,0.456,4
long_tail,comb_DJI_20260317092412_0006_V_10870tele.JPG,,cordia alliodora,0.462780,11,0.5455,88,0.455,4
long_tail,comb_DJI_20250110160022_0058_V_17zoom.JPG,,trichostigma octandrum,0.149000,0,,90,0.454,4
long_tail,comb_DJI_20260114095742_0023_V_8145zoom.JPG,,tabernaemontana arborea,0.126840,19,0.6842,93,0.453,5
long_tail,comb_DJI_20250804145215_0005_V_7913zoom.JPG,,maclura tinctoria,0.176700,0,,95,0.453,5
long_tail,comb_DJI_20250522092832_0051_V_121zoom.JPG,,iriartea deltoidea,0.240800,0,,96,0.452,5
long_tail,comb_DJI_20250110152708_0006_V_99zoom.JPG,,spondias mombin,0.013240,34,0.5294,97,0.451,5
long_tail,comb_DJI_20251017122451_0031_V_8389zoom.JPG,,paullinia fuscescens,0.586480,4,0.5000,98,0.451,5
long_tail,comb_DJI_20260318105416_0065_V_5494tele.JPG,,tynanthus croatianus,0.144450,2,0.5000,99,0.450,5
long_tail,comb_DJI_20251016104817_0021_V_10960zoom.JPG,,virola fosteri,0.035200,2,0.5000,100,0.456,5
long_tail,comb_DJI_20250110150022_0040_V_147zoom.JPG,,castilla elastica,0.234490,0,,101,0.449,4
long_tail,comb_DJI_20251016105522_0045_V_6838zoom.JPG,,annona glabra,0.188440,0,,102,0.449,6
long_tail,comb_DJI_20250807112024_0033_V_6945zoom.JPG,,entada polystachya,0.194650,0,,103,0.448,3
long_tail,comb_DJI_20250523094816_0051_V_134zoom.JPG,,sterculia tragacantha,0.370670,0,,106,0.448,6
long_tail,comb_DJI_20250814134448_0005_V_6907zoom.JPG,,combretum decandrum,0.024100,6,0.5000,107,0.447,6
long_tail,comb_DJI_20250110145802_0032_V_168zoom.JPG,,argyreia nervosa,0.010830,0,,109,0.447,6
long_tail,comb_DJI_20250520103013_0036_V_5zoom.JPG,,sarcomphalus joazeiro,0.013050,0,,110,0.446,6
long_tail,comb_DJI_20250806112544_0068_V_65zoom.JPG,,croton matourensis,0.007630,0,,116,0.445,6
long_tail,comb_DJI_20250520120252_0048_V_47zoom.JPG,,xylopia frutescens,0.253960,0,,118,0.444,6
long_tail,comb_DJI_20250924105814_0023_V_736zoom.JPG,,duranta erecta,0.013520,0,,119,0.582,6
long_tail,comb_DJI_20260320110136_0039_V_1088tele.JPG,,combretum fruticosum,0.011580,1,1.0000,120,0.443,6
long_tail,comb_DJI_20250806111429_0026_V_130zoom.JPG,,mikania cordifolia,0.106070,0,,121,0.443,6
long_tail,comb_DJI_20250304110332_0034_V_3742zoom.JPG,,pittocaulon velatum,0.018630,0,,123,0.469,6
long_tail,comb_DJI_20250520115800_0032_V_213zoom.JPG,,beilschmiedia tovarensis,0.073470,8,0.6250,124,0.442,6
long_tail,comb_DJI_20250930114017_0021_V_5638zoom.JPG,,bignonia aequinoctialis,0.529780,4,0.2500,126,0.441,6
long_tail,comb_DJI_20250926110200_0009_V_2432zoom.JPG,,vitex parviflora,0.042250,0,,128,0.440,6
long_tail,comb_DJI_20260317093140_0032_V_5301tele.JPG,,dalbergia ecastaphyllum,0.015170,0,,129,0.439,6
long_tail,comb_DJI_20250522092624_0043_V_97zoom.JPG,,selaginella willdenowii,0.022240,0,,131,0.438,6
long_tail,comb_DJI_20241231103506_0034_V_4394zoom.JPG,,spondias mombin,0.025810,34,0.5294,132,0.437,5
long_tail,comb_DJI_20250926091446_0013_V_4752zoom.JPG,,fridericia patellifera,0.184080,14,0.5000,134,0.436,7
long_tail,comb_DJI_20250206102719_0026_V_4128zoom.JPG,,philodendron warszewiczii,0.246560,0,,135,0.435,7
long_tail,comb_DJI_20251010085456_0021_V_4278zoom.JPG,,pseudobombax septenatum,0.359420,27,0.5926,136,0.434,1
long_tail,comb_DJI_20250724111817_0025_V_10432zoom.JPG,,bursera schlechtendalii,0.013290,0,,137,0.434,7
long_tail,comb_DJI_20250106095849_0010_V_5602zoom.JPG,,lacmellea panamensis,0.038020,1,0.0000,139,0.444,1
long_tail,comb_DJI_20250813123831_0017_V_8982zoom.JPG,,acalypha macrostachya,0.447420,0,,140,0.431,7
long_tail,comb_DJI_20241202120747_0004_V_2014zoom.JPG,,pouteria reticulata,0.018080,3,0.6667,141,0.431,7
long_tail,comb_DJI_20260114114302_0005_V_8465zoom.JPG,,casearia bicolor,0.326160,0,,143,0.430,7
long_tail,comb_DJI_20250522085731_0011_V_9zoom.JPG,,pseudobombax septenatum,0.025130,27,0.5926,144,0.429,1
long_tail,comb_DJI_20250522095203_0055_V_70zoom.JPG,,celtis iguanaea,0.249680,5,0.6000,147,0.428,7
long_tail,comb_DJI_20260114125350_0013_V_535zoom.JPG,,oryctanthus spicatus,0.011810,0,,148,0.428,7
long_tail,comb_DJI_20260114131220_0007_V_2462zoom.JPG,,callitriche heterophylla,0.058060,0,,150,0.563,7
long_tail,comb_DJI_20260112123525_0037_V_4951zoom.JPG,,flemingia strobilifera,0.047140,0,,151,0.427,7
long_tail,comb_DJI_20260322092219_0067_V_3553tele.JPG,,fridericia patellifera,0.101030,14,0.5000,152,0.427,7
long_tail,comb_DJI_20241204093530_0046_V_2021zoom.JPG,,pseudobombax septenatum,0.391540,27,0.5926,153,0.427,1
long_tail,comb_DJI_20250523101437_0061_V_24zoom.JPG,,plinia cauliflora,0.017150,0,,154,0.426,7
long_tail,comb_DJI_20240913105018_0006_V_4370zoom.JPG,,ocotea oblonga,0.192690,6,0.8333,155,0.426,7
long_tail,comb_DJI_20250304085318_0056_V_8400zoom.JPG,,bursera excelsa,0.023410,0,,156,0.425,7
long_tail,comb_DJI_20250110150230_0048_V_224zoom.JPG,,croton billbergianus,0.180650,4,0.2500,158,0.425,7
long_tail,comb_DJI_20251017110731_0013_V_1761zoom.JPG,,tabernaemontana arborea,0.017730,19,0.6842,162,0.424,5
long_tail,comb_DJI_20260322092252_0069_V_2614tele.JPG,,simarouba glauca,0.024000,0,,163,0.424,7
long_tail,comb_DJI_20241226103134_0054_V_1456zoom.JPG,,combretum laxum,0.137240,0,,166,0.423,7
long_tail,comb_DJI_20260114123020_0015_V_10538zoom.JPG,,virola fosteri,0.208240,2,0.5000,167,0.423,5
long_tail,comb_DJI_20250304094408_0004_V_501zoom.JPG,,aegiphila elata,0.020770,0,,173,0.421,8
long_tail,comb_DJI_20250520095749_0006_V_160zoom.JPG,,bonellia macrocarpa,0.033440,0,,174,0.420,8
long_tail,comb_DJI_20250110133644_0034_V_30zoom.JPG,,combretum fruticosum,0.181750,1,1.0000,175,0.420,6
long_tail,comb_DJI_20240912090451_0052_V_3431zoom.JPG,,xylosma flexuosa,0.035060,0,,176,0.420,8
long_tail,comb_DJI_20241127095500_0032_V_2447zoom.JPG,,cordia alliodora,0.164070,11,0.5455,178,0.419,4
long_tail,comb_DJI_20250110164008_0010_V_187zoom.JPG,,quararibea stenophylla,0.016620,59,0.6949,180,0.419,8
long_tail,comb_DJI_20251017093934_0013_V_11760zoom.JPG,,barkeria obovata,0.008730,0,,186,0.415,8
long_tail,comb_DJI_20250522090617_0035_V_49zoom.JPG,,evolvulus nummularius,0.043700,0,,187,0.422,8
long_tail,comb_DJI_20251016122330_0015_V_4595zoom.JPG,,guapira myrtiflora,0.025460,17,0.5882,188,0.414,2
long_tail,comb_DJI_20241204102209_0014_V_753zoom.JPG,,genipa americana,0.030030,8,0.7500,191,0.413,8
long_tail,comb_DJI_20241101103439_0038_V_916zoom.JPG,,phyllanthus acuminatus,0.045050,0,,193,0.412,8
long_tail,comb_DJI_20250522094816_0041_V_38zoom.JPG,,cordia alliodora,0.227320,11,0.5455,196,0.412,4
long_tail,comb_DJI_20260318105021_0051_V_5484tele.JPG,,erythrina poeppigiana,0.029740,0,,197,0.412,8
long_tail,comb_DJI_20250520093627_0018_V_168zoom.JPG,,pseudobombax septenatum,0.033550,27,0.5926,199,0.472,1
long_tail,comb_DJI_20250304092325_0064_V_7996zoom.JPG,,pseudobombax septenatum,0.074230,27,0.5926,201,0.420,1
long_tail,comb_DJI_20250110161830_0008_V_193zoom.JPG,,dioclea virgata,0.080620,0,,202,0.410,8
long_tail,comb_DJI_20250930120928_0049_V_1400zoom.JPG,,passiflora filipes,0.037770,0,,204,0.408,8
long_tail,comb_DJI_20240911151847_0006_V_2549zoom.JPG,,protium tenuifolium,0.208280,7,0.8571,205,0.407,8
long_tail,comb_DJI_20260322093524_0027_V_546tele.JPG,,duranta erecta,0.041110,0,,206,0.407,6
long_tail,comb_DJI_20250814141721_0011_V_5120zoom.JPG,,pseudobombax septenatum,0.171020,27,0.5926,209,0.406,1
long_tail,comb_DJI_20250520093548_0016_V_162zoom.JPG,,socratea exorrhiza,0.081100,2,0.0000,217,0.405,8
long_tail,comb_DJI_20250522102936_0011_V_137zoom.JPG,,pleurothyrium palmanum,0.033790,0,,218,0.404,8
long_tail,comb_DJI_20240911145928_0036_V_514zoom.JPG,,ixora coccinea,0.009410,0,,219,0.404,8
long_tail,comb_DJI_20251017122706_0039_V_9766zoom.JPG,,bowdichia virgilioides,0.007110,0,,220,0.408,8
long_tail,comb_DJI_20260318104053_0017_V_6857tele.JPG,,lafoensia punicifolia,0.054560,3,0.0000,221,0.403,8
long_tail,comb_DJI_20251010091425_0003_V_2921zoom.JPG,,spondias mombin,0.122310,34,0.5294,222,0.403,5
long_tail,comb_DJI_20260318092812_0015_V_565tele.JPG,,pseudobombax septenatum,0.090420,27,0.5926,223,0.402,1
long_tail,comb_DJI_20260322091330_0035_V_4511tele.JPG,,guapira myrtiflora,0.043330,17,0.5882,224,0.402,2
long_tail,comb_DJI_20250522092137_0025_V_98zoom.JPG,,funtumia elastica,0.038890,0,,225,0.426,8
long_tail,comb_DJI_20260318095036_0011_V_485tele.JPG,,trichilia tuberculata,0.116350,21,0.6667,226,0.402,8
long_tail,comb_DJI_20250522102904_0009_V_139zoom.JPG,,muellera monilis,0.014520,0,,228,0.402,8
long_tail,comb_DJI_20250110160805_0022_V_40zoom.JPG,,momordica charantia,0.026920,0,,229,0.401,8
long_tail,comb_DJI_20260114102310_0013_V_3034zoom.JPG,,virola fosteri,0.001880,2,0.5000,231,0.401,5
long_tail,comb_DJI_20250522103324_0025_V_63zoom.JPG,,blepharidium guatemalense,0.020410,0,,232,0.400,8
long_tail,comb_DJI_20250110152854_0014_V_71zoom.JPG,,trichostigma octandrum,0.872540,0,,234,0.400,4
long_tail,comb_DJI_20241226124109_0066_V_1241zoom.JPG,,omphalea diandra,0.184300,6,0.5000,237,0.399,3
long_tail,comb_DJI_20240911154627_0008_V_5329zoom.JPG,,sloanea terniflora,0.278950,13,0.6154,238,0.399,9
long_tail,comb_DJI_20241231115344_0024_V_4938zoom.JPG,,sloanea terniflora,0.286680,13,0.6154,240,0.399,9
long_tail,comb_DJI_20251014095927_0005_V_55zoom.JPG,,spondias mombin,0.053520,34,0.5294,241,0.398,5
long_tail,comb_DJI_20260318095516_0029_V_1762tele.JPG,,ligustrum sinense,0.044970,0,,242,0.430,9
long_tail,comb_DJI_20260317093336_0038_V_5985tele.JPG,,beilschmiedia tovarensis,0.385820,8,0.6250,244,0.398,6
long_tail,comb_DJI_20250520100437_0026_V_116zoom.JPG,,ligustrum ovalifolium,0.089720,0,,248,0.398,9
long_tail,comb_DJI_20250523090320_0057_V_146zoom.JPG,,virola sebifera,0.220520,6,0.8333,250,0.396,9
long_tail,comb_DJI_20260318093019_0023_V_7282tele.JPG,,entada polystachya,0.062300,0,,251,0.417,3
long_tail,comb_DJI_20241127105343_0006_V_1560zoom.JPG,,piscidia piscipula,0.027330,0,,253,0.395,9
long_tail,comb_DJI_20250806103325_0042_V_180zoom.JPG,,myroxylon balsamum,0.005800,0,,255,0.397,9
long_tail,comb_DJI_20251016121009_0053_V_7462zoom.JPG,,cosmibuena macrocarpa,0.614830,2,1.0000,256,0.395,9
long_tail,comb_DJI_20250926113130_0017_V_4289zoom.JPG,,cordia alliodora,0.020500,11,0.5455,257,0.394,4
long_tail,comb_DJI_20250204100909_0044_V_6957zoom.JPG,,lonchocarpus sericeus,0.037740,0,,259,0.394,9
long_tail,comb_DJI_20250724102412_0017_V_1295zoom.JPG,,commicarpus scandens,0.023650,0,,262,0.523,9
long_tail,comb_DJI_20250523100600_0025_V_37zoom.JPG,,cordia alliodora,0.010230,11,0.5455,266,0.393,4
long_tail,comb_DJI_20250305121554_0022_V_7099zoom.JPG,,entada polystachya,0.104600,0,,267,0.392,3
long_tail,comb_DJI_20260114125717_0023_V_2153zoom.JPG,,ocotea oblonga,0.364040,6,0.8333,270,0.392,7
long_tail,comb_DJI_20250106093714_0028_V_6079zoom.JPG,,prionostemma aspera,0.580250,6,0.5000,271,0.392,9
long_tail,comb_DJI_20260320105742_0025_V_2973tele.JPG,,sterculia tragacantha,0.053840,0,,274,0.392,6
long_tail,comb_DJI_20250106094842_0066_V_5637zoom.JPG,,maripa panamensis,0.144350,6,0.6667,275,0.391,9
long_tail,comb_DJI_20250106094341_0050_V_6040zoom.JPG,,omphalea diandra,0.046470,6,0.5000,276,0.390,3
long_tail,comb_DJI_20260317083926_0015_V_9292tele.JPG,,alseis yucatanensis,0.324260,0,,277,0.390,9
long_tail,comb_DJI_20260317093029_0028_V_5910tele.JPG,,paullinia fuscescens,0.062410,4,0.5000,278,0.390,5
long_tail,comb_DJI_20251003105903_0029_V_1354zoom.JPG,,passiflora filipes,0.232030,0,,279,0.421,8
long_tail,comb_DJI_20250716131149_0004_V_71zoom.JPG,,spondias mombin,0.048710,34,0.5294,283,0.408,5
long_tail,comb_DJI_20241217135334_0018_V_1051zoom.JPG,,pelliciera benthamii,0.003750,0,,285,0.388,9
long_tail,comb_DJI_20260317101834_0017_V_5676tele.JPG,,pseudobombax septenatum,0.087910,27,0.5926,286,0.388,1
long_tail,comb_DJI_20250110164401_0028_V_101zoom.JPG,,fridericia patellifera,0.080550,14,0.5000,287,0.388,7
long_tail,comb_DJI_20250520102823_0030_V_28zoom.JPG,,miconia multispicata,0.371580,0,,291,0.386,9
long_tail,comb_DJI_20250807102811_0005_V_5105zoom.JPG,,piscidia piscipula,0.049170,0,,293,0.386,9
long_tail,comb_DJI_20250110141453_0068_V_78zoom.JPG,,pourouma bicolor,0.050880,9,0.3333,294,0.385,9
long_tail,comb_DJI_20250806100424_0062_V_73zoom.JPG,,syzygium cumini,0.016940,0,,297,0.385,9
long_tail,comb_DJI_20260317090349_0019_V_11296tele.JPG,,cordia alliodora,0.030610,11,0.5455,298,0.385,4
long_tail,comb_DJI_20250523085142_0009_V_124zoom.JPG,,enterolobium cyclocarpum,0.108350,6,0.5000,299,0.428,3
long_tail,comb_DJI_20250806101623_0010_V_22zoom.JPG,,vochysia ferruginea,0.191330,2,0.5000,301,0.384,2
long_tail,comb_DJI_20260318100257_0059_V_1647tele.JPG,,pseudobombax septenatum,0.685610,27,0.5926,304,0.400,1
long_tail,comb_DJI_20260114095317_0007_V_8216zoom.JPG,,aegiphila elata,0.621260,0,,305,0.384,8
long_tail,comb_DJI_20250522100417_0005_V_124zoom.JPG,,prionostemma aspera,0.083500,6,0.5000,307,0.383,9
long_tail,comb_DJI_20241024130642_0054_V_2060zoom.JPG,,bactris maraja,0.053830,0,,311,0.383,2
long_tail,comb_DJI_20250813132632_0009_V_1447zoom.JPG,,fridericia floribunda,0.123160,0,,314,0.382,9
long_tail,comb_DJI_20241226101308_0004_V_2112zoom.JPG,,fridericia chica,0.432430,0,,315,0.382,9
long_tail,comb_DJI_20260114122707_0005_V_9370zoom.JPG,,inga thibaudiana,0.729210,2,1.0000,317,0.382,9
long_tail,comb_DJI_20250813103325_0011_V_11427zoom.JPG,,bactris maraja,0.153450,0,,318,0.382,2
long_tail,comb_DJI_20251016122258_0013_V_4122zoom.JPG,,dalbergia retusa,0.047250,0,,319,0.401,10
long_tail,comb_DJI_20250724094213_0007_V_8803zoom.JPG,,ocotea oblonga,0.261680,6,0.8333,321,0.443,7
long_tail,comb_DJI_20250522094347_0023_V_75zoom.JPG,,guazuma ulmifolia,0.044030,11,0.6364,323,0.381,3
long_tail,comb_DJI_20250522103527_0033_V_57zoom.JPG,,omphalea diandra,0.169840,6,0.5000,325,0.381,3
long_tail,comb_DJI_20250522102725_0003_V_119zoom.JPG,,amphilophium crucigerum,0.277280,4,0.7500,326,0.381,10
long_tail,comb_DJI_20250930122457_0009_V_611zoom.JPG,,guapira myrtiflora,0.329740,17,0.5882,327,0.381,2
long_tail,comb_DJI_20250806095906_0040_V_83zoom.JPG,,chrysophyllum argenteum,0.015800,3,0.6667,328,0.392,10
long_tail,comb_DJI_20260311164936_0001_V_11113tele.JPG,,himatanthus articulatus,0.026110,0,,329,0.383,10
long_tail,comb_DJI_20250930120857_0047_V_1347zoom.JPG,,gyrocarpus americanus,0.075750,0,,332,0.380,10
long_tail,comb_DJI_20260114095532_0015_V_7071zoom.JPG,,pisonia aculeata,0.069960,0,,333,0.380,10
long_tail,comb_DJI_20241204091919_0006_V_2549zoom.JPG,,pisonia aculeata,0.125120,0,,335,0.379,10
long_tail,comb_DJI_20250304092933_0010_V_400zoom.JPG,,colubrina asiatica,0.063730,0,,337,0.403,3
long_tail,comb_DJI_20250520101346_0062_V_27zoom.JPG,,ligustrum ovalifolium,0.110880,0,,338,0.387,9
long_tail,comb_DJI_20241127093330_0054_V_2403zoom.JPG,,nectandra lineata,0.632240,7,0.7143,339,0.378,10
long_tail,comb_DJI_20241101093745_0034_V_924zoom.JPG,,virola sebifera,0.302490,6,0.8333,341,0.378,9
long_tail,comb_DJI_20251016113300_0009_V_7241zoom.JPG,,psiguria warscewiczii,0.004800,0,,342,0.378,10
long_tail,comb_DJI_20241127113911_0064_V_1097zoom.JPG,,paullinia fuscescens,0.027610,4,0.5000,343,0.377,5
long_tail,comb_DJI_20250523093724_0007_V_7zoom.JPG,,vochysia ferruginea,0.067460,2,0.5000,345,0.377,2
long_tail,comb_DJI_20250520102143_0004_V_229zoom.JPG,,guapira myrtiflora,0.015220,17,0.5882,346,0.400,2
long_tail,comb_DJI_20250110133514_0028_V_156zoom.JPG,,castilla elastica,0.229200,0,,347,0.377,4
long_tail,comb_DJI_20250806100130_0050_V_89zoom.JPG,,cordia alliodora,0.166440,11,0.5455,348,0.376,4
long_tail,comb_DJI_20250520090933_0008_V_134zoom.JPG,,funtumia elastica,0.258070,0,,350,0.376,8
long_tail,comb_DJI_20250520094658_0058_V_156zoom.JPG,,virola sebifera,0.083250,6,0.8333,353,0.376,9
long_tail,comb_DJI_20250522100519_0009_V_81zoom.JPG,,omphalea diandra,0.207770,6,0.5000,354,0.375,3
long_tail,comb_DJI_20241124091613_0016_V_560zoom.JPG,,piparea dentata,0.152370,0,,355,0.375,10
long_tail,comb_DJI_20260114114335_0007_V_8447zoom.JPG,,guapira myrtiflora,0.203990,17,0.5882,356,0.375,2
long_tail,comb_DJI_20260318095309_0021_V_995tele.JPG,,entada polystachya,0.623680,0,,361,0.374,3
long_tail,comb_DJI_20251017121629_0005_V_10571zoom.JPG,,cordia alliodora,0.045100,11,0.5455,363,0.374,4
long_tail,comb_DJI_20250110150634_0062_V_18zoom.JPG,,amphilophium paniculatum,0.098790,4,0.7500,364,0.373,10
long_tail,comb_DJI_20250813084539_0005_V_8702zoom.JPG,,sloanea terniflora,0.025920,13,0.6154,365,0.373,9
long_tail,comb_DJI_20250807130416_0013_V_7246zoom.JPG,,cardiospermum grandiflorum,0.253380,0,,366,0.373,10
long_tail,comb_DJI_20241226105210_0026_V_495zoom.JPG,,spondias mombin,0.137160,34,0.5294,367,0.373,5
long_tail,comb_DJI_20250806095637_0030_V_85zoom.JPG,,sida ciliaris,0.017460,0,,368,0.373,10
long_tail,comb_DJI_20260112123942_0051_V_7194zoom.JPG,,fridericia schumanniana,0.021320,6,0.6667,370,0.373,10
long_tail,comb_DJI_20260317090851_0037_V_10773tele.JPG,,cordia alliodora,0.168890,11,0.5455,371,0.373,4
long_tail,comb_DJI_20250522103500_0031_V_87zoom.JPG,,sarcomphalus cinnamomum,0.057510,0,,372,0.372,10
long_tail,comb_DJI_20241126104142_0064_V_772zoom.JPG,,fridericia schumanniana,0.188840,6,0.6667,374,0.372,10
long_tail,comb_DJI_20260317090922_0039_V_10764tele.JPG,,fridericia patellifera,0.185970,14,0.5000,375,0.372,7
long_tail,comb_DJI_20251017101133_0027_V_11847zoom.JPG,,spondias mombin,0.584410,34,0.5294,376,0.371,5
long_tail,comb_DJI_20250522085518_0009_V_8zoom.JPG,,quararibea stenophylla,0.060310,59,0.6949,379,0.371,8
long_tail,comb_DJI_20241204144929_0044_V_3073zoom.JPG,,symphonia globulifera,0.018360,2,1.0000,380,0.371,10
long_tail,comb_DJI_20260311165328_0009_V_11089tele.JPG,,cordia alliodora,0.172670,11,0.5455,382,0.379,4
long_tail,comb_DJI_20250814140055_0059_V_6041zoom.JPG,,moquilea platypus,0.017020,3,0.3333,383,0.371,11
long_tail,comb_DJI_20251015124916_0035_V_6307zoom.JPG,,fridericia patellifera,0.230930,14,0.5000,385,0.370,7
long_tail,comb_DJI_20241204101946_0008_V_1004zoom.JPG,,ormosia macrocalyx,0.250080,1,0.0000,386,0.370,11
long_tail,comb_DJI_20251017102117_0063_V_2207zoom.JPG,,hiraea grandifolia,0.023810,5,0.6000,387,0.369,11
long_tail,comb_DJI_20260320110606_0057_V_1731tele.JPG,,cabralea canjerana,0.007070,0,,389,0.369,11
long_tail,comb_DJI_20241101102803_0018_V_285zoom.JPG,,astrocaryum mexicanum,0.046560,0,,390,0.369,11
long_tail,comb_DJI_20240911153903_0064_V_4812zoom.JPG,,combretum fruticosum,0.105240,1,1.0000,392,0.369,6
long_tail,comb_DJI_20250813094204_0035_V_10222zoom.JPG,,thouinidium decandrum,0.246650,0,,393,0.368,11
long_tail,comb_DJI_20250110141222_0058_V_162zoom.JPG,,pseudalbizzia adinocephala,0.065210,0,,394,0.368,11
long_tail,comb_DJI_20250930121139_0057_V_663zoom.JPG,,vatairea erythrocarpa,0.094430,3,0.6667,396,0.368,11
long_tail,comb_DJI_20250522090028_0021_V_18zoom.JPG,,fridericia patellifera,0.065620,14,0.5000,397,0.368,7
long_tail,comb_DJI_20250305132226_0014_V_4948zoom.JPG,,dalbergia sissoo,0.016910,0,,398,0.368,11
long_tail,comb_DJI_20260114103406_0053_V_4744zoom.JPG,,beilschmiedia tovarensis,0.057660,8,0.6250,399,0.368,6
long_tail,comb_DJI_20251017121739_0009_V_9609zoom.JPG,,guazuma ulmifolia,0.009530,11,0.6364,400,0.368,3
long_tail,comb_DJI_20251015132202_0033_V_6673zoom.JPG,,paullinia fuscescens,0.296900,4,0.5000,403,0.367,5
long_tail,comb_DJI_20250110141036_0052_V_151zoom.JPG,,annona spraguei,0.037400,1,0.0000,404,0.367,11
long_tail,comb_DJI_20250206092417_0012_V_990zoom.JPG,,tabernaemontana arborea,0.134810,19,0.6842,405,0.367,5
long_tail,comb_DJI_20250520103225_0044_V_225zoom.JPG,,casearia decandra,0.013770,0,,407,0.367,11
long_tail,comb_DJI_20250522094613_0033_V_40zoom.JPG,,omphalea diandra,0.046040,6,0.5000,408,0.367,3
long_tail,comb_DJI_20250110140930_0048_V_73zoom.JPG,,doliocarpus major,0.228230,1,1.0000,410,0.367,11
long_tail,comb_DJI_20260318100404_0063_V_846tele.JPG,,bursera graveolens,0.237390,0,,411,0.398,11
long_tail,comb_DJI_20250806094238_0018_V_77zoom.JPG,,guapira myrtiflora,0.360810,17,0.5882,415,0.366,2
long_tail,comb_DJI_20250305130536_0040_V_5686zoom.JPG,,maripa nicaraguensis,0.481850,0,,417,0.366,11
long_tail,comb_DJI_20251014104137_0021_V_11200zoom.JPG,,chrysophyllum argenteum,0.011460,3,0.6667,418,0.366,10
long_tail,comb_DJI_20250523093823_0011_V_42zoom.JPG,,hylenaea praecelsa,0.063300,4,0.5000,420,0.365,11
long_tail,comb_DJI_20250813123319_0001_V_8483zoom.JPG,,martinella obovata,0.049060,1,0.0000,422,0.365,12
long_tail,comb_DJI_20241217105211_0032_V_1097zoom.JPG,,guapira myrtiflora,0.345230,17,0.5882,424,0.365,2
long_tail,comb_DJI_20260320105924_0031_V_2062tele.JPG,,haematoxylum campechianum,0.031850,0,,426,0.364,12
long_tail,comb_DJI_20250806102450_0008_V_27zoom.JPG,,sloanea terniflora,0.015150,13,0.6154,427,0.364,9
long_tail,comb_DJI_20251017101350_0035_V_693zoom.JPG,,fridericia patellifera,0.183860,14,0.5000,428,0.364,7
long_tail,comb_DJI_20260114110008_0055_V_3740zoom.JPG,,spirotheca rosea,0.041580,0,,429,0.364,3
long_tail,comb_DJI_20250110142826_0022_V_35zoom.JPG,,dalbergia ecastaphyllum,0.059350,0,,431,0.363,6
long_tail,comb_DJI_20260318093222_0031_V_492tele.JPG,,andira inermis,0.067230,0,,433,0.363,12
long_tail,comb_DJI_20260317092529_0010_V_5181tele.JPG,,celtis iguanaea,0.228860,5,0.6000,434,0.363,7
long_tail,comb_DJI_20250110162347_0028_V_93zoom.JPG,,cordia panamensis,0.076780,4,0.0000,437,0.362,12
long_tail,comb_DJI_20250226104136_0028_V_3215zoom.JPG,,guapira myrtiflora,0.138130,17,0.5882,440,0.362,2
long_tail,comb_DJI_20250522094710_0037_V_35zoom.JPG,,sloanea terniflora,0.027410,13,0.6154,441,0.361,9
long_tail,comb_DJI_20260318104733_0041_V_5390tele.JPG,,brassavola nodosa,0.070500,0,,442,0.369,12
long_tail,comb_DJI_20260114131643_0019_V_2617zoom.JPG,,dioclea virgata,0.028060,0,,443,0.371,8
long_tail,comb_DJI_20251009085802_0003_V_10751zoom.JPG,,celtis iguanaea,0.185660,5,0.6000,444,0.361,7
long_tail,comb_DJI_20250110141251_0060_V_109zoom.JPG,,castilla elastica,0.357830,0,,445,0.361,4
long_tail,comb_DJI_20260317092850_0022_V_5197tele.JPG,,cordia alliodora,0.967190,11,0.5455,447,0.360,4
long_tail,comb_DJI_20251017120041_0025_V_526zoom.JPG,,cordia alliodora,0.060840,11,0.5455,449,0.360,4
long_tail,comb_DJI_20250520115910_0036_V_69zoom.JPG,,beilschmiedia tovarensis,0.043670,8,0.6250,450,0.360,6
long_tail,comb_DJI_20250930113438_0001_V_6324zoom.JPG,,maripa panamensis,0.038980,6,0.6667,453,0.360,9
long_tail,comb_DJI_20260317090537_0025_V_10799tele.JPG,,omphalea diandra,0.121860,6,0.5000,454,0.360,3
long_tail,comb_DJI_20250106094649_0060_V_6437zoom.JPG,,pseudobombax septenatum,0.326620,27,0.5926,457,0.359,1
long_tail,comb_DJI_20250806101653_0012_V_9zoom.JPG,,margaritaria nobilis,0.091440,1,0.0000,459,0.374,12
long_tail,comb_DJI_20240911153129_0040_V_4261zoom.JPG,,alchorneopsis floribunda,0.005340,0,,464,0.359,12
long_tail,comb_DJI_20251014100109_0011_V_11079zoom.JPG,,vatairea erythrocarpa,0.047170,3,0.6667,466,0.358,11
long_tail,comb_DJI_20251015133728_0029_V_4537zoom.JPG,,morisonia flexuosa,0.360370,0,,467,0.358,12
long_tail,comb_DJI_20260317095302_0019_V_5914tele.JPG,,inga thibaudiana,0.155950,2,1.0000,469,0.358,9
long_tail,comb_DJI_20241101092900_0002_V_918zoom.JPG,,damburneya umbrosa,0.194710,0,,472,0.358,12
long_tail,comb_DJI_20250724100019_0007_V_9301zoom.JPG,,mascagnia ovatifolia,0.147470,5,0.2000,473,0.357,12
long_tail,comb_DJI_20250523084022_0051_V_96zoom.JPG,,doliocarpus major,0.077450,1,1.0000,477,0.357,11
long_tail,comb_DJI_20250523094412_0035_V_150zoom.JPG,,spondias mombin,0.044200,34,0.5294,478,0.362,5
long_tail,comb_DJI_20260317101519_0005_V_5681tele.JPG,,omphalea diandra,0.246190,6,0.5000,483,0.355,3
long_tail,comb_DJI_20250724100429_0021_V_9283zoom.JPG,,tabernaemontana arborea,0.019150,19,0.6842,485,0.355,5
long_tail,comb_DJI_20241124090338_0022_V_578zoom.JPG,,guilandina bonduc,0.035030,0,,490,0.354,12
long_tail,comb_DJI_20251014095739_0001_V_99zoom.JPG,,cordia collococca,0.102600,0,,495,0.354,12
long_tail,comb_DJI_20250204094024_0030_V_7017zoom.JPG,,omphalea diandra,0.032850,6,0.5000,496,0.354,3
long_tail,comb_DJI_20250523094647_0045_V_129zoom.JPG,,mormodes powellii,0.025290,0,,500,0.353,12
long_tail,comb_DJI_20250226120504_0022_V_5530zoom.JPG,,campyloneurum phyllitidis,0.330580,0,,503,0.386,12
long_tail,comb_DJI_20250110160328_0002_V_86zoom.JPG,,pseudobombax septenatum,0.837390,27,0.5926,506,0.381,1
long_tail,comb_DJI_20250523100824_0035_V_139zoom.JPG,,guapira myrtiflora,0.036200,17,0.5882,507,0.352,2
long_tail,comb_DJI_20250911100654_0005_V_2377zoom.JPG,,amphilophium crucigerum,0.542120,4,0.7500,508,0.352,10
long_tail,comb_DJI_20241204144400_0030_V_4147zoom.JPG,,diospyros nigra,0.039700,0,,509,0.352,12
long_tail,comb_DJI_20250110140207_0022_V_125zoom.JPG,,fridericia patellifera,0.011490,14,0.5000,510,0.352,7
long_tail,comb_DJI_20250813135119_0003_V_1436zoom.JPG,,virola sebifera,0.224550,6,0.8333,511,0.352,9
long_tail,comb_DJI_20250110150707_0064_V_196zoom.JPG,,castilla elastica,0.060450,0,,513,0.353,4
long_tail,comb_DJI_20260318103643_0003_V_5318tele.JPG,,lysiloma latisiliquum,0.248850,0,,515,0.351,1
long_tail,comb_DJI_20241231120036_0042_V_5343zoom.JPG,,aspidosperma desmanthum,0.023910,25,0.2400,517,0.351,12
long_tail,comb_DJI_20260322091437_0039_V_3504tele.JPG,,pisonia aculeata,0.251400,0,,519,0.389,10
long_tail,comb_DJI_20260114114517_0013_V_9549zoom.JPG,,moquilea platypus,0.082780,3,0.3333,520,0.351,11
long_tail,comb_DJI_20260318095105_0013_V_487tele.JPG,,diphysa americana,0.169010,0,,521,0.351,12
long_tail,comb_DJI_20250106103457_0032_V_5978zoom.JPG,,cosmibuena macrocarpa,0.098130,2,1.0000,524,0.350,9
long_tail,comb_DJI_20240911150616_0054_V_2815zoom.JPG,,guarea guidonia,0.349570,8,0.8750,527,0.350,12
long_tail,comb_DJI_20260114120828_0029_V_461zoom.JPG,,fridericia patellifera,0.149200,14,0.5000,529,0.350,7
long_tail,comb_DJI_20250227133812_0002_V_6357zoom.JPG,,fridericia floribunda,0.019190,0,,531,0.348,9
long_tail,comb_DJI_20250924103418_0013_V_1556zoom.JPG,,cordia alliodora,0.269820,11,0.5455,532,0.348,4
long_tail,comb_DJI_20260317094813_0003_V_6471tele.JPG,,quararibea asterolepis,0.049770,9,0.6667,534,0.353,12
long_tail,comb_DJI_20250305115801_0038_V_6827zoom.JPG,,cordia alliodora,0.355270,11,0.5455,535,0.395,4
long_tail,comb_DJI_20251006114842_0027_V_743zoom.JPG,,aegiphila elata,0.224190,0,,536,0.348,8
long_tail,comb_DJI_20260114095240_0005_V_8290zoom.JPG,,prionostemma aspera,0.056550,6,0.5000,538,0.348,9
long_tail,comb_DJI_20250522085346_0003_V_3zoom.JPG,,bactris maraja,0.008330,0,,539,0.348,2
long_tail,comb_DJI_20260112120724_0035_V_6136zoom.JPG,,pisonia aculeata,0.027210,0,,540,0.348,10
long_tail,comb_DJI_20250110134843_0008_V_34zoom.JPG,,castilla elastica,0.753540,0,,541,0.374,4
long_tail,comb_DJI_20250813101100_0015_V_9624zoom.JPG,,doliocarpus major,0.662790,1,1.0000,544,0.347,11
long_tail,comb_DJI_20250520120214_0046_V_217zoom.JPG,,protium panamense,0.018190,12,0.5000,545,0.347,12
long_tail,comb_DJI_20250926101918_0003_V_3958zoom.JPG,,prionostemma aspera,0.102260,6,0.5000,546,0.366,9
long_tail,comb_DJI_20250226112803_0002_V_2781zoom.JPG,,maripa nicaraguensis,0.044610,0,,547,0.436,11
long_tail,comb_DJI_20250807113759_0003_V_5038zoom.JPG,,bactris major,0.144880,0,,552,0.425,12
long_tail,comb_DJI_20250716102759_0010_V_318zoom.JPG,,robrichia schomburgkii,0.029330,0,,553,0.442,1
long_tail,comb_DJI_20251003121624_0021_V_2137zoom.JPG,,tontelea passiflora,0.120030,4,0.2500,555,0.346,13
long_tail,comb_DJI_20250807130340_0011_V_7293zoom.JPG,,omphalea diandra,0.717820,6,0.5000,556,0.346,3
long_tail,comb_DJI_20240912095550_0050_V_2618zoom.JPG,,luehea speciosa,0.065200,2,0.5000,559,0.402,13
long_tail,comb_DJI_20251016114204_0043_V_6009zoom.JPG,,callichlamys latifolia,0.395600,9,0.6667,562,0.345,13
long_tail,comb_DJI_20260317095539_0029_V_5206tele.JPG,,beilschmiedia tovarensis,0.025580,8,0.6250,565,0.344,6
long_tail,comb_DJI_20250813132421_0005_V_11369zoom.JPG,,fridericia patellifera,0.236960,14,0.5000,566,0.344,7
long_tail,comb_DJI_20250724132809_0037_V_8177zoom.JPG,,guettarda macrosperma,0.063050,0,,567,0.344,13
long_tail,comb_DJI_20251016125314_0043_V_3737zoom.JPG,,protium tenuifolium,0.170600,7,0.8571,568,0.344,8
long_tail,comb_DJI_20260317092711_0016_V_5196tele.JPG,,fridericia patellifera,0.094540,14,0.5000,570,0.344,7
long_tail,comb_DJI_20260320111939_0017_V_1834tele.JPG,,spondias mombin,0.027380,34,0.5294,571,0.351,5
long_tail,comb_DJI_20250110140506_0032_V_145zoom.JPG,,amphilophium paniculatum,0.006130,4,0.7500,573,0.343,10
long_tail,comb_DJI_20241231120151_0046_V_5739zoom.JPG,,virola fosteri,0.001090,2,0.5000,577,0.343,5
long_tail,comb_DJI_20250110140242_0024_V_48zoom.JPG,,guazuma ulmifolia,0.705540,11,0.6364,578,0.343,3
long_tail,comb_DJI_20260317090428_0021_V_10725tele.JPG,,guapira myrtiflora,0.116060,17,0.5882,579,0.343,2
long_tail,comb_DJI_20250520102538_0020_V_3zoom.JPG,,cordia alliodora,0.163850,11,0.5455,582,0.345,4
long_tail,comb_DJI_20240912094701_0022_V_3392zoom.JPG,,ocotea oblonga,0.215710,6,0.8333,584,0.342,7
long_tail,comb_DJI_20260317091241_0051_V_10855tele.JPG,,fridericia schumanniana,0.182310,6,0.6667,585,0.341,10
long_tail,comb_DJI_20250110140824_0044_V_127zoom.JPG,,callichlamys latifolia,0.198060,9,0.6667,594,0.341,13
long_tail,comb_DJI_20251014115256_0019_V_5189zoom.JPG,,tontelea passiflora,0.234840,4,0.2500,595,0.357,13
long_tail,comb_DJI_20250813093020_0001_V_9691zoom.JPG,,mascagnia ovatifolia,0.107990,5,0.2000,598,0.340,12
long_tail,comb_DJI_20250520115241_0014_V_193zoom.JPG,,sloanea terniflora,0.100380,13,0.6154,601,0.340,9
long_tail,comb_DJI_20250305092900_0036_V_2976zoom.JPG,,vatairea erythrocarpa,0.027310,3,0.6667,605,0.342,11
long_tail,comb_DJI_20250930120200_0021_V_2245zoom.JPG,,fridericia schumanniana,0.172810,6,0.6667,607,0.340,10
long_tail,comb_DJI_20250930114256_0031_V_5692zoom.JPG,,volkameria glabra,0.053530,0,,609,0.339,13
long_tail,comb_DJI_20250806105630_0006_V_115zoom.JPG,,protium tenuifolium,0.668570,7,0.8571,610,0.339,8
long_tail,comb_DJI_20250110151737_0010_V_134zoom.JPG,,didymopanax morototoni,0.740970,3,0.3333,611,0.339,13
long_tail,comb_DJI_20260317093215_0034_V_5183tele.JPG,,amphilophium crucigerum,0.178790,4,0.7500,612,0.395,10
long_tail,comb_DJI_20250110151910_0016_V_172zoom.JPG,,fridericia patellifera,0.093700,14,0.5000,613,0.339,7
long_tail,comb_DJI_20251017100545_0005_V_11925zoom.JPG,,combretum fruticosum,0.178400,1,1.0000,618,0.339,6
long_tail,comb_DJI_20260114114820_0023_V_8160zoom.JPG,,nectandra lineata,0.293120,7,0.7143,619,0.339,10
long_tail,comb_DJI_20250806110230_0028_V_64zoom.JPG,,guapira myrtiflora,0.036020,17,0.5882,623,0.338,2
long_tail,comb_DJI_20241126103654_0048_V_621zoom.JPG,,protium panamense,0.122710,12,0.5000,626,0.338,12
long_tail,comb_DJI_20250930120259_0025_V_1430zoom.JPG,,guapira myrtiflora,0.358050,17,0.5882,628,0.338,2
long_tail,comb_DJI_20250926092033_0031_V_3937zoom.JPG,,guapira myrtiflora,0.326270,17,0.5882,630,0.338,2
long_tail,comb_DJI_20260317092259_0002_V_10774tele.JPG,,amphilophium crucigerum,0.209070,4,0.7500,637,0.336,10
long_tail,comb_DJI_20250522092659_0045_V_104zoom.JPG,,cordia alliodora,0.094560,11,0.5455,644,0.336,4
long_tail,comb_DJI_20250814135233_0029_V_7552zoom.JPG,,doliocarpus major,0.022950,1,1.0000,646,0.335,11
long_tail,comb_DJI_20251015130530_0007_V_6525zoom.JPG,,annona glabra,0.784690,0,,647,0.401,6
long_tail,comb_DJI_20250523083347_0023_V_155zoom.JPG,,cordia alliodora,0.042100,11,0.5455,648,0.335,4
long_tail,comb_DJI_20250806100321_0058_V_90zoom.JPG,,mimosa myriadenia,0.014080,0,,649,0.365,13
long_tail,comb_DJI_20250520093808_0024_V_123zoom.JPG,,prionostemma aspera,0.026880,6,0.5000,651,0.335,9
long_tail,comb_DJI_20241101100918_0044_V_619zoom.JPG,,omphalea diandra,0.759700,6,0.5000,653,0.334,3
long_tail,comb_DJI_20250717095103_0012_V_98zoom.JPG,,haematoxylum campechianum,0.015740,0,,656,0.337,12
long_tail,comb_DJI_20250522103832_0045_V_125zoom.JPG,,beilschmiedia tovarensis,0.063650,8,0.6250,657,0.334,6
long_tail,comb_DJI_20250520115351_0018_V_26zoom.JPG,,swartzia simplex,0.038800,2,0.5000,658,0.334,13
long_tail,comb_DJI_20260317101653_0011_V_11267tele.JPG,,fridericia patellifera,0.087300,14,0.5000,662,0.334,7
long_tail,comb_DJI_20250806100654_0072_V_74zoom.JPG,,doliocarpus major,0.300560,1,1.0000,668,0.390,11
long_tail,comb_DJI_20250110135743_0006_V_138zoom.JPG,,passiflora vesicaria,0.140320,0,,670,0.356,13
long_tail,comb_DJI_20250110135708_0004_V_11zoom.JPG,,croton billbergianus,0.175060,4,0.2500,673,0.333,7
long_tail,comb_DJI_20250304083524_0004_V_6604zoom.JPG,,entada polystachya,0.614060,0,,675,0.332,3
long_tail,comb_DJI_20260317090607_0027_V_10782tele.JPG,,fridericia patellifera,0.833620,14,0.5000,681,0.332,7
long_tail,comb_DJI_20250304110131_0030_V_3740zoom.JPG,,vatairea erythrocarpa,0.501550,3,0.6667,682,0.332,11
long_tail,comb_DJI_20240912091618_0008_V_3423zoom.JPG,,sloanea terniflora,0.014600,13,0.6154,686,0.331,9
long_tail,comb_DJI_20250110150816_0068_V_19zoom.JPG,,castilla elastica,0.486210,0,,687,0.357,4
long_tail,comb_DJI_20250523100728_0031_V_39zoom.JPG,,gaussia maya,0.014940,0,,695,0.331,13
long_tail,comb_DJI_20260318103610_0001_V_5324tele.JPG,,cordia alliodora,0.118260,11,0.5455,698,0.331,4
long_tail,comb_DJI_20250930115729_0005_V_4116zoom.JPG,,mormodes powellii,0.131680,0,,699,0.330,12
long_tail,comb_DJI_20240913112340_0026_V_4613zoom.JPG,,guapira myrtiflora,0.047470,17,0.5882,702,0.330,2
long_tail,comb_DJI_20250520100546_0030_V_114zoom.JPG,,pseudobombax septenatum,0.018910,27,0.5926,704,0.343,1
long_tail,comb_DJI_20250305125455_0016_V_6465zoom.JPG,,maripa panamensis,0.164620,6,0.6667,706,0.330,9
long_tail,comb_DJI_20250806102646_0016_V_55zoom.JPG,,doliocarpus major,0.398160,1,1.0000,707,0.330,11
long_tail,comb_DJI_20250813101635_0033_V_11435zoom.JPG,,amphilophium paniculatum,0.352590,4,0.7500,709,0.334,10
long_tail,comb_DJI_20260317095828_0039_V_5149tele.JPG,,trema micranthum,0.276530,7,0.7143,710,0.330,13
long_tail,comb_DJI_20250717090754_0006_V_135zoom.JPG,,casearia sylvestris,0.177320,0,,711,0.446,2
long_tail,comb_DJI_20250110155953_0056_V_55zoom.JPG,,fridericia patellifera,0.422150,14,0.5000,712,0.330,7
long_tail,comb_DJI_20251003121219_0007_V_2059zoom.JPG,,zanthoxylum panamense,0.029700,2,0.5000,713,0.448,13
long_tail,comb_DJI_20260311165148_0003_V_52tele.JPG,,spondias mombin,0.022710,34,0.5294,714,0.330,5
long_tail,comb_DJI_20241226111908_0028_V_2191zoom.JPG,,sapium glandulosum,0.970250,9,0.6667,717,0.329,13
long_tail,comb_DJI_20260112123340_0031_V_5120zoom.JPG,,guazuma ulmifolia,0.201870,11,0.6364,718,0.329,3
long_tail,comb_DJI_20260317101409_0001_V_5107tele.JPG,,amphilophium paniculatum,0.632410,4,0.7500,720,0.329,10
long_tail,comb_DJI_20250930120058_0017_V_2224zoom.JPG,,dialium guianense,0.023160,0,,722,0.329,13
long_tail,comb_DJI_20250204093830_0024_V_7043zoom.JPG,,urochloa distachyos,0.207030,0,,723,0.329,13
long_tail,comb_DJI_20251016120907_0049_V_7485zoom.JPG,,hylenaea praecelsa,0.106850,4,0.5000,724,0.329,11
long_tail,comb_DJI_20250926113416_0027_V_234zoom.JPG,,celtis iguanaea,0.683650,5,0.6000,727,0.359,7
long_tail,comb_DJI_20241226122104_0004_V_3241zoom.JPG,,cosmibuena macrocarpa,0.960500,2,1.0000,730,0.368,9
long_tail,comb_DJI_20251009105157_0039_V_1684zoom.JPG,,cordia alliodora,0.102170,11,0.5455,734,0.338,4
long_tail,comb_DJI_20250813142006_0023_V_974zoom.JPG,,fridericia patellifera,0.140500,14,0.5000,735,0.328,7
long_tail,comb_DJI_20250813141626_0011_V_1020zoom.JPG,,rhizophora mangle,0.064660,0,,740,0.339,13
long_tail,comb_DJI_20250523083026_0009_V_31zoom.JPG,,omphalea diandra,0.064840,6,0.5000,741,0.328,3
long_tail,comb_DJI_20250523095136_0065_V_100zoom.JPG,,prionostemma aspera,0.075230,6,0.5000,744,0.327,9
long_tail,comb_DJI_20241101110041_0034_V_830zoom.JPG,,trichospermum mexicanum,0.216630,1,1.0000,745,0.327,13
long_tail,comb_DJI_20260112115916_0007_V_3345zoom.JPG,,maripa panamensis,0.061660,6,0.6667,747,0.368,9
long_tail,comb_DJI_20250806102416_0006_V_154zoom.JPG,,guarea guidonia,0.295090,8,0.8750,750,0.326,12
long_tail,comb_DJI_20260317100128_0049_V_10814tele.JPG,,cordia alliodora,0.127880,11,0.5455,751,0.331,4
long_tail,comb_DJI_20250911100936_0015_V_2657zoom.JPG,,aiouea montana,0.127220,4,1.0000,752,0.326,14
long_tail,comb_DJI_20250814143419_0051_V_2154zoom.JPG,,adenocalymma inundatum,0.092260,0,,754,0.326,14
long_tail,comb_DJI_20260112115948_0009_V_3343zoom.JPG,,symphonia globulifera,0.201400,2,1.0000,756,0.326,10
long_tail,comb_DJI_20240912091350_0002_V_3673zoom.JPG,,combretum decandrum,0.043580,6,0.5000,757,0.401,6
long_tail,comb_DJI_20251003122241_0043_V_1429zoom.JPG,,cordia alliodora,0.275260,11,0.5455,759,0.325,4
long_tail,comb_DJI_20250522100957_0027_V_45zoom.JPG,,chrysophyllum argenteum,0.062020,3,0.6667,760,0.325,10
long_tail,comb_DJI_20240913111104_0070_V_5149zoom.JPG,,ocotea oblonga,0.022950,6,0.8333,761,0.325,7
long_tail,comb_DJI_20251015124115_0007_V_10010zoom.JPG,,cordia alliodora,0.042400,11,0.5455,763,0.325,4
long_tail,comb_DJI_20260317093648_0050_V_5913tele.JPG,,virola sebifera,0.147050,6,0.8333,765,0.340,9
long_tail,comb_DJI_20250807104940_0001_V_7605zoom.JPG,,hylenaea praecelsa,0.038840,4,0.5000,768,0.325,11
long_tail,comb_DJI_20250717093223_0006_V_91zoom.JPG,,guapira myrtiflora,0.087310,17,0.5882,769,0.325,2
long_tail,comb_DJI_20250522093914_0005_V_117zoom.JPG,,inga thibaudiana,0.110420,2,1.0000,770,0.325,9
long_tail,comb_DJI_20241127092115_0018_V_2306zoom.JPG,,quararibea stenophylla,0.410950,59,0.6949,773,0.324,8
long_tail,comb_DJI_20250522101514_0047_V_66zoom.JPG,,chamaedorea costaricana,0.035520,0,,775,0.324,14
long_tail,comb_DJI_20240912095518_0048_V_2298zoom.JPG,,entada polystachya,0.884100,0,,777,0.324,3
long_tail,comb_DJI_20260317095645_0033_V_5102tele.JPG,,guarea guidonia,0.117300,8,0.8750,778,0.324,12
long_tail,comb_DJI_20260318102801_0057_V_4430tele.JPG,,cnidoscolus megacanthus,0.090560,0,,781,0.432,3
long_tail,comb_DJI_20250110140900_0046_V_20zoom.JPG,,dioclea virgata,0.020550,0,,784,0.323,8
long_tail,comb_DJI_20250820094634_0003_V_6680zoom.JPG,,volkameria glabra,0.051690,0,,785,0.323,13
long_tail,comb_DJI_20250926111032_0039_V_2100zoom.JPG,,jasminum fluminense,0.088530,0,,790,0.322,14
long_tail,comb_DJI_20250522104209_0059_V_134zoom.JPG,,cespedesia spathulata,0.048220,0,,793,0.322,14
long_tail,comb_DJI_20251015131604_0011_V_6762zoom.JPG,,pseudobombax septenatum,0.183930,27,0.5926,794,0.322,1
long_tail,comb_DJI_20250522100820_0021_V_55zoom.JPG,,guarea guidonia,0.471450,8,0.8750,797,0.334,12
long_tail,comb_DJI_20240913110324_0042_V_5436zoom.JPG,,vatairea erythrocarpa,0.035200,3,0.6667,798,0.322,11
long_tail,comb_DJI_20250522101645_0053_V_65zoom.JPG,,cordia alliodora,0.044930,11,0.5455,800,0.377,4
long_tail,comb_DJI_20250814124626_0055_V_4265zoom.JPG,,guapira myrtiflora,0.279980,17,0.5882,802,0.350,2
long_tail,comb_DJI_20260114125758_0025_V_1360zoom.JPG,,tontelea passiflora,0.073490,4,0.2500,806,0.321,13
long_tail,comb_DJI_20250523090125_0049_V_53zoom.JPG,,ziziphus jujuba,0.099450,0,,807,0.376,14
long_tail,comb_DJI_20251006115158_0037_V_661zoom.JPG,,nectandra lineata,0.434200,7,0.7143,808,0.327,10
long_tail,comb_DJI_20260114095204_0003_V_7161zoom.JPG,,omphalea diandra,0.126650,6,0.5000,810,0.321,3
long_tail,comb_DJI_20250723124554_0039_V_6674zoom.JPG,,celtis iguanaea,0.472150,5,0.6000,811,0.321,7
long_tail,comb_DJI_20260320105206_0005_V_2915tele.JPG,,pristimera celastroides,0.189570,0,,815,0.417,14
long_tail,comb_DJI_20260317092951_0026_V_5815tele.JPG,,pristimera celastroides,0.026570,0,,816,0.340,14
long_tail,comb_DJI_20250305134619_0008_V_5027zoom.JPG,,spondias mombin,0.106630,34,0.5294,818,0.320,5
long_tail,comb_DJI_20250305093839_0004_V_3322zoom.JPG,,combretum decandrum,0.176160,6,0.5000,819,0.320,6
long_tail,comb_DJI_20260317090638_0029_V_10797tele.JPG,,fridericia patellifera,0.189120,14,0.5000,820,0.319,7
long_tail,comb_DJI_20250523083056_0011_V_22zoom.JPG,,guapira myrtiflora,0.209570,17,0.5882,823,0.319,2
long_tail,comb_DJI_20250807102702_0001_V_5656zoom.JPG,,genipa americana,0.126780,8,0.7500,827,0.319,8
long_tail,comb_DJI_20241024125912_0030_V_1062zoom.JPG,,hylenaea praecelsa,0.117840,4,0.5000,828,0.326,11
long_tail,comb_DJI_20250820110126_0035_V_5069zoom.JPG,,hylenaea praecelsa,0.423870,4,0.5000,835,0.318,11
long_tail,comb_DJI_20250304095630_0026_V_908zoom.JPG,,guarea guidonia,0.734600,8,0.8750,839,0.318,12
long_tail,comb_DJI_20241217101831_0028_V_3410zoom.JPG,,fridericia patellifera,0.203930,14,0.5000,840,0.318,7
long_tail,comb_DJI_20250930115921_0011_V_3970zoom.JPG,,lonchocarpus heptaphyllus,0.033730,7,0.5714,841,0.318,14
long_tail,comb_DJI_20240913111910_0012_V_5166zoom.JPG,,guarea guidonia,0.050810,8,0.8750,845,0.317,12
long_tail,comb_DJI_20250806104202_0006_V_103zoom.JPG,,iriartea deltoidea,0.062690,0,,849,0.446,5
long_tail,comb_DJI_20260320101914_0039_V_4678tele.JPG,,aiouea montana,0.204170,4,1.0000,850,0.316,14
long_tail,comb_DJI_20250807100447_0023_V_6481zoom.JPG,,cordia alliodora,0.051370,11,0.5455,852,0.316,4
long_tail,comb_DJI_20260318102653_0053_V_4449tele.JPG,,pseudobombax septenatum,0.763410,27,0.5926,854,0.469,1
long_tail,comb_DJI_20251017110946_0021_V_1353zoom.JPG,,sloanea terniflora,0.883360,13,0.6154,857,0.315,9
long_tail,comb_DJI_20251010091348_0001_V_2997zoom.JPG,,combretum decandrum,0.063730,6,0.5000,859,0.315,6
long_tail,comb_DJI_20250522105212_0009_V_6zoom.JPG,,quercus oleoides,0.105920,0,,860,0.315,14
long_tail,comb_DJI_20260114120010_0001_V_9939zoom.JPG,,cordia alliodora,0.176160,11,0.5455,862,0.315,4
long_tail,comb_DJI_20241024130426_0046_V_1803zoom.JPG,,jasminum fluminense,0.156400,0,,864,0.330,14
long_tail,comb_DJI_20260114100542_0051_V_4745zoom.JPG,,vanilla mexicana,0.019470,0,,870,0.352,14
long_tail,comb_DJI_20250814143004_0037_V_2430zoom.JPG,,dialium guianense,0.016080,0,,873,0.314,13
long_tail,comb_DJI_20250820114252_0001_V_7168zoom.JPG,,guapira myrtiflora,0.035910,17,0.5882,875,0.328,2
long_tail,comb_DJI_20260322093932_0043_V_1091tele.JPG,,omphalea diandra,0.296240,6,0.5000,877,0.314,3
long_tail,comb_DJI_20250523083801_0041_V_61zoom.JPG,,dalbergia ecastaphyllum,0.072040,0,,878,0.314,6
long_tail,comb_DJI_20260317095942_0043_V_5117tele.JPG,,amphilophium paniculatum,0.881740,4,0.7500,879,0.314,10
long_tail,comb_DJI_20250716125642_0017_V_109zoom.JPG,,pouteria reticulata,0.562140,3,0.6667,880,0.360,7
long_tail,comb_DJI_20250110142606_0014_V_177zoom.JPG,,vitis tiliifolia,0.230070,1,0.0000,882,0.401,14
long_tail,comb_DJI_20250522104137_0057_V_135zoom.JPG,,gouania lupuloides,0.354370,0,,884,0.357,14
long_tail,comb_DJI_20250520095829_0008_V_185zoom.JPG,,beilschmiedia tovarensis,0.037800,8,0.6250,887,0.364,6
long_tail,comb_DJI_20241107110023_0014_V_1382zoom.JPG,,amyris elemifera,0.150790,0,,888,0.313,14
long_tail,comb_DJI_20241101103926_0056_V_465zoom.JPG,,omphalea diandra,0.037160,6,0.5000,890,0.313,3
long_tail,comb_DJI_20260318092949_0021_V_572tele.JPG,,fridericia patellifera,0.433750,14,0.5000,895,0.326,7
long_tail,comb_DJI_20250110155738_0046_V_27zoom.JPG,,fridericia patellifera,0.476100,14,0.5000,897,0.313,7
long_tail,comb_DJI_20241127103949_0052_V_1540zoom.JPG,,tabernaemontana arborea,0.122210,19,0.6842,899,0.312,5
long_tail,comb_DJI_20250522100346_0003_V_100zoom.JPG,,guarea bullata,0.038000,0,,903,0.312,14
long_tail,comb_DJI_20250523084052_0053_V_127zoom.JPG,,sloanea terniflora,0.138270,13,0.6154,905,0.312,9
long_tail,comb_DJI_20250930120342_0027_V_1450zoom.JPG,,pithecellobium keyense,0.180880,0,,906,0.312,14
long_tail,comb_DJI_20251014113415_0033_V_6245zoom.JPG,,spondias mombin,0.368400,34,0.5294,910,0.320,5
long_tail,comb_DJI_20240912095944_0064_V_2627zoom.JPG,,cordia alliodora,0.250330,11,0.5455,912,0.311,4
long_tail,comb_DJI_20250110145224_0010_V_80zoom.JPG,,dioclea virgata,0.075590,0,,914,0.311,8
long_tail,comb_DJI_20250813132743_0013_V_802zoom.JPG,,quararibea asterolepis,0.896840,9,0.6667,915,0.311,12
long_tail,comb_DJI_20250813103251_0009_V_954zoom.JPG,,omphalea diandra,0.081520,6,0.5000,916,0.311,3
long_tail,comb_DJI_20250807103313_0021_V_7610zoom.JPG,,quararibea stenophylla,0.839420,59,0.6949,917,0.311,8
long_tail,comb_DJI_20250522093037_0059_V_111zoom.JPG,,sloanea terniflora,0.014510,13,0.6154,918,0.314,9
long_tail,comb_DJI_20250305104307_0026_V_1137zoom.JPG,,tynanthus croatianus,0.402450,2,0.5000,919,0.311,5
long_tail,comb_DJI_20251009092136_0001_V_10657zoom.JPG,,enterolobium cyclocarpum,0.829500,6,0.5000,924,0.310,3
long_tail,comb_DJI_20250522100854_0023_V_24zoom.JPG,,lonchocarpus heptaphyllus,0.150190,7,0.5714,925,0.310,14
long_tail,comb_DJI_20251017103646_0013_V_2685zoom.JPG,,callichlamys latifolia,0.605230,9,0.6667,926,0.332,13
long_tail,comb_DJI_20241217130809_0030_V_1481zoom.JPG,,bromelia karatas,0.035480,0,,927,0.431,14
long_tail,comb_DJI_20250520095908_0010_V_187zoom.JPG,,tabernaemontana arborea,0.127800,19,0.6842,928,0.310,5
long_tail,comb_DJI_20251001124002_0035_V_3551zoom.JPG,,melicoccus oliviformis,0.016380,0,,932,0.310,14
long_tail,comb_DJI_20260317095406_0023_V_5199tele.JPG,,drypetes lateriflora,0.015290,0,,936,0.309,14
long_tail,comb_DJI_20241218100829_0014_V_8458zoom.JPG,,doliocarpus major,0.301590,1,1.0000,939,0.309,11
long_tail,comb_DJI_20250110133240_0018_V_136zoom.JPG,,xylosma flexuosa,0.011840,0,,943,0.358,8
long_tail,comb_DJI_20250806110030_0020_V_111zoom.JPG,,omphalea diandra,0.085290,6,0.5000,948,0.315,3
long_tail,comb_DJI_20250520091632_0030_V_141zoom.JPG,,margaritaria nobilis,0.029350,1,0.0000,950,0.308,12
long_tail,comb_DJI_20250110150337_0052_V_8zoom.JPG,,croton billbergianus,0.199250,4,0.2500,951,0.316,7
long_tail,comb_DJI_20251010090510_0057_V_3566zoom.JPG,,vochysia ferruginea,0.107240,2,0.5000,952,0.308,2
long_tail,comb_DJI_20251010083835_0053_V_3139zoom.JPG,,mascagnia divaricata,0.124530,8,0.6250,954,0.309,14
long_tail,comb_DJI_20250523095406_0075_V_102zoom.JPG,,guapira myrtiflora,0.087290,17,0.5882,955,0.315,2
long_tail,comb_DJI_20241204104852_0016_V_2584zoom.JPG,,ficus cotinifolia,0.098350,0,,956,0.308,14
long_tail,comb_DJI_20251009101413_0013_V_9167zoom.JPG,,spondias mombin,0.844260,34,0.5294,958,0.357,5
long_tail,comb_DJI_20250523085046_0005_V_122zoom.JPG,,pachira sessilis,0.019640,5,0.8000,960,0.308,14
long_tail,comb_DJI_20250814135850_0051_V_6682zoom.JPG,,bignonia aequinoctialis,0.156260,4,0.2500,962,0.308,6
long_tail,comb_DJI_20250813144507_0033_V_2213zoom.JPG,,beilschmiedia tovarensis,0.367850,8,0.6250,969,0.325,6
long_tail,comb_DJI_20241226123309_0044_V_3120zoom.JPG,,doliocarpus major,0.123340,1,1.0000,970,0.309,11
long_tail,comb_DJI_20250226120746_0030_V_5890zoom.JPG,,pseudobombax septenatum,0.224670,27,0.5926,972,0.361,1
long_tail,comb_DJI_20260318092838_0017_V_7341tele.JPG,,entada polystachya,0.070770,0,,973,0.335,3
long_tail,comb_DJI_20241231105455_0018_V_7037zoom.JPG,,omphalea diandra,0.110960,6,0.5000,978,0.327,3
long_tail,comb_DJI_20251009091340_0059_V_10687zoom.JPG,,guarea guidonia,0.589700,8,0.8750,980,0.307,12
long_tail,comb_DJI_20251006115415_0045_V_2198zoom.JPG,,fridericia patellifera,0.203030,14,0.5000,983,0.307,7
long_tail,comb_DJI_20241202123958_0006_V_4085zoom.JPG,,guapira myrtiflora,0.753070,17,0.5882,984,0.306,2
long_tail,comb_DJI_20250304074609_0008_V_6201zoom.JPG,,guapira myrtiflora,0.256020,17,0.5882,985,0.306,2
long_tail,comb_DJI_20260318092441_0001_V_70tele.JPG,,aspidosperma megalocarpon,0.004130,0,,988,0.306,14
long_tail,comb_DJI_20251010112339_0053_V_7152zoom.JPG,,callichlamys latifolia,0.159170,9,0.6667,989,0.306,13
long_tail,comb_DJI_20250523094119_0023_V_46zoom.JPG,,maripa panamensis,0.100790,6,0.6667,990,0.306,9
long_tail,comb_DJI_20250724132732_0035_V_8744zoom.JPG,,lonchocarpus heptaphyllus,0.067750,7,0.5714,991,0.306,14
long_tail,comb_DJI_20241124085114_0020_V_872zoom.JPG,,hylenaea praecelsa,0.127420,4,0.5000,992,0.306,11
long_tail,comb_DJI_20250813091251_0021_V_10273zoom.JPG,,combretum decandrum,0.102130,6,0.5000,993,0.306,6
long_tail,comb_DJI_20241217105459_0042_V_1922zoom.JPG,,pouteria reticulata,0.033610,3,0.6667,994,0.366,7
long_tail,comb_DJI_20250806094928_0002_V_166zoom.JPG,,protium panamense,0.094520,12,0.5000,998,0.328,12
long_tail,comb_DJI_20260317084309_0029_V_8728tele.JPG,,fridericia schumanniana,0.132220,6,0.6667,1000,0.305,10
long_tail,comb_DJI_20241126102505_0012_V_482zoom.JPG,,maripa panamensis,0.162610,6,0.6667,1001,0.305,9
long_tail,comb_DJI_20241127095337_0028_V_2445zoom.JPG,,spondias mombin,0.391270,34,0.5294,1006,0.305,5
long_tail,comb_DJI_20250814135705_0045_V_7751zoom.JPG,,neolamarckia cadamba,0.627680,0,,1010,0.324,14
long_tail,comb_DJI_20241226133352_0040_V_1658zoom.JPG,,sloanea terniflora,0.820490,13,0.6154,1011,0.307,9
long_tail,comb_DJI_20241124091458_0012_V_556zoom.JPG,,metopium brownei,0.075540,0,,1012,0.310,14
long_tail,comb_DJI_20250520115128_0010_V_115zoom.JPG,,beilschmiedia tovarensis,0.072890,8,0.6250,1014,0.348,6
long_tail,comb_DJI_20241202122415_0048_V_3356zoom.JPG,,nectandra lineata,0.458160,7,0.7143,1017,0.339,10
long_tail,comb_DJI_20250806101448_0004_V_176zoom.JPG,,socratea exorrhiza,0.653970,2,0.0000,1020,0.401,8
long_tail,comb_DJI_20260114131601_0017_V_2664zoom.JPG,,amphilophium paniculatum,0.087070,4,0.7500,1021,0.364,10
long_tail,comb_DJI_20241126105118_0006_V_597zoom.JPG,,fridericia schumanniana,0.223750,6,0.6667,1022,0.303,10
long_tail,comb_DJI_20250523101738_0073_V_68zoom.JPG,,volkameria mollis,0.103050,0,,1025,0.308,14
long_tail,comb_DJI_20250813132819_0015_V_807zoom.JPG,,spondias mombin,0.025810,34,0.5294,1028,0.310,5
long_tail,comb_DJI_20250806103123_0034_V_99zoom.JPG,,serjania pyramidata,0.068620,2,1.0000,1029,0.303,14
long_tail,comb_DJI_20250820105910_0027_V_5121zoom.JPG,,ormosia macrocalyx,0.032920,1,0.0000,1034,0.302,11
long_tail,comb_DJI_20241127112513_0018_V_1338zoom.JPG,,casearia decandra,0.024180,0,,1037,0.331,11
long_tail,comb_DJI_20241127093128_0048_V_2246zoom.JPG,,hiraea grandifolia,0.215170,5,0.6000,1038,0.302,11
long_tail,comb_DJI_20241127100425_0060_V_2172zoom.JPG,,bignonia aequinoctialis,0.092010,4,0.2500,1039,0.302,6
long_tail,comb_DJI_20241127092153_0020_V_2298zoom.JPG,,prionostemma aspera,0.602280,6,0.5000,1040,0.315,9
long_tail,comb_DJI_20250716103203_0024_V_233zoom.JPG,,amphilophium paniculatum,0.107110,4,0.7500,1042,0.302,10
long_tail,comb_DJI_20250520094304_0044_V_158zoom.JPG,,guettarda macrosperma,0.039170,0,,1045,0.302,13
long_tail,comb_DJI_20240911155529_0036_V_5844zoom.JPG,,trichilia tuberculata,0.048510,21,0.6667,1049,0.302,8
long_tail,comb_DJI_20260320112254_0029_V_2715tele.JPG,,entada polystachya,0.040160,0,,1051,0.375,3
long_tail,comb_DJI_20250820114952_0023_V_7449zoom.JPG,,tontelea passiflora,0.345140,4,0.2500,1052,0.301,13
long_tail,comb_DJI_20251015113123_0011_V_7919zoom.JPG,,moquilea platypus,0.435960,3,0.3333,1055,0.301,11
long_tail,comb_DJI_20260317095228_0017_V_5929tele.JPG,,tontelea passiflora,0.108470,4,0.2500,1058,0.301,13
long_tail,comb_DJI_20250520103152_0042_V_231zoom.JPG,,neolamarckia cadamba,0.031910,0,,1061,0.324,14
long_tail,comb_DJI_20241217131023_0038_V_1907zoom.JPG,,fridericia schumanniana,0.252930,6,0.6667,1066,0.301,10
long_tail,comb_DJI_20250716131531_0014_V_33zoom.JPG,,fridericia patellifera,0.136390,14,0.5000,1068,0.301,7
long_tail,comb_DJI_20251010092919_0021_V_10575zoom.JPG,,doliocarpus major,0.320400,1,1.0000,1069,0.301,1
long_tail,comb_DJI_20250520091134_0014_V_239zoom.JPG,,protium tenuifolium,0.275020,7,0.8571,1070,0.303,8
long_tail,comb_DJI_20250814134418_0003_V_6964zoom.JPG,,combretum decandrum,0.374670,6,0.5000,1071,0.300,6
long_tail,comb_DJI_20250924105408_0009_V_1282zoom.JPG,,trichilia tuberculata,0.291440,21,0.6667,1075,0.300,8
long_tail,comb_DJI_20251003122002_0035_V_840zoom.JPG,,cordia alliodora,0.148300,11,0.5455,1077,0.328,4
long_tail,comb_DJI_20250806104727_0026_V_34zoom.JPG,,maripa panamensis,0.188610,6,0.6667,1078,0.300,9
long_tail,comb_DJI_20241101093710_0032_V_1206zoom.JPG,,tontelea passiflora,0.039910,4,0.2500,1083,0.300,13
long_tail,comb_DJI_20251010121637_0033_V_9309zoom.JPG,,aiouea montana,0.082260,4,1.0000,1086,0.382,14
long_tail,comb_DJI_20250806111329_0022_V_132zoom.JPG,,inga thibaudiana,0.689070,2,1.0000,1087,0.299,9
long_tail,comb_DJI_20250814134548_0009_V_7658zoom.JPG,,combretum decandrum,0.186750,6,0.5000,1090,0.299,6
long_tail,comb_DJI_20250807103204_0017_V_6912zoom.JPG,,spondias mombin,0.435390,34,0.5294,1092,0.299,5
long_tail,comb_DJI_20250520094203_0040_V_61zoom.JPG,,virola sebifera,0.301300,6,0.8333,1093,0.336,9
long_tail,comb_DJI_20250813091321_0023_V_10269zoom.JPG,,guapira myrtiflora,0.803430,17,0.5882,1094,0.299,2
long_tail,comb_DJI_20260114102817_0031_V_3688zoom.JPG,,cissus microcarpa,0.105960,0,,1095,0.330,14
long_tail,comb_DJI_20251014111318_0049_V_5923zoom.JPG,,heteropterys intermedia,0.063610,1,1.0000,1096,0.298,3
long_tail,comb_DJI_20250110142912_0024_V_47zoom.JPG,,triplaris melaenodendron,0.042790,0,,1101,0.320,14
long_tail,comb_DJI_20260317093538_0046_V_5982tele.JPG,,peritassa laevigata,0.106770,0,,1102,0.299,14
long_tail,comb_DJI_20250926110458_0019_V_2642zoom.JPG,,cordia alliodora,0.459830,11,0.5455,1103,0.298,4
long_tail,comb_DJI_20250106111149_0052_V_7062zoom.JPG,,inga spectabilis,0.119330,0,,1108,0.297,14
long_tail,comb_DJI_20260317084031_0019_V_8833tele.JPG,,mascagnia divaricata,0.454350,8,0.6250,1112,0.297,14
long_tail,comb_DJI_20260322090715_0011_V_4536tele.JPG,,ziziphus mauritiana,0.122350,0,,1113,0.297,14
long_tail,comb_DJI_20251001123644_0025_V_4252zoom.JPG,,doliocarpus major,0.242200,1,1.0000,1114,0.297,11
long_tail,comb_DJI_20250523085633_0029_V_73zoom.JPG,,beilschmiedia tovarensis,0.049750,8,0.6250,1116,0.297,6
long_tail,comb_DJI_20251001114237_0025_V_3376zoom.JPG,,heteropterys intermedia,0.158870,1,1.0000,1118,0.297,3
long_tail,comb_DJI_20250813101207_0019_V_10605zoom.JPG,,piscidia carthagenensis,0.016040,0,,1119,0.297,14
long_tail,comb_DJI_20241217130350_0016_V_2368zoom.JPG,,fridericia patellifera,0.698530,14,0.5000,1121,0.336,7
long_tail,comb_DJI_20251016123237_0049_V_3004zoom.JPG,,spondias mombin,0.119390,34,0.5294,1122,0.296,5
long_tail,comb_DJI_20250304105556_0018_V_2557zoom.JPG,,beilschmiedia tovarensis,0.347990,8,0.6250,1123,0.296,6
long_tail,comb_DJI_20260320110032_0035_V_1912tele.JPG,,tapirira guianensis,0.309660,0,,1125,0.344,14
long_tail,comb_DJI_20241126105218_0008_V_479zoom.JPG,,hirtella americana,0.129610,0,,1126,0.296,14
long_tail,comb_DJI_20260311170314_0041_V_4857tele.JPG,,pseudobombax septenatum,0.069460,27,0.5926,1127,0.296,1
long_tail,comb_DJI_20260320105343_0011_V_2904tele.JPG,,pseudobombax septenatum,0.095270,27,0.5926,1137,0.333,1
long_tail,comb_DJI_20250226132320_0028_V_1262zoom.JPG,,protium panamense,0.053420,12,0.5000,1140,0.295,12
long_tail,comb_DJI_20250522103936_0049_V_5zoom.JPG,,protium panamense,0.027180,12,0.5000,1142,0.318,12
long_tail,comb_DJI_20250522094013_0009_V_115zoom.JPG,,beilschmiedia tovarensis,0.163200,8,0.6250,1147,0.295,6
long_tail,comb_DJI_20250813112447_0021_V_10256zoom.JPG,,quararibea stenophylla,0.128830,59,0.6949,1151,0.294,8
long_tail,comb_DJI_20260112122753_0011_V_6145zoom.JPG,,colubrina arborescens,0.496480,0,,1155,0.305,14
long_tail,comb_DJI_20260320111559_0003_V_1884tele.JPG,,moquilea platypus,0.014880,3,0.3333,1158,0.328,11
long_tail,comb_DJI_20241204092728_0026_V_3163zoom.JPG,,beilschmiedia tovarensis,0.108640,8,0.6250,1160,0.294,6
long_tail,comb_DJI_20250911104430_0011_V_3231zoom.JPG,,hylenaea praecelsa,0.052480,4,0.5000,1162,0.294,11
long_tail,comb_DJI_20251014115009_0009_V_5159zoom.JPG,,tontelea passiflora,0.432840,4,0.2500,1163,0.330,13
long_tail,comb_DJI_20250806101856_0020_V_39zoom.JPG,,guilandina bonduc,0.015780,0,,1164,0.544,12
long_tail,comb_DJI_20241226105305_0028_V_506zoom.JPG,,annona spraguei,0.283530,1,0.0000,1168,0.301,11
long_tail,comb_DJI_20251003115318_0019_V_494zoom.JPG,,pouteria reticulata,0.245200,3,0.6667,1171,0.293,7
long_tail,comb_DJI_20250820115028_0025_V_7437zoom.JPG,,enterolobium cyclocarpum,0.782540,6,0.5000,1179,0.301,3
long_tail,comb_DJI_20250110143021_0028_V_4zoom.JPG,,bignonia corymbosa,0.086530,3,0.0000,1183,0.292,14
long_tail,comb_DJI_20241101095616_0008_V_860zoom.JPG,,croton billbergianus,0.042700,4,0.2500,1185,0.335,7
long_tail,comb_DJI_20250520101041_0050_V_17zoom.JPG,,ocotea oblonga,0.063690,6,0.8333,1186,0.299,7
long_tail,comb_DJI_20250814143235_0045_V_2861zoom.JPG,,aegiphila elata,0.105400,0,,1187,0.294,8
long_tail,comb_DJI_20251015133024_0005_V_6429zoom.JPG,,cordia alliodora,0.122270,11,0.5455,1190,0.291,4
long_tail,comb_DJI_20250226125011_0014_V_4207zoom.JPG,,cordia alliodora,0.086220,11,0.5455,1197,0.329,4
long_tail,comb_DJI_20241024132602_0026_V_728zoom.JPG,,sloanea terniflora,0.099690,13,0.6154,1198,0.329,9
long_tail,comb_DJI_20250522092731_0047_V_105zoom.JPG,,protium tenuifolium,0.187760,7,0.8571,1199,0.339,8
long_tail,comb_DJI_20250305100738_0018_V_2485zoom.JPG,,fridericia patellifera,0.527900,14,0.5000,1200,0.306,7
long_tail,comb_DJI_20241204094948_0006_V_1392zoom.JPG,,moquilea platypus,0.429120,3,0.3333,1201,0.313,11
long_tail,comb_DJI_20240912084841_0004_V_2898zoom.JPG,,bactris maraja,0.057720,0,,1202,0.291,2
long_tail,comb_DJI_20250206105448_0028_V_3130zoom.JPG,,tabernaemontana arborea,0.087840,19,0.6842,1205,0.291,5
long_tail,comb_DJI_20250930120541_0035_V_1256zoom.JPG,,fridericia floribunda,0.114200,0,,1206,0.290,9
long_tail,comb_DJI_20251003105833_0027_V_1335zoom.JPG,,serjania brachycarpa,0.446520,0,,1207,0.356,14
long_tail,comb_DJI_20250523093924_0015_V_43zoom.JPG,,cryptostegia grandiflora,0.026970,0,,1210,0.342,14
long_tail,comb_DJI_20250520094441_0050_V_110zoom.JPG,,ficus pertusa,0.005670,0,,1211,0.344,14
long_tail,comb_DJI_20241124085518_0034_V_562zoom.JPG,,vatairea erythrocarpa,0.079280,3,0.6667,1212,0.295,11
long_tail,comb_DJI_20241204104952_0018_V_1655zoom.JPG,,guapira myrtiflora,0.161680,17,0.5882,1214,0.291,2
long_tail,comb_DJI_20250813101713_0035_V_11465zoom.JPG,,jasminum sambac,0.030630,0,,1217,0.290,14
long_tail,comb_DJI_20251009095406_0027_V_9036zoom.JPG,,dolichandra unguis-cati,0.204020,1,0.0000,1218,0.290,14
long_tail,comb_DJI_20250520094132_0038_V_108zoom.JPG,,symphonia globulifera,0.024320,2,1.0000,1219,0.290,10
long_tail,comb_DJI_20260114103301_0049_V_4822zoom.JPG,,fridericia patellifera,0.086420,14,0.5000,1225,0.290,7
long_tail,comb_DJI_20250717091830_0044_V_92zoom.JPG,,sterculia tragacantha,0.061800,0,,1228,0.290,6
long_tail,comb_DJI_20251015125617_0061_V_5299zoom.JPG,,spondias mombin,0.933020,34,0.5294,1239,0.289,5
long_tail,comb_DJI_20250716121551_0034_V_7zoom.JPG,,mascagnia ovatifolia,0.271450,5,0.2000,1240,0.289,12
long_tail,comb_DJI_20250930113931_0019_V_5639zoom.JPG,,vatairea erythrocarpa,0.095540,3,0.6667,1241,0.320,11
long_tail,comb_DJI_20250523083858_0045_V_89zoom.JPG,,tabernaemontana arborea,0.403520,19,0.6842,1242,0.290,5
long_tail,comb_DJI_20250814134521_0007_V_7715zoom.JPG,,combretum decandrum,0.502000,6,0.5000,1243,0.300,6
long_tail,comb_DJI_20250813132348_0003_V_11921zoom.JPG,,celtis iguanaea,0.668560,5,0.6000,1246,0.288,7
long_tail,comb_DJI_20251009092433_0013_V_11704zoom.JPG,,guarea guidonia,0.443760,8,0.8750,1247,0.306,12
long_tail,comb_DJI_20251014122426_0001_V_5659zoom.JPG,,tontelea passiflora,0.070920,4,0.2500,1249,0.288,13
long_tail,comb_DJI_20241217135446_0022_V_1060zoom.JPG,,sloanea terniflora,0.103070,13,0.6154,1250,0.318,9
long_tail,comb_DJI_20250520115651_0028_V_212zoom.JPG,,protium panamense,0.107340,12,0.5000,1253,0.288,12
long_tail,comb_DJI_20250522095308_0059_V_72zoom.JPG,,celtis iguanaea,0.042830,5,0.6000,1256,0.331,7
long_tail,comb_DJI_20250717094909_0006_V_95zoom.JPG,,celtis iguanaea,0.128460,5,0.6000,1257,0.287,7
long_tail,comb_DJI_20250520100025_0014_V_172zoom.JPG,,guapira myrtiflora,0.037380,17,0.5882,1258,0.290,2
long_tail,comb_DJI_20250813101338_0025_V_11949zoom.JPG,,amphilophium paniculatum,0.186540,4,0.7500,1261,0.287,10
long_tail,comb_DJI_20251009083753_0019_V_8143zoom.JPG,,fridericia patellifera,0.300010,14,0.5000,1262,0.287,7
long_tail,comb_DJI_20250523100755_0033_V_138zoom.JPG,,didymopanax morototoni,0.702320,3,0.3333,1263,0.287,13
long_tail,comb_DJI_20260317092452_0008_V_5202tele.JPG,,omphalea diandra,0.301050,6,0.5000,1264,0.340,3
long_tail,comb_DJI_20250523085955_0043_V_84zoom.JPG,,didymopanax morototoni,0.068700,3,0.3333,1265,0.287,13
long_tail,comb_DJI_20240911145633_0026_V_970zoom.JPG,,cenostigma eriostachys,0.028990,0,,1272,0.287,14
long_tail,comb_DJI_20241211101334_0034_V_1800zoom.JPG,,vochysia ferruginea,0.862010,2,0.5000,1274,0.375,2
long_tail,comb_DJI_20250520093511_0014_V_170zoom.JPG,,licaria triandra,0.064200,0,,1276,0.286,14
long_tail,comb_DJI_20260114103034_0039_V_4837zoom.JPG,,prionostemma aspera,0.241010,6,0.5000,1278,0.300,9
long_tail,comb_DJI_20250206093030_0032_V_1384zoom.JPG,,beilschmiedia tovarensis,0.230230,8,0.6250,1280,0.312,1
long_tail,comb_DJI_20260318095237_0019_V_1012tele.JPG,,omphalea diandra,0.069110,6,0.5000,1281,0.286,3
long_tail,comb_DJI_20250522093946_0007_V_109zoom.JPG,,celtis iguanaea,0.149100,5,0.6000,1285,0.320,7
long_tail,comb_DJI_20250523090348_0059_V_17zoom.JPG,,trema micranthum,0.055190,7,0.7143,1286,0.308,13
long_tail,comb_DJI_20251016104302_0001_V_12136zoom.JPG,,omphalea diandra,0.104190,6,0.5000,1287,0.286,3
long_tail,comb_DJI_20251003114902_0003_V_2491zoom.JPG,,guarea guidonia,0.036080,8,0.8750,1289,0.286,12
long_tail,comb_DJI_20241101101320_0054_V_268zoom.JPG,,protium panamense,0.557890,12,0.5000,1291,0.285,12
long_tail,comb_DJI_20250110152637_0004_V_62zoom.JPG,,cecropia angustifolia,0.070750,0,,1293,0.285,14
long_tail,comb_DJI_20250522105242_0011_V_10zoom.JPG,,attalea butyracea,0.049090,59,0.6780,1296,0.293,15
long_tail,comb_DJI_20241204143623_0008_V_4601zoom.JPG,,spondias mombin,0.190790,34,0.5294,1299,0.285,5
long_tail,comb_DJI_20250813135515_0017_V_896zoom.JPG,,dolichandra unguis-cati,0.152540,1,0.0000,1300,0.294,14
long_tail,comb_DJI_20241226112107_0034_V_2860zoom.JPG,,pseudobombax septenatum,0.921140,27,0.5926,1303,0.285,1
long_tail,comb_DJI_20241127091955_0014_V_2101zoom.JPG,,hylenaea praecelsa,0.061860,4,0.5000,1304,0.319,11
long_tail,comb_DJI_20260318102138_0033_V_3509tele.JPG,,fridericia schumanniana,0.045060,6,0.6667,1305,0.284,10
long_tail,comb_DJI_20260317091103_0045_V_10842tele.JPG,,protium tenuifolium,0.164580,7,0.8571,1307,0.299,8
long_tail,comb_DJI_20250110155649_0042_V_207zoom.JPG,,canavalia rosea,0.102310,0,,1313,0.339,15
long_tail,comb_DJI_20250304093144_0014_V_383zoom.JPG,,tynanthus croatianus,0.070640,2,0.5000,1314,0.284,5
long_tail,comb_DJI_20250814135204_0027_V_7599zoom.JPG,,maripa panamensis,0.237680,6,0.6667,1319,0.284,9
long_tail,comb_DJI_20251015130745_0015_V_7841zoom.JPG,,dioclea virgata,0.175830,0,,1321,0.284,8
long_tail,comb_DJI_20250110140748_0042_V_59zoom.JPG,,combretum decandrum,0.443410,6,0.5000,1324,0.284,6
long_tail,comb_DJI_20250110145325_0014_V_119zoom.JPG,,chrysophyllum argenteum,0.206840,3,0.6667,1325,0.444,10
long_tail,comb_DJI_20240913114516_0006_V_4149zoom.JPG,,combretum decandrum,0.046560,6,0.5000,1326,0.333,6
long_tail,comb_DJI_20241204102124_0012_V_769zoom.JPG,,virola sebifera,0.131040,6,0.8333,1327,0.283,9
long_tail,comb_DJI_20251003105430_0013_V_850zoom.JPG,,bignonia aequinoctialis,0.254590,4,0.2500,1328,0.283,6
long_tail,comb_DJI_20240911155720_0042_V_6020zoom.JPG,,fridericia patellifera,0.078390,14,0.5000,1330,0.283,7
long_tail,comb_DJI_20241226122824_0028_V_3162zoom.JPG,,tanaecium pyramidatum,0.123950,2,0.0000,1331,0.283,15
long_tail,comb_DJI_20250520101109_0052_V_67zoom.JPG,,virola sebifera,0.123270,6,0.8333,1336,0.296,9
long_tail,comb_DJI_20251010102716_0005_V_2898zoom.JPG,,hylenaea praecelsa,0.231600,4,0.5000,1339,0.284,11
long_tail,comb_DJI_20251014122912_0015_V_5706zoom.JPG,,zanthoxylum panamense,0.223320,2,0.5000,1342,0.283,13
long_tail,comb_DJI_20250813141852_0019_V_11502zoom.JPG,,cordia alliodora,0.241120,11,0.5455,1345,0.282,4
long_tail,comb_DJI_20250723130907_0039_V_10898zoom.JPG,,faramea occidentalis,0.016000,1,0.0000,1346,0.282,15
long_tail,comb_DJI_20250813141927_0021_V_11526zoom.JPG,,fridericia patellifera,0.504410,14,0.5000,1347,0.282,7
long_tail,comb_DJI_20260114132256_0037_V_2158zoom.JPG,,guapira myrtiflora,0.092040,17,0.5882,1348,0.282,2
long_tail,comb_DJI_20250523100233_0011_V_91zoom.JPG,,guapira myrtiflora,0.208150,17,0.5882,1349,0.282,2
long_tail,comb_DJI_20250723124440_0037_V_6657zoom.JPG,,prionostemma aspera,0.159240,6,0.5000,1350,0.282,9
long_tail,comb_DJI_20241124091305_0006_V_592zoom.JPG,,maripa panamensis,0.044380,6,0.6667,1351,0.282,9
long_tail,comb_DJI_20250522094956_0047_V_32zoom.JPG,,hylenaea praecelsa,0.050250,4,0.5000,1354,0.342,11
long_tail,comb_DJI_20260114120049_0003_V_10862zoom.JPG,,bignonia aequinoctialis,0.128910,4,0.2500,1359,0.372,6
long_tail,comb_DJI_20250807111913_0029_V_6970zoom.JPG,,trema micranthum,0.891080,7,0.7143,1363,0.281,13
long_tail,comb_DJI_20250820112158_0011_V_4974zoom.JPG,,nectandra lineata,0.263310,7,0.7143,1371,0.314,10
long_tail,comb_DJI_20250926110558_0023_V_2348zoom.JPG,,ocotea oblonga,0.447610,6,0.8333,1372,0.280,7
long_tail,comb_DJI_20260114100251_0041_V_4664zoom.JPG,,amphilophium crucigerum,0.779580,4,0.7500,1378,0.280,10
long_tail,comb_DJI_20250806105706_0008_V_116zoom.JPG,,protium tenuifolium,0.127020,7,0.8571,1379,0.280,8
long_tail,comb_DJI_20240913113715_0064_V_4144zoom.JPG,,protium tenuifolium,0.453400,7,0.8571,1380,0.280,8
long_tail,comb_DJI_20250523101542_0065_V_65zoom.JPG,,guazuma ulmifolia,0.243880,11,0.6364,1382,0.294,3
long_tail,comb_DJI_20250522103802_0043_V_126zoom.JPG,,guapira myrtiflora,0.019040,17,0.5882,1385,0.350,2
long_tail,comb_DJI_20250110162039_0016_V_23zoom.JPG,,protium tenuifolium,0.258650,7,0.8571,1386,0.312,8
long_tail,comb_DJI_20241218120104_0028_V_2557zoom.JPG,,beilschmiedia tovarensis,0.523860,8,0.6250,1390,0.426,6
long_tail,comb_DJI_20250926112645_0001_V_2371zoom.JPG,,fridericia schumanniana,0.374520,6,0.6667,1391,0.279,10
long_tail,comb_DJI_20240913110812_0060_V_5414zoom.JPG,,fridericia patellifera,0.060130,14,0.5000,1392,0.289,7
long_tail,comb_DJI_20251016114539_0057_V_4235zoom.JPG,,hymenaea courbaril,0.137560,5,0.4000,1394,0.279,15
long_tail,comb_DJI_20250110152154_0026_V_118zoom.JPG,,castilla elastica,0.081610,0,,1398,0.360,4
long_tail,comb_DJI_20240911155909_0048_V_5873zoom.JPG,,fridericia patellifera,0.285210,14,0.5000,1399,0.278,7
long_tail,comb_DJI_20250715124149_0002_V_335zoom.JPG,,prionostemma aspera,0.626020,6,0.5000,1402,0.278,9
long_tail,comb_DJI_20250522094242_0019_V_142zoom.JPG,,doliocarpus major,0.159960,1,1.0000,1403,0.278,11
long_tail,comb_DJI_20251014112253_0003_V_5821zoom.JPG,,casearia guianensis,0.223520,0,,1407,0.284,15
long_tail,comb_DJI_20250204103228_0034_V_7402zoom.JPG,,cordia alliodora,0.101850,11,0.5455,1410,0.277,4
long_tail,comb_DJI_20250806111908_0044_V_113zoom.JPG,,cordia bicolor,0.398740,3,0.6667,1411,0.277,15
long_tail,comb_DJI_20250110141148_0056_V_46zoom.JPG,,pseudalbizzia adinocephala,0.144060,0,,1413,0.365,11
long_tail,comb_DJI_20250110151837_0014_V_5zoom.JPG,,amphilophium paniculatum,0.178120,4,0.7500,1417,0.277,10
long_tail,comb_DJI_20250924103655_0023_V_1570zoom.JPG,,fridericia patellifera,0.318630,14,0.5000,1421,0.276,7
long_tail,comb_DJI_20250523085829_0037_V_74zoom.JPG,,cordia alliodora,0.144130,11,0.5455,1422,0.297,4
long_tail,comb_DJI_20251010085632_0027_V_4216zoom.JPG,,doliocarpus major,0.713060,1,1.0000,1424,0.302,11
long_tail,comb_DJI_20241204144434_0032_V_3657zoom.JPG,,virola fosteri,0.019150,2,0.5000,1425,0.299,5
long_tail,comb_DJI_20251014111216_0045_V_6485zoom.JPG,,fridericia schumanniana,0.118720,6,0.6667,1427,0.276,10
long_tail,comb_DJI_20250813135153_0005_V_901zoom.JPG,,celtis iguanaea,0.478290,5,0.6000,1428,0.278,7
long_tail,comb_DJI_20250522095235_0057_V_158zoom.JPG,,fridericia schumanniana,0.027140,6,0.6667,1435,0.276,10
long_tail,comb_DJI_20251016105633_0049_V_6854zoom.JPG,,lonchocarpus heptaphyllus,0.465410,7,0.5714,1437,0.275,14
long_tail,comb_DJI_20250724100534_0025_V_9981zoom.JPG,,quararibea stenophylla,0.979070,59,0.6949,1441,0.275,8
long_tail,comb_DJI_20241218101238_0026_V_8063zoom.JPG,,pachira sessilis,0.148510,5,0.8000,1442,0.332,14
long_tail,comb_DJI_20250520093437_0012_V_80zoom.JPG,,cassipourea elliptica,0.297660,2,0.5000,1447,0.275,15
long_tail,comb_DJI_20250813110711_0026_V_9660zoom.JPG,,ocotea oblonga,0.361370,6,0.8333,1448,0.373,7
long_tail,comb_DJI_20250522100645_0015_V_80zoom.JPG,,inga edulis,0.132820,0,,1450,0.274,15
long_tail,comb_DJI_20240911153056_0038_V_4270zoom.JPG,,ocotea oblonga,0.037600,6,0.8333,1453,0.274,7
long_tail,comb_DJI_20241101105043_0010_V_889zoom.JPG,,lonchocarpus heptaphyllus,0.672550,7,0.5714,1455,0.274,14
long_tail,comb_DJI_20240911155641_0040_V_6144zoom.JPG,,doliocarpus major,0.277380,1,1.0000,1456,0.305,11
long_tail,comb_DJI_20250522103425_0029_V_136zoom.JPG,,hylenaea praecelsa,0.090010,4,0.5000,1459,0.282,11
long_tail,comb_DJI_20250522092241_0029_V_147zoom.JPG,,cordia alliodora,0.118000,11,0.5455,1465,0.273,4
long_tail,comb_DJI_20241101093405_0020_V_683zoom.JPG,,omphalea diandra,0.062980,6,0.5000,1470,0.273,3
long_tail,comb_DJI_20250522095514_0067_V_74zoom.JPG,,machaerium isadelphum,0.016320,3,0.3333,1471,0.273,15
long_tail,comb_DJI_20250911100759_0009_V_2648zoom.JPG,,lonchocarpus heptaphyllus,0.059470,7,0.5714,1472,0.272,14
long_tail,comb_DJI_20250520100205_0018_V_166zoom.JPG,,couepia polyandra,0.037260,0,,1475,0.373,15
long_tail,comb_DJI_20251014113944_0051_V_5609zoom.JPG,,guapira myrtiflora,0.157260,17,0.5882,1476,0.272,2
long_tail,comb_DJI_20241126102948_0026_V_660zoom.JPG,,protium panamense,0.369230,12,0.5000,1479,0.289,12
long_tail,comb_DJI_20250820114648_0013_V_7971zoom.JPG,,tanaecium pyramidatum,0.199680,2,0.0000,1482,0.271,15
long_tail,comb_DJI_20250227134548_0016_V_4482zoom.JPG,,hylenaea praecelsa,0.118990,4,0.5000,1484,0.271,11
long_tail,comb_DJI_20241101101008_0046_V_420zoom.JPG,,doliocarpus major,0.241100,1,1.0000,1485,0.280,11
long_tail,comb_DJI_20251003115143_0013_V_2454zoom.JPG,,fridericia schumanniana,0.512930,6,0.6667,1486,0.271,10
long_tail,comb_DJI_20250110150525_0058_V_9zoom.JPG,,croton billbergianus,0.455270,4,0.2500,1489,0.395,7
long_tail,comb_DJI_20260114115044_0031_V_8746zoom.JPG,,cespedesia spathulata,0.222260,0,,1491,0.271,14
long_tail,comb_DJI_20260318101311_0003_V_2831tele.JPG,,lonchocarpus heptaphyllus,0.082870,7,0.5714,1494,0.270,14
long_tail,comb_DJI_20250110152608_0002_V_98zoom.JPG,,castilla elastica,0.017290,0,,1496,0.399,4
long_tail,comb_DJI_20241101095957_0018_V_869zoom.JPG,,maripa panamensis,0.362280,6,0.6667,1497,0.270,9
long_tail,comb_DJI_20250523100300_0013_V_71zoom.JPG,,hylenaea praecelsa,0.437470,4,0.5000,1499,0.272,11
long_tail,comb_DJI_20250930120513_0033_V_2123zoom.JPG,,jasminum fluminense,0.177220,0,,1500,0.294,14
long_tail,comb_DJI_20250523102233_0001_V_56zoom.JPG,,sapium glandulosum,0.126300,9,0.6667,1501,0.309,13
long_tail,comb_DJI_20241024130127_0036_V_1297zoom.JPG,,guapira myrtiflora,0.246120,17,0.5882,1502,0.270,2
long_tail,comb_DJI_20251014103639_0005_V_4854zoom.JPG,,andira inermis,0.078820,0,,1503,0.270,12
long_tail,comb_DJI_20250110145527_0022_V_142zoom.JPG,,castilla elastica,0.752670,0,,1508,0.386,4
long_tail,comb_DJI_20250523083221_0017_V_21zoom.JPG,,beilschmiedia tovarensis,0.335030,8,0.6250,1510,0.280,6
long_tail,comb_DJI_20241226130720_0052_V_3339zoom.JPG,,hylenaea praecelsa,0.169200,4,0.5000,1516,0.269,11
long_tail,comb_DJI_20250523090021_0045_V_79zoom.JPG,,guapira myrtiflora,0.240250,17,0.5882,1517,0.302,2
long_tail,comb_DJI_20250806105817_0012_V_145zoom.JPG,,nypa fruticans,0.089280,0,,1527,0.306,15
long_tail,comb_DJI_20250106100802_0038_V_5256zoom.JPG,,muellera monilis,0.016960,0,,1530,0.269,8
long_tail,comb_DJI_20251015134802_0067_V_8640zoom.JPG,,cissus erosa,0.541000,1,1.0000,1534,0.459,1
long_tail,comb_DJI_20250813112554_0025_V_11544zoom.JPG,,fridericia patellifera,0.573020,14,0.5000,1536,0.268,7
long_tail,comb_DJI_20260114100508_0049_V_5814zoom.JPG,,callichlamys latifolia,0.090130,9,0.6667,1537,0.268,13
long_tail,comb_DJI_20241217101435_0014_V_3407zoom.JPG,,bursera schlechtendalii,0.065840,0,,1550,0.267,7
long_tail,comb_DJI_20241107104918_0058_V_1667zoom.JPG,,lonchocarpus heptaphyllus,0.223830,7,0.5714,1552,0.284,14
long_tail,comb_DJI_20251017121701_0007_V_9439zoom.JPG,,trema micranthum,0.705480,7,0.7143,1554,0.267,13
long_tail,comb_DJI_20250110161938_0012_V_85zoom.JPG,,didymopanax morototoni,0.604800,3,0.3333,1555,0.327,13
long_tail,comb_DJI_20260317090711_0031_V_10821tele.JPG,,amphilophium paniculatum,0.656540,4,0.7500,1559,0.279,10
long_tail,comb_DJI_20241124091155_0002_V_750zoom.JPG,,fridericia patellifera,0.528060,14,0.5000,1562,0.266,7
long_tail,comb_DJI_20250813135929_0029_V_1042zoom.JPG,,guapira myrtiflora,0.132420,17,0.5882,1568,0.266,2
long_tail,comb_DJI_20250523090621_0069_V_142zoom.JPG,,protium panamense,0.158030,12,0.5000,1569,0.337,12
long_tail,comb_DJI_20251010120825_0005_V_8013zoom.JPG,,combretum fruticosum,0.171830,1,1.0000,1571,0.266,6
long_tail,comb_DJI_20240913112713_0036_V_4595zoom.JPG,,combretum fruticosum,0.072340,1,1.0000,1573,0.289,6
long_tail,comb_DJI_20241127112625_0022_V_971zoom.JPG,,prionostemma aspera,0.504250,6,0.5000,1579,0.291,9
long_tail,comb_DJI_20250522104034_0053_V_132zoom.JPG,,omphalea diandra,0.174300,6,0.5000,1581,0.323,3
long_tail,comb_DJI_20250806102855_0024_V_157zoom.JPG,,cordia bicolor,0.600030,3,0.6667,1584,0.276,15
long_tail,comb_DJI_20251016120704_0045_V_7491zoom.JPG,,spondias mombin,0.165330,34,0.5294,1586,0.265,5
long_tail,comb_DJI_20250807113940_0009_V_5025zoom.JPG,,styrax argenteus,0.038450,0,,1587,0.323,15
long_tail,comb_DJI_20250724123602_0023_V_1088zoom.JPG,,hylenaea praecelsa,0.211010,4,0.5000,1589,0.265,11
long_tail,comb_DJI_20241126104004_0058_V_632zoom.JPG,,aspidosperma desmanthum,0.274290,25,0.2400,1598,0.264,12
long_tail,comb_DJI_20250724094315_0011_V_9285zoom.JPG,,mascagnia ovatifolia,0.695750,5,0.2000,1600,0.264,12
long_tail,comb_DJI_20250806094139_0014_V_160zoom.JPG,,protium tenuifolium,0.034820,7,0.8571,1606,0.264,8
long_tail,comb_DJI_20250520093216_0004_V_94zoom.JPG,,guapira myrtiflora,0.066400,17,0.5882,1608,0.327,2
long_tail,comb_DJI_20251014114937_0007_V_4758zoom.JPG,,heteropterys intermedia,0.043460,1,1.0000,1609,0.281,3
long_tail,comb_DJI_20260317093256_0036_V_5919tele.JPG,,persea caerulea,0.038720,0,,1616,0.263,15
long_tail,comb_DJI_20260114110043_0057_V_3250zoom.JPG,,pisonia aculeata,0.084140,0,,1617,0.317,10
long_tail,comb_DJI_20241202123527_0006_V_3618zoom.JPG,,guapira myrtiflora,0.394110,17,0.5882,1620,0.304,2
long_tail,comb_DJI_20251003115250_0017_V_138zoom.JPG,,tontelea passiflora,0.145710,4,0.2500,1621,0.263,13
long_tail,comb_DJI_20241124084925_0014_V_734zoom.JPG,,vatairea erythrocarpa,0.215990,3,0.6667,1624,0.280,11
long_tail,comb_DJI_20250522103005_0013_V_93zoom.JPG,,bignonia aequinoctialis,0.087040,4,0.2500,1629,0.290,6
long_tail,comb_DJI_20260114114551_0015_V_9545zoom.JPG,,bignonia aequinoctialis,0.253270,4,0.2500,1632,0.262,6
long_tail,comb_DJI_20251017103322_0001_V_2233zoom.JPG,,sloanea terniflora,0.875710,13,0.6154,1633,0.262,9
long_tail,comb_DJI_20250807112139_0037_V_6353zoom.JPG,,thouinidium decandrum,0.028060,0,,1652,0.265,11
long_tail,comb_DJI_20250930113830_0015_V_5641zoom.JPG,,aegiphila elata,0.413350,0,,1654,0.273,8
long_tail,comb_DJI_20241127094522_0004_V_2201zoom.JPG,,guapira myrtiflora,0.055910,17,0.5882,1657,0.316,2
long_tail,comb_DJI_20251009093734_0059_V_10073zoom.JPG,,casearia laetioides,0.058830,3,0.6667,1658,0.261,15
long_tail,comb_DJI_20251010112407_0055_V_7165zoom.JPG,,fridericia schumanniana,0.148590,6,0.6667,1659,0.261,10
long_tail,comb_DJI_20251014111108_0041_V_6474zoom.JPG,,spondias mombin,0.334980,34,0.5294,1667,0.261,5
long_tail,comb_DJI_20250806102821_0022_V_26zoom.JPG,,guarea guidonia,0.230340,8,0.8750,1670,0.279,12
long_tail,comb_DJI_20251016102949_0053_V_1041zoom.JPG,,virola fosteri,0.316290,2,0.5000,1674,0.378,5
long_tail,comb_DJI_20251014111352_0051_V_5873zoom.JPG,,fridericia patellifera,0.045170,14,0.5000,1676,0.260,7
long_tail,comb_DJI_20250522092107_0023_V_108zoom.JPG,,cordia alliodora,0.496600,11,0.5455,1677,0.260,4
long_tail,comb_DJI_20250806093919_0006_V_155zoom.JPG,,cespedesia spathulata,0.483590,0,,1680,0.260,14
long_tail,comb_DJI_20250813135820_0025_V_1051zoom.JPG,,fridericia patellifera,0.586600,14,0.5000,1681,0.260,7
long_tail,comb_DJI_20250806100456_0064_V_70zoom.JPG,,socratea exorrhiza,0.084110,2,0.0000,1685,0.356,8
long_tail,comb_DJI_20250814140024_0057_V_6078zoom.JPG,,cissus erosa,0.120980,1,1.0000,1686,0.259,1
long_tail,comb_DJI_20241226101226_0002_V_2454zoom.JPG,,moquilea platypus,0.099040,3,0.3333,1688,0.285,11
long_tail,comb_DJI_20251015133205_0011_V_5423zoom.JPG,,amyris elemifera,0.073020,0,,1690,0.259,14
long_tail,comb_DJI_20250806101821_0018_V_87zoom.JPG,,beilschmiedia tovarensis,0.097590,8,0.6250,1696,0.376,6
long_tail,comb_DJI_20250806094956_0004_V_167zoom.JPG,,tabernaemontana arborea,0.087570,19,0.6842,1701,0.258,5
long_tail,comb_DJI_20250930122700_0017_V_608zoom.JPG,,trichilia tuberculata,0.409800,21,0.6667,1704,0.285,8
long_tail,comb_DJI_20250110162242_0024_V_61zoom.JPG,,cecropia angustifolia,0.037930,0,,1705,0.258,14
long_tail,comb_DJI_20250717091649_0038_V_129zoom.JPG,,prionostemma aspera,0.239340,6,0.5000,1711,0.259,9
long_tail,comb_DJI_20250110133058_0012_V_64zoom.JPG,,croton billbergianus,0.130940,4,0.2500,1713,0.348,7
long_tail,comb_DJI_20251014111457_0055_V_5806zoom.JPG,,tontelea passiflora,0.189640,4,0.2500,1715,0.261,13
long_tail,comb_DJI_20260114100217_0039_V_5479zoom.JPG,,passiflora serratodigitata,0.088260,0,,1716,0.258,15
long_tail,comb_DJI_20250110155713_0044_V_24zoom.JPG,,maripa panamensis,0.228200,6,0.6667,1717,0.258,9
long_tail,comb_DJI_20251015114002_0043_V_987zoom.JPG,,cosmibuena macrocarpa,0.710450,2,1.0000,1722,0.368,9
long_tail,comb_DJI_20241204093608_0048_V_2009zoom.JPG,,virola montana,0.009740,0,,1725,0.257,15
long_tail,comb_DJI_20241024130605_0052_V_1516zoom.JPG,,tontelea passiflora,0.308490,4,0.2500,1728,0.308,13
long_tail,comb_DJI_20251015122901_0051_V_7557zoom.JPG,,fridericia patellifera,0.310020,14,0.5000,1735,0.258,7
long_tail,comb_DJI_20250110162107_0018_V_143zoom.JPG,,neustanthus phaseoloides,0.123920,0,,1737,0.315,15
long_tail,comb_DJI_20260318104803_0043_V_5401tele.JPG,,vatairea erythrocarpa,0.293040,3,0.6667,1740,0.256,11
long_tail,comb_DJI_20250806111226_0018_V_118zoom.JPG,,brosimum guianense,0.016060,0,,1742,0.291,15
long_tail,comb_DJI_20251015131708_0015_V_7833zoom.JPG,,callichlamys latifolia,0.114280,9,0.6667,1745,0.270,13
long_tail,comb_DJI_20240912094821_0026_V_3671zoom.JPG,,doliocarpus major,0.020650,1,1.0000,1747,0.256,11
long_tail,comb_DJI_20250522094042_0011_V_113zoom.JPG,,sloanea terniflora,0.191060,13,0.6154,1750,0.256,9
long_tail,comb_DJI_20251016115756_0011_V_4747zoom.JPG,,cosmibuena macrocarpa,0.768780,2,1.0000,1751,0.256,9
long_tail,comb_DJI_20260320103958_0049_V_3703tele.JPG,,pouteria glomerata,0.130540,0,,1752,0.256,15
long_tail,comb_DJI_20251014112325_0005_V_6370zoom.JPG,,amphilophium paniculatum,0.203830,4,0.7500,1753,0.256,10
long_tail,comb_DJI_20250305132608_0022_V_4561zoom.JPG,,sloanea terniflora,0.468640,13,0.6154,1756,0.255,9
long_tail,comb_DJI_20250110133342_0022_V_160zoom.JPG,,dioclea virgata,0.126690,0,,1757,0.255,8
long_tail,comb_DJI_20251016124508_0013_V_27zoom.JPG,,guapira myrtiflora,0.236810,17,0.5882,1761,0.268,2
long_tail,comb_DJI_20241127092841_0040_V_2076zoom.JPG,,bignonia aequinoctialis,0.757480,4,0.2500,1767,0.255,6
long_tail,comb_DJI_20250523095039_0061_V_137zoom.JPG,,hylenaea praecelsa,0.037080,4,0.5000,1769,0.332,11
long_tail,comb_DJI_20250110145253_0012_V_79zoom.JPG,,castilla elastica,0.129820,0,,1771,0.325,4
long_tail,comb_DJI_20251016101924_0015_V_10922zoom.JPG,,ficus yoponensis,0.255200,3,0.3333,1772,0.254,15
long_tail,comb_DJI_20251016113432_0015_V_7242zoom.JPG,,virola fosteri,0.063160,2,0.5000,1773,0.254,5
long_tail,comb_DJI_20250520102340_0012_V_2zoom.JPG,,nectandra lineata,0.065730,7,0.7143,1780,0.276,10
long_tail,comb_DJI_20251016124849_0027_V_3127zoom.JPG,,cordia alliodora,0.098380,11,0.5455,1781,0.254,4
long_tail,comb_DJI_20250226105245_0056_V_2422zoom.JPG,,guapira myrtiflora,0.226350,17,0.5882,1783,0.271,2
long_tail,comb_DJI_20260114125513_0017_V_1435zoom.JPG,,callichlamys latifolia,0.166730,9,0.6667,1787,0.277,13
long_tail,comb_DJI_20250716114435_0002_V_4zoom.JPG,,guarea guidonia,0.330970,8,0.8750,1792,0.287,12
long_tail,comb_DJI_20250522101200_0035_V_37zoom.JPG,,dialium guianense,0.018170,0,,1796,0.253,13
long_tail,comb_DJI_20250305125012_0006_V_5721zoom.JPG,,hymenaea courbaril,0.255360,5,0.4000,1798,0.252,15
long_tail,comb_DJI_20241226143246_0012_V_914zoom.JPG,,moquilea platypus,0.235480,3,0.3333,1803,0.274,11
long_tail,comb_DJI_20251010103651_0037_V_608zoom.JPG,,combretum decandrum,0.082610,6,0.5000,1804,0.301,6
long_tail,comb_DJI_20250106105828_0018_V_4909zoom.JPG,,combretum decandrum,0.091310,6,0.5000,1807,0.286,6
long_tail,comb_DJI_20250717095425_0022_V_120zoom.JPG,,quararibea stenophylla,0.301980,59,0.6949,1811,0.252,8
long_tail,comb_DJI_20251015134054_0041_V_6230zoom.JPG,,combretum decandrum,0.283830,6,0.5000,1812,0.265,6
long_tail,comb_DJI_20240913110545_0050_V_5446zoom.JPG,,vitis tiliifolia,0.109290,1,0.0000,1814,0.422,14
long_tail,comb_DJI_20250814125922_0013_V_6909zoom.JPG,,nectandra lineata,0.680850,7,0.7143,1816,0.316,10
long_tail,comb_DJI_20250806110942_0008_V_61zoom.JPG,,sloanea terniflora,0.082300,13,0.6154,1817,0.277,9
long_tail,comb_DJI_20250813090936_0009_V_10259zoom.JPG,,fridericia schumanniana,0.137880,6,0.6667,1818,0.251,10
long_tail,comb_DJI_20241024133515_0054_V_2115zoom.JPG,,omphalea diandra,0.373600,6,0.5000,1822,0.254,3
long_tail,comb_DJI_20250806095936_0042_V_86zoom.JPG,,protium tenuifolium,0.089080,7,0.8571,1823,0.250,8
long_tail,comb_DJI_20251003105555_0019_V_1372zoom.JPG,,sloanea terniflora,0.937360,13,0.6154,1825,0.283,9
long_tail,comb_DJI_20250106110804_0042_V_5823zoom.JPG,,bignonia aequinoctialis,0.191050,4,0.2500,1828,0.301,6
long_tail,comb_DJI_20250717091343_0026_V_118zoom.JPG,,quararibea stenophylla,0.315490,59,0.6949,1836,0.278,8
long_tail,comb_DJI_20241107110653_0034_V_2170zoom.JPG,,cissus erosa,0.032440,1,1.0000,1838,0.249,1
long_tail,comb_DJI_20251010103721_0039_V_553zoom.JPG,,heteropterys intermedia,0.251500,1,1.0000,1842,0.249,3
long_tail,comb_DJI_20250814142003_0001_V_5119zoom.JPG,,spondias mombin,0.782390,34,0.5294,1845,0.249,5
long_tail,comb_DJI_20250813141512_0007_V_1000zoom.JPG,,amphilophium crucigerum,0.420180,4,0.7500,1847,0.249,10
long_tail,comb_DJI_20250523094447_0037_V_87zoom.JPG,,vochysia ferruginea,0.375690,2,0.5000,1849,0.297,2
long_tail,comb_DJI_20260317095503_0027_V_5889tele.JPG,,spondias mombin,0.123680,34,0.5294,1850,0.249,5
long_tail,comb_DJI_20250806111458_0028_V_129zoom.JPG,,ligustrum sinense,0.013000,0,,1852,0.271,9
long_tail,comb_DJI_20241101093529_0026_V_926zoom.JPG,,protium tenuifolium,0.053360,7,0.8571,1854,0.249,8
long_tail,comb_DJI_20250814105559_0025_V_7176zoom.JPG,,maripa panamensis,0.057260,6,0.6667,1857,0.248,9
long_tail,comb_DJI_20250110145728_0030_V_15zoom.JPG,,castilla elastica,0.749590,0,,1859,0.375,4
long_tail,comb_DJI_20250924105503_0013_V_1299zoom.JPG,,cordia alliodora,0.514550,11,0.5455,1863,0.248,4
long_tail,comb_DJI_20241127085613_0008_V_2154zoom.JPG,,guarea guidonia,0.962640,8,0.8750,1865,0.309,12
long_tail,comb_DJI_20250523084138_0057_V_93zoom.JPG,,guapira myrtiflora,0.229660,17,0.5882,1866,0.261,2
long_tail,comb_DJI_20260317095906_0041_V_5113tele.JPG,,tabernaemontana arborea,0.517670,19,0.6842,1870,0.294,5
long_tail,comb_DJI_20250520120059_0042_V_218zoom.JPG,,guapira myrtiflora,0.124950,17,0.5882,1877,0.324,2
long_tail,comb_DJI_20250813124022_0023_V_8969zoom.JPG,,cordia alliodora,0.332310,11,0.5455,1880,0.268,4
long_tail,comb_DJI_20250522090101_0023_V_22zoom.JPG,,gouania lupuloides,0.355570,0,,1882,0.343,14
long_tail,comb_DJI_20251016104512_0009_V_10189zoom.JPG,,nectandra lineata,0.365120,7,0.7143,1883,0.330,10
long_tail,comb_DJI_20250205100344_0014_V_7369zoom.JPG,,omphalea diandra,0.292560,6,0.5000,1885,0.314,3
long_tail,comb_DJI_20241107103817_0018_V_2770zoom.JPG,,trichilia tuberculata,0.092650,21,0.6667,1887,0.247,8
long_tail,comb_DJI_20241124090526_0028_V_568zoom.JPG,,bignonia aequinoctialis,0.192010,4,0.2500,1891,0.270,6
long_tail,comb_DJI_20241204150618_0008_V_3315zoom.JPG,,guapira myrtiflora,0.463960,17,0.5882,1892,0.246,2
long_tail,comb_DJI_20251010082356_0003_V_795zoom.JPG,,doliocarpus major,0.281280,1,1.0000,1894,0.246,11
long_tail,comb_DJI_20250520092013_0042_V_104zoom.JPG,,guapira myrtiflora,0.086610,17,0.5882,1896,0.302,2
long_tail,comb_DJI_20240912092325_0028_V_2375zoom.JPG,,fridericia patellifera,0.367880,14,0.5000,1905,0.250,7
long_tail,comb_DJI_20250814142931_0035_V_2832zoom.JPG,,chrysophyllum argenteum,0.451940,3,0.6667,1906,0.245,10
long_tail,comb_DJI_20250110140717_0040_V_155zoom.JPG,,mascagnia vacciniifolia,0.078580,0,,1909,0.457,15
long_tail,comb_DJI_20250806102748_0020_V_150zoom.JPG,,celtis iguanaea,0.066100,5,0.6000,1910,0.395,7
long_tail,comb_DJI_20241127112656_0024_V_963zoom.JPG,,hylenaea praecelsa,0.258120,4,0.5000,1912,0.260,11
long_tail,comb_DJI_20241226141003_0050_V_8zoom.JPG,,ormosia macrocalyx,0.239700,1,0.0000,1913,0.322,11
long_tail,comb_DJI_20251003114755_0001_V_2006zoom.JPG,,guarea guidonia,0.043310,8,0.8750,1914,0.245,12
long_tail,comb_DJI_20250523094515_0039_V_117zoom.JPG,,guapira myrtiflora,0.177660,17,0.5882,1921,0.279,2
long_tail,comb_DJI_20250522101027_0029_V_47zoom.JPG,,manicaria saccifera,0.251500,0,,1922,0.393,15
long_tail,comb_DJI_20250522094917_0045_V_41zoom.JPG,,sloanea terniflora,0.101110,13,0.6154,1931,0.344,9
long_tail,comb_DJI_20250813140042_0033_V_11545zoom.JPG,,cordia alliodora,0.160820,11,0.5455,1934,0.278,4
long_tail,comb_DJI_20250806095830_0038_V_36zoom.JPG,,vochysia ferruginea,0.096590,2,0.5000,1935,0.255,2
long_tail,comb_DJI_20241226104550_0012_V_211zoom.JPG,,paullinia fuscescens,0.048690,4,0.5000,1936,0.246,5
long_tail,comb_DJI_20250110140609_0036_V_29zoom.JPG,,combretum laxum,0.117500,0,,1937,0.244,7
long_tail,comb_DJI_20241101102227_0004_V_398zoom.JPG,,protium tenuifolium,0.214400,7,0.8571,1939,0.244,8
long_tail,comb_DJI_20260320105633_0021_V_3947tele.JPG,,gustavia superba,0.546550,14,0.5714,1941,0.243,15
long_tail,comb_DJI_20250110160548_0012_V_68zoom.JPG,,castilla elastica,0.338060,0,,1942,0.400,4
long_tail,comb_DJI_20250813090719_0003_V_10321zoom.JPG,,quararibea asterolepis,0.084810,9,0.6667,1943,0.265,12
long_tail,comb_DJI_20240911145423_0018_V_1503zoom.JPG,,acrostichum aureum,0.018190,0,,1945,0.243,15
long_tail,comb_DJI_20260318102513_0047_V_3448tele.JPG,,vatairea erythrocarpa,0.220050,3,0.6667,1947,0.243,11
long_tail,comb_DJI_20241024132256_0014_V_1554zoom.JPG,,bactris maraja,0.065540,0,,1948,0.242,2
long_tail,comb_DJI_20250226110351_0006_V_3201zoom.JPG,,homalium racemosum,0.016890,0,,1950,0.305,15
long_tail,comb_DJI_20241202121503_0026_V_2838zoom.JPG,,attalea butyracea,0.359030,59,0.6780,1952,0.242,15
long_tail,comb_DJI_20251006121936_0021_V_471zoom.JPG,,guapira myrtiflora,0.028200,17,0.5882,1953,0.255,2
long_tail,comb_DJI_20250813130515_0027_V_9588zoom.JPG,,amphilophium paniculatum,0.907700,4,0.7500,1955,0.242,10
long_tail,comb_DJI_20260114121659_0057_V_10391zoom.JPG,,paullinia fuscescens,0.251600,4,0.5000,1959,0.283,5
long_tail,comb_DJI_20260114113720_0007_V_2761zoom.JPG,,lonchocarpus heptaphyllus,0.029760,7,0.5714,1965,0.242,14
long_tail,comb_DJI_20241024134757_0006_V_1339zoom.JPG,,attalea butyracea,0.551500,59,0.6780,1967,0.242,15
long_tail,comb_DJI_20250723113258_0039_V_8044zoom.JPG,,hylenaea praecelsa,0.238530,4,0.5000,1977,0.275,11
long_tail,comb_DJI_20240911145600_0024_V_1486zoom.JPG,,attalea butyracea,0.676400,59,0.6780,1980,0.240,15
long_tail,comb_DJI_20250520102643_0024_V_30zoom.JPG,,tabernaemontana arborea,0.245810,19,0.6842,1983,0.240,5
long_tail,comb_DJI_20250806112226_0056_V_137zoom.JPG,,guapira myrtiflora,0.271340,17,0.5882,1985,0.240,2
long_tail,comb_DJI_20251017090433_0005_V_9820zoom.JPG,,spondias mombin,0.693070,34,0.5294,1987,0.240,5
long_tail,comb_DJI_20250110150927_0072_V_170zoom.JPG,,castilla elastica,0.748840,0,,1988,0.427,4
long_tail,comb_DJI_20250930113859_0017_V_6444zoom.JPG,,annona spraguei,0.251680,1,0.0000,1990,0.240,11
long_tail,comb_DJI_20251016113807_0029_V_7196zoom.JPG,,ocotea oblonga,0.182690,6,0.8333,1995,0.322,7
long_tail,comb_DJI_20250305123841_0008_V_6086zoom.JPG,,hymenaea courbaril,0.169010,5,0.4000,1997,0.239,15
long_tail,comb_DJI_20260114105536_0039_V_3742zoom.JPG,,tontelea passiflora,0.088450,4,0.2500,1998,0.321,13
long_tail,comb_DJI_20251001104504_0023_V_1479zoom.JPG,,spondias mombin,0.240540,34,0.5294,2001,0.239,5
long_tail,comb_DJI_20241204111919_0016_V_2185zoom.JPG,,combretum fruticosum,0.044730,1,1.0000,2002,0.251,6
long_tail,comb_DJI_20240913110009_0032_V_5202zoom.JPG,,cordia alliodora,0.393130,11,0.5455,2003,0.292,4
long_tail,comb_DJI_20260114103333_0051_V_5832zoom.JPG,,protium panamense,0.080230,12,0.5000,2004,0.264,12
long_tail,comb_DJI_20240913114428_0004_V_4403zoom.JPG,,combretum decandrum,0.339910,6,0.5000,2008,0.302,6
long_tail,comb_DJI_20241101102409_0008_V_263zoom.JPG,,protium panamense,0.119950,12,0.5000,2010,0.238,12
long_tail,comb_DJI_20251010093908_0007_V_11656zoom.JPG,,quararibea asterolepis,0.164320,9,0.6667,2011,0.263,12
long_tail,comb_DJI_20250806111806_0040_V_119zoom.JPG,,cosmibuena macrocarpa,0.247530,2,1.0000,2012,0.238,9
long_tail,comb_DJI_20241211101240_0032_V_1521zoom.JPG,,protium panamense,0.157180,12,0.5000,2016,0.238,12
long_tail,comb_DJI_20251016105346_0041_V_9170zoom.JPG,,callichlamys latifolia,0.136050,9,0.6667,2020,0.279,13
long_tail,comb_DJI_20241204105829_0038_V_258zoom.JPG,,sloanea terniflora,0.611540,13,0.6154,2021,0.238,9
long_tail,comb_DJI_20250813090644_0001_V_9793zoom.JPG,,lonchocarpus heptaphyllus,0.227620,7,0.5714,2022,0.237,14
long_tail,comb_DJI_20260114100725_0057_V_3555zoom.JPG,,guapira myrtiflora,0.116560,17,0.5882,2025,0.263,2
long_tail,comb_DJI_20251017094118_0019_V_10641zoom.JPG,,sapium glandulosum,0.765490,9,0.6667,2027,0.237,13
long_tail,comb_DJI_20250813115116_0005_V_7925zoom.JPG,,combretum fruticosum,0.133330,1,1.0000,2028,0.237,6
long_tail,comb_DJI_20250522102002_0065_V_90zoom.JPG,,manilkara chicle,0.014240,0,,2035,0.286,15
long_tail,comb_DJI_20251014112812_0013_V_6349zoom.JPG,,callichlamys latifolia,0.337360,9,0.6667,2042,0.244,13
long_tail,comb_DJI_20250926102754_0029_V_2721zoom.JPG,,tabernaemontana arborea,0.623420,19,0.6842,2052,0.236,5
long_tail,comb_DJI_20251014113340_0031_V_6260zoom.JPG,,tontelea passiflora,0.232260,4,0.2500,2057,0.235,13
long_tail,comb_DJI_20250814142859_0033_V_3356zoom.JPG,,combretum decandrum,0.052140,6,0.5000,2058,0.235,6
long_tail,comb_DJI_20241217132902_0016_V_4247zoom.JPG,,sloanea terniflora,0.032390,13,0.6154,2059,0.238,9
long_tail,comb_DJI_20251001125439_0003_V_2881zoom.JPG,,pithecellobium keyense,0.012040,0,,2060,0.248,14
long_tail,comb_DJI_20251003115349_0021_V_496zoom.JPG,,zanthoxylum panamense,0.175680,2,0.5000,2061,0.235,13
long_tail,comb_DJI_20260114125427_0015_V_1471zoom.JPG,,virola fosteri,0.114030,2,0.5000,2067,0.339,5
long_tail,comb_DJI_20250924103210_0005_V_1293zoom.JPG,,guarea guidonia,0.858940,8,0.8750,2070,0.235,12
long_tail,comb_DJI_20240911153438_0050_V_4522zoom.JPG,,sapium glandulosum,0.494540,9,0.6667,2074,0.234,13
long_tail,comb_DJI_20251015131305_0001_V_5746zoom.JPG,,spondias mombin,0.949140,34,0.5294,2076,0.236,5
long_tail,comb_DJI_20250814132047_0003_V_9237zoom.JPG,,combretum decandrum,0.792650,6,0.5000,2079,0.234,6
long_tail,comb_DJI_20241126102834_0022_V_670zoom.JPG,,trichilia tuberculata,0.221850,21,0.6667,2084,0.234,8
long_tail,comb_DJI_20260114105207_0027_V_4895zoom.JPG,,virola sebifera,0.839920,6,0.8333,2089,0.256,9
long_tail,comb_DJI_20241202112035_0034_V_1495zoom.JPG,,pseudobombax septenatum,0.180880,27,0.5926,2092,0.233,1
long_tail,comb_DJI_20260318100433_0065_V_1601tele.JPG,,ardisia palmana,0.002430,0,,2093,0.261,15
long_tail,comb_DJI_20250717095306_0018_V_32zoom.JPG,,quararibea asterolepis,0.087610,9,0.6667,2097,0.236,12
long_tail,comb_DJI_20260114121618_0055_V_10383zoom.JPG,,trema micranthum,0.435780,7,0.7143,2099,0.233,13
long_tail,comb_DJI_20250807111058_0003_V_8368zoom.JPG,,callichlamys latifolia,0.086240,9,0.6667,2102,0.232,13
long_tail,comb_DJI_20250520091935_0040_V_190zoom.JPG,,vochysia ferruginea,0.040340,2,0.5000,2112,0.352,2
long_tail,comb_DJI_20241226095153_0028_V_3077zoom.JPG,,virola fosteri,0.012280,2,0.5000,2113,0.355,5
long_tail,comb_DJI_20241202115350_0036_V_8zoom.JPG,,guapira myrtiflora,0.401510,17,0.5882,2115,0.231,2
long_tail,comb_DJI_20250523082859_0003_V_18zoom.JPG,,tabernaemontana arborea,0.456850,19,0.6842,2117,0.231,5
long_tail,comb_DJI_20251010082856_0019_V_2398zoom.JPG,,guarea guidonia,0.920260,8,0.8750,2122,0.258,12
long_tail,comb_DJI_20250305135037_0016_V_4656zoom.JPG,,pseudobombax septenatum,0.415840,27,0.5926,2123,0.298,1
long_tail,comb_DJI_20251015125411_0053_V_4528zoom.JPG,,lonchocarpus heptaphyllus,0.279880,7,0.5714,2127,0.258,14
long_tail,comb_DJI_20251015134307_0049_V_6331zoom.JPG,,pachira sessilis,0.856410,5,0.8000,2129,0.230,14
long_tail,comb_DJI_20250522101613_0051_V_145zoom.JPG,,gouania lupuloides,0.196430,0,,2133,0.321,14
long_tail,comb_DJI_20251006111836_0041_V_2246zoom.JPG,,guapira myrtiflora,0.211840,17,0.5882,2134,0.230,2
long_tail,comb_DJI_20250806100930_0082_V_67zoom.JPG,,brassavola nodosa,0.007490,0,,2135,0.379,12
long_tail,comb_DJI_20250110133413_0024_V_75zoom.JPG,,vitis tiliifolia,0.155760,1,0.0000,2137,0.408,14
long_tail,comb_DJI_20250724104531_0003_V_11744zoom.JPG,,hylenaea praecelsa,0.243930,4,0.5000,2139,0.241,11
long_tail,comb_DJI_20250110145945_0038_V_167zoom.JPG,,clerodendrum speciosissimum,0.038890,0,,2141,0.332,15
long_tail,comb_DJI_20250926113236_0021_V_4472zoom.JPG,,cordia alliodora,0.732490,11,0.5455,2146,0.229,4
long_tail,comb_DJI_20250110150303_0050_V_222zoom.JPG,,castilla elastica,0.408330,0,,2148,0.314,4
long_tail,comb_DJI_20241204112203_0022_V_1571zoom.JPG,,virola fosteri,0.003450,2,0.5000,2152,0.361,5
long_tail,comb_DJI_20241226111949_0030_V_2506zoom.JPG,,hylenaea praecelsa,0.071760,4,0.5000,2167,0.231,11
long_tail,comb_DJI_20241124091340_0008_V_751zoom.JPG,,fridericia patellifera,0.049810,14,0.5000,2169,0.228,7
long_tail,comb_DJI_20250523100951_0041_V_30zoom.JPG,,cordia alliodora,0.072020,11,0.5455,2170,0.228,1
long_tail,comb_DJI_20251014110850_0035_V_6030zoom.JPG,,doliocarpus major,0.705880,1,1.0000,2173,0.242,11
long_tail,comb_DJI_20250814142140_0007_V_4720zoom.JPG,,pseudobombax septenatum,0.464890,27,0.5926,2180,0.227,1
long_tail,comb_DJI_20250522085904_0017_V_12zoom.JPG,,genipa americana,0.113590,8,0.7500,2184,0.286,8
long_tail,comb_DJI_20251017100440_0001_V_11892zoom.JPG,,guarea guidonia,0.095450,8,0.8750,2188,0.266,12
long_tail,comb_DJI_20250926110358_0015_V_2637zoom.JPG,,cordia alliodora,0.970980,11,0.5455,2191,0.227,4
long_tail,comb_DJI_20260114123353_0027_V_9776zoom.JPG,,symphonia globulifera,0.176630,2,1.0000,2196,0.341,10
long_tail,comb_DJI_20250523102457_0011_V_151zoom.JPG,,guapira myrtiflora,0.045640,17,0.5882,2198,0.365,2
long_tail,comb_DJI_20241226111007_0006_V_707zoom.JPG,,samanea saman,0.053370,0,,2199,0.226,15
long_tail,comb_DJI_20250814143453_0053_V_2011zoom.JPG,,maripa panamensis,0.122960,6,0.6667,2202,0.226,9
long_tail,comb_DJI_20250522094550_0031_V_43zoom.JPG,,tabernaemontana arborea,0.241380,19,0.6842,2203,0.226,5
long_tail,comb_DJI_20251015132027_0027_V_7761zoom.JPG,,gustavia superba,0.915790,14,0.5714,2205,0.226,15
long_tail,comb_DJI_20251017115357_0003_V_10387zoom.JPG,,ocotea oblonga,0.099870,6,0.8333,2210,0.226,7
long_tail,comb_DJI_20241204150726_0012_V_3280zoom.JPG,,virola sebifera,0.928180,6,0.8333,2213,0.225,9
long_tail,comb_DJI_20241127112357_0014_V_1198zoom.JPG,,coccoloba excelsa,0.198970,2,0.0000,2217,0.281,15
long_tail,comb_DJI_20260320101701_0031_V_3763tele.JPG,,tontelea passiflora,0.451820,4,0.2500,2221,0.225,13
long_tail,comb_DJI_20250926110755_0031_V_2675zoom.JPG,,sapium glandulosum,0.687850,9,0.6667,2224,0.225,13
long_tail,comb_DJI_20250522101303_0039_V_69zoom.JPG,,sloanea terniflora,0.055090,13,0.6154,2225,0.281,9
long_tail,comb_DJI_20260114104810_0013_V_5884zoom.JPG,,celtis iguanaea,0.146300,5,0.6000,2226,0.225,7
long_tail,comb_DJI_20250930114551_0041_V_5048zoom.JPG,,callichlamys latifolia,0.072860,9,0.6667,2232,0.274,13
long_tail,comb_DJI_20260318102418_0043_V_4423tele.JPG,,nectandra lineata,0.729990,7,0.7143,2233,0.344,10
long_tail,comb_DJI_20250724095915_0003_V_8840zoom.JPG,,schaefferia frutescens,0.100960,0,,2236,0.224,15
long_tail,comb_DJI_20251016122437_0019_V_3542zoom.JPG,,spondias mombin,0.223080,34,0.5294,2238,0.224,5
long_tail,comb_DJI_20251010083141_0029_V_3216zoom.JPG,,combretum decandrum,0.277010,6,0.5000,2239,0.354,6
long_tail,comb_DJI_20251014104208_0023_V_11172zoom.JPG,,vatairea erythrocarpa,0.331940,3,0.6667,2240,0.245,11
long_tail,comb_DJI_20241217134928_0006_V_3769zoom.JPG,,guapira myrtiflora,0.199500,17,0.5882,2243,0.223,2
long_tail,comb_DJI_20241107110758_0036_V_1705zoom.JPG,,chrysophyllum argenteum,0.058060,3,0.6667,2244,0.278,10
long_tail,comb_DJI_20251010091638_0011_V_1443zoom.JPG,,guarea guidonia,0.609160,8,0.8750,2249,0.289,12
long_tail,comb_DJI_20250806102312_0002_V_42zoom.JPG,,sloanea terniflora,0.881890,13,0.6154,2250,0.309,9
long_tail,comb_DJI_20241226095530_0040_V_2768zoom.JPG,,sapium glandulosum,0.495940,9,0.6667,2254,0.223,13
long_tail,comb_DJI_20251016105204_0035_V_9061zoom.JPG,,guarea guidonia,0.930090,8,0.8750,2255,0.222,12
long_tail,comb_DJI_20251006115339_0043_V_680zoom.JPG,,fridericia patellifera,0.262230,14,0.5000,2258,0.243,7
long_tail,comb_DJI_20250813140004_0031_V_990zoom.JPG,,fridericia patellifera,0.308440,14,0.5000,2259,0.285,7
long_tail,comb_DJI_20250813084505_0003_V_8633zoom.JPG,,spondias mombin,0.237250,34,0.5294,2261,0.261,5
long_tail,comb_DJI_20250305093743_0002_V_3699zoom.JPG,,hymenaea courbaril,0.630330,5,0.4000,2264,0.222,15
long_tail,comb_DJI_20241101093123_0010_V_1230zoom.JPG,,virola sebifera,0.918770,6,0.8333,2265,0.222,9
long_tail,comb_DJI_20241226100629_0074_V_2462zoom.JPG,,tabernaemontana arborea,0.376210,19,0.6842,2275,0.221,5
long_tail,comb_DJI_20250520115540_0024_V_215zoom.JPG,,guapira myrtiflora,0.074470,17,0.5882,2276,0.312,2
long_tail,comb_DJI_20250522090515_0031_V_17zoom.JPG,,hylenaea praecelsa,0.160540,4,0.5000,2278,0.221,11
long_tail,comb_DJI_20250305100336_0010_V_2929zoom.JPG,,tabernaemontana arborea,0.249200,19,0.6842,2279,0.221,5
long_tail,comb_DJI_20241204111406_0002_V_1928zoom.JPG,,moquilea platypus,0.029100,3,0.3333,2280,0.221,11
long_tail,comb_DJI_20250110141004_0050_V_131zoom.JPG,,amphilophium paniculatum,0.045120,4,0.7500,2290,0.325,10
long_tail,comb_DJI_20241226123936_0062_V_1809zoom.JPG,,combretum laxum,0.115170,0,,2291,0.381,7
long_tail,comb_DJI_20250930123002_0027_V_7412zoom.JPG,,moquilea platypus,0.021530,3,0.3333,2292,0.220,11
long_tail,comb_DJI_20250723124309_0031_V_6750zoom.JPG,,fridericia schumanniana,0.239270,6,0.6667,2296,0.238,10
long_tail,comb_DJI_20260317093105_0030_V_5185tele.JPG,,beilschmiedia tovarensis,0.596270,8,0.6250,2297,0.294,6
long_tail,comb_DJI_20251001125819_0015_V_2157zoom.JPG,,fridericia patellifera,0.280130,14,0.5000,2304,0.219,7
long_tail,comb_DJI_20250522090544_0033_V_23zoom.JPG,,welfia regia,0.055760,0,,2307,0.317,1
long_tail,comb_DJI_20241124090155_0016_V_566zoom.JPG,,protium panamense,0.167270,12,0.5000,2308,0.282,12
long_tail,comb_DJI_20250523102354_0007_V_162zoom.JPG,,guapira myrtiflora,0.058360,17,0.5882,2312,0.365,2
long_tail,comb_DJI_20260114114743_0021_V_9442zoom.JPG,,virola fosteri,0.123240,2,0.5000,2315,0.218,5
long_tail,comb_DJI_20260112123902_0049_V_7201zoom.JPG,,moquilea platypus,0.343330,3,0.3333,2319,0.218,11
long_tail,comb_DJI_20250804145140_0003_V_8015zoom.JPG,,tabernaemontana arborea,0.356040,19,0.6842,2324,0.218,5
long_tail,comb_DJI_20250806100354_0060_V_91zoom.JPG,,machaerium isadelphum,0.098670,3,0.3333,2331,0.411,15
long_tail,comb_DJI_20251016104612_0013_V_10977zoom.JPG,,microdesmia arborea,0.286100,0,,2332,0.217,15
long_tail,comb_DJI_20250110142642_0016_V_176zoom.JPG,,castilla elastica,0.922010,0,,2333,0.365,4
long_tail,comb_DJI_20241202121125_0016_V_2307zoom.JPG,,attalea butyracea,0.446530,59,0.6780,2334,0.216,15
long_tail,comb_DJI_20251001113734_0007_V_3498zoom.JPG,,dialium guianense,0.015210,0,,2337,0.227,13
long_tail,comb_DJI_20251001103908_0001_V_2040zoom.JPG,,amphilophium crucigerum,0.810220,4,0.7500,2342,0.223,10
long_tail,comb_DJI_20251014104651_0037_V_5011zoom.JPG,,spondias mombin,0.387400,34,0.5294,2345,0.216,5
long_tail,comb_DJI_20250522093009_0057_V_149zoom.JPG,,chrysophyllum argenteum,0.120000,3,0.6667,2353,0.273,10
long_tail,comb_DJI_20260317101618_0009_V_5139tele.JPG,,amphilophium paniculatum,0.330980,4,0.7500,2357,0.282,10
long_tail,comb_DJI_20250110161905_0010_V_120zoom.JPG,,castilla elastica,0.351750,0,,2358,0.390,4
long_tail,comb_DJI_20240913111836_0010_V_5421zoom.JPG,,pachira sessilis,0.503970,5,0.8000,2365,0.227,14
long_tail,comb_DJI_20250814134326_0001_V_6314zoom.JPG,,maripa panamensis,0.254430,6,0.6667,2367,0.322,9
long_tail,comb_DJI_20250911100724_0007_V_2250zoom.JPG,,guapira myrtiflora,0.246780,17,0.5882,2371,0.228,2
long_tail,comb_DJI_20241127112322_0012_V_1388zoom.JPG,,attalea butyracea,0.561030,59,0.6780,2374,0.214,15
long_tail,comb_DJI_20250820094956_0015_V_8935zoom.JPG,,ormosia macrocalyx,0.042650,1,0.0000,2376,0.214,11
long_tail,comb_DJI_20241226133532_0044_V_2008zoom.JPG,,guapira myrtiflora,0.634760,17,0.5882,2382,0.287,2
long_tail,comb_DJI_20250926091556_0017_V_4225zoom.JPG,,celtis iguanaea,0.705510,5,0.6000,2388,0.261,7
long_tail,comb_DJI_20250924093515_0007_V_655zoom.JPG,,guapira myrtiflora,0.026520,17,0.5882,2389,0.307,2
long_tail,comb_DJI_20241127113619_0056_V_1268zoom.JPG,,pseudobombax septenatum,0.986100,27,0.5926,2396,0.231,1
long_tail,comb_DJI_20241127113221_0042_V_916zoom.JPG,,guazuma ulmifolia,0.246100,11,0.6364,2397,0.256,3
long_tail,comb_DJI_20250523083829_0043_V_58zoom.JPG,,combretum laxum,0.011810,0,,2398,0.429,7
long_tail,comb_DJI_20250110145124_0006_V_81zoom.JPG,,amphilophium crucigerum,0.063620,4,0.7500,2400,0.403,10
long_tail,comb_DJI_20250522094316_0021_V_77zoom.JPG,,cordia alliodora,0.211130,11,0.5455,2402,0.213,4
long_tail,comb_DJI_20260114131942_0027_V_2074zoom.JPG,,callichlamys latifolia,0.802450,9,0.6667,2403,0.212,13
long_tail,comb_DJI_20250806095608_0028_V_81zoom.JPG,,chrysophyllum argenteum,0.011900,3,0.6667,2410,0.422,10
long_tail,comb_DJI_20260317092333_0004_V_5245tele.JPG,,amphilophium paniculatum,0.809790,4,0.7500,2411,0.304,10
long_tail,comb_DJI_20260317090141_0011_V_10646tele.JPG,,quararibea asterolepis,0.293490,9,0.6667,2414,0.212,12
long_tail,comb_DJI_20260318093846_0055_V_878tele.JPG,,pseudobombax septenatum,0.532110,27,0.5926,2416,0.327,1
long_tail,comb_DJI_20241218105323_0010_V_6197zoom.JPG,,eugenia rhombea,0.016120,0,,2417,0.211,15
long_tail,comb_DJI_20241204152037_0044_V_1818zoom.JPG,,vochysia ferruginea,0.674360,2,0.5000,2424,0.448,2
long_tail,comb_DJI_20250522085314_0001_V_128zoom.JPG,,weinmannia trianae,0.022320,0,,2427,0.350,15
long_tail,comb_DJI_20250520103409_0050_V_130zoom.JPG,,prionostemma aspera,0.009080,6,0.5000,2433,0.261,9
long_tail,comb_DJI_20260112115809_0003_V_3344zoom.JPG,,trema micranthum,0.517420,7,0.7143,2437,0.240,13
long_tail,comb_DJI_20250110150602_0060_V_195zoom.JPG,,vitis tiliifolia,0.128220,1,0.0000,2445,0.401,14
long_tail,comb_DJI_20251017104512_0043_V_466zoom.JPG,,callichlamys latifolia,0.525230,9,0.6667,2448,0.226,13
long_tail,comb_DJI_20251017110550_0007_V_2013zoom.JPG,,aspidosperma desmanthum,0.210800,25,0.2400,2449,0.209,12
long_tail,comb_DJI_20250523094845_0053_V_135zoom.JPG,,celtis iguanaea,0.046360,5,0.6000,2456,0.360,7
long_tail,comb_DJI_20251003122312_0045_V_1464zoom.JPG,,callichlamys latifolia,0.452550,9,0.6667,2457,0.209,13
long_tail,comb_DJI_20251017113901_0047_V_9304zoom.JPG,,tontelea passiflora,0.282640,4,0.2500,2464,0.214,13
long_tail,comb_DJI_20241204113343_0006_V_1212zoom.JPG,,quararibea asterolepis,0.803760,9,0.6667,2466,0.208,12
long_tail,comb_DJI_20251014122947_0017_V_5792zoom.JPG,,fridericia schumanniana,0.268910,6,0.6667,2468,0.250,10
long_tail,comb_DJI_20251016110951_0011_V_4461zoom.JPG,,sapium glandulosum,0.395830,9,0.6667,2470,0.208,13
long_tail,comb_DJI_20241127105826_0020_V_1543zoom.JPG,,protium panamense,0.633130,12,0.5000,2472,0.208,12
long_tail,comb_DJI_20250924110103_0033_V_743zoom.JPG,,trichilia tuberculata,0.704190,21,0.6667,2475,0.207,8
long_tail,comb_DJI_20250807105521_0019_V_8346zoom.JPG,,quararibea stenophylla,0.767930,59,0.6949,2476,0.207,8
long_tail,comb_DJI_20260317090506_0023_V_11265tele.JPG,,quararibea asterolepis,0.192010,9,0.6667,2480,0.266,12
long_tail,comb_DJI_20241127103101_0026_V_1878zoom.JPG,,nectandra lineata,0.420060,7,0.7143,2482,0.331,10
long_tail,comb_DJI_20251001104705_0029_V_1990zoom.JPG,,prionostemma aspera,0.426470,6,0.5000,2483,0.207,9
long_tail,comb_DJI_20250520094051_0034_V_157zoom.JPG,,tabernaemontana arborea,0.180610,19,0.6842,2486,0.207,5
long_tail,comb_DJI_20241204143837_0014_V_4401zoom.JPG,,spondias mombin,0.411200,34,0.5294,2487,0.207,5
long_tail,comb_DJI_20241101094045_0044_V_1426zoom.JPG,,protium tenuifolium,0.377960,7,0.8571,2488,0.207,8
long_tail,comb_DJI_20250110150741_0066_V_197zoom.JPG,,croton billbergianus,0.084340,4,0.2500,2489,0.308,7
long_tail,comb_DJI_20251016114027_0037_V_6006zoom.JPG,,trema micranthum,0.253860,7,0.7143,2490,0.207,13
long_tail,comb_DJI_20250911101145_0021_V_2647zoom.JPG,,amphilophium crucigerum,0.395010,4,0.7500,2492,0.334,10
long_tail,comb_DJI_20241124084848_0012_V_728zoom.JPG,,vatairea erythrocarpa,0.336610,3,0.6667,2494,0.210,11
long_tail,comb_DJI_20260317090956_0041_V_5129tele.JPG,,fridericia patellifera,0.417620,14,0.5000,2496,0.259,7
long_tail,comb_DJI_20250806110101_0022_V_110zoom.JPG,,guarea guidonia,0.159020,8,0.8750,2501,0.206,12
long_tail,comb_DJI_20250522101838_0059_V_141zoom.JPG,,aspidosperma desmanthum,0.541690,25,0.2400,2503,0.206,12
long_tail,comb_DJI_20250930122625_0015_V_609zoom.JPG,,pseudobombax septenatum,0.761020,27,0.5926,2507,0.220,1
long_tail,comb_DJI_20260112123633_0041_V_5882zoom.JPG,,colubrina asiatica,0.145030,0,,2514,0.205,3
long_tail,comb_DJI_20250110134809_0006_V_154zoom.JPG,,castilla elastica,0.794600,0,,2523,0.353,4
long_tail,comb_DJI_20250520102715_0026_V_1zoom.JPG,,zanthoxylum panamense,0.037310,2,0.5000,2528,0.348,13
long_tail,comb_DJI_20240913114611_0008_V_3899zoom.JPG,,spondias mombin,0.615750,34,0.5294,2529,0.204,5
long_tail,comb_DJI_20241231103857_0044_V_5088zoom.JPG,,moquilea platypus,0.323180,3,0.3333,2530,0.255,11
long_tail,comb_DJI_20251009093702_0057_V_10077zoom.JPG,,callichlamys latifolia,0.108410,9,0.6667,2537,0.203,13
long_tail,comb_DJI_20241202120000_0052_V_1362zoom.JPG,,attalea butyracea,0.881340,59,0.6780,2539,0.203,15
long_tail,comb_DJI_20260317101800_0015_V_5657tele.JPG,,dalbergia ecastaphyllum,0.104840,0,,2542,0.212,6
long_tail,comb_DJI_20251010114050_0029_V_8082zoom.JPG,,pachira sessilis,0.713160,5,0.8000,2544,0.203,14
long_tail,comb_DJI_20250523101303_0055_V_141zoom.JPG,,didymopanax morototoni,0.065360,3,0.3333,2546,0.250,13
long_tail,comb_DJI_20250806104554_0020_V_56zoom.JPG,,cupania scrobiculata,0.111290,0,,2549,0.257,15
long_tail,comb_DJI_20251015133621_0025_V_3460zoom.JPG,,prunus myrtifolia,0.099120,0,,2563,0.374,15
long_tail,comb_DJI_20251003115725_0033_V_718zoom.JPG,,celtis iguanaea,0.892530,5,0.6000,2566,0.261,7
long_tail,comb_DJI_20250110155832_0050_V_26zoom.JPG,,combretum decandrum,0.140360,6,0.5000,2569,0.248,6
long_tail,comb_DJI_20250806105556_0004_V_177zoom.JPG,,protium tenuifolium,0.315810,7,0.8571,2571,0.279,8
long_tail,comb_DJI_20250820114323_0003_V_6531zoom.JPG,,amphilophium crucigerum,0.283070,4,0.7500,2573,0.319,10
long_tail,comb_DJI_20251017104202_0031_V_2093zoom.JPG,,spondias mombin,0.413710,34,0.5294,2580,0.200,5
long_tail,comb_DJI_20251010094918_0041_V_2194zoom.JPG,,protium tenuifolium,0.111920,7,0.8571,2581,0.289,8
long_tail,comb_DJI_20250523082829_0001_V_14zoom.JPG,,guapira myrtiflora,0.130320,17,0.5882,2584,0.306,2
long_tail,comb_DJI_20251003121733_0025_V_269zoom.JPG,,fridericia schumanniana,0.442060,6,0.6667,2587,0.240,10
long_tail,comb_DJI_20241204144721_0038_V_2789zoom.JPG,,protium panamense,0.072840,12,0.5000,2595,0.250,12
long_tail,comb_DJI_20251010102616_0001_V_2866zoom.JPG,,lonchocarpus heptaphyllus,0.141130,7,0.5714,2598,0.199,14
long_tail,comb_DJI_20251010090045_0041_V_3768zoom.JPG,,guapira myrtiflora,0.117210,17,0.5882,2600,0.309,2
long_tail,comb_DJI_20250804152148_0021_V_7742zoom.JPG,,cordia bicolor,0.730860,3,0.6667,2602,0.199,15
long_tail,comb_DJI_20250110160707_0018_V_66zoom.JPG,,castilla elastica,0.327890,0,,2604,0.384,4
long_tail,comb_DJI_20241204113753_0018_V_1208zoom.JPG,,attalea butyracea,0.925690,59,0.6780,2606,0.199,15
long_tail,comb_DJI_20250520100401_0024_V_145zoom.JPG,,sloanea terniflora,0.240960,13,0.6154,2607,0.259,9
long_tail,comb_DJI_20251016122543_0023_V_3540zoom.JPG,,virola fosteri,0.007070,2,0.5000,2611,0.219,5
long_tail,comb_DJI_20241226133301_0038_V_1659zoom.JPG,,dialium guianense,0.043700,0,,2612,0.219,13
long_tail,comb_DJI_20250924103447_0015_V_1559zoom.JPG,,cordia alliodora,0.538700,11,0.5455,2613,0.198,4
long_tail,comb_DJI_20251016102301_0029_V_10773zoom.JPG,,inga laurina,0.139900,1,0.0000,2619,0.198,15
long_tail,comb_DJI_20250820105129_0001_V_5148zoom.JPG,,attalea butyracea,0.657630,59,0.6780,2625,0.197,15
long_tail,comb_DJI_20250110145024_0002_V_77zoom.JPG,,croton billbergianus,0.088450,4,0.2500,2627,0.343,7
long_tail,comb_DJI_20241204095342_0016_V_1123zoom.JPG,,virola fosteri,0.002320,2,0.5000,2636,0.273,5
long_tail,comb_DJI_20250717095544_0026_V_121zoom.JPG,,enterolobium cyclocarpum,0.429640,6,0.5000,2637,0.216,3
long_tail,comb_DJI_20250806110202_0026_V_62zoom.JPG,,sapium glandulosum,0.026880,9,0.6667,2652,0.302,13
long_tail,comb_DJI_20260114102743_0029_V_3655zoom.JPG,,inga laurina,0.075640,1,0.0000,2655,0.282,15
long_tail,comb_DJI_20240913110714_0056_V_5415zoom.JPG,,hylenaea praecelsa,0.100350,4,0.5000,2660,0.267,11
long_tail,comb_DJI_20251015124658_0027_V_8669zoom.JPG,,guarea guidonia,0.247450,8,0.8750,2669,0.255,1
long_tail,comb_DJI_20260114105241_0029_V_3640zoom.JPG,,tabernaemontana arborea,0.207040,19,0.6842,2670,0.195,5
long_tail,comb_DJI_20250813130341_0021_V_9564zoom.JPG,,cavanillesia platanifolia,0.085840,9,0.5556,2671,0.195,15
long_tail,comb_DJI_20250522100453_0007_V_86zoom.JPG,,doliocarpus major,0.098010,1,1.0000,2675,0.221,11
long_tail,comb_DJI_20250522101227_0037_V_157zoom.JPG,,callichlamys latifolia,0.031600,9,0.6667,2682,0.266,13
long_tail,comb_DJI_20250804152504_0033_V_7118zoom.JPG,,amphilophium paniculatum,0.349440,4,0.7500,2688,0.279,10
long_tail,comb_DJI_20241226111607_0020_V_1542zoom.JPG,,protium panamense,0.378780,12,0.5000,2697,0.261,12
long_tail,comb_DJI_20250304102838_0016_V_1837zoom.JPG,,cosmibuena macrocarpa,0.723360,2,1.0000,2699,0.388,9
long_tail,comb_DJI_20251017113257_0027_V_923zoom.JPG,,thouinidium decandrum,0.165210,0,,2710,0.265,11
long_tail,comb_DJI_20250813091008_0011_V_10311zoom.JPG,,quararibea asterolepis,0.725910,9,0.6667,2720,0.191,12
long_tail,comb_DJI_20251016111343_0027_V_4331zoom.JPG,,spondias mombin,0.143060,34,0.5294,2722,0.191,5
long_tail,comb_DJI_20260114105459_0037_V_3765zoom.JPG,,nectandra lineata,0.559250,7,0.7143,2723,0.313,10
long_tail,comb_DJI_20260114132332_0039_V_2261zoom.JPG,,hiraea grandifolia,0.543540,5,0.6000,2725,0.191,11
long_tail,comb_DJI_20250926112850_0009_V_2125zoom.JPG,,combretum fruticosum,0.102610,1,1.0000,2737,0.247,6
long_tail,comb_DJI_20251014123502_0033_V_5333zoom.JPG,,vatairea erythrocarpa,0.139060,3,0.6667,2738,0.190,11
long_tail,comb_DJI_20241127103022_0024_V_1696zoom.JPG,,sloanea terniflora,0.437980,13,0.6154,2739,0.292,9
long_tail,comb_DJI_20251015122217_0027_V_10961zoom.JPG,,spondias mombin,0.422050,34,0.5294,2741,0.254,5
long_tail,comb_DJI_20250110145426_0018_V_83zoom.JPG,,castilla elastica,0.543020,0,,2742,0.330,4
long_tail,comb_DJI_20260317093435_0042_V_5992tele.JPG,,moquilea platypus,0.002940,3,0.3333,2746,0.260,11
long_tail,comb_DJI_20250806101520_0006_V_175zoom.JPG,,socratea exorrhiza,0.261680,2,0.0000,2750,0.348,8
long_tail,comb_DJI_20250807113831_0005_V_5779zoom.JPG,,tabernaemontana arborea,0.397500,19,0.6842,2751,0.190,5
long_tail,comb_DJI_20250523090720_0073_V_11zoom.JPG,,guapira myrtiflora,0.070370,17,0.5882,2754,0.303,2
long_tail,comb_DJI_20260318102728_0055_V_4352tele.JPG,,aiouea montana,0.713510,4,1.0000,2766,0.188,14
long_tail,comb_DJI_20250520092128_0046_V_191zoom.JPG,,guapira myrtiflora,0.068020,17,0.5882,2767,0.309,2
long_tail,comb_DJI_20250110150957_0074_V_173zoom.JPG,,castilla elastica,0.863610,0,,2772,0.344,4
long_tail,comb_DJI_20250523095308_0071_V_107zoom.JPG,,guapira myrtiflora,0.252300,17,0.5882,2775,0.308,2
long_tail,comb_DJI_20250110135820_0008_V_149zoom.JPG,,parinari excelsa,0.010410,0,,2776,0.367,1
long_tail,comb_DJI_20251010102645_0003_V_3474zoom.JPG,,hymenaea courbaril,0.456380,5,0.4000,2779,0.188,15
long_tail,comb_DJI_20251010105722_0027_V_10493zoom.JPG,,lonchocarpus heptaphyllus,0.799860,7,0.5714,2780,0.221,14
long_tail,comb_DJI_20251014113224_0027_V_5731zoom.JPG,,doliocarpus multiflorus,0.238890,1,1.0000,2785,0.223,15
long_tail,comb_DJI_20251016125026_0033_V_3665zoom.JPG,,sparrea schippii,0.561120,6,0.6667,2787,0.187,15
long_tail,comb_DJI_20250110150158_0046_V_148zoom.JPG,,castilla elastica,0.180670,0,,2788,0.376,4
long_tail,comb_DJI_20241217102305_0044_V_3834zoom.JPG,,guarea guidonia,0.947290,8,0.8750,2789,0.267,12
long_tail,comb_DJI_20250820105205_0003_V_5152zoom.JPG,,combretum fruticosum,0.067990,1,1.0000,2790,0.187,6
long_tail,comb_DJI_20250806105957_0018_V_147zoom.JPG,,protium tenuifolium,0.280940,7,0.8571,2792,0.282,8
long_tail,comb_DJI_20250110140351_0028_V_49zoom.JPG,,castilla elastica,0.778140,0,,2793,0.344,4
long_tail,comb_DJI_20250523093853_0013_V_44zoom.JPG,,guapira myrtiflora,0.087580,17,0.5882,2800,0.316,2
long_tail,comb_DJI_20241101105524_0022_V_620zoom.JPG,,moquilea platypus,0.002670,3,0.3333,2805,0.197,11
long_tail,comb_DJI_20260320110707_0061_V_1805tele.JPG,,cryptostegia grandiflora,0.012740,0,,2810,0.348,14
long_tail,comb_DJI_20260114115200_0035_V_9940zoom.JPG,,aspidosperma desmanthum,0.021080,25,0.2400,2811,0.186,12
long_tail,comb_DJI_20240911153514_0052_V_4531zoom.JPG,,fridericia patellifera,0.447730,14,0.5000,2812,0.280,7
long_tail,comb_DJI_20250520090856_0006_V_179zoom.JPG,,cordia alliodora,0.143820,11,0.5455,2814,0.301,4
long_tail,comb_DJI_20250724100608_0027_V_10038zoom.JPG,,protium tenuifolium,0.730000,7,0.8571,2816,0.227,8
long_tail,comb_DJI_20240911145345_0016_V_1781zoom.JPG,,elaeis guineensis,0.071450,0,,2818,0.223,15
long_tail,comb_DJI_20250520095702_0002_V_112zoom.JPG,,ulmus parvifolia,0.376210,0,,2826,0.414,15
long_tail,comb_DJI_20250717085349_0038_V_82zoom.JPG,,quararibea stenophylla,0.639470,59,0.6949,2835,0.184,8
long_tail,comb_DJI_20241226132607_0022_V_2304zoom.JPG,,sapium glandulosum,0.858660,9,0.6667,2839,0.285,13
long_tail,comb_DJI_20250807114145_0017_V_5751zoom.JPG,,fridericia patellifera,0.218710,14,0.5000,2841,0.184,7
long_tail,comb_DJI_20251017100643_0009_V_10764zoom.JPG,,macropsychanthus wilsonii,0.064170,0,,2842,0.184,15
long_tail,comb_DJI_20241101104131_0064_V_685zoom.JPG,,spondias mombin,0.055850,34,0.5294,2846,0.305,5
long_tail,comb_DJI_20250523093559_0001_V_6zoom.JPG,,curculigo capitulata,0.055660,0,,2849,0.184,15
long_tail,comb_DJI_20240911153244_0044_V_4783zoom.JPG,,attalea butyracea,0.830380,59,0.6780,2860,0.183,15
long_tail,comb_DJI_20241127103331_0034_V_1858zoom.JPG,,attalea butyracea,0.545890,59,0.6780,2862,0.182,15
long_tail,comb_DJI_20241217133052_0022_V_4671zoom.JPG,,moquilea platypus,0.261510,3,0.3333,2866,0.227,11
long_tail,comb_DJI_20250110133133_0014_V_140zoom.JPG,,parinari excelsa,0.087150,0,,2867,0.400,1
long_tail,comb_DJI_20251001124103_0039_V_3566zoom.JPG,,combretum decandrum,0.359870,6,0.5000,2876,0.181,6
long_tail,comb_DJI_20250110152023_0020_V_186zoom.JPG,,castilla elastica,0.224310,0,,2883,0.349,4
long_tail,comb_DJI_20251006114109_0001_V_2307zoom.JPG,,moquilea platypus,0.673060,3,0.3333,2886,0.276,11
long_tail,comb_DJI_20260318102106_0031_V_3457tele.JPG,,spondias mombin,0.122230,34,0.5294,2889,0.180,5
long_tail,comb_DJI_20250523082957_0007_V_32zoom.JPG,,tabernaemontana arborea,0.082950,19,0.6842,2893,0.317,5
long_tail,comb_DJI_20251009102426_0049_V_7401zoom.JPG,,aspidosperma desmanthum,0.528870,25,0.2400,2895,0.180,12
long_tail,comb_DJI_20250930120446_0031_V_2116zoom.JPG,,sapium glandulosum,0.935450,9,0.6667,2896,0.180,13
long_tail,comb_DJI_20250523100030_0003_V_108zoom.JPG,,goupia glabra,0.117020,0,,2907,0.376,15
long_tail,comb_DJI_20250110164147_0018_V_212zoom.JPG,,enterolobium cyclocarpum,0.311930,6,0.5000,2908,0.459,3
long_tail,comb_DJI_20250110145155_0008_V_82zoom.JPG,,castilla elastica,0.402920,0,,2910,0.302,4
long_tail,comb_DJI_20260114131035_0001_V_2481zoom.JPG,,protium panamense,0.267680,12,0.5000,2912,0.246,12
long_tail,comb_DJI_20251014110140_0011_V_5378zoom.JPG,,spondias mombin,0.457680,34,0.5294,2916,0.269,5
long_tail,comb_DJI_20250806110814_0002_V_63zoom.JPG,,cordia alliodora,0.145650,11,0.5455,2922,0.339,4
long_tail,comb_DJI_20260318105131_0055_V_5452tele.JPG,,telmatoblechnum serrulatum,0.007900,0,,2923,0.291,15
long_tail,comb_DJI_20250806111559_0032_V_128zoom.JPG,,protium tenuifolium,0.392350,7,0.8571,2925,0.178,8
long_tail,comb_DJI_20251015114032_0045_V_1046zoom.JPG,,sapium glandulosum,0.834420,9,0.6667,2929,0.178,13
long_tail,comb_DJI_20250806100555_0068_V_69zoom.JPG,,guazuma ulmifolia,0.187560,11,0.6364,2930,0.332,3
long_tail,comb_DJI_20251016124923_0029_V_3234zoom.JPG,,moquilea platypus,0.199320,3,0.3333,2936,0.296,11
long_tail,comb_DJI_20250523083514_0029_V_156zoom.JPG,,tabernaemontana arborea,0.050250,19,0.6842,2939,0.353,5
long_tail,comb_DJI_20250820112519_0021_V_6255zoom.JPG,,lonchocarpus heptaphyllus,0.316730,7,0.5714,2946,0.198,14
long_tail,comb_DJI_20250523085901_0039_V_83zoom.JPG,,sapium glandulosum,0.077730,9,0.6667,2949,0.309,13
long_tail,comb_DJI_20241204144121_0022_V_4173zoom.JPG,,spondias mombin,0.357220,34,0.5294,2950,0.185,5
long_tail,comb_DJI_20250807111654_0021_V_6974zoom.JPG,,amphilophium crucigerum,0.683130,4,0.7500,2958,0.238,10
long_tail,comb_DJI_20250813085222_0025_V_9690zoom.JPG,,trichilia tuberculata,0.599790,21,0.6667,2962,0.175,8
long_tail,comb_DJI_20250110160521_0010_V_103zoom.JPG,,castilla elastica,0.722420,0,,2964,0.342,4
long_tail,comb_DJI_20250523085022_0003_V_131zoom.JPG,,guapira myrtiflora,0.052550,17,0.5882,2965,0.277,2
long_tail,comb_DJI_20250820095527_0033_V_7473zoom.JPG,,hymenaea courbaril,0.718690,5,0.4000,2966,0.175,15
long_tail,comb_DJI_20260112115840_0005_V_3282zoom.JPG,,trema micranthum,0.186590,7,0.7143,2969,0.175,13
long_tail,comb_DJI_20251010083351_0035_V_3132zoom.JPG,,dalbergia granadillo,0.019430,0,,2974,0.462,1
long_tail,comb_DJI_20250305091444_0008_V_1857zoom.JPG,,tabernaemontana arborea,0.262330,19,0.6842,2975,0.174,5
long_tail,comb_DJI_20241204093800_0054_V_1706zoom.JPG,,casearia laetioides,0.570880,3,0.6667,2985,0.174,15
long_tail,comb_DJI_20241101102548_0012_V_158zoom.JPG,,virola sebifera,0.687510,6,0.8333,2986,0.202,9
long_tail,comb_DJI_20250305103438_0010_V_1412zoom.JPG,,pachira sessilis,0.654850,5,0.8000,2991,0.216,14
long_tail,comb_DJI_20241204104143_0002_V_624zoom.JPG,,sapium glandulosum,0.961570,9,0.6667,2992,0.174,13
long_tail,comb_DJI_20250522085833_0015_V_16zoom.JPG,,socratea exorrhiza,0.266160,2,0.0000,2996,0.431,8
long_tail,comb_DJI_20240911153743_0060_V_5072zoom.JPG,,cissus erosa,0.542820,1,1.0000,3001,0.434,1
long_tail,comb_DJI_20250110162804_0046_V_51zoom.JPG,,vitis tiliifolia,0.133650,1,0.0000,3002,0.401,14
long_tail,comb_DJI_20250930122553_0013_V_1076zoom.JPG,,pseudobombax septenatum,0.898430,27,0.5926,3003,0.177,1
long_tail,comb_DJI_20250522103354_0027_V_144zoom.JPG,,lonchocarpus heptaphyllus,0.084570,7,0.5714,3005,0.300,14
long_tail,comb_DJI_20241204102036_0010_V_1019zoom.JPG,,casearia laetioides,0.302080,3,0.6667,3006,0.173,15
long_tail,comb_DJI_20251016102818_0047_V_1063zoom.JPG,,protium tenuifolium,0.200720,7,0.8571,3018,0.172,8
long_tail,comb_DJI_20260317090008_0005_V_11283tele.JPG,,trema micranthum,0.151350,7,0.7143,3020,0.172,13
long_tail,comb_DJI_20250110150125_0044_V_111zoom.JPG,,cecropia obtusifolia,0.098880,1,0.0000,3041,0.265,15
long_tail,comb_DJI_20250807114012_0011_V_5017zoom.JPG,,spondias mombin,0.638730,34,0.5294,3042,0.171,5
long_tail,comb_DJI_20251009102626_0057_V_8260zoom.JPG,,spondias mombin,0.515310,34,0.5294,3048,0.184,5
long_tail,comb_DJI_20250110145913_0036_V_169zoom.JPG,,castilla elastica,0.462280,0,,3052,0.364,4
long_tail,comb_DJI_20241127095904_0044_V_1957zoom.JPG,,aspidosperma desmanthum,0.345380,25,0.2400,3054,0.170,12
long_tail,comb_DJI_20250304105937_0026_V_2978zoom.JPG,,vatairea erythrocarpa,0.452210,3,0.6667,3055,0.182,11
long_tail,comb_DJI_20250305103041_0002_V_1410zoom.JPG,,lonchocarpus heptaphyllus,0.446670,7,0.5714,3057,0.170,14
long_tail,comb_DJI_20241217095400_0028_V_1577zoom.JPG,,cavanillesia platanifolia,0.320680,9,0.5556,3059,0.238,15
long_tail,comb_DJI_20250806104130_0004_V_100zoom.JPG,,virola fosteri,0.021460,2,0.5000,3067,0.373,5
long_tail,comb_DJI_20250110155237_0024_V_115zoom.JPG,,castilla elastica,0.629420,0,,3068,0.378,4
long_tail,comb_DJI_20250806111145_0016_V_58zoom.JPG,,ulmus parvifolia,0.056850,0,,3072,0.212,15
long_tail,comb_DJI_20251016121941_0001_V_6362zoom.JPG,,sapium glandulosum,0.936790,9,0.6667,3085,0.227,13
long_tail,comb_DJI_20250814142425_0017_V_4348zoom.JPG,,moquilea platypus,0.003220,3,0.3333,3086,0.199,11
long_tail,comb_DJI_20240911153356_0048_V_4792zoom.JPG,,acrocomia aculeata,0.155770,0,,3088,0.168,15
long_tail,comb_DJI_20250806110912_0006_V_59zoom.JPG,,sloanea terniflora,0.026570,13,0.6154,3092,0.319,9
long_tail,comb_DJI_20251001101728_0005_V_8327zoom.JPG,,andira inermis,0.133230,0,,3098,0.217,12
long_tail,comb_DJI_20241107110139_0018_V_1379zoom.JPG,,protium panamense,0.172530,12,0.5000,3100,0.236,12
long_tail,comb_DJI_20250814123654_0023_V_4851zoom.JPG,,combretum decandrum,0.920030,6,0.5000,3104,0.215,6
long_tail,comb_DJI_20241127103545_0040_V_2063zoom.JPG,,vatairea erythrocarpa,0.104670,3,0.6667,3107,0.287,11
long_tail,comb_DJI_20251017104654_0049_V_2019zoom.JPG,,spondias mombin,0.898540,34,0.5294,3108,0.185,5
long_tail,comb_DJI_20260114105021_0021_V_4854zoom.JPG,,sloanea terniflora,0.358360,13,0.6154,3109,0.294,9
long_tail,comb_DJI_20241226104408_0010_V_358zoom.JPG,,pseudobombax septenatum,0.814220,27,0.5926,3112,0.255,1
long_tail,comb_DJI_20250110163910_0006_V_192zoom.JPG,,luehea speciosa,0.633160,2,0.5000,3115,0.193,13
long_tail,comb_DJI_20250110133543_0030_V_21zoom.JPG,,castilla elastica,0.053360,0,,3117,0.344,4
long_tail,comb_DJI_20260114104911_0017_V_4893zoom.JPG,,guapira myrtiflora,0.135170,17,0.5882,3120,0.241,2
long_tail,comb_DJI_20251009093259_0041_V_10820zoom.JPG,,guarea guidonia,0.631680,8,0.8750,3123,0.248,12
long_tail,comb_DJI_20251016101536_0001_V_8758zoom.JPG,,callichlamys latifolia,0.358370,9,0.6667,3124,0.165,13
long_tail,comb_DJI_20241226103313_0058_V_1216zoom.JPG,,attalea butyracea,0.834820,59,0.6780,3127,0.165,15
long_tail,comb_DJI_20250924094028_0025_V_1076zoom.JPG,,guapira myrtiflora,0.156690,17,0.5882,3129,0.274,2
long_tail,comb_DJI_20260317101725_0013_V_11262tele.JPG,,ardisia palmana,0.001340,0,,3137,0.263,15
long_tail,comb_DJI_20250522102758_0005_V_118zoom.JPG,,amphilophium crucigerum,0.070030,4,0.7500,3138,0.313,10
long_tail,comb_DJI_20250520100649_0034_V_71zoom.JPG,,symphonia globulifera,0.035530,2,1.0000,3141,0.240,10
long_tail,comb_DJI_20241127113735_0060_V_1099zoom.JPG,,guarea guidonia,0.699360,8,0.8750,3152,0.230,12
long_tail,comb_DJI_20251015133246_0013_V_5431zoom.JPG,,spondias mombin,0.615860,34,0.5294,3154,0.207,5
long_tail,comb_DJI_20250930122528_0011_V_1168zoom.JPG,,aspidosperma desmanthum,0.466390,25,0.2400,3159,0.163,12
long_tail,comb_DJI_20260114103002_0037_V_4741zoom.JPG,,guarea guidonia,0.956160,8,0.8750,3166,0.237,12
long_tail,comb_DJI_20240913110844_0062_V_5877zoom.JPG,,protium tenuifolium,0.624630,7,0.8571,3175,0.162,8
long_tail,comb_DJI_20251016125202_0039_V_3653zoom.JPG,,pseudobombax septenatum,0.302870,27,0.5926,3180,0.161,1
long_tail,comb_DJI_20251016111950_0049_V_6141zoom.JPG,,guapira myrtiflora,0.744800,17,0.5882,3181,0.213,2
long_tail,comb_DJI_20250820112701_0027_V_7177zoom.JPG,,maripa panamensis,0.237800,6,0.6667,3197,0.160,9
long_tail,comb_DJI_20250523085604_0027_V_78zoom.JPG,,pachira sessilis,0.636660,5,0.8000,3203,0.205,14
long_tail,comb_DJI_20251016110921_0009_V_4468zoom.JPG,,sapium glandulosum,0.513360,9,0.6667,3206,0.160,13
long_tail,comb_DJI_20251009092815_0025_V_857zoom.JPG,,casearia laetioides,0.027230,3,0.6667,3221,0.159,15
long_tail,comb_DJI_20250523102523_0013_V_152zoom.JPG,,didymopanax morototoni,0.205920,3,0.3333,3222,0.289,13
long_tail,comb_DJI_20241211095921_0004_V_1882zoom.JPG,,vochysia ferruginea,0.136370,2,0.5000,3228,0.158,2
long_tail,comb_DJI_20241204102251_0016_V_762zoom.JPG,,moquilea platypus,0.071730,3,0.3333,3232,0.183,11
long_tail,comb_DJI_20241127100302_0056_V_1807zoom.JPG,,attalea butyracea,0.571220,59,0.6780,3237,0.158,15
long_tail,comb_DJI_20250110142244_0002_V_157zoom.JPG,,castilla elastica,0.371990,0,,3238,0.349,4
long_tail,comb_DJI_20250110152254_0030_V_132zoom.JPG,,castilla elastica,0.164820,0,,3246,0.312,4
long_tail,comb_DJI_20260318094937_0007_V_932tele.JPG,,virola koschnyi,0.001330,0,,3252,0.237,15
long_tail,comb_DJI_20251017122821_0043_V_9771zoom.JPG,,spondias mombin,0.277620,34,0.5294,3257,0.221,5
long_tail,comb_DJI_20250724094243_0009_V_9343zoom.JPG,,mascagnia ovatifolia,0.053410,5,0.2000,3259,0.253,12
long_tail,comb_DJI_20250930114046_0023_V_5635zoom.JPG,,vatairea erythrocarpa,0.034920,3,0.6667,3264,0.190,11
long_tail,comb_DJI_20241124091651_0018_V_319zoom.JPG,,spondias mombin,0.642750,34,0.5294,3273,0.205,5
long_tail,comb_DJI_20251016104919_0025_V_10081zoom.JPG,,sapium glandulosum,0.320090,9,0.6667,3276,0.155,13
long_tail,comb_DJI_20250717090905_0010_V_134zoom.JPG,,casearia laetioides,0.032020,3,0.6667,3279,0.154,15
long_tail,comb_DJI_20251009090452_0027_V_10742zoom.JPG,,guarea guidonia,0.492260,8,0.8750,3286,0.154,12
long_tail,comb_DJI_20250522085447_0007_V_129zoom.JPG,,quararibea stenophylla,0.177600,59,0.6949,3287,0.361,8
long_tail,comb_DJI_20240911150443_0050_V_2240zoom.JPG,,quararibea asterolepis,0.742580,9,0.6667,3290,0.154,12
long_tail,comb_DJI_20241217130916_0034_V_1475zoom.JPG,,aspidosperma desmanthum,0.400050,25,0.2400,3304,0.152,12
long_tail,comb_DJI_20240911145855_0034_V_507zoom.JPG,,tecomaria capensis,0.053110,0,,3308,0.312,15
long_tail,comb_DJI_20250110141421_0066_V_33zoom.JPG,,castilla elastica,0.490470,0,,3315,0.383,4
long_tail,comb_DJI_20241101105845_0030_V_621zoom.JPG,,sapium glandulosum,0.777260,9,0.6667,3321,0.153,13
long_tail,comb_DJI_20250520102243_0008_V_13zoom.JPG,,guapira myrtiflora,0.062360,17,0.5882,3324,0.303,2
long_tail,comb_DJI_20251014123821_0043_V_5380zoom.JPG,,vatairea erythrocarpa,0.071420,3,0.6667,3327,0.151,11
long_tail,comb_DJI_20250724094140_0005_V_8796zoom.JPG,,moquilea platypus,0.001990,3,0.3333,3332,0.208,11
long_tail,comb_DJI_20241101093601_0028_V_677zoom.JPG,,protium tenuifolium,0.479900,7,0.8571,3334,0.176,8
long_tail,comb_DJI_20251016130900_0011_V_3877zoom.JPG,,sapium glandulosum,0.829240,9,0.6667,3335,0.179,13
long_tail,comb_DJI_20250813141551_0009_V_965zoom.JPG,,trichilia tuberculata,0.838880,21,0.6667,3344,0.148,8
long_tail,comb_DJI_20250110145838_0034_V_14zoom.JPG,,castilla elastica,0.507080,0,,3345,0.393,4
long_tail,comb_DJI_20251014110007_0005_V_5403zoom.JPG,,pachira sessilis,0.610690,5,0.8000,3353,0.148,14
long_tail,comb_DJI_20250110151951_0018_V_116zoom.JPG,,castilla elastica,0.435810,0,,3354,0.369,4
long_tail,comb_DJI_20241204144805_0040_V_3055zoom.JPG,,pseudobombax septenatum,0.820520,27,0.5926,3356,0.148,1
long_tail,comb_DJI_20250814143526_0055_V_2153zoom.JPG,,pseudobombax septenatum,0.537970,27,0.5926,3368,0.217,1
long_tail,comb_DJI_20240911150402_0048_V_2253zoom.JPG,,trichilia tuberculata,0.624840,21,0.6667,3370,0.146,8
long_tail,comb_DJI_20251010123853_0029_V_8646zoom.JPG,,pseudobombax septenatum,0.063450,27,0.5926,3387,0.235,1
long_tail,comb_DJI_20250523085805_0035_V_75zoom.JPG,,guapira myrtiflora,0.224370,17,0.5882,3390,0.270,2
long_tail,comb_DJI_20240911145818_0032_V_1232zoom.JPG,,vochysia ferruginea,0.232030,2,0.5000,3397,0.185,2
long_tail,comb_DJI_20241101105609_0024_V_605zoom.JPG,,aspidosperma desmanthum,0.664550,25,0.2400,3398,0.144,12
long_tail,comb_DJI_20250523094916_0055_V_111zoom.JPG,,guapira myrtiflora,0.099360,17,0.5882,3401,0.328,2
long_tail,comb_DJI_20250724100328_0017_V_9957zoom.JPG,,beilschmiedia tovarensis,0.184420,8,0.6250,3411,0.173,6
long_tail,comb_DJI_20251014123240_0025_V_5282zoom.JPG,,tabernaemontana arborea,0.676450,19,0.6842,3417,0.143,5
long_tail,comb_DJI_20250523093950_0017_V_47zoom.JPG,,guapira myrtiflora,0.122450,17,0.5882,3418,0.305,2
long_tail,comb_DJI_20241107104336_0038_V_2221zoom.JPG,,pseudobombax septenatum,0.596190,27,0.5926,3420,0.142,1
long_tail,comb_DJI_20250523090516_0065_V_16zoom.JPG,,didymopanax morototoni,0.333960,3,0.3333,3422,0.312,13
long_tail,comb_DJI_20241107110100_0016_V_1385zoom.JPG,,pachira sessilis,0.329810,5,0.8000,3434,0.186,14
long_tail,comb_DJI_20250806103021_0030_V_162zoom.JPG,,protium tenuifolium,0.203060,7,0.8571,3437,0.233,8
long_tail,comb_DJI_20250523085457_0023_V_112zoom.JPG,,sapium glandulosum,0.014980,9,0.6667,3439,0.314,13
long_tail,comb_DJI_20250110150410_0054_V_129zoom.JPG,,castilla elastica,0.672190,0,,3446,0.316,4
long_tail,comb_DJI_20251016110816_0005_V_4466zoom.JPG,,virola fosteri,0.154330,2,0.5000,3449,0.235,5
long_tail,comb_DJI_20250814135818_0049_V_6776zoom.JPG,,aspidosperma desmanthum,0.298940,25,0.2400,3450,0.162,12
long_tail,comb_DJI_20251014095859_0003_V_53zoom.JPG,,andira inermis,0.046610,0,,3452,0.263,12
long_tail,comb_DJI_20251010085736_0031_V_4139zoom.JPG,,sparrea schippii,0.473840,6,0.6667,3456,0.139,15
long_tail,comb_DJI_20250106095743_0006_V_5207zoom.JPG,,sparrea schippii,0.461610,6,0.6667,3468,0.138,15
long_tail,comb_DJI_20251015125023_0039_V_6213zoom.JPG,,sapium glandulosum,0.565490,9,0.6667,3469,0.137,13
long_tail,comb_DJI_20250522101939_0063_V_88zoom.JPG,,laelia anceps,0.037960,0,,3477,0.304,15
long_tail,comb_DJI_20251017110913_0019_V_490zoom.JPG,,spondias mombin,0.607030,34,0.5294,3478,0.148,5
long_tail,comb_DJI_20250924105706_0019_V_982zoom.JPG,,callichlamys latifolia,0.489300,9,0.6667,3493,0.135,13
long_tail,comb_DJI_20241127103829_0048_V_1716zoom.JPG,,attalea butyracea,0.481220,59,0.6780,3494,0.135,15
long_tail,comb_DJI_20250523090250_0055_V_50zoom.JPG,,guapira myrtiflora,0.080880,17,0.5882,3498,0.425,2
long_tail,comb_DJI_20241204150925_0018_V_3271zoom.JPG,,aspidosperma desmanthum,0.470000,25,0.2400,3499,0.135,12
long_tail,comb_DJI_20260112123754_0045_V_5021zoom.JPG,,trema micranthum,0.145240,7,0.7143,3508,0.151,13
long_tail,comb_DJI_20250110160453_0008_V_67zoom.JPG,,castilla elastica,0.656760,0,,3509,0.335,4
long_tail,comb_DJI_20241127102554_0010_V_2041zoom.JPG,,attalea butyracea,0.523650,59,0.6780,3513,0.134,15
long_tail,comb_DJI_20250110145356_0016_V_198zoom.JPG,,castilla elastica,0.541620,0,,3541,0.349,4
long_tail,comb_DJI_20251015113402_0021_V_9070zoom.JPG,,spondias mombin,0.849790,34,0.5294,3548,0.169,5
long_tail,comb_DJI_20251014115155_0015_V_5223zoom.JPG,,vochysia ferruginea,0.142830,2,0.5000,3554,0.140,2
long_tail,comb_DJI_20250110152223_0028_V_12zoom.JPG,,castilla elastica,0.936020,0,,3561,0.331,4
long_tail,comb_DJI_20250110142719_0018_V_178zoom.JPG,,castilla elastica,0.684990,0,,3563,0.382,4
long_tail,comb_DJI_20240913105802_0026_V_4922zoom.JPG,,protium tenuifolium,0.643920,7,0.8571,3567,0.129,8
long_tail,comb_DJI_20250110142531_0012_V_236zoom.JPG,,castilla elastica,0.076320,0,,3569,0.323,4
long_tail,comb_DJI_20241204144245_0026_V_4155zoom.JPG,,virola fosteri,0.005840,2,0.5000,3570,0.336,5
long_tail,comb_DJI_20250523094240_0029_V_41zoom.JPG,,vochysia ferruginea,0.735310,2,0.5000,3571,0.328,2
long_tail,comb_DJI_20250110155048_0016_V_44zoom.JPG,,castilla elastica,0.840900,0,,3581,0.351,4
long_tail,comb_DJI_20250110133206_0016_V_158zoom.JPG,,parinari excelsa,0.022820,0,,3591,0.412,1
long_tail,comb_DJI_20250520094410_0048_V_68zoom.JPG,,manilkara staminodella,0.003990,0,,3592,0.273,15
long_tail,comb_DJI_20251016130721_0005_V_3285zoom.JPG,,sapium glandulosum,0.796900,9,0.6667,3593,0.135,13
long_tail,comb_DJI_20250814142648_0025_V_2409zoom.JPG,,pseudobombax septenatum,0.596780,27,0.5926,3594,0.169,1
long_tail,comb_DJI_20250110134705_0002_V_139zoom.JPG,,castilla elastica,0.474500,0,,3596,0.315,4
long_tail,comb_DJI_20260317091205_0049_V_10833tele.JPG,,trema micranthum,0.081420,7,0.7143,3603,0.126,13
long_tail,comb_DJI_20251016113133_0003_V_8544zoom.JPG,,goethalsia meiantha,0.146130,0,,3604,0.290,15
long_tail,comb_DJI_20251016131112_0019_V_3872zoom.JPG,,pseudobombax septenatum,0.276820,27,0.5926,3608,0.156,1
long_tail,comb_DJI_20251017103544_0009_V_2635zoom.JPG,,pachira sessilis,0.943900,5,0.8000,3615,0.184,14
long_tail,comb_DJI_20241204111540_0006_V_2223zoom.JPG,,pseudobombax septenatum,0.778720,27,0.5926,3621,0.140,1
long_tail,comb_DJI_20250523083315_0021_V_26zoom.JPG,,didymopanax morototoni,0.166580,3,0.3333,3622,0.267,13
long_tail,comb_DJI_20250716114822_0014_V_14zoom.JPG,,guazuma ulmifolia,0.310230,11,0.6364,3632,0.237,3
long_tail,comb_DJI_20251016113952_0035_V_6021zoom.JPG,,trema micranthum,0.687030,7,0.7143,3641,0.132,13
long_tail,comb_DJI_20250110151029_0076_V_174zoom.JPG,,castilla elastica,0.932790,0,,3642,0.320,4
long_tail,comb_DJI_20250110151708_0008_V_133zoom.JPG,,castilla elastica,0.210690,0,,3653,0.364,4
long_tail,comb_DJI_20250814140124_0061_V_5175zoom.JPG,,aspidosperma desmanthum,0.599030,25,0.2400,3663,0.119,12
long_tail,comb_DJI_20250106095107_0074_V_5245zoom.JPG,,sparrea schippii,0.819570,6,0.6667,3687,0.116,15
long_tail,comb_DJI_20250110160641_0016_V_102zoom.JPG,,castilla elastica,0.374210,0,,3696,0.360,4
long_tail,comb_DJI_20241127100505_0062_V_1979zoom.JPG,,cupania americana,0.212670,0,,3698,0.114,15
long_tail,comb_DJI_20251016125522_0051_V_3236zoom.JPG,,spondias mombin,0.343560,34,0.5294,3715,0.198,5
long_tail,comb_DJI_20260322091830_0053_V_2537tele.JPG,,trichilia tuberculata,0.014170,21,0.6667,3718,0.338,8
long_tail,comb_DJI_20241204094908_0004_V_1415zoom.JPG,,casearia laetioides,0.416020,3,0.6667,3722,0.111,15
long_tail,comb_DJI_20250520115204_0012_V_98zoom.JPG,,sloanea terniflora,0.172850,13,0.6154,3726,0.316,9
long_tail,comb_DJI_20250204100342_0026_V_5516zoom.JPG,,casearia bicolor,0.144500,0,,3733,0.367,7
long_tail,comb_DJI_20251003121451_0017_V_219zoom.JPG,,sparrea schippii,0.918350,6,0.6667,3737,0.108,15
long_tail,comb_DJI_20241202112550_0050_V_1324zoom.JPG,,setaria palmifolia,0.071520,0,,3743,0.108,15
long_tail,comb_DJI_20251016102132_0023_V_9817zoom.JPG,,didymopanax morototoni,0.914380,3,0.3333,3744,0.108,13
long_tail,comb_DJI_20240913113254_0054_V_5885zoom.JPG,,protium tenuifolium,0.493160,7,0.8571,3745,0.107,8
long_tail,comb_DJI_20241226100204_0060_V_3444zoom.JPG,,sapium glandulosum,0.156800,9,0.6667,3748,0.129,13
long_tail,comb_DJI_20250930123035_0029_V_7411zoom.JPG,,pseudobombax septenatum,0.554160,27,0.5926,3768,0.119,1
long_tail,comb_DJI_20250806094505_0028_V_98zoom.JPG,,aspidosperma desmanthum,0.400720,25,0.2400,3769,0.104,12
long_tail,comb_DJI_20250520102611_0022_V_4zoom.JPG,,virola sebifera,0.048730,6,0.8333,3770,0.370,9
long_tail,comb_DJI_20250110160355_0004_V_210zoom.JPG,,enterolobium cyclocarpum,0.173510,6,0.5000,3774,0.457,3
long_tail,comb_DJI_20250814141615_0007_V_5891zoom.JPG,,aspidosperma desmanthum,0.362680,25,0.2400,3782,0.114,12
long_tail,comb_DJI_20241127093649_0064_V_2378zoom.JPG,,pseudobombax septenatum,0.694050,27,0.5926,3785,0.145,1
long_tail,comb_DJI_20241126102630_0016_V_678zoom.JPG,,hirtella americana,0.181240,0,,3793,0.333,14
long_tail,comb_DJI_20250110164034_0012_V_213zoom.JPG,,enterolobium cyclocarpum,0.559450,6,0.5000,3794,0.426,3
long_tail,comb_DJI_20251014100457_0019_V_11085zoom.JPG,,vatairea erythrocarpa,0.244360,3,0.6667,3795,0.226,11
long_tail,comb_DJI_20241204111132_0016_V_1932zoom.JPG,,pseudobombax septenatum,0.481190,27,0.5926,3804,0.147,1
long_tail,comb_DJI_20250814141503_0003_V_6630zoom.JPG,,aspidosperma desmanthum,0.432050,25,0.2400,3817,0.128,12
long_tail,comb_DJI_20250520102314_0010_V_7zoom.JPG,,virola sebifera,0.073870,6,0.8333,3818,0.341,9
long_tail,comb_DJI_20251014104933_0047_V_5447zoom.JPG,,pseudobombax septenatum,0.510650,27,0.5926,3819,0.114,1
long_tail,comb_DJI_20251010105650_0025_V_10520zoom.JPG,,vochysia ferruginea,0.286410,2,0.5000,3825,0.143,2
long_tail,comb_DJI_20251015125229_0047_V_3915zoom.JPG,,pseudobombax septenatum,0.454640,27,0.5926,3828,0.167,1
long_tail,comb_DJI_20250806112515_0066_V_66zoom.JPG,,croton matourensis,0.015270,0,,3836,0.396,6
long_tail,comb_DJI_20241101095826_0014_V_622zoom.JPG,,pseudobombax septenatum,0.498120,27,0.5926,3847,0.125,1
long_tail,comb_DJI_20250806112430_0064_V_136zoom.JPG,,croton matourensis,0.005450,0,,3850,0.415,6
long_tail,comb_DJI_20250110164101_0014_V_87zoom.JPG,,enterolobium cyclocarpum,0.310220,6,0.5000,3855,0.468,3
long_tail,comb_DJI_20250806100829_0078_V_71zoom.JPG,,croton matourensis,0.006210,0,,3858,0.340,1
long_tail,comb_DJI_20250806100248_0056_V_8zoom.JPG,,doliocarpus major,0.085920,1,1.0000,3870,0.318,11
long_tail,comb_DJI_20250523085927_0041_V_82zoom.JPG,,didymopanax morototoni,0.059910,3,0.3333,3876,0.276,13
long_tail,comb_DJI_20251014103712_0007_V_4923zoom.JPG,,pseudobombax septenatum,0.317320,27,0.5926,3884,0.102,1
long_tail,comb_DJI_20241204143153_0002_V_513zoom.JPG,,vochysia ferruginea,0.327790,2,0.5000,,,2
low_conf_known,comb_DJI_20250522101910_0061_V_140zoom.JPG,,anacardium excelsum,0.005190,392,0.9286,22,0.532,16
low_conf_known,comb_DJI_20250523083705_0037_V_60zoom.JPG,,prioria copaifera,0.049530,121,0.9008,26,0.525,19
low_conf_known,comb_DJI_20240911153023_0036_V_4301zoom.JPG,,astronium graveolens,0.177710,37,0.9730,67,0.471,21
low_conf_known,comb_DJI_20260320105310_0009_V_2917tele.JPG,,hura crepitans,0.182020,123,0.9106,74,0.466,21
low_conf_known,comb_DJI_20251003121048_0001_V_2101zoom.JPG,,jacaranda copaia,0.028140,118,0.9407,76,0.465,22
low_conf_known,comb_DJI_20260317095612_0031_V_5182tele.JPG,,hieronyma alchorneoides,0.007490,107,0.9252,80,0.463,23
low_conf_known,comb_DJI_20250522092311_0031_V_99zoom.JPG,,anacardium excelsum,0.096070,392,0.9286,86,0.457,16
low_conf_known,comb_DJI_20250110152053_0022_V_223zoom.JPG,,anacardium excelsum,0.065200,392,0.9286,117,0.445,16
low_conf_known,comb_DJI_20250926102512_0021_V_3013zoom.JPG,,jacaranda copaia,0.017020,118,0.9407,142,0.430,22
low_conf_known,comb_DJI_20260114102346_0015_V_3594zoom.JPG,,anacardium excelsum,0.017780,392,0.9286,161,0.424,16
low_conf_known,comb_DJI_20260317083637_0005_V_8813tele.JPG,,guatteria lucens,0.200820,24,1.0000,207,0.414,24
low_conf_known,comb_DJI_20250520091553_0028_V_125zoom.JPG,,jacaranda copaia,0.212160,118,0.9407,210,0.406,22
low_conf_known,comb_DJI_20250304093610_0022_V_354zoom.JPG,,dipteryx oleifera,0.366760,281,0.9644,235,0.399,25
low_conf_known,comb_DJI_20250924105205_0001_V_1342zoom.JPG,,jacaranda copaia,0.077860,118,0.9407,258,0.418,22
low_conf_known,comb_DJI_20250522100316_0001_V_103zoom.JPG,,hieronyma alchorneoides,0.050280,107,0.9252,264,0.393,23
low_conf_known,comb_DJI_20250522101334_0041_V_62zoom.JPG,,jacaranda copaia,0.256120,118,0.9407,265,0.393,22
low_conf_known,comb_DJI_20250304105007_0006_V_1794zoom.JPG,,prioria copaifera,0.262010,121,0.9008,272,0.392,19
low_conf_known,comb_DJI_20250522095132_0053_V_68zoom.JPG,,hura crepitans,0.025370,123,0.9106,281,0.389,21
low_conf_known,comb_DJI_20250206103258_0044_V_2689zoom.JPG,,trattinnickia aspera,0.208810,21,0.9524,282,0.388,26
low_conf_known,comb_DJI_20251017093614_0001_V_9826zoom.JPG,,handroanthus guayacan,0.027710,86,0.9186,300,0.384,27
low_conf_known,comb_DJI_20250926110130_0007_V_2670zoom.JPG,,dipteryx oleifera,0.341070,281,0.9644,306,0.384,25
low_conf_known,comb_DJI_20260320103625_0037_V_3565tele.JPG,,anacardium excelsum,0.417930,392,0.9286,316,0.382,16
low_conf_known,comb_DJI_20260322090547_0005_V_3548tele.JPG,,anacardium excelsum,0.101020,392,0.9286,331,0.380,16
low_conf_known,comb_DJI_20260318104655_0039_V_6209tele.JPG,,trattinnickia aspera,0.121880,21,0.9524,334,0.380,26
low_conf_known,comb_DJI_20260322094009_0045_V_1078tele.JPG,,dipteryx oleifera,0.401600,281,0.9644,344,0.377,25
low_conf_known,comb_DJI_20260318102244_0037_V_4469tele.JPG,,dipteryx oleifera,0.422040,281,0.9644,357,0.375,25
low_conf_known,comb_DJI_20260114104442_0001_V_5867zoom.JPG,,hieronyma alchorneoides,0.378450,107,0.9252,358,0.375,23
low_conf_known,comb_DJI_20260317101447_0003_V_11284tele.JPG,,hieronyma alchorneoides,0.220960,107,0.9252,369,0.373,23
low_conf_known,comb_DJI_20250523100627_0027_V_35zoom.JPG,,astronium graveolens,0.020830,37,0.9730,414,0.390,21
low_conf_known,comb_DJI_20251015133437_0019_V_4518zoom.JPG,,prioria copaifera,0.158820,121,0.9008,416,0.366,19
low_conf_known,comb_DJI_20250110161651_0002_V_114zoom.JPG,,anacardium excelsum,0.232570,392,0.9286,419,0.365,16
low_conf_known,comb_DJI_20260322092325_0071_V_2701tele.JPG,,anacardium excelsum,0.081110,392,0.9286,423,0.365,16
low_conf_known,comb_DJI_20251001104803_0033_V_1979zoom.JPG,,jacaranda copaia,0.064750,118,0.9407,435,0.362,22
low_conf_known,comb_DJI_20250110150446_0056_V_10zoom.JPG,,trattinnickia aspera,0.189810,21,0.9524,458,0.361,26
low_conf_known,comb_DJI_20241024130459_0048_V_1544zoom.JPG,,trattinnickia aspera,0.474240,21,0.9524,461,0.359,26
low_conf_known,comb_DJI_20241217101402_0012_V_2916zoom.JPG,,astronium graveolens,0.329970,37,0.9730,463,0.359,21
low_conf_known,comb_DJI_20250520091328_0020_V_132zoom.JPG,,dipteryx oleifera,0.041090,281,0.9644,465,0.358,25
low_conf_known,comb_DJI_20260318105341_0063_V_5549tele.JPG,,astronium graveolens,0.203900,37,0.9730,470,0.358,21
low_conf_known,comb_DJI_20251017112736_0007_V_395zoom.JPG,,prioria copaifera,0.432090,121,0.9008,481,0.356,19
low_conf_known,comb_DJI_20260320105449_0015_V_2801tele.JPG,,jacaranda copaia,0.262230,118,0.9407,484,0.355,22
low_conf_known,comb_DJI_20260320103514_0033_V_4580tele.JPG,,anacardium excelsum,0.262670,392,0.9286,486,0.355,16
low_conf_known,comb_DJI_20260318094053_0063_V_892tele.JPG,,dipteryx oleifera,0.272710,281,0.9644,497,0.354,25
low_conf_known,comb_DJI_20250522090652_0037_V_46zoom.JPG,,trattinnickia aspera,0.082630,21,0.9524,499,0.389,26
low_conf_known,comb_DJI_20260322092150_0065_V_2635tele.JPG,,hieronyma alchorneoides,0.248570,107,0.9252,533,0.348,23
low_conf_known,comb_DJI_20250522095340_0061_V_71zoom.JPG,,prioria copaifera,0.022890,121,0.9008,542,0.347,19
low_conf_known,comb_DJI_20250520094234_0042_V_70zoom.JPG,,inga marginata,0.184160,10,0.9000,587,0.341,27
low_conf_known,comb_DJI_20250813141326_0003_V_11519zoom.JPG,,chrysophyllum cainito,0.395550,18,0.9444,589,0.341,27
low_conf_known,comb_DJI_20250522085419_0005_V_130zoom.JPG,,jacaranda copaia,0.059610,118,0.9407,591,0.342,22
low_conf_known,comb_DJI_20250930122426_0007_V_634zoom.JPG,,anacardium excelsum,0.052730,392,0.9286,604,0.340,16
low_conf_known,comb_DJI_20260114121041_0037_V_1358zoom.JPG,,jacaranda copaia,0.068720,118,0.9407,614,0.364,22
low_conf_known,comb_DJI_20251017122132_0021_V_8205zoom.JPG,,trattinnickia aspera,0.117600,21,0.9524,621,0.352,26
low_conf_known,comb_DJI_20251014104316_0027_V_11289zoom.JPG,,dipteryx oleifera,0.175770,281,0.9644,629,0.338,25
low_conf_known,comb_DJI_20251017114012_0051_V_10385zoom.JPG,,hieronyma alchorneoides,0.163010,107,0.9252,640,0.336,1
low_conf_known,comb_DJI_20250523102649_0019_V_92zoom.JPG,,chrysophyllum cainito,0.075690,18,0.9444,642,0.336,27
low_conf_known,comb_DJI_20250304104907_0004_V_1821zoom.JPG,,hieronyma alchorneoides,0.134550,107,0.9252,643,0.336,23
low_conf_known,comb_DJI_20251016125241_0041_V_3734zoom.JPG,,ochroma pyramidale,0.308050,20,0.9000,659,0.334,28
low_conf_known,comb_DJI_20250522100716_0017_V_54zoom.JPG,,anacardium excelsum,0.198280,392,0.9286,669,0.333,16
low_conf_known,comb_DJI_20240912095106_0034_V_3395zoom.JPG,,trattinnickia aspera,0.370490,21,0.9524,674,0.350,26
low_conf_known,comb_DJI_20250522095547_0069_V_101zoom.JPG,,jacaranda copaia,0.098040,118,0.9407,676,0.334,22
low_conf_known,comb_DJI_20250926091520_0015_V_4218zoom.JPG,,hieronyma alchorneoides,0.079390,107,0.9252,679,0.332,23
low_conf_known,comb_DJI_20260322090946_0021_V_5418tele.JPG,,dipteryx oleifera,0.114450,281,0.9644,680,0.332,25
low_conf_known,comb_DJI_20250522091742_0009_V_52zoom.JPG,,prioria copaifera,0.026340,121,0.9008,683,0.332,19
low_conf_known,comb_DJI_20241217105319_0036_V_1962zoom.JPG,,anacardium excelsum,0.492330,392,0.9286,685,0.331,16
low_conf_known,comb_DJI_20251015125122_0043_V_5233zoom.JPG,,anacardium excelsum,0.048510,392,0.9286,693,0.331,16
low_conf_known,comb_DJI_20260322094602_0067_V_633tele.JPG,,hieronyma alchorneoides,0.397810,107,0.9252,696,0.331,23
low_conf_known,comb_DJI_20250520100243_0020_V_173zoom.JPG,,guatteria lucens,0.116090,24,1.0000,708,0.330,24
low_conf_known,comb_DJI_20251009091106_0049_V_10656zoom.JPG,,astronium graveolens,0.012020,37,0.9730,728,0.328,21
low_conf_known,comb_DJI_20250522105044_0003_V_4zoom.JPG,,guatteria lucens,0.213690,24,1.0000,746,0.327,24
low_conf_known,comb_DJI_20250806112155_0054_V_140zoom.JPG,,chrysophyllum cainito,0.027870,18,0.9444,764,0.325,27
low_conf_known,comb_DJI_20250523083952_0049_V_95zoom.JPG,,chrysophyllum cainito,0.293840,18,0.9444,817,0.320,27
low_conf_known,comb_DJI_20241107110829_0038_V_2232zoom.JPG,,chrysophyllum cainito,0.239380,18,0.9444,834,0.318,27
low_conf_known,comb_DJI_20251017121548_0003_V_10535zoom.JPG,,prioria copaifera,0.153410,121,0.9008,837,0.318,19
low_conf_known,comb_DJI_20241127094805_0012_V_2226zoom.JPG,,chrysophyllum cainito,0.108440,18,0.9444,842,0.318,27
low_conf_known,comb_DJI_20260114102238_0011_V_3040zoom.JPG,,hieronyma alchorneoides,0.061810,107,0.9252,844,0.317,23
low_conf_known,comb_DJI_20250911094540_0001_V_277zoom.JPG,,hieronyma alchorneoides,0.108740,107,0.9252,847,0.316,23
low_conf_known,comb_DJI_20251003112937_0017_V_1530zoom.JPG,,jacaranda copaia,0.085010,118,0.9407,861,0.315,22
low_conf_known,comb_DJI_20260320111907_0015_V_1860tele.JPG,,dipteryx oleifera,0.069850,281,0.9644,869,0.315,25
low_conf_known,comb_DJI_20241024131132_0070_V_2088zoom.JPG,,prioria copaifera,0.094510,121,0.9008,871,0.314,19
low_conf_known,comb_DJI_20250522092519_0039_V_95zoom.JPG,,dipteryx oleifera,0.053430,281,0.9644,891,0.392,25
low_conf_known,comb_DJI_20260317085856_0001_V_5671tele.JPG,,jacaranda copaia,0.078180,118,0.9407,892,0.313,22
low_conf_known,comb_DJI_20260114121734_0059_V_10836zoom.JPG,,dipteryx oleifera,0.355690,281,0.9644,896,0.313,25
low_conf_known,comb_DJI_20250520120024_0040_V_79zoom.JPG,,dipteryx oleifera,0.017610,281,0.9644,902,0.312,25
low_conf_known,comb_DJI_20260114102528_0021_V_3635zoom.JPG,,prioria copaifera,0.257840,121,0.9008,904,0.312,19
low_conf_known,comb_DJI_20250520090740_0002_V_148zoom.JPG,,chrysophyllum cainito,0.334010,18,0.9444,908,0.341,27
low_conf_known,comb_DJI_20250520102409_0014_V_25zoom.JPG,,hura crepitans,0.186820,123,0.9106,920,0.311,21
low_conf_known,comb_DJI_20251016124816_0025_V_3241zoom.JPG,,hieronyma alchorneoides,0.014210,107,0.9252,929,0.310,23
low_conf_known,comb_DJI_20250226132745_0040_V_768zoom.JPG,,astronium graveolens,0.125570,37,0.9730,934,0.399,21
low_conf_known,comb_DJI_20260322093353_0021_V_997tele.JPG,,hieronyma alchorneoides,0.295520,107,0.9252,941,0.309,23
low_conf_known,comb_DJI_20260114103106_0041_V_4853zoom.JPG,,hieronyma alchorneoides,0.411750,107,0.9252,944,0.309,23
low_conf_known,comb_DJI_20250806111044_0012_V_178zoom.JPG,,trattinnickia aspera,0.033400,21,0.9524,947,0.308,26
low_conf_known,comb_DJI_20250806111527_0030_V_1zoom.JPG,,jacaranda copaia,0.101860,118,0.9407,953,0.310,22
low_conf_known,comb_DJI_20260322093323_0019_V_1744tele.JPG,,jacaranda copaia,0.046300,118,0.9407,963,0.334,22
low_conf_known,comb_DJI_20260318092610_0007_V_7351tele.JPG,,dipteryx oleifera,0.143970,281,0.9644,976,0.344,25
low_conf_known,comb_DJI_20250807103022_0011_V_5001zoom.JPG,,anacardium excelsum,0.099670,392,0.9286,1002,0.305,16
low_conf_known,comb_DJI_20250807130607_0019_V_7261zoom.JPG,,dipteryx oleifera,0.055210,281,0.9644,1004,0.314,25
low_conf_known,comb_DJI_20260114110146_0061_V_3130zoom.JPG,,chrysophyllum cainito,0.223400,18,0.9444,1030,0.303,27
low_conf_known,comb_DJI_20241204144634_0036_V_2762zoom.JPG,,prioria copaifera,0.071270,121,0.9008,1046,0.315,19
low_conf_known,comb_DJI_20260320111659_0007_V_1836tele.JPG,,dipteryx oleifera,0.215800,281,0.9644,1050,0.302,25
low_conf_known,comb_DJI_20250523083925_0047_V_99zoom.JPG,,hieronyma alchorneoides,0.045520,107,0.9252,1060,0.301,23
low_conf_known,comb_DJI_20240911152608_0024_V_3572zoom.JPG,,hieronyma alchorneoides,0.329080,107,0.9252,1082,0.300,23
low_conf_known,comb_DJI_20250806111736_0038_V_120zoom.JPG,,hieronyma alchorneoides,0.162690,107,0.9252,1085,0.300,23
low_conf_known,comb_DJI_20240912085112_0012_V_2907zoom.JPG,,jacaranda copaia,0.445050,118,0.9407,1105,0.297,22
low_conf_known,comb_DJI_20250522103631_0037_V_26zoom.JPG,,jacaranda copaia,0.095200,118,0.9407,1117,0.297,22
low_conf_known,comb_DJI_20250522104321_0063_V_28zoom.JPG,,guatteria lucens,0.023310,24,1.0000,1128,0.296,24
low_conf_known,comb_DJI_20240913105718_0024_V_4923zoom.JPG,,prioria copaifera,0.490130,121,0.9008,1146,0.295,19
low_conf_known,comb_DJI_20250305103245_0006_V_1411zoom.JPG,,jacaranda copaia,0.461230,118,0.9407,1156,0.294,22
low_conf_known,comb_DJI_20260318093502_0041_V_454tele.JPG,,jacaranda copaia,0.178360,118,0.9407,1165,0.309,22
low_conf_known,comb_DJI_20260322091615_0045_V_3497tele.JPG,,chrysophyllum cainito,0.067260,18,0.9444,1189,0.292,27
low_conf_known,comb_DJI_20250814135629_0043_V_6772zoom.JPG,,guatteria lucens,0.043540,24,1.0000,1195,0.291,24
low_conf_known,comb_DJI_20260320111836_0013_V_1870tele.JPG,,dipteryx oleifera,0.317700,281,0.9644,1216,0.290,25
low_conf_known,comb_DJI_20250520092051_0044_V_196zoom.JPG,,inga marginata,0.058560,10,0.9000,1220,0.324,27
low_conf_known,comb_DJI_20251014113019_0021_V_6310zoom.JPG,,guatteria lucens,0.250000,24,1.0000,1233,0.301,24
low_conf_known,comb_DJI_20250110133310_0020_V_159zoom.JPG,,astronium graveolens,0.312450,37,0.9730,1254,0.288,21
low_conf_known,comb_DJI_20251016120250_0029_V_8155zoom.JPG,,guatteria lucens,0.006150,24,1.0000,1301,0.339,24
low_conf_known,comb_DJI_20250807100013_0009_V_6438zoom.JPG,,jacaranda copaia,0.060920,118,0.9407,1311,0.284,22
low_conf_known,comb_DJI_20250520091411_0022_V_167zoom.JPG,,jacaranda copaia,0.021310,118,0.9407,1333,0.283,22
low_conf_known,comb_DJI_20241226100548_0072_V_2102zoom.JPG,,hieronyma alchorneoides,0.218640,107,0.9252,1352,0.282,23
low_conf_known,comb_DJI_20260317084235_0027_V_9208tele.JPG,,prioria copaifera,0.037650,121,0.9008,1369,0.280,19
low_conf_known,comb_DJI_20250110152324_0032_V_234zoom.JPG,,hieronyma alchorneoides,0.048300,107,0.9252,1383,0.328,23
low_conf_known,comb_DJI_20250522090446_0029_V_20zoom.JPG,,guatteria lucens,0.448730,24,1.0000,1408,0.278,24
low_conf_known,comb_DJI_20250523100058_0005_V_109zoom.JPG,,chrysophyllum cainito,0.207360,18,0.9444,1430,0.399,27
low_conf_known,comb_DJI_20250807130835_0025_V_7229zoom.JPG,,hieronyma alchorneoides,0.151070,107,0.9252,1436,0.276,23
low_conf_known,comb_DJI_20250806105852_0014_V_146zoom.JPG,,anacardium excelsum,0.208400,392,0.9286,1452,0.287,16
low_conf_known,comb_DJI_20250930122823_0021_V_7392zoom.JPG,,anacardium excelsum,0.099840,392,0.9286,1454,0.274,16
low_conf_known,comb_DJI_20250523094147_0025_V_159zoom.JPG,,anacardium excelsum,0.089080,392,0.9286,1462,0.274,16
low_conf_known,comb_DJI_20250305104520_0030_V_879zoom.JPG,,dipteryx oleifera,0.079030,281,0.9644,1474,0.281,25
low_conf_known,comb_DJI_20251014100216_0015_V_219zoom.JPG,,anacardium excelsum,0.073670,392,0.9286,1487,0.271,16
low_conf_known,comb_DJI_20250522091617_0003_V_51zoom.JPG,,hieronyma alchorneoides,0.141930,107,0.9252,1498,0.277,23
low_conf_known,comb_DJI_20250522103255_0023_V_34zoom.JPG,,hieronyma alchorneoides,0.027130,107,0.9252,1566,0.274,23
low_conf_known,comb_DJI_20250305132855_0028_V_4525zoom.JPG,,anacardium excelsum,0.148290,392,0.9286,1567,0.339,16
low_conf_known,comb_DJI_20250522104250_0061_V_29zoom.JPG,,inga marginata,0.030170,10,0.9000,1570,0.266,27
low_conf_known,comb_DJI_20250304093040_0012_V_401zoom.JPG,,jacaranda copaia,0.293300,118,0.9407,1574,0.266,22
low_conf_known,comb_DJI_20260322091121_0027_V_4487tele.JPG,,hieronyma alchorneoides,0.439690,107,0.9252,1585,0.265,23
low_conf_known,comb_DJI_20260320105239_0007_V_2913tele.JPG,,anacardium excelsum,0.273890,392,0.9286,1599,0.264,16
low_conf_known,comb_DJI_20251014103531_0001_V_11115zoom.JPG,,chrysophyllum cainito,0.187520,18,0.9444,1604,0.264,27
low_conf_known,comb_DJI_20241024131858_0002_V_2085zoom.JPG,,prioria copaifera,0.258100,121,0.9008,1625,0.263,19
low_conf_known,comb_DJI_20240912094937_0030_V_3385zoom.JPG,,anacardium excelsum,0.274100,392,0.9286,1639,0.262,16
low_conf_known,comb_DJI_20250523083249_0019_V_25zoom.JPG,,prioria copaifera,0.070960,121,0.9008,1642,0.262,19
low_conf_known,comb_DJI_20250806104412_0014_V_35zoom.JPG,,guatteria lucens,0.009170,24,1.0000,1644,0.315,24
low_conf_known,comb_DJI_20250522094518_0029_V_44zoom.JPG,,prioria copaifera,0.106880,121,0.9008,1647,0.369,19
low_conf_known,comb_DJI_20260320104341_0063_V_2700tele.JPG,,trattinnickia aspera,0.001230,21,0.9524,1651,0.261,26
low_conf_known,comb_DJI_20260322094111_0049_V_1840tele.JPG,,dipteryx oleifera,0.450140,281,0.9644,1655,0.279,25
low_conf_known,comb_DJI_20250813132932_0019_V_11343zoom.JPG,,hieronyma alchorneoides,0.467890,107,0.9252,1656,0.261,23
low_conf_known,comb_DJI_20250523101017_0043_V_29zoom.JPG,,guatteria lucens,0.070810,24,1.0000,1661,0.308,24
low_conf_known,comb_DJI_20260114120316_0011_V_938zoom.JPG,,trattinnickia aspera,0.233610,21,0.9524,1668,0.311,26
low_conf_known,comb_DJI_20260317095751_0037_V_5096tele.JPG,,hieronyma alchorneoides,0.142970,107,0.9252,1671,0.287,23
low_conf_known,comb_DJI_20241107110217_0020_V_1393zoom.JPG,,dipteryx oleifera,0.095720,281,0.9644,1689,0.259,25
low_conf_known,comb_DJI_20250523102801_0023_V_1zoom.JPG,,jacaranda copaia,0.011030,118,0.9407,1700,0.259,22
low_conf_known,comb_DJI_20250304092830_0008_V_537zoom.JPG,,prioria copaifera,0.110200,121,0.9008,1721,0.258,19
low_conf_known,comb_DJI_20241126104254_0068_V_790zoom.JPG,,handroanthus guayacan,0.196540,86,0.9186,1730,0.257,27
low_conf_known,comb_DJI_20250926110427_0017_V_2434zoom.JPG,,hieronyma alchorneoides,0.252030,107,0.9252,1736,0.257,23
low_conf_known,comb_DJI_20260318093357_0037_V_489tele.JPG,,jacaranda copaia,0.025450,118,0.9407,1754,0.296,22
low_conf_known,comb_DJI_20251017103509_0007_V_2634zoom.JPG,,prioria copaifera,0.466680,121,0.9008,1770,0.255,19
low_conf_known,comb_DJI_20250814135340_0033_V_7573zoom.JPG,,hieronyma alchorneoides,0.245130,107,0.9252,1805,0.252,23
low_conf_known,comb_DJI_20260114095714_0021_V_8150zoom.JPG,,anacardium excelsum,0.199460,392,0.9286,1810,0.371,16
low_conf_known,comb_DJI_20241127104334_0006_V_1712zoom.JPG,,inga marginata,0.080710,10,0.9000,1827,0.250,27
low_conf_known,comb_DJI_20251017101810_0051_V_2295zoom.JPG,,prioria copaifera,0.416910,121,0.9008,1835,0.249,19
low_conf_known,comb_DJI_20241107103425_0006_V_2178zoom.JPG,,jacaranda copaia,0.329410,118,0.9407,1893,0.246,22
low_conf_known,comb_DJI_20260318095446_0027_V_1755tele.JPG,,trattinnickia aspera,0.154960,21,0.9524,1932,0.277,26
low_conf_known,comb_DJI_20250807114247_0021_V_5067zoom.JPG,,jacaranda copaia,0.077530,118,0.9407,1951,0.288,22
low_conf_known,comb_DJI_20260322090520_0003_V_3637tele.JPG,,anacardium excelsum,0.396280,392,0.9286,1963,0.262,16
low_conf_known,comb_DJI_20250206105328_0024_V_2656zoom.JPG,,trattinnickia aspera,0.418410,21,0.9524,1972,0.357,26
low_conf_known,comb_DJI_20251015121922_0017_V_10883zoom.JPG,,prioria copaifera,0.458450,121,0.9008,2038,0.249,19
low_conf_known,comb_DJI_20251015113330_0019_V_9106zoom.JPG,,jacaranda copaia,0.306890,118,0.9407,2040,0.262,22
low_conf_known,comb_DJI_20251014100330_0017_V_11170zoom.JPG,,prioria copaifera,0.042520,121,0.9008,2054,0.259,19
low_conf_known,comb_DJI_20251016124710_0021_V_3246zoom.JPG,,prioria copaifera,0.316260,121,0.9008,2068,0.261,19
low_conf_known,comb_DJI_20260114111307_0011_V_78zoom.JPG,,prioria copaifera,0.454960,121,0.9008,2082,0.234,19
low_conf_known,comb_DJI_20241231112443_0014_V_5442zoom.JPG,,prioria copaifera,0.243480,121,0.9008,2096,0.233,19
low_conf_known,comb_DJI_20260320105134_0003_V_2033tele.JPG,,handroanthus guayacan,0.317430,86,0.9186,2118,0.231,27
low_conf_known,comb_DJI_20260114102128_0007_V_2994zoom.JPG,,prioria copaifera,0.435870,121,0.9008,2120,0.231,19
low_conf_known,comb_DJI_20250930121104_0055_V_1349zoom.JPG,,hura crepitans,0.150990,123,0.9106,2161,0.228,21
low_conf_known,comb_DJI_20250520101246_0058_V_22zoom.JPG,,guatteria lucens,0.045110,24,1.0000,2178,0.276,24
low_conf_known,comb_DJI_20240913113327_0056_V_5886zoom.JPG,,handroanthus guayacan,0.435290,86,0.9186,2182,0.227,27
low_conf_known,comb_DJI_20250523085304_0015_V_116zoom.JPG,,chrysophyllum cainito,0.062330,18,0.9444,2185,0.277,27
low_conf_known,comb_DJI_20250520102749_0028_V_200zoom.JPG,,cecropia insignis,0.152350,43,0.9535,2190,0.227,28
low_conf_known,comb_DJI_20250110160735_0020_V_60zoom.JPG,,hieronyma alchorneoides,0.093730,107,0.9252,2194,0.227,23
low_conf_known,comb_DJI_20250806094335_0022_V_79zoom.JPG,,hieronyma alchorneoides,0.011160,107,0.9252,2206,0.417,23
low_conf_known,comb_DJI_20260320111627_0005_V_1835tele.JPG,,dipteryx oleifera,0.212350,281,0.9644,2211,0.226,25
low_conf_known,comb_DJI_20251009083655_0015_V_8215zoom.JPG,,dipteryx oleifera,0.026940,281,0.9644,2214,0.225,25
low_conf_known,comb_DJI_20260322091047_0025_V_5436tele.JPG,,anacardium excelsum,0.182230,392,0.9286,2234,0.300,16
low_conf_known,comb_DJI_20260320103012_0013_V_4612tele.JPG,,chrysophyllum cainito,0.076730,18,0.9444,2241,0.254,27
low_conf_known,comb_DJI_20240913112942_0044_V_4878zoom.JPG,,prioria copaifera,0.252630,121,0.9008,2283,0.232,19
low_conf_known,comb_DJI_20250110162520_0034_V_163zoom.JPG,,trattinnickia aspera,0.051940,21,0.9524,2293,0.375,26
low_conf_known,comb_DJI_20241226123802_0058_V_2490zoom.JPG,,anacardium excelsum,0.122660,392,0.9286,2306,0.219,16
low_conf_known,comb_DJI_20241126104107_0062_V_767zoom.JPG,,handroanthus guayacan,0.356140,86,0.9186,2330,0.217,27
low_conf_known,comb_DJI_20250523094943_0057_V_103zoom.JPG,,hura crepitans,0.021850,123,0.9106,2340,0.293,21
low_conf_known,comb_DJI_20250522100746_0019_V_53zoom.JPG,,hieronyma alchorneoides,0.137720,107,0.9252,2349,0.224,23
low_conf_known,comb_DJI_20251009101952_0033_V_8286zoom.JPG,,chrysophyllum cainito,0.140470,18,0.9444,2356,0.240,27
low_conf_known,comb_DJI_20250226123349_0016_V_2657zoom.JPG,,astronium graveolens,0.066120,37,0.9730,2359,0.371,21
low_conf_known,comb_DJI_20251016102746_0045_V_1936zoom.JPG,,prioria copaifera,0.471350,121,0.9008,2385,0.219,19
low_conf_known,comb_DJI_20260320105108_0001_V_2928tele.JPG,,anacardium excelsum,0.480640,392,0.9286,2407,0.212,16
low_conf_known,comb_DJI_20250110155023_0014_V_104zoom.JPG,,anacardium excelsum,0.148860,392,0.9286,2420,0.211,16
low_conf_known,comb_DJI_20251017113558_0037_V_9277zoom.JPG,,prioria copaifera,0.328240,121,0.9008,2421,0.223,19
low_conf_known,comb_DJI_20250520103442_0052_V_220zoom.JPG,,chrysophyllum cainito,0.035040,18,0.9444,2430,0.365,27
low_conf_known,comb_DJI_20241101104855_0004_V_945zoom.JPG,,hieronyma alchorneoides,0.185450,107,0.9252,2451,0.249,23
low_conf_known,comb_DJI_20251016101611_0003_V_8810zoom.JPG,,prioria copaifera,0.476740,121,0.9008,2455,0.209,19
low_conf_known,comb_DJI_20250522095059_0051_V_61zoom.JPG,,chrysophyllum cainito,0.332100,18,0.9444,2493,0.308,27
low_conf_known,comb_DJI_20250522094847_0043_V_31zoom.JPG,,anacardium excelsum,0.210860,392,0.9286,2497,0.206,16
low_conf_known,comb_DJI_20250930114729_0047_V_3241zoom.JPG,,anacardium excelsum,0.470960,392,0.9286,2506,0.206,16
low_conf_known,comb_DJI_20250305131944_0008_V_4940zoom.JPG,,dipteryx oleifera,0.106100,281,0.9644,2510,0.211,25
low_conf_known,comb_DJI_20250813111826_0001_V_9664zoom.JPG,,jacaranda copaia,0.018000,118,0.9407,2524,0.267,22
low_conf_known,comb_DJI_20260112124015_0053_V_7205zoom.JPG,,ochroma pyramidale,0.402740,20,0.9000,2532,0.203,28
low_conf_known,comb_DJI_20241226140811_0046_V_34zoom.JPG,,hieronyma alchorneoides,0.146270,107,0.9252,2541,0.203,23
low_conf_known,comb_DJI_20260114102055_0005_V_3476zoom.JPG,,prioria copaifera,0.091510,121,0.9008,2545,0.203,19
low_conf_known,comb_DJI_20260114120348_0013_V_930zoom.JPG,,trattinnickia aspera,0.354450,21,0.9524,2564,0.375,26
low_conf_known,comb_DJI_20241127112916_0032_V_1137zoom.JPG,,chrysophyllum cainito,0.398240,18,0.9444,2568,0.201,27
low_conf_known,comb_DJI_20241126105426_0014_V_658zoom.JPG,,chrysophyllum cainito,0.246520,18,0.9444,2572,0.285,27
low_conf_known,comb_DJI_20250807100747_0033_V_5837zoom.JPG,,trattinnickia aspera,0.402480,21,0.9524,2594,0.200,26
low_conf_known,comb_DJI_20250522085957_0019_V_11zoom.JPG,,anacardium excelsum,0.123130,392,0.9286,2599,0.227,16
low_conf_known,comb_DJI_20251014103958_0015_V_4994zoom.JPG,,anacardium excelsum,0.199820,392,0.9286,2610,0.214,16
low_conf_known,comb_DJI_20250522094144_0015_V_83zoom.JPG,,anacardium excelsum,0.054670,392,0.9286,2617,0.311,16
low_conf_known,comb_DJI_20250522094446_0027_V_42zoom.JPG,,cecropia insignis,0.064110,43,0.9535,2624,0.242,28
low_conf_known,comb_DJI_20241204143754_0012_V_4178zoom.JPG,,anacardium excelsum,0.244070,392,0.9286,2666,0.195,16
low_conf_known,comb_DJI_20250523094716_0047_V_130zoom.JPG,,chrysophyllum cainito,0.119790,18,0.9444,2686,0.305,27
low_conf_known,comb_DJI_20260322094040_0047_V_1075tele.JPG,,dipteryx oleifera,0.335580,281,0.9644,2704,0.225,25
low_conf_known,comb_DJI_20260320105816_0027_V_2902tele.JPG,,handroanthus guayacan,0.453380,86,0.9186,2713,0.218,27
low_conf_known,comb_DJI_20251015134513_0057_V_8559zoom.JPG,,dipteryx oleifera,0.192140,281,0.9644,2740,0.190,25
low_conf_known,comb_DJI_20250814143130_0041_V_3840zoom.JPG,,ochroma pyramidale,0.345680,20,0.9000,2753,0.189,28
low_conf_known,comb_DJI_20251010083247_0033_V_3138zoom.JPG,,chrysophyllum cainito,0.179740,18,0.9444,2755,0.297,27
low_conf_known,comb_DJI_20251014104432_0031_V_11290zoom.JPG,,dipteryx oleifera,0.483010,281,0.9644,2760,0.189,25
low_conf_known,comb_DJI_20250806095437_0022_V_96zoom.JPG,,chrysophyllum cainito,0.009910,18,0.9444,2770,0.442,27
low_conf_known,comb_DJI_20241226143107_0008_V_773zoom.JPG,,prioria copaifera,0.436340,121,0.9008,2808,0.188,19
low_conf_known,comb_DJI_20260318093148_0029_V_484tele.JPG,,handroanthus guayacan,0.496480,86,0.9186,2817,0.185,27
low_conf_known,comb_DJI_20250924103856_0029_V_1294zoom.JPG,,jacaranda copaia,0.190740,118,0.9407,2823,0.367,22
low_conf_known,comb_DJI_20250520102112_0002_V_234zoom.JPG,,hura crepitans,0.063810,123,0.9106,2827,0.342,21
low_conf_known,comb_DJI_20250522103041_0015_V_120zoom.JPG,,inga marginata,0.296970,10,0.9000,2870,0.358,27
low_conf_known,comb_DJI_20250523090154_0051_V_52zoom.JPG,,chrysophyllum cainito,0.072840,18,0.9444,2887,0.381,27
low_conf_known,comb_DJI_20241226143019_0006_V_582zoom.JPG,,prioria copaifera,0.239400,121,0.9008,2898,0.180,19
low_conf_known,comb_DJI_20251016114442_0053_V_4230zoom.JPG,,handroanthus guayacan,0.418820,86,0.9186,2919,0.179,27
low_conf_known,comb_DJI_20241204101900_0006_V_734zoom.JPG,,anacardium excelsum,0.452910,392,0.9286,2924,0.211,16
low_conf_known,comb_DJI_20250520094337_0046_V_59zoom.JPG,,hieronyma alchorneoides,0.015570,107,0.9252,2934,0.355,23
low_conf_known,comb_DJI_20250814142313_0013_V_4728zoom.JPG,,handroanthus guayacan,0.062850,86,0.9186,2963,0.175,27
low_conf_known,comb_DJI_20240911155253_0028_V_6148zoom.JPG,,astronium graveolens,0.238140,37,0.9730,2968,0.175,21
low_conf_known,comb_DJI_20250523102830_0025_V_2zoom.JPG,,jacaranda copaia,0.365900,118,0.9407,2973,0.174,22
low_conf_known,comb_DJI_20251014122801_0011_V_5714zoom.JPG,,dipteryx oleifera,0.398110,281,0.9644,3004,0.173,25
low_conf_known,comb_DJI_20250206092613_0018_V_1408zoom.JPG,,trattinnickia aspera,0.198370,21,0.9524,3007,0.269,26
low_conf_known,comb_DJI_20251010111456_0021_V_7023zoom.JPG,,chrysophyllum cainito,0.130220,18,0.9444,3024,0.191,27
low_conf_known,comb_DJI_20251001104139_0009_V_2826zoom.JPG,,astronium graveolens,0.483100,37,0.9730,3111,0.187,21
low_conf_known,comb_DJI_20251017111333_0035_V_397zoom.JPG,,prioria copaifera,0.449180,121,0.9008,3116,0.177,19
low_conf_known,comb_DJI_20250523095110_0063_V_106zoom.JPG,,chrysophyllum cainito,0.017160,18,0.9444,3133,0.419,27
low_conf_known,comb_DJI_20250522101057_0031_V_39zoom.JPG,,cecropia insignis,0.291740,43,0.9535,3153,0.163,28
low_conf_known,comb_DJI_20251009102227_0041_V_8330zoom.JPG,,jacaranda copaia,0.138440,118,0.9407,3162,0.162,22
low_conf_known,comb_DJI_20260318092911_0019_V_7335tele.JPG,,jacaranda copaia,0.144740,118,0.9407,3169,0.189,22
low_conf_known,comb_DJI_20260317093409_0040_V_6006tele.JPG,,trattinnickia aspera,0.004560,21,0.9524,3176,0.291,26
low_conf_known,comb_DJI_20251010090541_0059_V_3565zoom.JPG,,chrysophyllum cainito,0.203660,18,0.9444,3178,0.252,27
low_conf_known,comb_DJI_20260322093555_0029_V_527tele.JPG,,jacaranda copaia,0.071060,118,0.9407,3189,0.308,22
low_conf_known,comb_DJI_20250520120407_0052_V_52zoom.JPG,,chrysophyllum cainito,0.121480,18,0.9444,3193,0.311,27
low_conf_known,comb_DJI_20250807100224_0017_V_6434zoom.JPG,,trattinnickia aspera,0.470030,21,0.9524,3207,0.164,26
low_conf_known,comb_DJI_20250807100046_0011_V_6442zoom.JPG,,jacaranda copaia,0.301890,118,0.9407,3215,0.284,22
low_conf_known,comb_DJI_20251017103913_0021_V_2575zoom.JPG,,anacardium excelsum,0.363220,392,0.9286,3219,0.159,16
low_conf_known,comb_DJI_20260318104257_0025_V_6169tele.JPG,,handroanthus guayacan,0.389330,86,0.9186,3283,0.154,27
low_conf_known,comb_DJI_20260322093627_0031_V_483tele.JPG,,anacardium excelsum,0.487310,392,0.9286,3285,0.184,16
low_conf_known,comb_DJI_20250806111633_0034_V_123zoom.JPG,,cecropia insignis,0.347460,43,0.9535,3295,0.153,28
low_conf_known,comb_DJI_20240913110951_0066_V_5407zoom.JPG,,astronium graveolens,0.383600,37,0.9730,3312,0.163,21
low_conf_known,comb_DJI_20240912094249_0008_V_2893zoom.JPG,,handroanthus guayacan,0.329220,86,0.9186,3369,0.250,27
low_conf_known,comb_DJI_20250814134700_0013_V_7670zoom.JPG,,handroanthus guayacan,0.447900,86,0.9186,3375,0.146,27
low_conf_known,comb_DJI_20250716091747_0022_V_314zoom.JPG,,astronium graveolens,0.366360,37,0.9730,3378,0.146,21
low_conf_known,comb_DJI_20250806093816_0002_V_159zoom.JPG,,prioria copaifera,0.018900,121,0.9008,3386,0.261,19
low_conf_known,comb_DJI_20251014104830_0043_V_5455zoom.JPG,,handroanthus guayacan,0.257490,86,0.9186,3404,0.144,27
low_conf_known,comb_DJI_20260318094025_0061_V_877tele.JPG,,handroanthus guayacan,0.179030,86,0.9186,3414,0.143,27
low_conf_known,comb_DJI_20260322093733_0035_V_535tele.JPG,,hieronyma alchorneoides,0.317160,107,0.9252,3482,0.188,23
low_conf_known,comb_DJI_20250110145455_0020_V_141zoom.JPG,,trattinnickia aspera,0.225170,21,0.9524,3491,0.312,26
low_conf_known,comb_DJI_20251015133510_0021_V_3947zoom.JPG,,hieronyma alchorneoides,0.470650,107,0.9252,3545,0.131,23
low_conf_known,comb_DJI_20250305110921_0020_V_448zoom.JPG,,trattinnickia aspera,0.001580,21,0.9524,3546,0.274,26
low_conf_known,comb_DJI_20251016114641_0061_V_4229zoom.JPG,,dipteryx oleifera,0.475620,281,0.9644,3568,0.129,25
low_conf_known,comb_DJI_20260317091135_0047_V_10843tele.JPG,,handroanthus guayacan,0.367810,86,0.9186,3582,0.127,27
low_conf_known,comb_DJI_20250523102302_0003_V_55zoom.JPG,,chrysophyllum cainito,0.075930,18,0.9444,3613,0.404,27
low_conf_known,comb_DJI_20250924103345_0011_V_1147zoom.JPG,,jacaranda copaia,0.491420,118,0.9407,3617,0.281,22
low_conf_known,comb_DJI_20260322093803_0037_V_529tele.JPG,,hieronyma alchorneoides,0.490840,107,0.9252,3618,0.175,23
low_conf_known,comb_DJI_20250110142316_0004_V_22zoom.JPG,,trattinnickia aspera,0.107940,21,0.9524,3678,0.338,26
low_conf_known,comb_DJI_20260318102444_0045_V_4424tele.JPG,,handroanthus guayacan,0.229340,86,0.9186,3686,0.116,27
low_conf_known,comb_DJI_20250523101205_0051_V_15zoom.JPG,,chrysophyllum cainito,0.119280,18,0.9444,3767,0.330,27
low_conf_known,comb_DJI_20251017113122_0021_V_926zoom.JPG,,ochroma pyramidale,0.455550,20,0.9000,3776,0.105,28
low_conf_known,comb_DJI_20250806100755_0076_V_75zoom.JPG,,cecropia insignis,0.455670,43,0.9535,3801,0.098,28
low_conf_known,comb_DJI_20250806100003_0044_V_82zoom.JPG,,cecropia insignis,0.248600,43,0.9535,3840,0.086,28
low_conf_known,comb_DJI_20250930120738_0043_V_1239zoom.JPG,,handroanthus guayacan,0.350840,86,0.9186,3844,0.146,27
low_conf_known,comb_DJI_20250806112126_0052_V_134zoom.JPG,,anacardium excelsum,0.019270,392,0.9286,3853,0.278,16
low_conf_known,comb_DJI_20250522091719_0007_V_59zoom.JPG,,prioria copaifera,0.035320,121,0.9008,3890,0.324,19
normal,comb_DJI_20260320111733_0009_V_1833tele.JPG,,hippocratea volubilis,0.148470,19,0.8421,14,0.580,29
normal,comb_DJI_20250106103313_0026_V_5612zoom.JPG,,spondias radlkoferi,0.107750,11,0.8182,16,0.544,30
normal,comb_DJI_20250110153028_0022_V_57zoom.JPG,,terminalia amazonia,0.238950,85,0.7412,18,0.538,31
normal,comb_DJI_20250926113028_0013_V_2093zoom.JPG,,protium stevensonii,0.169610,45,0.7333,28,0.517,32
normal,comb_DJI_20250110140317_0026_V_123zoom.JPG,,ceiba pentandra,0.050130,59,0.8644,29,0.541,34
normal,comb_DJI_20250523090446_0063_V_12zoom.JPG,,terminalia oblonga,0.286930,19,0.7895,31,0.510,34
normal,comb_DJI_20250304095419_0022_V_651zoom.JPG,,tabebuia rosea,0.412580,56,0.8393,33,0.506,35
normal,comb_DJI_20241126102753_0020_V_689zoom.JPG,,luehea seemannii,0.145240,143,0.8741,36,0.505,36
normal,comb_DJI_20250110162138_0020_V_52zoom.JPG,,uncaria tomentosa,0.022230,53,0.7170,37,0.503,38
normal,comb_DJI_20250523100429_0019_V_70zoom.JPG,,terminalia amazonia,0.092470,85,0.7412,42,0.491,31
normal,comb_DJI_20241204100743_0048_V_152zoom.JPG,,sterculia apetala,0.405740,54,0.8148,44,0.489,39
normal,comb_DJI_20250110150852_0070_V_13zoom.JPG,,luehea seemannii,0.767030,143,0.8741,53,0.481,36
normal,comb_DJI_20260322093704_0033_V_543tele.JPG,,luehea seemannii,0.086150,143,0.8741,55,0.479,36
normal,comb_DJI_20260320110336_0047_V_1061tele.JPG,,hippocratea volubilis,0.348140,19,0.8421,57,0.482,29
normal,comb_DJI_20250304081236_0016_V_5850zoom.JPG,,uncaria tomentosa,0.183260,53,0.7170,58,0.477,38
normal,comb_DJI_20260322091015_0023_V_4535tele.JPG,,hippocratea volubilis,0.128610,19,0.8421,61,0.478,29
normal,comb_DJI_20251017104231_0033_V_2105zoom.JPG,,calophyllum longifolium,0.611340,43,0.8837,69,0.470,39
normal,comb_DJI_20260322093901_0041_V_1030tele.JPG,,apeiba membranacea,0.285730,40,0.7750,70,0.470,40
normal,comb_DJI_20250813085435_0033_V_10320zoom.JPG,,hippocratea volubilis,0.013760,19,0.8421,73,0.467,29
normal,comb_DJI_20250807130003_0001_V_7916zoom.JPG,,spondias radlkoferi,0.553050,11,0.8182,82,0.460,30
normal,comb_DJI_20250930120814_0045_V_2103zoom.JPG,,davilla nitida,0.087610,21,0.7619,83,0.459,41
normal,comb_DJI_20250106110119_0026_V_4617zoom.JPG,,oenocarpus mapora,0.100170,15,0.7333,85,0.457,42
normal,comb_DJI_20251001104432_0021_V_1475zoom.JPG,,hippocratea volubilis,0.151840,19,0.8421,89,0.454,29
normal,comb_DJI_20241204150843_0016_V_3297zoom.JPG,,sterculia apetala,0.736390,54,0.8148,91,0.454,39
normal,comb_DJI_20241217105535_0044_V_2400zoom.JPG,,apeiba membranacea,0.006020,40,0.7750,92,0.454,40
normal,comb_DJI_20250110163812_0002_V_188zoom.JPG,,luehea seemannii,0.097520,143,0.8741,94,0.453,36
normal,comb_DJI_20250813130052_0013_V_9034zoom.JPG,,uncaria tomentosa,0.515430,53,0.7170,104,0.448,38
normal,comb_DJI_20250110162449_0032_V_38zoom.JPG,,spondias radlkoferi,0.022940,11,0.8182,105,0.448,30
normal,comb_DJI_20260322091508_0041_V_4486tele.JPG,,luehea seemannii,0.236250,143,0.8741,108,0.447,36
normal,comb_DJI_20260320101840_0037_V_4691tele.JPG,,spondias radlkoferi,0.077910,11,0.8182,111,0.485,30
normal,comb_DJI_20250520094021_0032_V_86zoom.JPG,,hippocratea volubilis,0.032970,19,0.8421,112,0.446,29
normal,comb_DJI_20251015113300_0017_V_7877zoom.JPG,,sterculia apetala,0.375980,54,0.8148,113,0.445,39
normal,comb_DJI_20241101103050_0026_V_456zoom.JPG,,fridericia candicans,0.031160,40,0.8250,114,0.445,43
normal,comb_DJI_20250304091604_0040_V_7777zoom.JPG,,tabebuia rosea,0.315030,56,0.8393,115,0.445,35
normal,comb_DJI_20260318102834_0059_V_5271tele.JPG,,luehea seemannii,0.431870,143,0.8741,122,0.442,36
normal,comb_DJI_20260320112115_0023_V_2684tele.JPG,,terminalia amazonia,0.041820,85,0.7412,125,0.469,31
normal,comb_DJI_20241127092036_0016_V_2308zoom.JPG,,luehea seemannii,0.255160,143,0.8741,127,0.452,36
normal,comb_DJI_20250522095027_0049_V_33zoom.JPG,,luehea seemannii,0.025260,143,0.8741,130,0.439,36
normal,comb_DJI_20250807105552_0021_V_8357zoom.JPG,,senegalia hayesii,0.775140,17,0.8824,133,0.436,44
normal,comb_DJI_20260322090811_0015_V_4547tele.JPG,,tabebuia rosea,0.058530,56,0.8393,138,0.433,35
normal,comb_DJI_20250110151809_0012_V_166zoom.JPG,,sterculia apetala,0.230600,54,0.8148,145,0.429,39
normal,comb_DJI_20260112124045_0055_V_5888zoom.JPG,,protium stevensonii,0.016970,45,0.7333,146,0.428,32
normal,comb_DJI_20260318103855_0011_V_6104tele.JPG,,luehea seemannii,0.028620,143,0.8741,149,0.428,36
normal,comb_DJI_20260320111803_0011_V_2798tele.JPG,,hippocratea volubilis,0.110600,19,0.8421,157,0.425,29
normal,comb_DJI_20250106100134_0020_V_4109zoom.JPG,,tabebuia rosea,0.238680,56,0.8393,159,0.424,35
normal,comb_DJI_20251017101030_0023_V_11852zoom.JPG,,terminalia amazonia,0.644810,85,0.7412,160,0.424,31
normal,comb_DJI_20260114125205_0007_V_577zoom.JPG,,astronium graveolens,0.514510,37,0.9730,164,0.423,21
normal,comb_DJI_20260318104155_0021_V_6846tele.JPG,,uncaria tomentosa,0.511240,53,0.7170,165,0.423,38
normal,comb_DJI_20260317092633_0014_V_5220tele.JPG,,trattinnickia aspera,0.510200,21,0.9524,168,0.423,26
normal,comb_DJI_20260114104843_0015_V_5890zoom.JPG,,uncaria tomentosa,0.057900,53,0.7170,169,0.429,38
normal,comb_DJI_20250305110502_0012_V_328zoom.JPG,,hippocratea volubilis,0.323460,19,0.8421,170,0.435,29
normal,comb_DJI_20250806102520_0010_V_51zoom.JPG,,platypodium elegans,0.048420,33,0.8182,171,0.422,44
normal,comb_DJI_20251016125800_0061_V_125zoom.JPG,,uncaria tomentosa,0.070910,53,0.7170,172,0.421,38
normal,comb_DJI_20250926102651_0025_V_2724zoom.JPG,,hippocratea volubilis,0.176280,19,0.8421,177,0.420,29
normal,comb_DJI_20250304110034_0028_V_3362zoom.JPG,,jacaranda copaia,0.686750,118,0.9407,179,0.419,22
normal,comb_DJI_20250305130115_0030_V_6726zoom.JPG,,senegalia hayesii,0.243550,17,0.8824,181,0.417,44
normal,comb_DJI_20260114131750_0021_V_2688zoom.JPG,,hippocratea volubilis,0.074910,19,0.8421,183,0.420,29
normal,comb_DJI_20260322090450_0001_V_2613tele.JPG,,hippocratea volubilis,0.029370,19,0.8421,184,0.416,29
normal,comb_DJI_20260318093329_0035_V_488tele.JPG,,apeiba membranacea,0.572650,40,0.7750,185,0.416,40
normal,comb_DJI_20260114121235_0043_V_524zoom.JPG,,uncaria tomentosa,0.125600,53,0.7170,189,0.414,38
normal,comb_DJI_20240913105157_0010_V_4138zoom.JPG,,protium stevensonii,0.199770,45,0.7333,190,0.413,32
normal,comb_DJI_20250520091215_0016_V_238zoom.JPG,,terminalia amazonia,0.084390,85,0.7412,194,0.412,31
normal,comb_DJI_20241217134816_0002_V_3776zoom.JPG,,platypodium elegans,0.010030,33,0.8182,198,0.412,44
normal,comb_DJI_20241217104644_0014_V_1978zoom.JPG,,hippocratea volubilis,0.228990,19,0.8421,200,0.410,29
normal,comb_DJI_20241217131059_0040_V_2384zoom.JPG,,hippocratea volubilis,0.236010,19,0.8421,203,0.410,29
normal,comb_DJI_20250110161755_0006_V_121zoom.JPG,,davilla nitida,0.175920,21,0.7619,208,0.406,41
normal,comb_DJI_20241101094658_0062_V_1411zoom.JPG,,spondias radlkoferi,0.176390,11,0.8182,211,0.406,30
normal,comb_DJI_20250724132658_0033_V_8749zoom.JPG,,protium stevensonii,0.154150,45,0.7333,212,0.405,32
normal,comb_DJI_20241126103929_0056_V_774zoom.JPG,,davilla nitida,0.623020,21,0.7619,213,0.405,41
normal,comb_DJI_20250304090902_0020_V_8344zoom.JPG,,spondias radlkoferi,0.062190,11,0.8182,215,0.420,30
normal,comb_DJI_20241231105256_0012_V_6650zoom.JPG,,hippocratea volubilis,0.122750,19,0.8421,227,0.402,29
normal,comb_DJI_20260311165614_0019_V_4829tele.JPG,,terminalia amazonia,0.020940,85,0.7412,230,0.401,31
normal,comb_DJI_20240912090231_0046_V_2932zoom.JPG,,luehea seemannii,0.048010,143,0.8741,233,0.400,36
normal,comb_DJI_20260322091541_0043_V_3527tele.JPG,,hippocratea volubilis,0.070260,19,0.8421,236,0.399,29
normal,comb_DJI_20250520091015_0010_V_126zoom.JPG,,pouteria stipitata,0.049970,20,0.8000,243,0.398,45
normal,comb_DJI_20251009093530_0051_V_10754zoom.JPG,,spondias radlkoferi,0.017130,11,0.8182,245,0.397,30
normal,comb_DJI_20250520091446_0024_V_129zoom.JPG,,brosimum alicastrum,0.456060,35,0.8571,246,0.397,46
normal,comb_DJI_20251016125345_0045_V_3848zoom.JPG,,hippocratea volubilis,0.070990,19,0.8421,249,0.397,29
normal,comb_DJI_20250814115240_0041_V_10392zoom.JPG,,alseis blackiana,0.429330,73,0.8493,252,0.395,47
normal,comb_DJI_20250520091057_0012_V_174zoom.JPG,,brosimum alicastrum,0.175540,35,0.8571,254,0.395,46
normal,comb_DJI_20250820092712_0009_V_5939zoom.JPG,,uncaria tomentosa,0.034290,53,0.7170,260,0.394,38
normal,comb_DJI_20250806100101_0048_V_92zoom.JPG,,davilla nitida,0.088830,21,0.7619,261,0.394,41
normal,comb_DJI_20250807105013_0003_V_6459zoom.JPG,,senegalia hayesii,0.522590,17,0.8824,263,0.393,44
normal,comb_DJI_20250206092802_0024_V_1405zoom.JPG,,platypodium elegans,0.053400,33,0.8182,269,0.466,44
normal,comb_DJI_20250813093128_0005_V_8579zoom.JPG,,protium stevensonii,0.112090,45,0.7333,280,0.389,32
normal,comb_DJI_20251010095154_0051_V_2910zoom.JPG,,spondias radlkoferi,0.064740,11,0.8182,284,0.388,30
normal,comb_DJI_20240912092956_0048_V_2967zoom.JPG,,protium stevensonii,0.018310,45,0.7333,288,0.388,32
normal,comb_DJI_20251015132236_0035_V_7672zoom.JPG,,pouteria stipitata,0.127520,20,0.8000,290,0.386,45
normal,comb_DJI_20260311165721_0023_V_4803tele.JPG,,calophyllum longifolium,0.116480,43,0.8837,292,0.386,39
normal,comb_DJI_20250807130153_0005_V_7145zoom.JPG,,protium stevensonii,0.162600,45,0.7333,296,0.385,32
normal,comb_DJI_20240912090750_0060_V_3425zoom.JPG,,protium stevensonii,0.352780,45,0.7333,302,0.386,32
normal,comb_DJI_20251016113837_0031_V_7187zoom.JPG,,uncaria tomentosa,0.039540,53,0.7170,303,0.411,38
normal,comb_DJI_20240913113103_0048_V_5427zoom.JPG,,apeiba tibourbou,0.760710,14,0.7143,308,0.383,47
normal,comb_DJI_20250520114859_0002_V_223zoom.JPG,,terminalia oblonga,0.024280,19,0.7895,309,0.383,34
normal,comb_DJI_20241101100430_0030_V_645zoom.JPG,,fridericia candicans,0.130510,40,0.8250,310,0.398,43
normal,comb_DJI_20251017104345_0037_V_1434zoom.JPG,,hippocratea volubilis,0.682850,19,0.8421,312,0.386,29
normal,comb_DJI_20260320110438_0051_V_1804tele.JPG,,spondias radlkoferi,0.292720,11,0.8182,313,0.382,30
normal,comb_DJI_20250813130128_0015_V_9593zoom.JPG,,protium stevensonii,0.116420,45,0.7333,320,0.381,32
normal,comb_DJI_20250930113545_0005_V_6340zoom.JPG,,hippocratea volubilis,0.045160,19,0.8421,322,0.381,29
normal,comb_DJI_20250522092447_0037_V_146zoom.JPG,,davilla nitida,0.268480,21,0.7619,324,0.381,41
normal,comb_DJI_20260114104734_0011_V_7106zoom.JPG,,fridericia candicans,0.211160,40,0.8250,330,0.380,43
normal,comb_DJI_20251015131529_0009_V_5567zoom.JPG,,hippocratea volubilis,0.067530,19,0.8421,336,0.379,29
normal,comb_DJI_20251016105241_0037_V_9177zoom.JPG,,luehea seemannii,0.069270,143,0.8741,340,0.378,36
normal,comb_DJI_20250523083152_0015_V_33zoom.JPG,,hippocratea volubilis,0.066430,19,0.8421,349,0.376,29
normal,comb_DJI_20260318104619_0037_V_6215tele.JPG,,uncaria tomentosa,0.045500,53,0.7170,351,0.397,38
normal,comb_DJI_20250522093107_0061_V_148zoom.JPG,,apeiba membranacea,0.056750,40,0.7750,352,0.376,40
normal,comb_DJI_20251010122017_0043_V_9314zoom.JPG,,pouteria stipitata,0.230880,20,0.8000,359,0.375,45
normal,comb_DJI_20250305111932_0038_V_146zoom.JPG,,spondias radlkoferi,0.166910,11,0.8182,362,0.374,30
normal,comb_DJI_20241127095830_0042_V_1970zoom.JPG,,luehea seemannii,0.346770,143,0.8741,373,0.372,36
normal,comb_DJI_20250523093627_0003_V_4zoom.JPG,,davilla nitida,0.471690,21,0.7619,377,0.384,41
normal,comb_DJI_20260318095849_0043_V_2490tele.JPG,,anacardium excelsum,0.638330,392,0.9286,378,0.371,16
normal,comb_DJI_20250522092802_0049_V_123zoom.JPG,,brosimum alicastrum,0.109730,35,0.8571,384,0.388,46
normal,comb_DJI_20250110140101_0018_V_128zoom.JPG,,spondias radlkoferi,0.030560,11,0.8182,388,0.369,30
normal,comb_DJI_20250520094101_0036_V_111zoom.JPG,,davilla nitida,0.026570,21,0.7619,391,0.369,41
normal,comb_DJI_20260114124809_0003_V_11849zoom.JPG,,apeiba membranacea,0.149350,40,0.7750,401,0.368,40
normal,comb_DJI_20240913110050_0034_V_4906zoom.JPG,,luehea seemannii,0.201450,143,0.8741,402,0.412,36
normal,comb_DJI_20250926102056_0007_V_3980zoom.JPG,,terminalia amazonia,0.067760,85,0.7412,406,0.367,31
normal,comb_DJI_20241217104429_0006_V_3826zoom.JPG,,fridericia candicans,0.368430,40,0.8250,412,0.404,43
normal,comb_DJI_20251010094950_0043_V_2932zoom.JPG,,hippocratea volubilis,0.107990,19,0.8421,413,0.366,29
normal,comb_DJI_20250110141533_0070_V_74zoom.JPG,,luehea seemannii,0.058230,143,0.8741,425,0.378,36
normal,comb_DJI_20250305101342_0030_V_1750zoom.JPG,,spondias radlkoferi,0.048760,11,0.8182,430,0.384,30
normal,comb_DJI_20250110162549_0036_V_95zoom.JPG,,luehea seemannii,0.633870,143,0.8741,432,0.363,36
normal,comb_DJI_20260317083854_0013_V_8857tele.JPG,,protium stevensonii,0.025310,45,0.7333,436,0.372,32
normal,comb_DJI_20250110140027_0016_V_130zoom.JPG,,davilla nitida,0.274670,21,0.7619,438,0.362,41
normal,comb_DJI_20250523094616_0043_V_128zoom.JPG,,apeiba membranacea,0.039900,40,0.7750,439,0.362,40
normal,comb_DJI_20250716094555_0022_V_388zoom.JPG,,apeiba membranacea,0.059780,40,0.7750,446,0.361,40
normal,comb_DJI_20260320102053_0045_V_2759tele.JPG,,hippocratea volubilis,0.506510,19,0.8421,448,0.360,29
normal,comb_DJI_20250806102547_0012_V_54zoom.JPG,,protium stevensonii,0.183450,45,0.7333,451,0.360,32
normal,comb_DJI_20251015134624_0061_V_8751zoom.JPG,,davilla nitida,0.077200,21,0.7619,452,0.408,41
normal,comb_DJI_20250813135223_0007_V_1401zoom.JPG,,terminalia oblonga,0.222080,19,0.7895,455,0.359,34
normal,comb_DJI_20250723125940_0009_V_6715zoom.JPG,,davilla nitida,0.753810,21,0.7619,456,0.359,41
normal,comb_DJI_20260114104653_0009_V_5901zoom.JPG,,alseis blackiana,0.146500,73,0.8493,460,0.376,47
normal,comb_DJI_20260114100141_0037_V_6363zoom.JPG,,hippocratea volubilis,0.068110,19,0.8421,462,0.359,29
normal,comb_DJI_20250522093143_0063_V_112zoom.JPG,,protium stevensonii,0.036520,45,0.7333,468,0.358,32
normal,comb_DJI_20240913112135_0020_V_4890zoom.JPG,,davilla nitida,0.307170,21,0.7619,471,0.358,41
normal,comb_DJI_20250806100859_0080_V_72zoom.JPG,,alseis blackiana,0.044890,73,0.8493,474,0.357,47
normal,comb_DJI_20260114114934_0027_V_9282zoom.JPG,,protium stevensonii,0.682170,45,0.7333,475,0.357,32
normal,comb_DJI_20250806104340_0012_V_108zoom.JPG,,hippocratea volubilis,0.076900,19,0.8421,476,0.357,29
normal,comb_DJI_20241127093727_0066_V_2373zoom.JPG,,terminalia amazonia,0.015670,85,0.7412,479,0.356,31
normal,comb_DJI_20241226125401_0016_V_1909zoom.JPG,,fridericia candicans,0.351320,40,0.8250,480,0.356,43
normal,comb_DJI_20260112120101_0013_V_4405zoom.JPG,,spondias radlkoferi,0.052990,11,0.8182,482,0.356,30
normal,comb_DJI_20251016114101_0039_V_6011zoom.JPG,,hippocratea volubilis,0.200280,19,0.8421,487,0.355,29
normal,comb_DJI_20241101094536_0058_V_873zoom.JPG,,luehea seemannii,0.047720,143,0.8741,491,0.354,36
normal,comb_DJI_20260112123008_0019_V_7260zoom.JPG,,uncaria tomentosa,0.512300,53,0.7170,492,0.354,38
normal,comb_DJI_20250813124119_0027_V_8947zoom.JPG,,serjania circumvallata,0.018470,16,0.8125,493,0.354,47
normal,comb_DJI_20251010083000_0023_V_2505zoom.JPG,,luehea seemannii,0.103650,143,0.8741,494,0.354,36
normal,comb_DJI_20251009101131_0003_V_9169zoom.JPG,,davilla nitida,0.625740,21,0.7619,498,0.447,41
normal,comb_DJI_20250523102619_0017_V_90zoom.JPG,,davilla nitida,0.392650,21,0.7619,501,0.353,41
normal,comb_DJI_20250820112130_0009_V_4977zoom.JPG,,hippocratea volubilis,0.033350,19,0.8421,502,0.353,29
normal,comb_DJI_20241226111744_0024_V_2195zoom.JPG,,fridericia candicans,0.541440,40,0.8250,504,0.379,43
normal,comb_DJI_20250523084229_0061_V_85zoom.JPG,,pouteria stipitata,0.008870,20,0.8000,505,0.352,45
normal,comb_DJI_20260317083746_0009_V_8161tele.JPG,,hippocratea volubilis,0.365240,19,0.8421,512,0.352,29
normal,comb_DJI_20250110155138_0020_V_108zoom.JPG,,protium stevensonii,0.084180,45,0.7333,514,0.351,32
normal,comb_DJI_20260318104544_0035_V_6244tele.JPG,,calophyllum longifolium,0.026790,43,0.8837,516,0.351,39
normal,comb_DJI_20251014122841_0013_V_5722zoom.JPG,,hippocratea volubilis,0.482130,19,0.8421,518,0.351,29
normal,comb_DJI_20241024131051_0068_V_1820zoom.JPG,,ocotea leptobotra,0.161800,15,0.8667,522,0.350,48
normal,comb_DJI_20251014123709_0041_V_5807zoom.JPG,,pouteria stipitata,0.216570,20,0.8000,523,0.350,45
normal,comb_DJI_20251015125200_0045_V_4465zoom.JPG,,fridericia candicans,0.090090,40,0.8250,525,0.350,43
normal,comb_DJI_20260322094328_0057_V_635tele.JPG,,protium stevensonii,0.214390,45,0.7333,526,0.359,32
normal,comb_DJI_20250523085237_0013_V_123zoom.JPG,,brosimum alicastrum,0.112910,35,0.8571,528,0.350,46
normal,comb_DJI_20250522101442_0045_V_154zoom.JPG,,fridericia candicans,0.153390,40,0.8250,530,0.349,43
normal,comb_DJI_20241231115302_0022_V_4609zoom.JPG,,pouteria stipitata,0.614950,20,0.8000,537,0.354,45
normal,comb_DJI_20250813110602_0022_V_10110zoom.JPG,,pouteria stipitata,0.011620,20,0.8000,543,0.347,45
normal,comb_DJI_20250305123700_0004_V_5693zoom.JPG,,hippocratea volubilis,0.224590,19,0.8421,548,0.347,29
normal,comb_DJI_20260318093536_0043_V_450tele.JPG,,apeiba membranacea,0.499180,40,0.7750,549,0.350,40
normal,comb_DJI_20241204110612_0004_V_977zoom.JPG,,davilla nitida,0.410100,21,0.7619,551,0.346,41
normal,comb_DJI_20250522103116_0017_V_91zoom.JPG,,spondias radlkoferi,0.075500,11,0.8182,554,0.351,30
normal,comb_DJI_20260317094959_0009_V_7148tele.JPG,,serjania circumvallata,0.131470,16,0.8125,557,0.346,47
normal,comb_DJI_20241127095032_0020_V_2393zoom.JPG,,pouteria stipitata,0.743890,20,0.8000,558,0.345,45
normal,comb_DJI_20250930122349_0005_V_605zoom.JPG,,apeiba membranacea,0.642390,40,0.7750,560,0.345,40
normal,comb_DJI_20241204092411_0018_V_3432zoom.JPG,,davilla nitida,0.174390,21,0.7619,561,0.345,41
normal,comb_DJI_20251009091035_0047_V_11655zoom.JPG,,calophyllum longifolium,0.762510,43,0.8837,563,0.345,1
normal,comb_DJI_20241226142930_0004_V_451zoom.JPG,,prioria copaifera,0.669820,121,0.9008,564,0.345,19
normal,comb_DJI_20250716102612_0004_V_289zoom.JPG,,hippocratea volubilis,0.403080,19,0.8421,569,0.346,29
normal,comb_DJI_20260322094502_0063_V_1228tele.JPG,,hippocratea volubilis,0.442880,19,0.8421,572,0.373,29
normal,comb_DJI_20251015131635_0013_V_6764zoom.JPG,,protium stevensonii,0.059950,45,0.7333,574,0.343,32
normal,comb_DJI_20260320110916_0069_V_1793tele.JPG,,terminalia amazonia,0.330240,85,0.7412,575,0.343,31
normal,comb_DJI_20250110161723_0004_V_237zoom.JPG,,protium stevensonii,0.786730,45,0.7333,576,0.343,32
normal,comb_DJI_20250106101618_0064_V_7212zoom.JPG,,protium stevensonii,0.089960,45,0.7333,580,0.342,32
normal,comb_DJI_20250110135635_0002_V_161zoom.JPG,,uncaria tomentosa,0.049430,53,0.7170,581,0.342,38
normal,comb_DJI_20241204093249_0038_V_2323zoom.JPG,,spondias radlkoferi,0.134230,11,0.8182,588,0.355,30
normal,comb_DJI_20250716123238_0004_V_19zoom.JPG,,apeiba membranacea,0.597090,40,0.7750,590,0.341,40
normal,comb_DJI_20241124085332_0028_V_740zoom.JPG,,hippocratea volubilis,0.592680,19,0.8421,592,0.341,29
normal,comb_DJI_20250806103254_0040_V_151zoom.JPG,,protium stevensonii,0.409830,45,0.7333,593,0.341,32
normal,comb_DJI_20260114123319_0025_V_10617zoom.JPG,,brosimum alicastrum,0.263700,35,0.8571,596,0.341,46
normal,comb_DJI_20260318101233_0001_V_2021tele.JPG,,pouteria stipitata,0.126040,20,0.8000,597,0.340,45
normal,comb_DJI_20260317100230_0053_V_5097tele.JPG,,spondias radlkoferi,0.465030,11,0.8182,599,0.340,30
normal,comb_DJI_20241204092058_0010_V_3400zoom.JPG,,hippocratea volubilis,0.073240,19,0.8421,600,0.340,29
normal,comb_DJI_20250821154043_0003_V_1590zoom.JPG,,terminalia oblonga,0.149060,19,0.7895,602,0.340,34
normal,comb_DJI_20251014104243_0025_V_11250zoom.JPG,,anacardium excelsum,0.634150,392,0.9286,603,0.340,16
normal,comb_DJI_20250926091830_0023_V_3941zoom.JPG,,uncaria tomentosa,0.346300,53,0.7170,606,0.340,38
normal,comb_DJI_20251017104131_0029_V_2095zoom.JPG,,uncaria tomentosa,0.135130,53,0.7170,608,0.339,38
normal,comb_DJI_20260320101420_0021_V_4804tele.JPG,,pouteria stipitata,0.726140,20,0.8000,615,0.339,45
normal,comb_DJI_20250522092011_0019_V_106zoom.JPG,,terminalia amazonia,0.147990,85,0.7412,616,0.339,31
normal,comb_DJI_20251015122346_0033_V_10073zoom.JPG,,terminalia amazonia,0.548410,85,0.7412,617,0.413,31
normal,comb_DJI_20241127113443_0050_V_1276zoom.JPG,,pouteria stipitata,0.087450,20,0.8000,620,0.338,45
normal,comb_DJI_20250523085704_0031_V_80zoom.JPG,,davilla nitida,0.106520,21,0.7619,622,0.338,41
normal,comb_DJI_20260318095613_0033_V_1671tele.JPG,,hippocratea volubilis,0.713710,19,0.8421,624,0.338,29
normal,comb_DJI_20241101094335_0052_V_882zoom.JPG,,davilla nitida,0.192380,21,0.7619,625,0.338,41
normal,comb_DJI_20251016122146_0009_V_4803zoom.JPG,,uncaria tomentosa,0.386230,53,0.7170,627,0.338,38
normal,comb_DJI_20241127095155_0024_V_2212zoom.JPG,,davilla nitida,0.375810,21,0.7619,631,0.337,41
normal,comb_DJI_20251003121931_0033_V_857zoom.JPG,,hippocratea volubilis,0.409390,19,0.8421,632,0.337,29
normal,comb_DJI_20251003105526_0017_V_1383zoom.JPG,,pouteria stipitata,0.165990,20,0.8000,633,0.337,45
normal,comb_DJI_20250110142459_0010_V_200zoom.JPG,,luehea seemannii,0.033160,143,0.8741,634,0.337,36
normal,comb_DJI_20251017120457_0039_V_11668zoom.JPG,,davilla nitida,0.500080,21,0.7619,635,0.337,41
normal,comb_DJI_20240912090620_0056_V_3169zoom.JPG,,terminalia oblonga,0.078620,19,0.7895,638,0.336,34
normal,comb_DJI_20250716123606_0016_V_42zoom.JPG,,jacaranda copaia,0.717470,118,0.9407,639,0.336,22
normal,comb_DJI_20251017121940_0015_V_9362zoom.JPG,,uncaria tomentosa,0.267530,53,0.7170,641,0.336,38
normal,comb_DJI_20260318095746_0039_V_1654tele.JPG,,hippocratea volubilis,0.525410,19,0.8421,645,0.335,29
normal,comb_DJI_20250717085000_0024_V_11zoom.JPG,,tabebuia rosea,0.026910,56,0.8393,650,0.335,35
normal,comb_DJI_20241226132655_0024_V_2258zoom.JPG,,protium stevensonii,0.604020,45,0.7333,652,0.337,32
normal,comb_DJI_20250717084542_0010_V_85zoom.JPG,,protium stevensonii,0.225490,45,0.7333,654,0.334,32
normal,comb_DJI_20240912100043_0068_V_2064zoom.JPG,,terminalia oblonga,0.016620,19,0.7895,655,0.334,34
normal,comb_DJI_20250305114322_0008_V_7683zoom.JPG,,uncaria tomentosa,0.328570,53,0.7170,660,0.334,38
normal,comb_DJI_20250522094115_0013_V_143zoom.JPG,,davilla nitida,0.042460,21,0.7619,661,0.334,41
normal,comb_DJI_20241226103047_0052_V_1206zoom.JPG,,hippocratea volubilis,0.034530,19,0.8421,663,0.334,29
normal,comb_DJI_20250522092343_0033_V_151zoom.JPG,,davilla nitida,0.093350,21,0.7619,664,0.334,41
normal,comb_DJI_20241124085444_0032_V_339zoom.JPG,,protium stevensonii,0.482030,45,0.7333,665,0.334,32
normal,comb_DJI_20240911152111_0012_V_3345zoom.JPG,,protium stevensonii,0.126590,45,0.7333,666,0.333,32
normal,comb_DJI_20260317100200_0051_V_10809tele.JPG,,serjania circumvallata,0.029510,16,0.8125,667,0.333,47
normal,comb_DJI_20250806105742_0010_V_148zoom.JPG,,protium stevensonii,0.161490,45,0.7333,671,0.334,32
normal,comb_DJI_20260114102606_0023_V_3031zoom.JPG,,trattinnickia aspera,0.640530,21,0.9524,677,0.337,26
normal,comb_DJI_20241127095550_0034_V_2093zoom.JPG,,luehea seemannii,0.584640,143,0.8741,678,0.332,36
normal,comb_DJI_20241127100021_0048_V_1976zoom.JPG,,hippocratea volubilis,0.086150,19,0.8421,684,0.331,29
normal,comb_DJI_20260317084203_0025_V_9360tele.JPG,,trattinnickia aspera,0.621450,21,0.9524,688,0.344,26
normal,comb_DJI_20250807105621_0023_V_8381zoom.JPG,,senegalia hayesii,0.715380,17,0.8824,690,0.331,44
normal,comb_DJI_20251017111023_0023_V_484zoom.JPG,,fridericia candicans,0.708880,40,0.8250,691,0.331,43
normal,comb_DJI_20241202111026_0004_V_1677zoom.JPG,,hippocratea volubilis,0.028360,19,0.8421,692,0.334,29
normal,comb_DJI_20250110162208_0022_V_96zoom.JPG,,luehea seemannii,0.296840,143,0.8741,694,0.331,36
normal,comb_DJI_20250522094640_0035_V_36zoom.JPG,,protium stevensonii,0.398900,45,0.7333,697,0.334,32
normal,comb_DJI_20260320105958_0033_V_2039tele.JPG,,protium stevensonii,0.201940,45,0.7333,700,0.330,32
normal,comb_DJI_20250206105051_0016_V_4522zoom.JPG,,serjania circumvallata,0.127410,16,0.8125,701,0.330,47
normal,comb_DJI_20250305124919_0004_V_5731zoom.JPG,,hippocratea volubilis,0.594940,19,0.8421,703,0.330,29
normal,comb_DJI_20260114121506_0051_V_11573zoom.JPG,,anacardium excelsum,0.772270,392,0.9286,715,0.335,16
normal,comb_DJI_20250716091926_0028_V_362zoom.JPG,,luehea seemannii,0.514270,143,0.8741,716,0.329,36
normal,comb_DJI_20250806111256_0020_V_133zoom.JPG,,anacardium excelsum,0.668470,392,0.9286,719,0.329,16
normal,comb_DJI_20251016130609_0001_V_186zoom.JPG,,prioria copaifera,0.705950,121,0.9008,721,0.329,19
normal,comb_DJI_20240913112550_0032_V_4610zoom.JPG,,protium stevensonii,0.145350,45,0.7333,725,0.329,32
normal,comb_DJI_20251010083453_0039_V_2396zoom.JPG,,hippocratea volubilis,0.189160,19,0.8421,726,0.329,29
normal,comb_DJI_20240911155143_0024_V_5800zoom.JPG,,davilla nitida,0.132650,21,0.7619,729,0.366,41
normal,comb_DJI_20260320105709_0023_V_3949tele.JPG,,protium stevensonii,0.136110,45,0.7333,731,0.348,32
normal,comb_DJI_20260320105558_0019_V_3760tele.JPG,,spondias radlkoferi,0.141350,11,0.8182,733,0.328,30
normal,comb_DJI_20241024135118_0014_V_2106zoom.JPG,,uncaria tomentosa,0.254400,53,0.7170,736,0.328,38
normal,comb_DJI_20250522104004_0051_V_131zoom.JPG,,uncaria tomentosa,0.028440,53,0.7170,737,0.328,38
normal,comb_DJI_20250924103243_0007_V_1075zoom.JPG,,uncaria tomentosa,0.071230,53,0.7170,738,0.328,38
normal,comb_DJI_20251016113637_0023_V_8308zoom.JPG,,protium stevensonii,0.427170,45,0.7333,739,0.333,32
normal,comb_DJI_20251009105409_0045_V_830zoom.JPG,,simarouba amara,0.649180,42,0.8095,742,0.328,48
normal,comb_DJI_20260320112217_0027_V_1799tele.JPG,,brosimum alicastrum,0.475370,35,0.8571,743,0.398,46
normal,comb_DJI_20260114111850_0001_V_9877zoom.JPG,,davilla nitida,0.144910,21,0.7619,748,0.328,41
normal,comb_DJI_20250522092550_0041_V_96zoom.JPG,,protium stevensonii,0.145630,45,0.7333,749,0.327,32
normal,comb_DJI_20251003115215_0015_V_568zoom.JPG,,protium stevensonii,0.165160,45,0.7333,753,0.326,32
normal,comb_DJI_20241126104037_0060_V_773zoom.JPG,,pouteria stipitata,0.184380,20,0.8000,755,0.326,45
normal,comb_DJI_20250522105013_0001_V_2zoom.JPG,,protium stevensonii,0.062130,45,0.7333,762,0.325,32
normal,comb_DJI_20250806100226_0054_V_10zoom.JPG,,brosimum alicastrum,0.128930,35,0.8571,766,0.339,46
normal,comb_DJI_20250813121047_0011_V_8480zoom.JPG,,davilla nitida,0.070730,21,0.7619,767,0.325,41
normal,comb_DJI_20250522094418_0025_V_50zoom.JPG,,davilla nitida,0.269580,21,0.7619,771,0.325,41
normal,comb_DJI_20251016101851_0013_V_10967zoom.JPG,,prioria copaifera,0.504460,121,0.9008,774,0.324,19
normal,comb_DJI_20251015131813_0019_V_9076zoom.JPG,,ficus insipida,0.072350,14,0.8571,776,0.324,48
normal,comb_DJI_20250930120131_0019_V_2314zoom.JPG,,protium stevensonii,0.006440,45,0.7333,779,0.324,32
normal,comb_DJI_20260317084445_0035_V_8814tele.JPG,,alseis blackiana,0.562720,73,0.8493,780,0.324,1
normal,comb_DJI_20251016125553_0053_V_11216zoom.JPG,,prioria copaifera,0.501320,121,0.9008,782,0.323,19
normal,comb_DJI_20250520093325_0008_V_78zoom.JPG,,brosimum alicastrum,0.061050,35,0.8571,783,0.364,46
normal,comb_DJI_20250520100819_0040_V_113zoom.JPG,,simarouba amara,0.183020,42,0.8095,786,0.322,48
normal,comb_DJI_20260322094143_0051_V_1914tele.JPG,,terminalia oblonga,0.063310,19,0.7895,787,0.322,34
normal,comb_DJI_20250806093955_0008_V_156zoom.JPG,,protium stevensonii,0.430900,45,0.7333,788,0.322,32
normal,comb_DJI_20260114105856_0051_V_3314zoom.JPG,,davilla nitida,0.117850,21,0.7619,789,0.322,41
normal,comb_DJI_20251006111336_0025_V_740zoom.JPG,,brosimum alicastrum,0.129600,35,0.8571,791,0.337,46
normal,comb_DJI_20250806095510_0024_V_95zoom.JPG,,ficus obtusifolia,0.084050,14,0.8571,792,0.326,48
normal,comb_DJI_20251017113019_0017_V_1762zoom.JPG,,uncaria tomentosa,0.150010,53,0.7170,796,0.322,38
normal,comb_DJI_20250522102834_0007_V_94zoom.JPG,,ocotea leptobotra,0.092330,15,0.8667,799,0.321,48
normal,comb_DJI_20260317092921_0024_V_5100tele.JPG,,simarouba amara,0.699600,42,0.8095,801,0.321,48
normal,comb_DJI_20250523083611_0033_V_59zoom.JPG,,davilla nitida,0.614650,21,0.7619,803,0.321,41
normal,comb_DJI_20251016115727_0009_V_4750zoom.JPG,,apeiba membranacea,0.335480,40,0.7750,804,0.321,40
normal,comb_DJI_20260112120613_0031_V_6226zoom.JPG,,fridericia candicans,0.052130,40,0.8250,805,0.341,43
normal,comb_DJI_20250924105334_0007_V_975zoom.JPG,,uncaria tomentosa,0.454360,53,0.7170,809,0.321,38
normal,comb_DJI_20250924103757_0025_V_1283zoom.JPG,,serjania circumvallata,0.347760,16,0.8125,812,0.321,47
normal,comb_DJI_20260322091156_0029_V_5321tele.JPG,,spondias radlkoferi,0.051280,11,0.8182,814,0.320,30
normal,comb_DJI_20241226112744_0054_V_2899zoom.JPG,,pouteria stipitata,0.615270,20,0.8000,821,0.333,45
normal,comb_DJI_20250110142753_0020_V_37zoom.JPG,,luehea seemannii,0.012490,143,0.8741,822,0.381,36
normal,comb_DJI_20260318102211_0035_V_4429tele.JPG,,sterculia apetala,0.708420,54,0.8148,824,0.336,39
normal,comb_DJI_20260318092542_0005_V_75tele.JPG,,protium stevensonii,0.351000,45,0.7333,825,0.319,32
normal,comb_DJI_20250520091856_0038_V_90zoom.JPG,,calophyllum longifolium,0.022440,43,0.8837,826,0.319,39
normal,comb_DJI_20260318104227_0023_V_6904tele.JPG,,uncaria tomentosa,0.092120,53,0.7170,829,0.350,38
normal,comb_DJI_20250110133027_0010_V_65zoom.JPG,,fridericia candicans,0.189060,40,0.8250,830,0.319,43
normal,comb_DJI_20251017115853_0019_V_11680zoom.JPG,,prioria copaifera,0.722950,121,0.9008,831,0.318,19
normal,comb_DJI_20241107104510_0044_V_1692zoom.JPG,,hippocratea volubilis,0.287990,19,0.8421,832,0.318,29
normal,comb_DJI_20250813124227_0031_V_8415zoom.JPG,,pouteria stipitata,0.303250,20,0.8000,833,0.318,45
normal,comb_DJI_20240912085734_0032_V_2660zoom.JPG,,protium stevensonii,0.379540,45,0.7333,836,0.318,32
normal,comb_DJI_20260112122553_0005_V_6157zoom.JPG,,uncaria tomentosa,0.288070,53,0.7170,838,0.318,38
normal,comb_DJI_20260322090615_0007_V_3546tele.JPG,,dipteryx oleifera,0.651120,281,0.9644,846,0.317,25
normal,comb_DJI_20241204145004_0046_V_3321zoom.JPG,,pouteria stipitata,0.667470,20,0.8000,848,0.320,45
normal,comb_DJI_20250717101132_0002_V_111zoom.JPG,,spondias radlkoferi,0.046150,11,0.8182,851,0.316,30
normal,comb_DJI_20250523101404_0059_V_147zoom.JPG,,davilla nitida,0.381060,21,0.7619,853,0.383,41
normal,comb_DJI_20260318095006_0009_V_994tele.JPG,,simarouba amara,0.076410,42,0.8095,855,0.315,48
normal,comb_DJI_20241218100602_0006_V_7994zoom.JPG,,protium stevensonii,0.281560,45,0.7333,856,0.345,32
normal,comb_DJI_20251016104748_0019_V_9012zoom.JPG,,davilla nitida,0.412950,21,0.7619,858,0.315,41
normal,comb_DJI_20241226100511_0070_V_2802zoom.JPG,,astronium graveolens,0.562200,37,0.9730,863,0.315,21
normal,comb_DJI_20250522090234_0027_V_21zoom.JPG,,protium stevensonii,0.125730,45,0.7333,865,0.315,32
normal,comb_DJI_20250814132120_0005_V_9376zoom.JPG,,uncaria tomentosa,0.262700,53,0.7170,866,0.328,38
normal,comb_DJI_20250806112015_0048_V_117zoom.JPG,,davilla nitida,0.311580,21,0.7619,867,0.315,41
normal,comb_DJI_20250522100923_0025_V_25zoom.JPG,,davilla nitida,0.025130,21,0.7619,868,0.345,41
normal,comb_DJI_20250304105459_0016_V_2136zoom.JPG,,calophyllum longifolium,0.291090,43,0.8837,874,0.314,39
normal,comb_DJI_20250813112306_0015_V_10235zoom.JPG,,luehea seemannii,0.425150,143,0.8741,876,0.314,36
normal,comb_DJI_20241204093454_0044_V_2322zoom.JPG,,luehea seemannii,0.728580,143,0.8741,881,0.314,36
normal,comb_DJI_20241126102342_0008_V_476zoom.JPG,,hippocratea volubilis,0.351750,19,0.8421,883,0.315,29
normal,comb_DJI_20251014105107_0053_V_4970zoom.JPG,,uncaria tomentosa,0.031350,53,0.7170,885,0.314,38
normal,comb_DJI_20240911155105_0022_V_6003zoom.JPG,,tabebuia rosea,0.165570,56,0.8393,886,0.313,35
normal,comb_DJI_20260112122520_0003_V_6210zoom.JPG,,protium stevensonii,0.391770,45,0.7333,889,0.346,32
normal,comb_DJI_20250522095621_0071_V_150zoom.JPG,,alseis blackiana,0.032400,73,0.8493,893,0.313,47
normal,comb_DJI_20250814135544_0041_V_6697zoom.JPG,,protium stevensonii,0.058230,45,0.7333,894,0.313,32
normal,comb_DJI_20251009092916_0029_V_731zoom.JPG,,hippocratea volubilis,0.298390,19,0.8421,898,0.313,29
normal,comb_DJI_20260114121316_0045_V_11662zoom.JPG,,hippocratea volubilis,0.399980,19,0.8421,900,0.312,29
normal,comb_DJI_20250520101141_0054_V_209zoom.JPG,,ocotea leptobotra,0.191410,15,0.8667,907,0.312,48
normal,comb_DJI_20250520103336_0048_V_224zoom.JPG,,brosimum alicastrum,0.131990,35,0.8571,909,0.311,46
normal,comb_DJI_20250716104841_0002_V_211zoom.JPG,,fridericia candicans,0.689060,40,0.8250,911,0.311,43
normal,comb_DJI_20260311170013_0031_V_5365tele.JPG,,luehea seemannii,0.367630,143,0.8741,913,0.342,36
normal,comb_DJI_20250520115833_0034_V_232zoom.JPG,,davilla nitida,0.063100,21,0.7619,921,0.350,41
normal,comb_DJI_20260320102023_0043_V_3823tele.JPG,,hippocratea volubilis,0.157330,19,0.8421,923,0.310,29
normal,comb_DJI_20250523094017_0019_V_51zoom.JPG,,brosimum alicastrum,0.118620,35,0.8571,930,0.315,46
normal,comb_DJI_20250813135404_0013_V_11416zoom.JPG,,terminalia oblonga,0.067090,19,0.7895,931,0.310,34
normal,comb_DJI_20241226134736_0004_V_1910zoom.JPG,,hippocratea volubilis,0.171130,19,0.8421,933,0.309,29
normal,comb_DJI_20250520114935_0004_V_221zoom.JPG,,pouteria stipitata,0.107690,20,0.8000,935,0.309,45
normal,comb_DJI_20241226124157_0068_V_1516zoom.JPG,,fridericia candicans,0.459210,40,0.8250,937,0.309,43
normal,comb_DJI_20241107103657_0014_V_2191zoom.JPG,,luehea seemannii,0.374100,143,0.8741,938,0.309,36
normal,comb_DJI_20250520091519_0026_V_127zoom.JPG,,terminalia oblonga,0.246200,19,0.7895,940,0.309,34
normal,comb_DJI_20250522104105_0055_V_133zoom.JPG,,fridericia candicans,0.369700,40,0.8250,942,0.309,43
normal,comb_DJI_20251010111758_0033_V_7031zoom.JPG,,protium stevensonii,0.073210,45,0.7333,945,0.326,1
normal,comb_DJI_20250522103903_0047_V_127zoom.JPG,,davilla nitida,0.361660,21,0.7619,949,0.315,41
normal,comb_DJI_20250520102858_0032_V_64zoom.JPG,,terminalia amazonia,0.247450,85,0.7412,957,0.317,31
normal,comb_DJI_20241024132737_0032_V_734zoom.JPG,,simarouba amara,0.012960,42,0.8095,961,0.348,48
normal,comb_DJI_20250106112405_0008_V_5131zoom.JPG,,spondias radlkoferi,0.174320,11,0.8182,964,0.308,30
normal,comb_DJI_20260114105828_0049_V_3780zoom.JPG,,luehea seemannii,0.059380,143,0.8741,965,0.320,36
normal,comb_DJI_20260114122944_0013_V_10542zoom.JPG,,trattinnickia aspera,0.685090,21,0.9524,966,0.308,26
normal,comb_DJI_20260317095335_0021_V_5885tele.JPG,,pouteria stipitata,0.593710,20,0.8000,967,0.307,45
normal,comb_DJI_20250806095057_0008_V_101zoom.JPG,,protium stevensonii,0.261980,45,0.7333,971,0.307,32
normal,comb_DJI_20251015122141_0025_V_10962zoom.JPG,,apeiba membranacea,0.085410,40,0.7750,975,0.349,40
normal,comb_DJI_20250806111942_0046_V_114zoom.JPG,,ocotea leptobotra,0.392420,15,0.8667,977,0.334,48
normal,comb_DJI_20260114112531_0021_V_1555zoom.JPG,,protium stevensonii,0.048690,45,0.7333,979,0.315,32
normal,comb_DJI_20260318105308_0061_V_5497tele.JPG,,terminalia amazonia,0.737160,85,0.7412,981,0.307,31
normal,comb_DJI_20250523100654_0029_V_34zoom.JPG,,terminalia amazonia,0.245410,85,0.7412,986,0.362,31
normal,comb_DJI_20251010085108_0009_V_3662zoom.JPG,,davilla nitida,0.659460,21,0.7619,995,0.306,41
normal,comb_DJI_20251010124258_0043_V_7860zoom.JPG,,davilla nitida,0.038630,21,0.7619,996,0.308,41
normal,comb_DJI_20250206105251_0022_V_3100zoom.JPG,,hippocratea volubilis,0.079180,19,0.8421,997,0.305,29
normal,comb_DJI_20251009104206_0003_V_708zoom.JPG,,calophyllum longifolium,0.403080,43,0.8837,999,0.305,39
normal,comb_DJI_20251017112839_0011_V_1787zoom.JPG,,uncaria tomentosa,0.686670,53,0.7170,1005,0.305,38
normal,comb_DJI_20250924103105_0003_V_1435zoom.JPG,,fridericia candicans,0.091820,40,0.8250,1007,0.305,43
normal,comb_DJI_20251009102455_0051_V_7413zoom.JPG,,tachigali panamensis,0.157120,64,0.8906,1008,0.305,49
normal,comb_DJI_20260311170130_0035_V_5897tele.JPG,,protium stevensonii,0.163800,45,0.7333,1009,0.305,32
normal,comb_DJI_20251003121320_0011_V_2164zoom.JPG,,hippocratea volubilis,0.375010,19,0.8421,1015,0.304,29
normal,comb_DJI_20260114120906_0031_V_494zoom.JPG,,trattinnickia aspera,0.723280,21,0.9524,1016,0.323,26
normal,comb_DJI_20241217132721_0010_V_4234zoom.JPG,,protium stevensonii,0.194550,45,0.7333,1018,0.346,32
normal,comb_DJI_20250813135256_0009_V_905zoom.JPG,,alseis blackiana,0.481600,73,0.8493,1019,0.304,47
normal,comb_DJI_20250926112818_0007_V_1906zoom.JPG,,fridericia candicans,0.092920,40,0.8250,1023,0.320,43
normal,comb_DJI_20251014104859_0045_V_4999zoom.JPG,,fridericia candicans,0.535590,40,0.8250,1024,0.303,43
normal,comb_DJI_20260318105236_0059_V_5492tele.JPG,,hippocratea volubilis,0.238550,19,0.8421,1026,0.303,29
normal,comb_DJI_20241231113156_0036_V_4691zoom.JPG,,terminalia amazonia,0.108060,85,0.7412,1031,0.303,31
normal,comb_DJI_20250522090721_0039_V_156zoom.JPG,,davilla nitida,0.531830,21,0.7619,1032,0.303,41
normal,comb_DJI_20250813121508_0027_V_8492zoom.JPG,,apeiba membranacea,0.320890,40,0.7750,1033,0.303,40
normal,comb_DJI_20260322094251_0055_V_1271tele.JPG,,hippocratea volubilis,0.449950,19,0.8421,1035,0.366,29
normal,comb_DJI_20260112122448_0001_V_6222zoom.JPG,,protium stevensonii,0.241150,45,0.7333,1036,0.303,32
normal,comb_DJI_20250522101406_0043_V_155zoom.JPG,,brosimum alicastrum,0.025590,35,0.8571,1041,0.302,46
normal,comb_DJI_20250305134832_0012_V_5056zoom.JPG,,spondias radlkoferi,0.024290,11,0.8182,1043,0.306,30
normal,comb_DJI_20250807100410_0021_V_5827zoom.JPG,,senegalia hayesii,0.270630,17,0.8824,1047,0.302,44
normal,comb_DJI_20250522103700_0039_V_27zoom.JPG,,davilla nitida,0.122860,21,0.7619,1048,0.302,41
normal,comb_DJI_20241202111521_0020_V_1409zoom.JPG,,platypodium elegans,0.156970,33,0.8182,1053,0.301,44
normal,comb_DJI_20250807095907_0005_V_7152zoom.JPG,,ficus insipida,0.080440,14,0.8571,1056,0.301,48
normal,comb_DJI_20240911145236_0012_V_1779zoom.JPG,,miconia argentea,0.017890,18,0.8889,1057,0.301,49
normal,comb_DJI_20260114110947_0001_V_3030zoom.JPG,,spondias radlkoferi,0.287550,11,0.8182,1059,0.333,30
normal,comb_DJI_20241226094807_0014_V_2714zoom.JPG,,hippocratea volubilis,0.326460,19,0.8421,1062,0.301,29
normal,comb_DJI_20250106103422_0030_V_5587zoom.JPG,,davilla nitida,0.212770,21,0.7619,1063,0.301,41
normal,comb_DJI_20240912093313_0056_V_3672zoom.JPG,,protium stevensonii,0.526150,45,0.7333,1064,0.311,32
normal,comb_DJI_20250523084952_0001_V_126zoom.JPG,,pouteria stipitata,0.026650,20,0.8000,1065,0.301,45
normal,comb_DJI_20251003115930_0041_V_2160zoom.JPG,,protium stevensonii,0.344150,45,0.7333,1067,0.329,32
normal,comb_DJI_20251017111232_0031_V_400zoom.JPG,,hippocratea volubilis,0.088110,19,0.8421,1072,0.300,29
normal,comb_DJI_20250814141648_0009_V_5971zoom.JPG,,ceiba pentandra,0.294450,59,0.8644,1073,0.300,34
normal,comb_DJI_20250522103155_0019_V_60zoom.JPG,,alseis blackiana,0.051370,73,0.8493,1074,0.300,47
normal,comb_DJI_20250523101507_0063_V_36zoom.JPG,,terminalia amazonia,0.135030,85,0.7412,1076,0.300,31
normal,comb_DJI_20250813121729_0033_V_9540zoom.JPG,,hippocratea volubilis,0.342130,19,0.8421,1079,0.311,29
normal,comb_DJI_20241226133732_0048_V_3280zoom.JPG,,pouteria stipitata,0.131900,20,0.8000,1080,0.300,45
normal,comb_DJI_20251016111516_0033_V_5099zoom.JPG,,serjania circumvallata,0.237410,16,0.8125,1084,0.300,47
normal,comb_DJI_20260114131144_0005_V_1788zoom.JPG,,spondias radlkoferi,0.653630,11,0.8182,1088,0.299,30
normal,comb_DJI_20260320104238_0059_V_2755tele.JPG,,tabebuia rosea,0.040760,56,0.8393,1089,0.322,35
normal,comb_DJI_20250814135924_0053_V_6709zoom.JPG,,jacaranda copaia,0.747260,118,0.9407,1091,0.299,22
normal,comb_DJI_20250522103225_0021_V_64zoom.JPG,,ceiba pentandra,0.073690,59,0.8644,1097,0.298,34
normal,comb_DJI_20241126104331_0070_V_634zoom.JPG,,spondias radlkoferi,0.029460,11,0.8182,1098,0.369,30
normal,comb_DJI_20241101103852_0054_V_322zoom.JPG,,protium stevensonii,0.328300,45,0.7333,1099,0.298,32
normal,comb_DJI_20241124085825_0004_V_554zoom.JPG,,hippocratea volubilis,0.185470,19,0.8421,1100,0.314,29
normal,comb_DJI_20251010082503_0007_V_1682zoom.JPG,,protium stevensonii,0.388290,45,0.7333,1104,0.304,32
normal,comb_DJI_20250806095028_0006_V_165zoom.JPG,,davilla nitida,0.503320,21,0.7619,1106,0.297,41
normal,comb_DJI_20251017122858_0045_V_9738zoom.JPG,,luehea seemannii,0.110320,143,0.8741,1107,0.297,36
normal,comb_DJI_20250806102951_0028_V_163zoom.JPG,,protium stevensonii,0.291000,45,0.7333,1109,0.297,32
normal,comb_DJI_20250520115427_0020_V_222zoom.JPG,,brosimum alicastrum,0.205280,35,0.8571,1110,0.352,46
normal,comb_DJI_20251010111859_0037_V_7125zoom.JPG,,fridericia candicans,0.266640,40,0.8250,1111,0.297,43
normal,comb_DJI_20260318095817_0041_V_2526tele.JPG,,dipteryx oleifera,0.681580,281,0.9644,1120,0.297,25
normal,comb_DJI_20251016120530_0039_V_6985zoom.JPG,,simarouba amara,0.279570,42,0.8095,1129,0.296,48
normal,comb_DJI_20240912094625_0020_V_3389zoom.JPG,,protium stevensonii,0.209460,45,0.7333,1131,0.296,32
normal,comb_DJI_20250814105206_0011_V_6966zoom.JPG,,fridericia candicans,0.066540,40,0.8250,1133,0.296,43
normal,comb_DJI_20250804151718_0007_V_7747zoom.JPG,,apeiba membranacea,0.462550,40,0.7750,1134,0.296,40
normal,comb_DJI_20251010114324_0039_V_7090zoom.JPG,,davilla nitida,0.712720,21,0.7619,1135,0.296,41
normal,comb_DJI_20251001123400_0015_V_4262zoom.JPG,,davilla nitida,0.124890,21,0.7619,1136,0.295,41
normal,comb_DJI_20241024133658_0058_V_1862zoom.JPG,,hippocratea volubilis,0.149480,19,0.8421,1138,0.295,29
normal,comb_DJI_20251015134436_0055_V_7318zoom.JPG,,serjania circumvallata,0.567650,16,0.8125,1139,0.317,47
normal,comb_DJI_20251001103938_0003_V_2070zoom.JPG,,pouteria stipitata,0.161460,20,0.8000,1141,0.295,45
normal,comb_DJI_20250724103025_0037_V_1250zoom.JPG,,pouteria stipitata,0.204240,20,0.8000,1143,0.295,45
normal,comb_DJI_20251014113547_0039_V_6144zoom.JPG,,tabebuia rosea,0.551620,56,0.8393,1144,0.295,35
normal,comb_DJI_20260317101551_0007_V_5670tele.JPG,,pouteria stipitata,0.163570,20,0.8000,1145,0.300,45
normal,comb_DJI_20250523095010_0059_V_133zoom.JPG,,protium stevensonii,0.114700,45,0.7333,1148,0.297,32
normal,comb_DJI_20241226140244_0036_V_269zoom.JPG,,protium stevensonii,0.105890,45,0.7333,1149,0.294,32
normal,comb_DJI_20260320110237_0043_V_1935tele.JPG,,davilla nitida,0.695520,21,0.7619,1150,0.294,41
normal,comb_DJI_20241202114821_0024_V_86zoom.JPG,,davilla nitida,0.232430,21,0.7619,1152,0.294,41
normal,comb_DJI_20260114121544_0053_V_11505zoom.JPG,,spondias radlkoferi,0.125330,11,0.8182,1153,0.342,30
normal,comb_DJI_20251010092353_0003_V_9726zoom.JPG,,hippocratea volubilis,0.237830,19,0.8421,1157,0.294,29
normal,comb_DJI_20251017110520_0005_V_2041zoom.JPG,,uncaria tomentosa,0.578510,53,0.7170,1161,0.294,38
normal,comb_DJI_20241231105011_0004_V_6662zoom.JPG,,protium stevensonii,0.783260,45,0.7333,1166,0.293,32
normal,comb_DJI_20251010095022_0045_V_2223zoom.JPG,,fridericia candicans,0.250450,40,0.8250,1167,0.293,43
normal,comb_DJI_20250110151635_0006_V_171zoom.JPG,,fridericia candicans,0.037670,40,0.8250,1169,0.313,43
normal,comb_DJI_20260322093218_0015_V_1740tele.JPG,,anacardium excelsum,0.507230,392,0.9286,1170,0.293,16
normal,comb_DJI_20241204093105_0034_V_2916zoom.JPG,,hippocratea volubilis,0.112810,19,0.8421,1172,0.293,29
normal,comb_DJI_20250522091815_0011_V_153zoom.JPG,,davilla nitida,0.627150,21,0.7619,1173,0.293,1
normal,comb_DJI_20251017093646_0003_V_9792zoom.JPG,,terminalia oblonga,0.142420,19,0.7895,1174,0.293,34
normal,comb_DJI_20241127092601_0032_V_1893zoom.JPG,,protium stevensonii,0.424470,45,0.7333,1175,0.293,32
normal,comb_DJI_20250227132710_0036_V_4912zoom.JPG,,spondias radlkoferi,0.295550,11,0.8182,1177,0.293,30
normal,comb_DJI_20250813130414_0023_V_9628zoom.JPG,,fridericia candicans,0.696410,40,0.8250,1178,0.292,43
normal,comb_DJI_20251017103432_0005_V_2703zoom.JPG,,prioria copaifera,0.514700,121,0.9008,1181,0.292,19
normal,comb_DJI_20241231110203_0042_V_6150zoom.JPG,,fridericia candicans,0.251340,40,0.8250,1182,0.292,43
normal,comb_DJI_20260320112145_0025_V_2685tele.JPG,,hippocratea volubilis,0.056940,19,0.8421,1184,0.430,29
normal,comb_DJI_20250305092409_0026_V_3039zoom.JPG,,hippocratea volubilis,0.314570,19,0.8421,1188,0.334,29
normal,comb_DJI_20241226123633_0054_V_2177zoom.JPG,,platypodium elegans,0.303280,33,0.8182,1191,0.305,44
normal,comb_DJI_20240912090535_0054_V_3437zoom.JPG,,terminalia amazonia,0.029430,85,0.7412,1193,0.291,31
normal,comb_DJI_20260317092744_0018_V_5212tele.JPG,,fridericia candicans,0.043460,40,0.8250,1194,0.291,43
normal,comb_DJI_20250924103625_0021_V_1304zoom.JPG,,alseis blackiana,0.444560,73,0.8493,1203,0.291,47
normal,comb_DJI_20250813091805_0037_V_9698zoom.JPG,,uncaria tomentosa,0.345750,53,0.7170,1204,0.291,38
normal,comb_DJI_20260114130027_0033_V_1272zoom.JPG,,uncaria tomentosa,0.440770,53,0.7170,1208,0.290,38
normal,comb_DJI_20260114122751_0007_V_9447zoom.JPG,,uncaria tomentosa,0.699740,53,0.7170,1209,0.308,38
normal,comb_DJI_20260318093644_0047_V_452tele.JPG,,spondias radlkoferi,0.158990,11,0.8182,1215,0.291,30
normal,comb_DJI_20240911154748_0012_V_5553zoom.JPG,,apeiba tibourbou,0.520710,14,0.7143,1221,0.290,47
normal,comb_DJI_20241217101617_0020_V_3887zoom.JPG,,fridericia candicans,0.071380,40,0.8250,1222,0.290,43
normal,comb_DJI_20250520100324_0022_V_237zoom.JPG,,protium stevensonii,0.037200,45,0.7333,1223,0.362,32
normal,comb_DJI_20250806093843_0004_V_158zoom.JPG,,brosimum alicastrum,0.090310,35,0.8571,1224,0.312,46
normal,comb_DJI_20241127100218_0054_V_1785zoom.JPG,,alseis blackiana,0.782440,73,0.8493,1227,0.290,47
normal,comb_DJI_20250106111003_0048_V_5093zoom.JPG,,terminalia oblonga,0.040180,19,0.7895,1229,0.289,34
normal,comb_DJI_20260114125825_0027_V_2080zoom.JPG,,jacaranda copaia,0.778610,118,0.9407,1231,0.295,22
normal,comb_DJI_20251016113402_0013_V_7245zoom.JPG,,hippocratea volubilis,0.050380,19,0.8421,1232,0.302,29
normal,comb_DJI_20241024125714_0024_V_1578zoom.JPG,,uncaria tomentosa,0.127500,53,0.7170,1234,0.302,38
normal,comb_DJI_20240913110249_0040_V_5434zoom.JPG,,alseis blackiana,0.142600,73,0.8493,1235,0.289,47
normal,comb_DJI_20250806104059_0002_V_104zoom.JPG,,jacaranda copaia,0.660290,118,0.9407,1236,0.289,22
normal,comb_DJI_20250820092956_0019_V_6675zoom.JPG,,platypodium elegans,0.058680,33,0.8182,1237,0.289,44
normal,comb_DJI_20250716101247_0030_V_367zoom.JPG,,protium stevensonii,0.794610,45,0.7333,1238,0.289,32
normal,comb_DJI_20250807105339_0013_V_7586zoom.JPG,,simarouba amara,0.111470,42,0.8095,1244,0.300,48
normal,comb_DJI_20250813130235_0019_V_10107zoom.JPG,,serjania circumvallata,0.610920,16,0.8125,1245,0.288,47
normal,comb_DJI_20250520101215_0056_V_210zoom.JPG,,pouteria stipitata,0.213330,20,0.8000,1251,0.288,45
normal,comb_DJI_20250305123753_0006_V_6100zoom.JPG,,tabebuia rosea,0.194350,56,0.8393,1252,0.303,35
normal,comb_DJI_20241231115019_0014_V_4636zoom.JPG,,hippocratea volubilis,0.054910,19,0.8421,1259,0.331,29
normal,comb_DJI_20250520100850_0042_V_75zoom.JPG,,pouteria stipitata,0.318490,20,0.8000,1260,0.300,45
normal,comb_DJI_20250807103055_0013_V_5742zoom.JPG,,davilla nitida,0.446260,21,0.7619,1266,0.287,41
normal,comb_DJI_20251014113803_0045_V_5099zoom.JPG,,davilla nitida,0.524720,21,0.7619,1267,0.287,41
normal,comb_DJI_20241101094252_0050_V_884zoom.JPG,,davilla nitida,0.143350,21,0.7619,1268,0.288,41
normal,comb_DJI_20241226135413_0018_V_183zoom.JPG,,ocotea leptobotra,0.031780,15,0.8667,1270,0.287,48
normal,comb_DJI_20260112123830_0047_V_7246zoom.JPG,,pouteria stipitata,0.376460,20,0.8000,1273,0.287,45
normal,comb_DJI_20260317100018_0045_V_5261tele.JPG,,terminalia oblonga,0.232290,19,0.7895,1282,0.286,34
normal,comb_DJI_20251016122644_0027_V_3985zoom.JPG,,sterculia apetala,0.389940,54,0.8148,1283,0.286,39
normal,comb_DJI_20250820105455_0013_V_5881zoom.JPG,,davilla nitida,0.548380,21,0.7619,1284,0.286,41
normal,comb_DJI_20251016111919_0047_V_6202zoom.JPG,,protium stevensonii,0.548360,45,0.7333,1288,0.286,32
normal,comb_DJI_20250523093656_0005_V_5zoom.JPG,,miconia argentea,0.596530,18,0.8889,1290,0.285,49
normal,comb_DJI_20251015114135_0049_V_12057zoom.JPG,,hippocratea volubilis,0.624320,19,0.8421,1292,0.285,29
normal,comb_DJI_20250807100116_0013_V_6435zoom.JPG,,apeiba membranacea,0.250730,40,0.7750,1294,0.285,40
normal,comb_DJI_20250520093402_0010_V_99zoom.JPG,,protium stevensonii,0.079700,45,0.7333,1295,0.285,32
normal,comb_DJI_20251014110817_0033_V_6007zoom.JPG,,fridericia candicans,0.785750,40,0.8250,1297,0.285,43
normal,comb_DJI_20250522092414_0035_V_152zoom.JPG,,pouteria stipitata,0.112730,20,0.8000,1298,0.302,45
normal,comb_DJI_20250806100624_0070_V_68zoom.JPG,,protium stevensonii,0.497880,45,0.7333,1302,0.360,32
normal,comb_DJI_20251016124329_0007_V_11085zoom.JPG,,ceiba pentandra,0.145840,59,0.8644,1306,0.284,34
normal,comb_DJI_20250522101541_0049_V_56zoom.JPG,,fridericia candicans,0.077580,40,0.8250,1308,0.284,43
normal,comb_DJI_20260114124704_0001_V_10655zoom.JPG,,davilla nitida,0.442380,21,0.7619,1310,0.293,41
normal,comb_DJI_20260318093429_0039_V_455tele.JPG,,terminalia amazonia,0.045700,85,0.7412,1312,0.284,31
normal,comb_DJI_20250806111114_0014_V_179zoom.JPG,,protium stevensonii,0.125510,45,0.7333,1315,0.346,32
normal,comb_DJI_20250806101553_0008_V_112zoom.JPG,,brosimum alicastrum,0.081670,35,0.8571,1316,0.284,46
normal,comb_DJI_20260322091229_0031_V_4502tele.JPG,,dipteryx oleifera,0.785760,281,0.9644,1317,0.284,25
normal,comb_DJI_20240912092913_0046_V_3194zoom.JPG,,davilla nitida,0.150060,21,0.7619,1318,0.307,41
normal,comb_DJI_20250523095338_0073_V_104zoom.JPG,,hippocratea volubilis,0.780200,19,0.8421,1320,0.303,29
normal,comb_DJI_20241218101118_0022_V_8494zoom.JPG,,ceiba pentandra,0.401540,59,0.8644,1322,0.284,34
normal,comb_DJI_20260322094429_0061_V_686tele.JPG,,terminalia amazonia,0.031620,85,0.7412,1323,0.327,31
normal,comb_DJI_20250522090204_0025_V_19zoom.JPG,,ficus obtusifolia,0.456390,14,0.8571,1332,0.284,48
normal,comb_DJI_20260320110737_0063_V_1794tele.JPG,,dipteryx oleifera,0.575540,281,0.9644,1334,0.283,25
normal,comb_DJI_20250813091214_0019_V_10286zoom.JPG,,fridericia candicans,0.079370,40,0.8250,1337,0.283,43
normal,comb_DJI_20260114102926_0035_V_4213zoom.JPG,,davilla nitida,0.543650,21,0.7619,1338,0.283,41
normal,comb_DJI_20260320112323_0031_V_2705tele.JPG,,davilla nitida,0.244190,21,0.7619,1340,0.296,41
normal,comb_DJI_20250522101754_0057_V_92zoom.JPG,,terminalia oblonga,0.139880,19,0.7895,1341,0.283,34
normal,comb_DJI_20250520103049_0038_V_230zoom.JPG,,protium stevensonii,0.226580,45,0.7333,1343,0.351,32
normal,comb_DJI_20260317084516_0037_V_8727tele.JPG,,alseis blackiana,0.164490,73,0.8493,1344,0.310,47
normal,comb_DJI_20250523084422_0069_V_119zoom.JPG,,luehea seemannii,0.043830,143,0.8741,1356,0.333,36
normal,comb_DJI_20250806103153_0036_V_181zoom.JPG,,protium stevensonii,0.628530,45,0.7333,1357,0.282,32
normal,comb_DJI_20240912085937_0038_V_2910zoom.JPG,,davilla nitida,0.654310,21,0.7619,1358,0.281,41
normal,comb_DJI_20241101103133_0028_V_441zoom.JPG,,luehea seemannii,0.020430,143,0.8741,1361,0.396,36
normal,comb_DJI_20250911094858_0013_V_2337zoom.JPG,,pouteria stipitata,0.361650,20,0.8000,1362,0.281,45
normal,comb_DJI_20250520092238_0050_V_208zoom.JPG,,calophyllum longifolium,0.607110,43,0.8837,1365,0.291,39
normal,comb_DJI_20251010085138_0011_V_3758zoom.JPG,,prioria copaifera,0.556370,121,0.9008,1366,0.281,19
normal,comb_DJI_20241127112550_0020_V_962zoom.JPG,,hippocratea volubilis,0.736810,19,0.8421,1367,0.281,29
normal,comb_DJI_20250523094544_0041_V_120zoom.JPG,,alseis blackiana,0.272780,73,0.8493,1368,0.281,47
normal,comb_DJI_20260114120536_0019_V_403zoom.JPG,,tabebuia rosea,0.125860,56,0.8393,1370,0.280,35
normal,comb_DJI_20241226125450_0018_V_1914zoom.JPG,,pouteria stipitata,0.685200,20,0.8000,1374,0.280,45
normal,comb_DJI_20251017112706_0005_V_929zoom.JPG,,hippocratea volubilis,0.091180,19,0.8421,1377,0.280,29
normal,comb_DJI_20250926102129_0009_V_3671zoom.JPG,,uncaria tomentosa,0.746410,53,0.7170,1381,0.280,38
normal,comb_DJI_20260114111420_0015_V_124zoom.JPG,,protium stevensonii,0.782820,45,0.7333,1384,0.279,32
normal,comb_DJI_20251009105304_0041_V_1660zoom.JPG,,tabebuia rosea,0.474800,56,0.8393,1388,0.279,35
normal,comb_DJI_20250523084353_0067_V_118zoom.JPG,,brosimum alicastrum,0.170220,35,0.8571,1389,0.309,46
normal,comb_DJI_20240912085654_0030_V_2926zoom.JPG,,davilla nitida,0.383020,21,0.7619,1393,0.279,41
normal,comb_DJI_20250522095411_0063_V_76zoom.JPG,,protium stevensonii,0.136230,45,0.7333,1396,0.310,32
normal,comb_DJI_20241101100511_0032_V_431zoom.JPG,,davilla nitida,0.380610,21,0.7619,1397,0.290,41
normal,comb_DJI_20241124091535_0014_V_717zoom.JPG,,fridericia candicans,0.285330,40,0.8250,1400,0.286,43
normal,comb_DJI_20250716094440_0018_V_389zoom.JPG,,protium stevensonii,0.436680,45,0.7333,1401,0.281,32
normal,comb_DJI_20250523094050_0021_V_45zoom.JPG,,ocotea leptobotra,0.049600,15,0.8667,1404,0.278,48
normal,comb_DJI_20260322091301_0033_V_4500tele.JPG,,dipteryx oleifera,0.615680,281,0.9644,1412,0.277,25
normal,comb_DJI_20260317090241_0015_V_10722tele.JPG,,tabebuia rosea,0.061880,56,0.8393,1414,0.277,35
normal,comb_DJI_20241204105308_0026_V_998zoom.JPG,,sterculia apetala,0.077930,54,0.8148,1415,0.277,39
normal,comb_DJI_20251001123612_0023_V_4237zoom.JPG,,davilla nitida,0.138590,21,0.7619,1416,0.279,41
normal,comb_DJI_20241204144203_0024_V_4167zoom.JPG,,trattinnickia aspera,0.602450,21,0.9524,1418,0.277,26
normal,comb_DJI_20250523095959_0001_V_97zoom.JPG,,davilla nitida,0.773990,21,0.7619,1419,0.306,41
normal,comb_DJI_20250813112118_0011_V_10210zoom.JPG,,fridericia candicans,0.089850,40,0.8250,1420,0.296,43
normal,comb_DJI_20250814142717_0027_V_2417zoom.JPG,,luehea seemannii,0.740130,143,0.8741,1423,0.276,36
normal,comb_DJI_20241127085408_0002_V_2181zoom.JPG,,spondias radlkoferi,0.449120,11,0.8182,1426,0.276,30
normal,comb_DJI_20250924093440_0005_V_974zoom.JPG,,uncaria tomentosa,0.427180,53,0.7170,1429,0.276,38
normal,comb_DJI_20260114104948_0019_V_4829zoom.JPG,,fridericia candicans,0.104980,40,0.8250,1431,0.276,43
normal,comb_DJI_20251006115048_0035_V_696zoom.JPG,,uncaria tomentosa,0.336860,53,0.7170,1432,0.276,38
normal,comb_DJI_20250110155925_0054_V_56zoom.JPG,,fridericia candicans,0.262930,40,0.8250,1433,0.276,43
normal,comb_DJI_20251001114407_0029_V_3858zoom.JPG,,davilla nitida,0.248380,21,0.7619,1438,0.281,41
normal,comb_DJI_20250520093250_0006_V_198zoom.JPG,,calophyllum longifolium,0.106530,43,0.8837,1439,0.310,39
normal,comb_DJI_20250304092729_0006_V_716zoom.JPG,,hippocratea volubilis,0.161840,19,0.8421,1440,0.294,29
normal,comb_DJI_20251016122611_0025_V_4586zoom.JPG,,dipteryx oleifera,0.674010,281,0.9644,1444,0.275,25
normal,comb_DJI_20240911154434_0002_V_4796zoom.JPG,,alseis blackiana,0.361640,73,0.8493,1445,0.275,47
normal,comb_DJI_20241126102425_0010_V_671zoom.JPG,,simarouba amara,0.272760,42,0.8095,1449,0.274,48
normal,comb_DJI_20240912095914_0062_V_2344zoom.JPG,,fridericia candicans,0.148620,40,0.8250,1451,0.274,43
normal,comb_DJI_20251014110607_0025_V_5947zoom.JPG,,hippocratea volubilis,0.071290,19,0.8421,1457,0.274,29
normal,comb_DJI_20251016102848_0049_V_356zoom.JPG,,protium stevensonii,0.785340,45,0.7333,1458,0.274,32
normal,comb_DJI_20250305132515_0020_V_4173zoom.JPG,,protium stevensonii,0.139960,45,0.7333,1460,0.274,32
normal,comb_DJI_20241204102432_0021_V_461zoom.JPG,,apeiba membranacea,0.459620,40,0.7750,1461,0.274,40
normal,comb_DJI_20250724095948_0005_V_9290zoom.JPG,,apeiba membranacea,0.040050,40,0.7750,1463,0.388,40
normal,comb_DJI_20240911154823_0014_V_5764zoom.JPG,,platypodium elegans,0.426470,33,0.8182,1464,0.273,44
normal,comb_DJI_20250522101720_0055_V_67zoom.JPG,,jacaranda copaia,0.517170,118,0.9407,1468,0.292,22
normal,comb_DJI_20250716105844_0032_V_386zoom.JPG,,pouteria stipitata,0.023320,20,0.8000,1473,0.272,45
normal,comb_DJI_20250523090552_0067_V_140zoom.JPG,,oenocarpus mapora,0.259050,15,0.7333,1478,0.272,42
normal,comb_DJI_20250814142542_0021_V_3399zoom.JPG,,dipteryx oleifera,0.762580,281,0.9644,1480,0.271,25
normal,comb_DJI_20250523102553_0015_V_94zoom.JPG,,ocotea leptobotra,0.153400,15,0.8667,1481,0.288,48
normal,comb_DJI_20250523100459_0021_V_38zoom.JPG,,brosimum alicastrum,0.100230,35,0.8571,1483,0.290,46
normal,comb_DJI_20250523094746_0049_V_132zoom.JPG,,hippocratea volubilis,0.152690,19,0.8421,1488,0.296,29
normal,comb_DJI_20250716103128_0022_V_235zoom.JPG,,protium stevensonii,0.607340,45,0.7333,1490,0.271,32
normal,comb_DJI_20251014123058_0021_V_5267zoom.JPG,,fridericia candicans,0.633680,40,0.8250,1492,0.271,43
normal,comb_DJI_20250110152123_0024_V_36zoom.JPG,,anacardium excelsum,0.532830,392,0.9286,1493,0.270,16
normal,comb_DJI_20250110155112_0018_V_208zoom.JPG,,fridericia candicans,0.112880,40,0.8250,1495,0.286,43
normal,comb_DJI_20260112122857_0015_V_7302zoom.JPG,,hippocratea volubilis,0.103070,19,0.8421,1504,0.270,29
normal,comb_DJI_20250813112155_0013_V_10213zoom.JPG,,fridericia candicans,0.494170,40,0.8250,1511,0.269,43
normal,comb_DJI_20241204101810_0004_V_715zoom.JPG,,fridericia candicans,0.309340,40,0.8250,1512,0.269,43
normal,comb_DJI_20250523095239_0069_V_101zoom.JPG,,brosimum alicastrum,0.119900,35,0.8571,1513,0.273,46
normal,comb_DJI_20251014104504_0033_V_11325zoom.JPG,,apeiba membranacea,0.598930,40,0.7750,1514,0.269,40
normal,comb_DJI_20251015124221_0011_V_10910zoom.JPG,,hippocratea volubilis,0.020030,19,0.8421,1515,0.269,29
normal,comb_DJI_20250522085801_0013_V_14zoom.JPG,,luehea seemannii,0.212330,143,0.8741,1518,0.419,36
normal,comb_DJI_20241124090452_0026_V_754zoom.JPG,,hippocratea volubilis,0.313500,19,0.8421,1519,0.288,29
normal,comb_DJI_20250522101125_0033_V_13zoom.JPG,,davilla nitida,0.234950,21,0.7619,1520,0.273,41
normal,comb_DJI_20251014114723_0001_V_5115zoom.JPG,,fridericia candicans,0.208440,40,0.8250,1521,0.269,43
normal,comb_DJI_20250523100852_0037_V_20zoom.JPG,,davilla nitida,0.708090,21,0.7619,1522,0.269,41
normal,comb_DJI_20250522105140_0007_V_7zoom.JPG,,davilla nitida,0.124480,21,0.7619,1523,0.269,41
normal,comb_DJI_20251016102023_0019_V_9902zoom.JPG,,davilla nitida,0.280580,21,0.7619,1525,0.269,41
normal,comb_DJI_20250520103119_0040_V_228zoom.JPG,,calophyllum longifolium,0.437230,43,0.8837,1528,0.269,39
normal,comb_DJI_20250522092900_0053_V_122zoom.JPG,,fridericia candicans,0.229260,40,0.8250,1529,0.299,43
normal,comb_DJI_20250806104445_0016_V_45zoom.JPG,,brosimum alicastrum,0.023530,35,0.8571,1531,0.270,46
normal,comb_DJI_20260317090743_0033_V_11270tele.JPG,,pouteria stipitata,0.617650,20,0.8000,1532,0.295,45
normal,comb_DJI_20250304092520_0002_V_737zoom.JPG,,davilla nitida,0.062480,21,0.7619,1533,0.268,41
normal,comb_DJI_20251015133403_0017_V_4523zoom.JPG,,luehea seemannii,0.796080,143,0.8741,1535,0.268,36
normal,comb_DJI_20251010114723_0053_V_8901zoom.JPG,,hippocratea volubilis,0.164800,19,0.8421,1538,0.268,29
normal,comb_DJI_20250520115050_0008_V_76zoom.JPG,,brosimum alicastrum,0.459060,35,0.8571,1539,0.333,46
normal,comb_DJI_20251010092057_0025_V_11661zoom.JPG,,pouteria stipitata,0.211250,20,0.8000,1540,0.268,45
normal,comb_DJI_20250814143202_0043_V_3886zoom.JPG,,davilla nitida,0.200320,21,0.7619,1541,0.279,41
normal,comb_DJI_20251003121250_0009_V_221zoom.JPG,,uncaria tomentosa,0.127900,53,0.7170,1542,0.316,38
normal,comb_DJI_20251010083738_0049_V_3134zoom.JPG,,calophyllum longifolium,0.660790,43,0.8837,1546,0.267,39
normal,comb_DJI_20250813135738_0023_V_981zoom.JPG,,fridericia candicans,0.222370,40,0.8250,1547,0.308,43
normal,comb_DJI_20260317083711_0007_V_8788tele.JPG,,prioria copaifera,0.710280,121,0.9008,1551,0.306,19
normal,comb_DJI_20250924105235_0003_V_1285zoom.JPG,,jacaranda copaia,0.575660,118,0.9407,1553,0.270,22
normal,comb_DJI_20260114113530_0001_V_2289zoom.JPG,,davilla nitida,0.510460,21,0.7619,1556,0.303,41
normal,comb_DJI_20240911152947_0034_V_4532zoom.JPG,,oenocarpus mapora,0.242330,15,0.7333,1557,0.267,42
normal,comb_DJI_20250523083638_0035_V_158zoom.JPG,,davilla nitida,0.547600,21,0.7619,1558,0.313,41
normal,comb_DJI_20250806111836_0042_V_3zoom.JPG,,protium stevensonii,0.068450,45,0.7333,1561,0.267,32
normal,comb_DJI_20251017121826_0011_V_9467zoom.JPG,,dipteryx oleifera,0.776880,281,0.9644,1563,0.266,25
normal,comb_DJI_20251001110913_0011_V_2662zoom.JPG,,hippocratea volubilis,0.749840,19,0.8421,1564,0.266,29
normal,comb_DJI_20250717090723_0004_V_56zoom.JPG,,senegalia hayesii,0.300680,17,0.8824,1565,0.266,44
normal,comb_DJI_20260114115009_0029_V_8054zoom.JPG,,prioria copaifera,0.635120,121,0.9008,1572,0.266,19
normal,comb_DJI_20250305111348_0028_V_115zoom.JPG,,hieronyma alchorneoides,0.747700,107,0.9252,1575,0.266,23
normal,comb_DJI_20250813143959_0019_V_2234zoom.JPG,,guatteria lucens,0.595150,24,1.0000,1576,0.266,24
normal,comb_DJI_20250523100357_0017_V_66zoom.JPG,,protium stevensonii,0.090230,45,0.7333,1577,0.339,32
normal,comb_DJI_20241101105749_0028_V_405zoom.JPG,,simarouba amara,0.170200,42,0.8095,1578,0.266,48
normal,comb_DJI_20241127102436_0006_V_2028zoom.JPG,,hippocratea volubilis,0.091510,19,0.8421,1580,0.267,29
normal,comb_DJI_20251015122313_0031_V_10227zoom.JPG,,prioria copaifera,0.733600,121,0.9008,1582,0.266,19
normal,comb_DJI_20240912085456_0024_V_2909zoom.JPG,,protium stevensonii,0.743290,45,0.7333,1583,0.265,32
normal,comb_DJI_20250724120707_0011_V_11688zoom.JPG,,pouteria stipitata,0.268320,20,0.8000,1588,0.265,45
normal,comb_DJI_20250520115504_0022_V_219zoom.JPG,,protium stevensonii,0.194500,45,0.7333,1591,0.265,32
normal,comb_DJI_20250806094036_0010_V_19zoom.JPG,,hippocratea volubilis,0.052970,19,0.8421,1594,0.389,29
normal,comb_DJI_20250520092204_0048_V_197zoom.JPG,,protium stevensonii,0.779560,45,0.7333,1596,0.278,32
normal,comb_DJI_20260322094400_0059_V_1207tele.JPG,,davilla nitida,0.598300,21,0.7619,1597,0.264,41
normal,comb_DJI_20250305125300_0012_V_6127zoom.JPG,,alseis blackiana,0.536880,73,0.8493,1601,0.264,47
normal,comb_DJI_20250227141529_0010_V_4058zoom.JPG,,fridericia candicans,0.689550,40,0.8250,1602,0.264,43
normal,comb_DJI_20260317094923_0007_V_7162tele.JPG,,senegalia hayesii,0.583390,17,0.8824,1605,0.264,44
normal,comb_DJI_20250926102210_0011_V_3441zoom.JPG,,chrysophyllum cainito,0.761270,18,0.9444,1607,0.264,27
normal,comb_DJI_20241226110220_0050_V_406zoom.JPG,,hippocratea volubilis,0.153660,19,0.8421,1610,0.264,29
normal,comb_DJI_20250110151537_0002_V_92zoom.JPG,,luehea seemannii,0.039810,143,0.8741,1611,0.382,36
normal,comb_DJI_20260318104328_0027_V_6178tele.JPG,,fridericia candicans,0.695150,40,0.8250,1612,0.264,43
normal,comb_DJI_20251015132920_0001_V_6428zoom.JPG,,serjania circumvallata,0.126060,16,0.8125,1613,0.264,47
normal,comb_DJI_20260318102907_0061_V_4431tele.JPG,,hippocratea volubilis,0.135540,19,0.8421,1614,0.263,29
normal,comb_DJI_20241217130129_0008_V_3316zoom.JPG,,fridericia candicans,0.049330,40,0.8250,1615,0.263,43
normal,comb_DJI_20241127085737_0012_V_1942zoom.JPG,,zanthoxylum ekmanii,0.107750,21,0.7143,1618,0.263,49
normal,comb_DJI_20251014110956_0039_V_6505zoom.JPG,,uncaria tomentosa,0.368930,53,0.7170,1619,0.279,38
normal,comb_DJI_20250723125905_0007_V_6127zoom.JPG,,pouteria stipitata,0.307760,20,0.8000,1623,0.263,45
normal,comb_DJI_20251016111844_0045_V_5225zoom.JPG,,davilla nitida,0.673630,21,0.7619,1626,0.269,41
normal,comb_DJI_20260112122634_0007_V_7354zoom.JPG,,uncaria tomentosa,0.511360,53,0.7170,1628,0.309,38
normal,comb_DJI_20250807095938_0007_V_7193zoom.JPG,,davilla nitida,0.654670,21,0.7619,1634,0.285,41
normal,comb_DJI_20260114104616_0007_V_5870zoom.JPG,,anacardium excelsum,0.741440,392,0.9286,1636,0.262,16
normal,comb_DJI_20260112123715_0043_V_6019zoom.JPG,,ochroma pyramidale,0.582380,20,0.9000,1637,0.262,28
normal,comb_DJI_20250226123309_0014_V_2249zoom.JPG,,pouteria stipitata,0.094340,20,0.8000,1640,0.262,45
normal,comb_DJI_20250806111013_0010_V_57zoom.JPG,,brosimum alicastrum,0.098540,35,0.8571,1645,0.262,46
normal,comb_DJI_20250813132456_0007_V_11306zoom.JPG,,pouteria stipitata,0.274830,20,0.8000,1648,0.261,45
normal,comb_DJI_20241226112459_0046_V_3582zoom.JPG,,pouteria stipitata,0.688550,20,0.8000,1650,0.261,45
normal,comb_DJI_20250523102724_0021_V_114zoom.JPG,,hippocratea volubilis,0.233200,19,0.8421,1653,0.285,29
normal,comb_DJI_20260114125014_0001_V_752zoom.JPG,,fridericia candicans,0.384010,40,0.8250,1660,0.261,43
normal,comb_DJI_20250806112326_0060_V_138zoom.JPG,,davilla nitida,0.576410,21,0.7619,1662,0.261,41
normal,comb_DJI_20251017100816_0015_V_11959zoom.JPG,,terminalia oblonga,0.449390,19,0.7895,1663,0.261,34
normal,comb_DJI_20250813141659_0013_V_1070zoom.JPG,,hippocratea volubilis,0.028330,19,0.8421,1664,0.261,29
normal,comb_DJI_20250804145348_0011_V_7158zoom.JPG,,ocotea leptobotra,0.098630,15,0.8667,1666,0.311,48
normal,comb_DJI_20250924103550_0019_V_1584zoom.JPG,,davilla nitida,0.180050,21,0.7619,1669,0.263,41
normal,comb_DJI_20260320110811_0065_V_1826tele.JPG,,anacardium excelsum,0.726460,392,0.9286,1672,0.276,16
normal,comb_DJI_20250716091459_0012_V_231zoom.JPG,,fridericia candicans,0.191810,40,0.8250,1673,0.260,43
normal,comb_DJI_20250716094809_0030_V_282zoom.JPG,,ceiba pentandra,0.095420,59,0.8644,1675,0.290,34
normal,comb_DJI_20251016120216_0027_V_7093zoom.JPG,,luehea seemannii,0.071960,143,0.8741,1678,0.260,36
normal,comb_DJI_20250930114327_0033_V_4973zoom.JPG,,protium stevensonii,0.553270,45,0.7333,1679,0.260,32
normal,comb_DJI_20250520101317_0060_V_211zoom.JPG,,apeiba membranacea,0.025060,40,0.7750,1682,0.316,40
normal,comb_DJI_20260114102419_0017_V_3617zoom.JPG,,protium stevensonii,0.083170,45,0.7333,1683,0.291,32
normal,comb_DJI_20240912092225_0024_V_2361zoom.JPG,,protium stevensonii,0.494390,45,0.7333,1684,0.277,32
normal,comb_DJI_20250305122739_0048_V_6750zoom.JPG,,dipteryx oleifera,0.696090,281,0.9644,1687,0.259,25
normal,comb_DJI_20241024125448_0016_V_1319zoom.JPG,,miconia argentea,0.563690,18,0.8889,1691,0.259,49
normal,comb_DJI_20260311165849_0027_V_4789tele.JPG,,tabebuia rosea,0.089080,56,0.8393,1692,0.259,35
normal,comb_DJI_20251001110815_0007_V_2673zoom.JPG,,platypodium elegans,0.116090,33,0.8182,1693,0.288,44
normal,comb_DJI_20241124084810_0010_V_555zoom.JPG,,platypodium elegans,0.544920,33,0.8182,1694,0.259,44
normal,comb_DJI_20250926112718_0003_V_2344zoom.JPG,,uncaria tomentosa,0.316050,53,0.7170,1695,0.295,38
normal,comb_DJI_20260311165756_0025_V_4808tele.JPG,,tabebuia rosea,0.561730,56,0.8393,1697,0.259,35
normal,comb_DJI_20251010123043_0005_V_6933zoom.JPG,,hippocratea volubilis,0.653690,19,0.8421,1699,0.259,29
normal,comb_DJI_20250106100338_0026_V_4174zoom.JPG,,terminalia oblonga,0.493840,19,0.7895,1702,0.258,34
normal,comb_DJI_20240912094436_0014_V_2890zoom.JPG,,serjania circumvallata,0.072860,16,0.8125,1703,0.295,47
normal,comb_DJI_20260322091402_0037_V_4490tele.JPG,,ceiba pentandra,0.598990,59,0.8644,1707,0.258,34
normal,comb_DJI_20251014105904_0001_V_4897zoom.JPG,,ceiba pentandra,0.243930,59,0.8644,1708,0.258,34
normal,comb_DJI_20251017102150_0065_V_2155zoom.JPG,,pouteria stipitata,0.367320,20,0.8000,1709,0.258,45
normal,comb_DJI_20250523100530_0023_V_153zoom.JPG,,hippocratea volubilis,0.076360,19,0.8421,1710,0.351,29
normal,comb_DJI_20251014100527_0021_V_11161zoom.JPG,,davilla nitida,0.781470,21,0.7619,1712,0.305,41
normal,comb_DJI_20241126105043_0004_V_622zoom.JPG,,davilla nitida,0.525830,21,0.7619,1714,0.258,41
normal,comb_DJI_20260320101215_0013_V_5538tele.JPG,,chrysophyllum cainito,0.720660,18,0.9444,1718,0.257,27
normal,comb_DJI_20250806104655_0024_V_53zoom.JPG,,terminalia amazonia,0.429380,85,0.7412,1724,0.257,31
normal,comb_DJI_20251014110531_0023_V_5468zoom.JPG,,hippocratea volubilis,0.286110,19,0.8421,1726,0.283,29
normal,comb_DJI_20241124090600_0030_V_580zoom.JPG,,hippocratea volubilis,0.543740,19,0.8421,1727,0.268,29
normal,comb_DJI_20251009104927_0029_V_2260zoom.JPG,,protium stevensonii,0.102220,45,0.7333,1729,0.287,32
normal,comb_DJI_20250820092635_0007_V_5926zoom.JPG,,platypodium elegans,0.632290,33,0.8182,1731,0.257,44
normal,comb_DJI_20251016120635_0043_V_6983zoom.JPG,,terminalia amazonia,0.134730,85,0.7412,1732,0.257,31
normal,comb_DJI_20241127100546_0064_V_2159zoom.JPG,,alseis blackiana,0.120930,73,0.8493,1741,0.318,47
normal,comb_DJI_20241127093249_0052_V_2400zoom.JPG,,miconia argentea,0.105100,18,0.8889,1743,0.256,49
normal,comb_DJI_20241124085037_0018_V_876zoom.JPG,,fridericia candicans,0.730200,40,0.8250,1744,0.256,43
normal,comb_DJI_20241024132957_0040_V_1056zoom.JPG,,luehea seemannii,0.083160,143,0.8741,1749,0.256,36
normal,comb_DJI_20260311165645_0021_V_4848tele.JPG,,terminalia amazonia,0.434280,85,0.7412,1755,0.255,31
normal,comb_DJI_20241226122325_0012_V_3927zoom.JPG,,pouteria stipitata,0.366880,20,0.8000,1758,0.273,45
normal,comb_DJI_20260114132222_0035_V_1445zoom.JPG,,protium stevensonii,0.546460,45,0.7333,1759,0.264,32
normal,comb_DJI_20251014112358_0007_V_6445zoom.JPG,,terminalia oblonga,0.077800,19,0.7895,1760,0.276,34
normal,comb_DJI_20251014110500_0021_V_5491zoom.JPG,,fridericia candicans,0.323720,40,0.8250,1762,0.255,43
normal,comb_DJI_20250520091820_0036_V_131zoom.JPG,,terminalia oblonga,0.414790,19,0.7895,1763,0.255,34
normal,comb_DJI_20260320104206_0057_V_2680tele.JPG,,dipteryx oleifera,0.788450,281,0.9644,1764,0.255,25
normal,comb_DJI_20251015133130_0009_V_6468zoom.JPG,,davilla nitida,0.539710,21,0.7619,1765,0.255,41
normal,comb_DJI_20250305114954_0022_V_7121zoom.JPG,,fridericia candicans,0.704570,40,0.8250,1766,0.278,43
normal,comb_DJI_20250716093943_0002_V_422zoom.JPG,,apeiba membranacea,0.399730,40,0.7750,1774,0.280,40
normal,comb_DJI_20250814125658_0005_V_7729zoom.JPG,,terminalia oblonga,0.389890,19,0.7895,1775,0.260,34
normal,comb_DJI_20250806095310_0016_V_107zoom.JPG,,pouteria stipitata,0.127150,20,0.8000,1776,0.274,45
normal,comb_DJI_20250520091254_0018_V_240zoom.JPG,,brosimum alicastrum,0.650030,35,0.8571,1777,0.254,46
normal,comb_DJI_20250106093420_0018_V_6545zoom.JPG,,uncaria tomentosa,0.573590,53,0.7170,1778,0.254,38
normal,comb_DJI_20251016102408_0033_V_11894zoom.JPG,,protium stevensonii,0.736540,45,0.7333,1779,0.293,32
normal,comb_DJI_20251010092425_0005_V_9714zoom.JPG,,ceiba pentandra,0.603170,59,0.8644,1782,0.254,34
normal,comb_DJI_20260317095037_0011_V_6479tele.JPG,,simarouba amara,0.201990,42,0.8095,1784,0.258,48
normal,comb_DJI_20260318093953_0059_V_888tele.JPG,,hieronyma alchorneoides,0.714080,107,0.9252,1785,0.254,23
normal,comb_DJI_20250204115112_0044_V_6574zoom.JPG,,pouteria stipitata,0.260120,20,0.8000,1786,0.321,45
normal,comb_DJI_20260114100428_0047_V_5369zoom.JPG,,jacaranda copaia,0.772850,118,0.9407,1788,0.254,22
normal,comb_DJI_20241217095016_0014_V_1996zoom.JPG,,protium stevensonii,0.109250,45,0.7333,1789,0.253,32
normal,comb_DJI_20241024132044_0008_V_1563zoom.JPG,,fridericia candicans,0.270930,40,0.8250,1791,0.289,43
normal,comb_DJI_20241231112407_0012_V_5445zoom.JPG,,hippocratea volubilis,0.764680,19,0.8421,1793,0.285,29
normal,comb_DJI_20251003105120_0001_V_1875zoom.JPG,,protium stevensonii,0.392250,45,0.7333,1794,0.258,32
normal,comb_DJI_20250110153057_0024_V_185zoom.JPG,,fridericia candicans,0.127840,40,0.8250,1795,0.258,43
normal,comb_DJI_20240911155402_0032_V_5983zoom.JPG,,pouteria stipitata,0.590320,20,0.8000,1797,0.252,45
normal,comb_DJI_20250814135021_0025_V_7605zoom.JPG,,sterculia apetala,0.643200,54,0.8148,1799,0.252,39
normal,comb_DJI_20250110150038_0042_V_146zoom.JPG,,oenocarpus mapora,0.101790,15,0.7333,1800,0.252,42
normal,comb_DJI_20260114100108_0035_V_5787zoom.JPG,,hippocratea volubilis,0.773170,19,0.8421,1801,0.255,29
normal,comb_DJI_20241024131010_0066_V_1831zoom.JPG,,hippocratea volubilis,0.078730,19,0.8421,1802,0.252,29
normal,comb_DJI_20250304093701_0018_V_7507zoom.JPG,,uncaria tomentosa,0.027500,53,0.7170,1806,0.406,38
normal,comb_DJI_20250807095805_0001_V_7139zoom.JPG,,protium stevensonii,0.360860,45,0.7333,1808,0.289,32
normal,comb_DJI_20251014115042_0011_V_5150zoom.JPG,,dipteryx oleifera,0.758770,281,0.9644,1813,0.251,25
normal,comb_DJI_20250723123455_0003_V_6706zoom.JPG,,pouteria stipitata,0.593650,20,0.8000,1815,0.365,45
normal,comb_DJI_20250520115726_0030_V_216zoom.JPG,,brosimum alicastrum,0.240500,35,0.8571,1819,0.262,46
normal,comb_DJI_20250716092301_0040_V_385zoom.JPG,,serjania circumvallata,0.274960,16,0.8125,1820,0.251,47
normal,comb_DJI_20250911100549_0001_V_2338zoom.JPG,,oenocarpus mapora,0.519820,15,0.7333,1824,0.250,42
normal,comb_DJI_20251016103049_0057_V_12096zoom.JPG,,terminalia amazonia,0.336040,85,0.7412,1830,0.250,31
normal,comb_DJI_20241226104048_0002_V_478zoom.JPG,,fridericia candicans,0.253060,40,0.8250,1831,0.250,43
normal,comb_DJI_20240913113139_0050_V_5156zoom.JPG,,tachigali panamensis,0.613450,64,0.8906,1834,0.249,49
normal,comb_DJI_20260318102348_0041_V_4473tele.JPG,,uncaria tomentosa,0.206810,53,0.7170,1837,0.299,38
normal,comb_DJI_20260317094735_0001_V_5965tele.JPG,,hippocratea volubilis,0.655230,19,0.8421,1839,0.249,29
normal,comb_DJI_20241127095627_0036_V_2102zoom.JPG,,hippocratea volubilis,0.203890,19,0.8421,1840,0.269,29
normal,comb_DJI_20251001125509_0005_V_3545zoom.JPG,,pouteria stipitata,0.661350,20,0.8000,1844,0.258,45
normal,comb_DJI_20241127112952_0034_V_960zoom.JPG,,uncaria tomentosa,0.229060,53,0.7170,1848,0.295,38
normal,comb_DJI_20241204102517_0023_V_448zoom.JPG,,brosimum alicastrum,0.342120,35,0.8571,1851,0.249,46
normal,comb_DJI_20241204113913_0022_V_848zoom.JPG,,spondias radlkoferi,0.277090,11,0.8182,1853,0.280,30
normal,comb_DJI_20241217102122_0038_V_4315zoom.JPG,,hippocratea volubilis,0.242960,19,0.8421,1856,0.248,29
normal,comb_DJI_20251003112509_0001_V_717zoom.JPG,,terminalia oblonga,0.082650,19,0.7895,1858,0.308,34
normal,comb_DJI_20250523083445_0027_V_63zoom.JPG,,brosimum alicastrum,0.072560,35,0.8571,1861,0.327,46
normal,comb_DJI_20250520100723_0036_V_107zoom.JPG,,brosimum alicastrum,0.655030,35,0.8571,1862,0.248,46
normal,comb_DJI_20250522091913_0015_V_159zoom.JPG,,davilla nitida,0.723630,21,0.7619,1867,0.248,41
normal,comb_DJI_20241218122147_0008_V_2935zoom.JPG,,protium stevensonii,0.779070,45,0.7333,1871,0.294,32
normal,comb_DJI_20241217104803_0018_V_2466zoom.JPG,,sterculia apetala,0.636340,54,0.8148,1872,0.247,39
normal,comb_DJI_20250205091938_0036_V_7708zoom.JPG,,protium stevensonii,0.152780,45,0.7333,1873,0.288,32
normal,comb_DJI_20251014104752_0041_V_11292zoom.JPG,,fridericia candicans,0.711540,40,0.8250,1874,0.247,43
normal,comb_DJI_20250204094401_0042_V_6028zoom.JPG,,sterculia apetala,0.246380,54,0.8148,1875,0.454,39
normal,comb_DJI_20260114114621_0017_V_9550zoom.JPG,,prioria copaifera,0.555450,121,0.9008,1879,0.247,19
normal,comb_DJI_20250305092213_0022_V_2617zoom.JPG,,protium stevensonii,0.618150,45,0.7333,1881,0.247,32
normal,comb_DJI_20250820112225_0013_V_5840zoom.JPG,,platypodium elegans,0.637800,33,0.8182,1886,0.247,44
normal,comb_DJI_20240912090102_0042_V_3184zoom.JPG,,ceiba pentandra,0.455040,59,0.8644,1888,0.247,34
normal,comb_DJI_20250106095033_0072_V_5234zoom.JPG,,pouteria stipitata,0.225950,20,0.8000,1889,0.247,45
normal,comb_DJI_20250305135150_0018_V_6159zoom.JPG,,terminalia amazonia,0.026140,85,0.7412,1890,0.247,31
normal,comb_DJI_20250520101015_0048_V_15zoom.JPG,,brosimum alicastrum,0.040970,35,0.8571,1895,0.275,46
normal,comb_DJI_20250930123109_0031_V_7414zoom.JPG,,terminalia amazonia,0.688500,85,0.7412,1897,0.246,31
normal,comb_DJI_20250522091647_0005_V_79zoom.JPG,,jacaranda copaia,0.591490,118,0.9407,1899,0.246,22
normal,comb_DJI_20240912093147_0052_V_3407zoom.JPG,,apeiba membranacea,0.180280,40,0.7750,1900,0.349,40
normal,comb_DJI_20241217102200_0040_V_4299zoom.JPG,,protium stevensonii,0.303230,45,0.7333,1901,0.268,32
normal,comb_DJI_20250520100921_0044_V_122zoom.JPG,,hieronyma alchorneoides,0.546520,107,0.9252,1902,0.245,23
normal,comb_DJI_20250820105635_0019_V_5884zoom.JPG,,platypodium elegans,0.145740,33,0.8182,1904,0.245,44
normal,comb_DJI_20250806112051_0050_V_127zoom.JPG,,protium stevensonii,0.371250,45,0.7333,1907,0.255,32
normal,comb_DJI_20250522094745_0039_V_15zoom.JPG,,protium stevensonii,0.448980,45,0.7333,1911,0.288,32
normal,comb_DJI_20250813121303_0019_V_8512zoom.JPG,,fridericia candicans,0.156790,40,0.8250,1915,0.245,43
normal,comb_DJI_20241124085258_0026_V_880zoom.JPG,,prioria copaifera,0.546320,121,0.9008,1919,0.271,19
normal,comb_DJI_20260317095116_0013_V_5820tele.JPG,,brosimum alicastrum,0.263890,35,0.8571,1920,0.245,46
normal,comb_DJI_20250522091943_0017_V_138zoom.JPG,,davilla nitida,0.222230,21,0.7619,1923,0.347,41
normal,comb_DJI_20260318094202_0067_V_1678tele.JPG,,fridericia candicans,0.719040,40,0.8250,1924,0.248,43
normal,comb_DJI_20241126103533_0044_V_234zoom.JPG,,fridericia candicans,0.478360,40,0.8250,1925,0.244,43
normal,comb_DJI_20250523090650_0071_V_9zoom.JPG,,brosimum alicastrum,0.461490,35,0.8571,1927,0.324,46
normal,comb_DJI_20251014103849_0013_V_4891zoom.JPG,,apeiba membranacea,0.325610,40,0.7750,1930,0.244,40
normal,comb_DJI_20251010125231_0007_V_7658zoom.JPG,,fridericia candicans,0.091760,40,0.8250,1933,0.244,43
normal,comb_DJI_20260112123300_0029_V_5038zoom.JPG,,uncaria tomentosa,0.781840,53,0.7170,1938,0.244,38
normal,comb_DJI_20251015132057_0029_V_8833zoom.JPG,,protium stevensonii,0.237460,45,0.7333,1940,0.292,32
normal,comb_DJI_20250520093734_0022_V_119zoom.JPG,,brosimum alicastrum,0.258500,35,0.8571,1946,0.295,46
normal,comb_DJI_20251009095026_0015_V_9066zoom.JPG,,fridericia candicans,0.390950,40,0.8250,1949,0.249,43
normal,comb_DJI_20250110163842_0004_V_6zoom.JPG,,luehea seemannii,0.650670,143,0.8741,1954,0.242,36
normal,comb_DJI_20251009102528_0053_V_7405zoom.JPG,,hippocratea volubilis,0.273080,19,0.8421,1956,0.242,29
normal,comb_DJI_20251009083327_0001_V_7267zoom.JPG,,handroanthus guayacan,0.541860,86,0.9186,1957,0.242,27
normal,comb_DJI_20260114102713_0027_V_3637zoom.JPG,,protium stevensonii,0.196450,45,0.7333,1958,0.276,32
normal,comb_DJI_20250926111102_0041_V_2380zoom.JPG,,fridericia candicans,0.456430,40,0.8250,1961,0.242,43
normal,comb_DJI_20251017101730_0049_V_1493zoom.JPG,,uncaria tomentosa,0.096460,53,0.7170,1962,0.268,38
normal,comb_DJI_20250930115814_0007_V_4871zoom.JPG,,ceiba pentandra,0.212670,59,0.8644,1964,0.278,34
normal,comb_DJI_20241126103138_0032_V_650zoom.JPG,,tachigali panamensis,0.116460,64,0.8906,1968,0.241,49
normal,comb_DJI_20260322093050_0009_V_1747tele.JPG,,hieronyma alchorneoides,0.742570,107,0.9252,1969,0.241,23
normal,comb_DJI_20251014112918_0017_V_6367zoom.JPG,,terminalia amazonia,0.378990,85,0.7412,1970,0.241,31
normal,comb_DJI_20260322091757_0051_V_2559tele.JPG,,hieronyma alchorneoides,0.616320,107,0.9252,1971,0.251,23
normal,comb_DJI_20250807114117_0015_V_5733zoom.JPG,,protium stevensonii,0.101570,45,0.7333,1973,0.288,32
normal,comb_DJI_20251016125055_0035_V_3612zoom.JPG,,davilla nitida,0.110750,21,0.7619,1974,0.241,41
normal,comb_DJI_20251015130455_0005_V_7627zoom.JPG,,hippocratea volubilis,0.145370,19,0.8421,1975,0.330,29
normal,comb_DJI_20260318105207_0057_V_5482tele.JPG,,dipteryx oleifera,0.682790,281,0.9644,1976,0.241,25
normal,comb_DJI_20250806101724_0014_V_11zoom.JPG,,brosimum alicastrum,0.159690,35,0.8571,1979,0.241,46
normal,comb_DJI_20241226124849_0004_V_1255zoom.JPG,,davilla nitida,0.094180,21,0.7619,1981,0.283,41
normal,comb_DJI_20251009095741_0039_V_8986zoom.JPG,,davilla nitida,0.426370,21,0.7619,1982,0.241,41
normal,comb_DJI_20260114131407_0011_V_2457zoom.JPG,,prioria copaifera,0.736100,121,0.9008,1984,0.240,19
normal,comb_DJI_20250522102653_0001_V_89zoom.JPG,,hippocratea volubilis,0.019750,19,0.8421,1989,0.339,29
normal,comb_DJI_20251015132129_0031_V_6711zoom.JPG,,davilla nitida,0.327440,21,0.7619,1991,0.240,41
normal,comb_DJI_20240911153320_0046_V_4506zoom.JPG,,oenocarpus mapora,0.294940,15,0.7333,1992,0.240,42
normal,comb_DJI_20240913112754_0038_V_4606zoom.JPG,,ocotea leptobotra,0.568810,15,0.8667,1993,0.240,48
normal,comb_DJI_20250106110842_0044_V_5837zoom.JPG,,hippocratea volubilis,0.282460,19,0.8421,1994,0.239,29
normal,comb_DJI_20250305132129_0012_V_4963zoom.JPG,,hippocratea volubilis,0.616480,19,0.8421,2000,0.309,29
normal,comb_DJI_20260112120650_0033_V_6264zoom.JPG,,protium stevensonii,0.640810,45,0.7333,2005,0.241,32
normal,comb_DJI_20250716091243_0004_V_281zoom.JPG,,luehea seemannii,0.774360,143,0.8741,2006,0.281,36
normal,comb_DJI_20251010082605_0011_V_1656zoom.JPG,,hippocratea volubilis,0.390470,19,0.8421,2009,0.238,29
normal,comb_DJI_20241107110332_0024_V_1663zoom.JPG,,hippocratea volubilis,0.293000,19,0.8421,2013,0.250,29
normal,comb_DJI_20250523102325_0005_V_49zoom.JPG,,spondias radlkoferi,0.201550,11,0.8182,2014,0.238,30
normal,comb_DJI_20241127094446_0002_V_2377zoom.JPG,,spondias radlkoferi,0.322410,11,0.8182,2017,0.238,30
normal,comb_DJI_20250305125358_0014_V_6092zoom.JPG,,pouteria stipitata,0.243420,20,0.8000,2019,0.281,45
normal,comb_DJI_20241226123019_0034_V_2840zoom.JPG,,terminalia amazonia,0.643430,85,0.7412,2023,0.237,31
normal,comb_DJI_20250110155549_0038_V_43zoom.JPG,,anacardium excelsum,0.777930,392,0.9286,2024,0.237,16
normal,comb_DJI_20250520100617_0032_V_161zoom.JPG,,calophyllum longifolium,0.792400,43,0.8837,2026,0.237,39
normal,comb_DJI_20250523101043_0045_V_23zoom.JPG,,brosimum alicastrum,0.160910,35,0.8571,2029,0.313,46
normal,comb_DJI_20250520120136_0044_V_88zoom.JPG,,simarouba amara,0.127760,42,0.8095,2030,0.237,48
normal,comb_DJI_20241101093332_0018_V_952zoom.JPG,,davilla nitida,0.547160,21,0.7619,2031,0.329,41
normal,comb_DJI_20260114121118_0039_V_1361zoom.JPG,,jacaranda copaia,0.748410,118,0.9407,2032,0.237,22
normal,comb_DJI_20241202114327_0012_V_211zoom.JPG,,davilla nitida,0.705140,21,0.7619,2033,0.237,41
normal,comb_DJI_20251010083030_0025_V_2392zoom.JPG,,davilla nitida,0.673750,21,0.7619,2039,0.268,41
normal,comb_DJI_20251015133321_0015_V_5448zoom.JPG,,apeiba membranacea,0.031110,40,0.7750,2043,0.404,40
normal,comb_DJI_20251014112143_0001_V_6331zoom.JPG,,davilla nitida,0.287110,21,0.7619,2045,0.287,41
normal,comb_DJI_20250110162418_0030_V_84zoom.JPG,,fridericia candicans,0.254320,40,0.8250,2046,0.236,43
normal,comb_DJI_20260320102232_0051_V_3753tele.JPG,,uncaria tomentosa,0.796010,53,0.7170,2047,0.236,38
normal,comb_DJI_20241126103811_0052_V_620zoom.JPG,,protium stevensonii,0.420070,45,0.7333,2062,0.235,32
normal,comb_DJI_20250523102424_0009_V_54zoom.JPG,,brosimum alicastrum,0.112240,35,0.8571,2063,0.308,46
normal,comb_DJI_20250807105128_0005_V_6431zoom.JPG,,protium stevensonii,0.185440,45,0.7333,2065,0.235,32
normal,comb_DJI_20251014113837_0047_V_5607zoom.JPG,,dipteryx oleifera,0.666750,281,0.9644,2066,0.235,25
normal,comb_DJI_20250806094109_0012_V_173zoom.JPG,,terminalia amazonia,0.197330,85,0.7412,2072,0.234,31
normal,comb_DJI_20241226094650_0010_V_2717zoom.JPG,,spondias radlkoferi,0.423710,11,0.8182,2073,0.234,30
normal,comb_DJI_20241202112426_0046_V_1139zoom.JPG,,fridericia candicans,0.753910,40,0.8250,2075,0.234,43
normal,comb_DJI_20250926110330_0013_V_3007zoom.JPG,,fridericia candicans,0.142250,40,0.8250,2077,0.345,43
normal,comb_DJI_20260320110307_0045_V_1026tele.JPG,,handroanthus guayacan,0.729310,86,0.9186,2078,0.234,27
normal,comb_DJI_20251016111808_0043_V_5141zoom.JPG,,prioria copaifera,0.754160,121,0.9008,2081,0.288,19
normal,comb_DJI_20240911153208_0042_V_4499zoom.JPG,,davilla nitida,0.542740,21,0.7619,2086,0.234,41
normal,comb_DJI_20250814105822_0033_V_6506zoom.JPG,,davilla nitida,0.036660,21,0.7619,2087,0.234,41
normal,comb_DJI_20250814105750_0031_V_6444zoom.JPG,,hieronyma alchorneoides,0.545630,107,0.9252,2090,0.233,23
normal,comb_DJI_20241127094958_0018_V_2382zoom.JPG,,pouteria stipitata,0.188060,20,0.8000,2091,0.233,45
normal,comb_DJI_20251009104719_0021_V_1500zoom.JPG,,protium stevensonii,0.084570,45,0.7333,2098,0.233,32
normal,comb_DJI_20250522103600_0035_V_58zoom.JPG,,simarouba amara,0.041880,42,0.8095,2100,0.297,48
normal,comb_DJI_20241124090230_0018_V_398zoom.JPG,,davilla nitida,0.474270,21,0.7619,2103,0.232,41
normal,comb_DJI_20241024132428_0020_V_1019zoom.JPG,,pouteria stipitata,0.084300,20,0.8000,2105,0.232,45
normal,comb_DJI_20251015122417_0035_V_9006zoom.JPG,,sterculia apetala,0.426940,54,0.8148,2106,0.232,39
normal,comb_DJI_20251016104408_0005_V_11442zoom.JPG,,chrysophyllum cainito,0.596040,18,0.9444,2107,0.232,27
normal,comb_DJI_20241231120230_0048_V_4976zoom.JPG,,uncaria tomentosa,0.363770,53,0.7170,2110,0.270,38
normal,comb_DJI_20251010111526_0023_V_7009zoom.JPG,,oenocarpus mapora,0.659920,15,0.7333,2111,0.232,42
normal,comb_DJI_20241226130317_0040_V_3296zoom.JPG,,spondias radlkoferi,0.719960,11,0.8182,2114,0.231,30
normal,comb_DJI_20250807111203_0007_V_7696zoom.JPG,,serjania circumvallata,0.790570,16,0.8125,2116,0.231,47
normal,comb_DJI_20250930113617_0007_V_6371zoom.JPG,,anacardium excelsum,0.718440,392,0.9286,2119,0.231,16
normal,comb_DJI_20250106101825_0072_V_6849zoom.JPG,,protium stevensonii,0.434120,45,0.7333,2121,0.231,32
normal,comb_DJI_20260317083958_0017_V_9295tele.JPG,,jacaranda copaia,0.654290,118,0.9407,2125,0.240,22
normal,comb_DJI_20241204144540_0034_V_2516zoom.JPG,,protium stevensonii,0.597960,45,0.7333,2128,0.230,32
normal,comb_DJI_20241226140525_0042_V_89zoom.JPG,,fridericia candicans,0.571370,40,0.8250,2131,0.264,43
normal,comb_DJI_20260318093717_0049_V_940tele.JPG,,calophyllum longifolium,0.410400,43,0.8837,2132,0.230,39
normal,comb_DJI_20260112123148_0025_V_6088zoom.JPG,,uncaria tomentosa,0.082720,53,0.7170,2142,0.253,38
normal,comb_DJI_20250806100156_0052_V_88zoom.JPG,,davilla nitida,0.594980,21,0.7619,2143,0.292,41
normal,comb_DJI_20240913110212_0038_V_5183zoom.JPG,,oenocarpus mapora,0.265020,15,0.7333,2144,0.229,42
normal,comb_DJI_20260317094849_0005_V_6484tele.JPG,,senegalia hayesii,0.344260,17,0.8824,2145,0.229,44
normal,comb_DJI_20251017113222_0025_V_11971zoom.JPG,,zanthoxylum ekmanii,0.595840,21,0.7143,2149,0.259,49
normal,comb_DJI_20250814142034_0003_V_4369zoom.JPG,,hieronyma alchorneoides,0.572880,107,0.9252,2150,0.229,23
normal,comb_DJI_20251017120419_0037_V_585zoom.JPG,,davilla nitida,0.207660,21,0.7619,2151,0.229,41
normal,comb_DJI_20250523085113_0007_V_121zoom.JPG,,davilla nitida,0.608940,21,0.7619,2155,0.269,41
normal,comb_DJI_20241124090422_0024_V_588zoom.JPG,,fridericia candicans,0.271080,40,0.8250,2158,0.242,43
normal,comb_DJI_20251015134126_0043_V_6299zoom.JPG,,luehea seemannii,0.755830,143,0.8741,2162,0.228,36
normal,comb_DJI_20251014111143_0043_V_6411zoom.JPG,,davilla nitida,0.581300,21,0.7619,2163,0.250,41
normal,comb_DJI_20250813084955_0019_V_9148zoom.JPG,,protium stevensonii,0.446320,45,0.7333,2164,0.292,32
normal,comb_DJI_20251009084504_0043_V_9932zoom.JPG,,davilla nitida,0.422820,21,0.7619,2166,0.228,41
normal,comb_DJI_20241124085902_0006_V_730zoom.JPG,,simarouba amara,0.040200,42,0.8095,2168,0.248,48
normal,comb_DJI_20251015134407_0053_V_7316zoom.JPG,,simarouba amara,0.424130,42,0.8095,2171,0.228,48
normal,comb_DJI_20251016102632_0041_V_1848zoom.JPG,,ficus obtusifolia,0.022630,14,0.8571,2172,0.228,48
normal,comb_DJI_20250820105242_0005_V_5153zoom.JPG,,hippocratea volubilis,0.397880,19,0.8421,2175,0.228,29
normal,comb_DJI_20240911145311_0014_V_1767zoom.JPG,,oenocarpus mapora,0.124890,15,0.7333,2176,0.228,42
normal,comb_DJI_20251009105056_0035_V_2393zoom.JPG,,simarouba amara,0.472690,42,0.8095,2177,0.233,48
normal,comb_DJI_20251016101955_0017_V_9913zoom.JPG,,terminalia amazonia,0.248730,85,0.7412,2179,0.227,31
normal,comb_DJI_20241231110544_0054_V_4991zoom.JPG,,spondias radlkoferi,0.498470,11,0.8182,2181,0.227,30
normal,comb_DJI_20241124091229_0004_V_763zoom.JPG,,spondias radlkoferi,0.122880,11,0.8182,2183,0.343,30
normal,comb_DJI_20260318093119_0027_V_536tele.JPG,,platypodium elegans,0.109530,33,0.8182,2189,0.254,44
normal,comb_DJI_20260320101116_0009_V_5542tele.JPG,,spondias radlkoferi,0.015400,11,0.8182,2195,0.227,30
normal,comb_DJI_20250930120636_0039_V_2032zoom.JPG,,platypodium elegans,0.455520,33,0.8182,2200,0.226,44
normal,comb_DJI_20251014115119_0013_V_5290zoom.JPG,,hippocratea volubilis,0.186800,19,0.8421,2204,0.226,29
normal,comb_DJI_20241127092802_0038_V_2079zoom.JPG,,alseis blackiana,0.343340,73,0.8493,2207,0.226,47
normal,comb_DJI_20241226130439_0044_V_3302zoom.JPG,,pouteria stipitata,0.758130,20,0.8000,2209,0.226,45
normal,comb_DJI_20251017113937_0049_V_9276zoom.JPG,,prioria copaifera,0.650310,121,0.9008,2212,0.231,19
normal,comb_DJI_20251014122611_0005_V_5164zoom.JPG,,hippocratea volubilis,0.084820,19,0.8421,2219,0.271,29
normal,comb_DJI_20240912095416_0044_V_2343zoom.JPG,,alseis blackiana,0.784110,73,0.8493,2223,0.225,47
normal,comb_DJI_20250930122929_0025_V_7415zoom.JPG,,protium stevensonii,0.019180,45,0.7333,2227,0.342,32
normal,comb_DJI_20250106101510_0060_V_7213zoom.JPG,,protium stevensonii,0.793620,45,0.7333,2228,0.224,33
normal,comb_DJI_20250110140428_0030_V_124zoom.JPG,,uncaria tomentosa,0.157420,53,0.7170,2230,0.296,38
normal,comb_DJI_20251009103723_0003_V_7256zoom.JPG,,luehea seemannii,0.332450,143,0.8741,2231,0.380,36
normal,comb_DJI_20240912095019_0032_V_3652zoom.JPG,,davilla nitida,0.250060,21,0.7619,2235,0.224,41
normal,comb_DJI_20241124091815_0022_V_1051zoom.JPG,,fridericia candicans,0.793770,40,0.8250,2237,0.224,43
normal,comb_DJI_20251017100745_0013_V_10744zoom.JPG,,hippocratea volubilis,0.495630,19,0.8421,2242,0.251,30
normal,comb_DJI_20251014114905_0005_V_4742zoom.JPG,,protium stevensonii,0.633430,45,0.7333,2246,0.223,33
normal,comb_DJI_20241127092441_0028_V_2099zoom.JPG,,apeiba membranacea,0.789280,40,0.7750,2247,0.317,40
normal,comb_DJI_20250930121310_0063_V_697zoom.JPG,,hippocratea volubilis,0.316690,19,0.8421,2248,0.249,30
normal,comb_DJI_20251017101528_0041_V_575zoom.JPG,,calophyllum longifolium,0.573960,43,0.8837,2251,0.223,39
normal,comb_DJI_20251010114523_0045_V_7016zoom.JPG,,pouteria stipitata,0.334260,20,0.8000,2256,0.250,45
normal,comb_DJI_20241024125016_0002_V_1806zoom.JPG,,uncaria tomentosa,0.353510,53,0.7170,2257,0.222,38
normal,comb_DJI_20251017113717_0041_V_8058zoom.JPG,,ochroma pyramidale,0.583030,20,0.9000,2260,0.222,28
normal,comb_DJI_20260114095847_0027_V_7450zoom.JPG,,protium stevensonii,0.615750,45,0.7333,2263,0.266,33
normal,comb_DJI_20250804145530_0017_V_7856zoom.JPG,,apeiba tibourbou,0.397680,14,0.7143,2266,0.246,47
normal,comb_DJI_20241101105352_0018_V_863zoom.JPG,,fridericia candicans,0.780570,40,0.8250,2269,0.260,43
normal,comb_DJI_20250522103731_0041_V_30zoom.JPG,,davilla nitida,0.043280,21,0.7619,2271,0.267,41
normal,comb_DJI_20241226132038_0008_V_2320zoom.JPG,,hippocratea volubilis,0.268020,19,0.8421,2272,0.221,30
normal,comb_DJI_20251001123433_0017_V_5098zoom.JPG,,protium stevensonii,0.789020,45,0.7333,2273,0.264,33
normal,comb_DJI_20250520100949_0046_V_21zoom.JPG,,protium stevensonii,0.196950,45,0.7333,2274,0.267,33
normal,comb_DJI_20251010090256_0049_V_4146zoom.JPG,,davilla nitida,0.301190,21,0.7619,2281,0.221,41
normal,comb_DJI_20251015134021_0039_V_6261zoom.JPG,,luehea seemannii,0.683170,143,0.8741,2282,0.263,36
normal,comb_DJI_20241231110742_0060_V_4644zoom.JPG,,sterculia apetala,0.220190,54,0.8148,2284,0.221,39
normal,comb_DJI_20260114112456_0019_V_1564zoom.JPG,,prioria copaifera,0.799510,121,0.9008,2286,0.221,19
normal,comb_DJI_20241226110037_0046_V_404zoom.JPG,,spondias radlkoferi,0.577860,11,0.8182,2287,0.220,30
normal,comb_DJI_20250814142826_0031_V_3353zoom.JPG,,davilla nitida,0.234130,21,0.7619,2288,0.220,41
normal,comb_DJI_20250522091545_0001_V_48zoom.JPG,,davilla nitida,0.252780,21,0.7619,2289,0.291,41
normal,comb_DJI_20240911155219_0026_V_5819zoom.JPG,,protium stevensonii,0.432490,45,0.7333,2294,0.279,33
normal,comb_DJI_20251001101834_0009_V_1505zoom.JPG,,simarouba amara,0.121140,42,0.8095,2295,0.221,48
normal,comb_DJI_20250522092039_0021_V_114zoom.JPG,,pouteria stipitata,0.105600,20,0.8000,2298,0.258,45
normal,comb_DJI_20250813110635_0024_V_9661zoom.JPG,,serjania circumvallata,0.583670,16,0.8125,2299,0.249,47
normal,comb_DJI_20250520091709_0032_V_192zoom.JPG,,calophyllum longifolium,0.471900,43,0.8837,2300,0.225,39
normal,comb_DJI_20260320110513_0053_V_1796tele.JPG,,sterculia apetala,0.692560,54,0.8148,2302,0.321,39
normal,comb_DJI_20250930114759_0049_V_3200zoom.JPG,,calophyllum longifolium,0.375290,43,0.8837,2309,0.218,39
normal,comb_DJI_20260320110205_0041_V_1073tele.JPG,,ocotea leptobotra,0.578800,15,0.8667,2310,0.218,48
normal,comb_DJI_20250520093137_0002_V_82zoom.JPG,,calophyllum longifolium,0.191550,43,0.8837,2311,0.244,39
normal,comb_DJI_20250716105142_0012_V_258zoom.JPG,,fridericia candicans,0.298120,40,0.8250,2318,0.218,43
normal,comb_DJI_20250806110845_0004_V_60zoom.JPG,,protium stevensonii,0.496370,45,0.7333,2321,0.284,33
normal,comb_DJI_20250522093814_0001_V_107zoom.JPG,,protium stevensonii,0.143640,45,0.7333,2322,0.270,33
normal,comb_DJI_20251016112123_0055_V_7283zoom.JPG,,ceiba pentandra,0.737650,59,0.8644,2323,0.218,34
normal,comb_DJI_20241126103417_0040_V_462zoom.JPG,,hippocratea volubilis,0.204140,19,0.8421,2325,0.265,30
normal,comb_DJI_20260318104127_0019_V_6868tele.JPG,,anacardium excelsum,0.691150,392,0.9286,2335,0.216,16
normal,comb_DJI_20250924103035_0001_V_1446zoom.JPG,,uncaria tomentosa,0.334080,53,0.7170,2338,0.275,38
normal,comb_DJI_20251017100614_0007_V_10752zoom.JPG,,ceiba pentandra,0.699900,59,0.8644,2341,0.267,34
normal,comb_DJI_20251016124439_0011_V_58zoom.JPG,,ceiba pentandra,0.342240,59,0.8644,2344,0.256,34
normal,comb_DJI_20250106095919_0012_V_5194zoom.JPG,,hieronyma alchorneoides,0.528930,107,0.9252,2346,0.216,23
normal,comb_DJI_20240912091527_0006_V_3181zoom.JPG,,protium stevensonii,0.114170,45,0.7333,2347,0.308,33
normal,comb_DJI_20250110140133_0020_V_126zoom.JPG,,spondias radlkoferi,0.614960,11,0.8182,2348,0.216,30
normal,comb_DJI_20260317090817_0035_V_10776tele.JPG,,oenocarpus mapora,0.277550,15,0.7333,2352,0.215,42
normal,comb_DJI_20251014104719_0039_V_4963zoom.JPG,,platypodium elegans,0.340650,33,0.8182,2360,0.215,44
normal,comb_DJI_20250806103053_0032_V_152zoom.JPG,,protium stevensonii,0.537900,45,0.7333,2362,0.215,33
normal,comb_DJI_20251015122750_0047_V_8835zoom.JPG,,hippocratea volubilis,0.704810,19,0.8421,2364,0.240,30
normal,comb_DJI_20251016131038_0017_V_3883zoom.JPG,,hieronyma alchorneoides,0.670490,107,0.9252,2368,0.214,23
normal,comb_DJI_20250814134801_0017_V_7684zoom.JPG,,davilla nitida,0.109350,21,0.7619,2369,0.252,41
normal,comb_DJI_20250520091743_0034_V_171zoom.JPG,,terminalia oblonga,0.222040,19,0.7895,2370,0.259,34
normal,comb_DJI_20250814142242_0011_V_4725zoom.JPG,,hieronyma alchorneoides,0.668330,107,0.9252,2375,0.214,23
normal,comb_DJI_20250930114502_0039_V_5041zoom.JPG,,luehea seemannii,0.799330,143,0.8741,2377,0.214,36
normal,comb_DJI_20240911154905_0016_V_5575zoom.JPG,,protium stevensonii,0.414210,45,0.7333,2378,0.267,33
normal,comb_DJI_20251016120110_0023_V_5908zoom.JPG,,terminalia amazonia,0.380320,85,0.7412,2379,0.214,31
normal,comb_DJI_20240913111756_0008_V_5132zoom.JPG,,hippocratea volubilis,0.617040,19,0.8421,2381,0.239,30
normal,comb_DJI_20251014104354_0029_V_295zoom.JPG,,fridericia candicans,0.470150,40,0.8250,2383,0.230,43
normal,comb_DJI_20250520120330_0050_V_95zoom.JPG,,brosimum alicastrum,0.630130,35,0.8571,2386,0.226,46
normal,comb_DJI_20250305115346_0030_V_7708zoom.JPG,,terminalia amazonia,0.133420,85,0.7412,2387,0.213,31
normal,comb_DJI_20250807103242_0019_V_7619zoom.JPG,,senegalia hayesii,0.263130,17,0.8824,2390,0.224,44
normal,comb_DJI_20250807112100_0035_V_6941zoom.JPG,,zanthoxylum ekmanii,0.312940,21,0.7143,2391,0.213,49
normal,comb_DJI_20260318100332_0061_V_853tele.JPG,,anacardium excelsum,0.769380,392,0.9286,2392,0.213,16
normal,comb_DJI_20250814143341_0049_V_2887zoom.JPG,,fridericia candicans,0.557870,40,0.8250,2394,0.213,43
normal,comb_DJI_20250520100514_0028_V_169zoom.JPG,,brosimum alicastrum,0.320430,35,0.8571,2399,0.221,46
normal,comb_DJI_20251010120928_0009_V_7961zoom.JPG,,hippocratea volubilis,0.201400,19,0.8421,2401,0.213,30
normal,comb_DJI_20251001121454_0027_V_4078zoom.JPG,,ocotea leptobotra,0.409980,15,0.8667,2408,0.321,48
normal,comb_DJI_20260112122824_0013_V_6137zoom.JPG,,hippocratea volubilis,0.386660,19,0.8421,2409,0.262,30
normal,comb_DJI_20241226110830_0002_V_544zoom.JPG,,hippocratea volubilis,0.685050,19,0.8421,2412,0.284,30
normal,comb_DJI_20240913112058_0018_V_4896zoom.JPG,,davilla nitida,0.427400,21,0.7619,2413,0.212,41
normal,comb_DJI_20251003115526_0025_V_2453zoom.JPG,,fridericia candicans,0.581340,40,0.8250,2415,0.212,43
normal,comb_DJI_20250523101111_0047_V_144zoom.JPG,,davilla nitida,0.265060,21,0.7619,2419,0.255,41
normal,comb_DJI_20251016114310_0047_V_4946zoom.JPG,,ocotea leptobotra,0.265270,15,0.8667,2423,0.211,48
normal,comb_DJI_20241024125206_0008_V_1821zoom.JPG,,uncaria tomentosa,0.322530,53,0.7170,2425,0.211,38
normal,comb_DJI_20251015113502_0025_V_9072zoom.JPG,,prioria copaifera,0.779950,121,0.9008,2426,0.222,19
normal,comb_DJI_20260317090318_0017_V_10655tele.JPG,,zanthoxylum ekmanii,0.561510,21,0.7143,2428,0.288,49
normal,comb_DJI_20260112123223_0027_V_6152zoom.JPG,,ceiba pentandra,0.786710,59,0.8644,2432,0.211,34
normal,comb_DJI_20250926102243_0013_V_3435zoom.JPG,,pouteria stipitata,0.462200,20,0.8000,2435,0.303,45
normal,comb_DJI_20260317084059_0021_V_9304tele.JPG,,jacaranda copaia,0.793190,118,0.9407,2436,0.210,22
normal,comb_DJI_20241127112436_0016_V_1000zoom.JPG,,protium stevensonii,0.639090,45,0.7333,2438,0.228,33
normal,comb_DJI_20250523094341_0033_V_77zoom.JPG,,brosimum alicastrum,0.075060,35,0.8571,2440,0.295,46
normal,comb_DJI_20250304102630_0012_V_1506zoom.JPG,,hieronyma alchorneoides,0.750290,107,0.9252,2441,0.210,23
normal,comb_DJI_20241204095942_0030_V_82zoom.JPG,,anacardium excelsum,0.750360,392,0.9286,2442,0.210,16
normal,comb_DJI_20251016101721_0007_V_8841zoom.JPG,,prioria copaifera,0.762430,121,0.9008,2444,0.237,19
normal,comb_DJI_20251014112846_0015_V_6353zoom.JPG,,ocotea leptobotra,0.707330,15,0.8667,2446,0.309,48
normal,comb_DJI_20241217101255_0008_V_2039zoom.JPG,,protium stevensonii,0.160820,45,0.7333,2453,0.209,33
normal,comb_DJI_20250930114657_0045_V_4184zoom.JPG,,anacardium excelsum,0.730540,392,0.9286,2454,0.209,16
normal,comb_DJI_20250520090816_0004_V_128zoom.JPG,,brosimum alicastrum,0.463370,35,0.8571,2458,0.251,46
normal,comb_DJI_20260114123055_0017_V_10537zoom.JPG,,prioria copaifera,0.743900,121,0.9008,2463,0.208,19
normal,comb_DJI_20251017120151_0029_V_531zoom.JPG,,prioria copaifera,0.595230,121,0.9008,2467,0.293,19
normal,comb_DJI_20251015131058_0027_V_6920zoom.JPG,,tachigali panamensis,0.361160,64,0.8906,2469,0.208,49
normal,comb_DJI_20241204113255_0004_V_1530zoom.JPG,,alseis blackiana,0.305640,73,0.8493,2473,0.207,47
normal,comb_DJI_20250305114620_0014_V_7968zoom.JPG,,uncaria tomentosa,0.278160,53,0.7170,2479,0.329,38
normal,comb_DJI_20250523083416_0025_V_67zoom.JPG,,brosimum alicastrum,0.175160,35,0.8571,2481,0.293,46
normal,comb_DJI_20260317100054_0047_V_5201tele.JPG,,zanthoxylum ekmanii,0.616190,21,0.7143,2498,0.311,49
normal,comb_DJI_20241202111255_0012_V_1432zoom.JPG,,spondias radlkoferi,0.491390,11,0.8182,2499,0.206,30
normal,comb_DJI_20250305132752_0026_V_4528zoom.JPG,,protium stevensonii,0.770850,45,0.7333,2500,0.246,33
normal,comb_DJI_20260114100034_0033_V_6997zoom.JPG,,calophyllum longifolium,0.770300,43,0.8837,2512,0.205,39
normal,comb_DJI_20250813084829_0015_V_8542zoom.JPG,,protium stevensonii,0.692530,45,0.7333,2513,0.205,33
normal,comb_DJI_20250523082928_0005_V_154zoom.JPG,,simarouba amara,0.319140,42,0.8095,2515,0.205,48
normal,comb_DJI_20251015131023_0025_V_6862zoom.JPG,,davilla nitida,0.620020,21,0.7619,2516,0.208,41
normal,comb_DJI_20251017100716_0011_V_11889zoom.JPG,,tachigali panamensis,0.209250,64,0.8906,2517,0.205,49
normal,comb_DJI_20260112120027_0011_V_3894zoom.JPG,,uncaria tomentosa,0.349930,53,0.7170,2519,0.278,38
normal,comb_DJI_20260114111231_0009_V_11143zoom.JPG,,protium stevensonii,0.768050,45,0.7333,2520,0.304,33
normal,comb_DJI_20251014114756_0003_V_4738zoom.JPG,,hippocratea volubilis,0.688950,19,0.8421,2521,0.204,30
normal,comb_DJI_20260317084413_0033_V_9289tele.JPG,,serjania circumvallata,0.580070,16,0.8125,2525,0.204,47
normal,comb_DJI_20241217133203_0026_V_4675zoom.JPG,,ceiba pentandra,0.417040,59,0.8644,2531,0.204,34
normal,comb_DJI_20250930113651_0009_V_6339zoom.JPG,,terminalia amazonia,0.728550,85,0.7412,2538,0.203,31
normal,comb_DJI_20250806104625_0022_V_32zoom.JPG,,davilla nitida,0.325170,21,0.7619,2543,0.241,42
normal,comb_DJI_20251014123020_0019_V_5837zoom.JPG,,fridericia candicans,0.168910,40,0.8250,2548,0.202,43
normal,comb_DJI_20251017103834_0019_V_2608zoom.JPG,,davilla nitida,0.706450,21,0.7619,2550,0.202,42
normal,comb_DJI_20251016103149_0061_V_10898zoom.JPG,,terminalia amazonia,0.477140,85,0.7412,2553,0.202,31
normal,comb_DJI_20250522094215_0017_V_82zoom.JPG,,davilla nitida,0.742030,21,0.7619,2555,0.236,42
normal,comb_DJI_20251016124641_0019_V_11136zoom.JPG,,chrysophyllum cainito,0.689510,18,0.9444,2556,0.202,27
normal,comb_DJI_20251017103719_0015_V_2559zoom.JPG,,prioria copaifera,0.703410,121,0.9008,2557,0.202,19
normal,comb_DJI_20260317095715_0035_V_5896tele.JPG,,alseis blackiana,0.753480,73,0.8493,2559,0.202,47
normal,comb_DJI_20251017101422_0037_V_583zoom.JPG,,fridericia candicans,0.297330,40,0.8250,2560,0.202,43
normal,comb_DJI_20260320110635_0059_V_2612tele.JPG,,calophyllum longifolium,0.753390,43,0.8837,2562,0.211,39
normal,comb_DJI_20241127112007_0002_V_1176zoom.JPG,,fridericia candicans,0.297230,40,0.8250,2576,0.229,43
normal,comb_DJI_20250523100325_0015_V_157zoom.JPG,,brosimum alicastrum,0.154210,35,0.8571,2579,0.291,46
normal,comb_DJI_20250523090417_0061_V_13zoom.JPG,,protium stevensonii,0.268930,45,0.7333,2583,0.294,33
normal,comb_DJI_20241127112244_0010_V_1197zoom.JPG,,hippocratea volubilis,0.370750,19,0.8421,2585,0.282,30
normal,comb_DJI_20241204114040_0026_V_977zoom.JPG,,protium stevensonii,0.530020,45,0.7333,2588,0.200,33
normal,comb_DJI_20241226125030_0008_V_1837zoom.JPG,,fridericia candicans,0.386090,40,0.8250,2589,0.256,43
normal,comb_DJI_20250806112254_0058_V_139zoom.JPG,,apeiba tibourbou,0.491790,14,0.7143,2591,0.214,47
normal,comb_DJI_20241204113629_0014_V_1172zoom.JPG,,fridericia candicans,0.728450,40,0.8250,2592,0.200,43
normal,comb_DJI_20250304104020_0040_V_1816zoom.JPG,,tabebuia rosea,0.310900,56,0.8393,2597,0.199,35
normal,comb_DJI_20251017093858_0011_V_10646zoom.JPG,,ceiba pentandra,0.644600,59,0.8644,2601,0.199,34
normal,comb_DJI_20240912092141_0022_V_2647zoom.JPG,,uncaria tomentosa,0.265250,53,0.7170,2605,0.287,38
normal,comb_DJI_20241101104030_0060_V_494zoom.JPG,,protium stevensonii,0.142190,45,0.7333,2608,0.266,1
normal,comb_DJI_20250520115012_0006_V_124zoom.JPG,,simarouba amara,0.447330,42,0.8095,2614,0.198,48
normal,comb_DJI_20250806103358_0044_V_41zoom.JPG,,brosimum alicastrum,0.135650,35,0.8571,2615,0.198,46
normal,comb_DJI_20260318102548_0049_V_4357tele.JPG,,hippocratea volubilis,0.386180,19,0.8421,2618,0.198,30
normal,comb_DJI_20240913112258_0024_V_5158zoom.JPG,,protium stevensonii,0.054600,45,0.7333,2620,0.198,33
normal,comb_DJI_20250106092934_0002_V_6905zoom.JPG,,astronium graveolens,0.797860,37,0.9730,2623,0.209,21
normal,comb_DJI_20241226105356_0030_V_841zoom.JPG,,oenocarpus mapora,0.471660,15,0.7333,2631,0.197,42
normal,comb_DJI_20241024130351_0044_V_1556zoom.JPG,,trattinnickia aspera,0.583240,21,0.9524,2632,0.197,26
normal,comb_DJI_20250807102737_0003_V_5648zoom.JPG,,pouteria stipitata,0.241350,20,0.8000,2633,0.290,45
normal,comb_DJI_20241204095035_0008_V_1422zoom.JPG,,luehea seemannii,0.379510,143,0.8741,2634,0.249,36
normal,comb_DJI_20251016104641_0015_V_10072zoom.JPG,,tachigali panamensis,0.685800,64,0.8906,2635,0.197,49
normal,comb_DJI_20250814135413_0035_V_7600zoom.JPG,,dipteryx oleifera,0.771970,281,0.9644,2640,0.196,25
normal,comb_DJI_20251015122101_0023_V_12054zoom.JPG,,terminalia amazonia,0.746150,85,0.7412,2642,0.196,31
normal,comb_DJI_20260320103308_0025_V_4638tele.JPG,,terminalia amazonia,0.724450,85,0.7412,2645,0.196,31
normal,comb_DJI_20241226130842_0056_V_3680zoom.JPG,,hippocratea volubilis,0.061310,19,0.8421,2648,0.196,30
normal,comb_DJI_20260114111112_0005_V_25zoom.JPG,,terminalia amazonia,0.433170,85,0.7412,2650,0.197,31
normal,comb_DJI_20251010082928_0021_V_2388zoom.JPG,,terminalia amazonia,0.629730,85,0.7412,2654,0.196,31
normal,comb_DJI_20241024125830_0028_V_1306zoom.JPG,,terminalia amazonia,0.055590,85,0.7412,2656,0.196,31
normal,comb_DJI_20241126103849_0054_V_623zoom.JPG,,oenocarpus mapora,0.066460,15,0.7333,2658,0.195,42
normal,comb_DJI_20250522092939_0055_V_102zoom.JPG,,pouteria stipitata,0.108980,20,0.8000,2659,0.274,45
normal,comb_DJI_20250520103259_0046_V_226zoom.JPG,,brosimum alicastrum,0.158800,35,0.8571,2661,0.306,46
normal,comb_DJI_20241127085531_0006_V_2328zoom.JPG,,protium stevensonii,0.309230,45,0.7333,2662,0.195,33
normal,comb_DJI_20250304103545_0030_V_1834zoom.JPG,,platypodium elegans,0.223220,33,0.8182,2664,0.195,44
normal,comb_DJI_20241202112109_0036_V_1474zoom.JPG,,spondias radlkoferi,0.088670,11,0.8182,2667,0.210,30
normal,comb_DJI_20251010105142_0007_V_11547zoom.JPG,,hippocratea volubilis,0.402710,19,0.8421,2672,0.195,30
normal,comb_DJI_20250106094805_0064_V_5625zoom.JPG,,apeiba membranacea,0.732430,40,0.7750,2673,0.195,40
normal,comb_DJI_20250106110528_0034_V_6171zoom.JPG,,fridericia candicans,0.683090,40,0.8250,2676,0.194,43
normal,comb_DJI_20250930115953_0013_V_3914zoom.JPG,,jacaranda copaia,0.713650,118,0.9407,2677,0.194,22
normal,comb_DJI_20251017115314_0001_V_10812zoom.JPG,,luehea seemannii,0.050000,143,0.8741,2678,0.194,36
normal,comb_DJI_20260114102637_0025_V_3626zoom.JPG,,protium stevensonii,0.769140,45,0.7333,2681,0.225,33
normal,comb_DJI_20240912095706_0054_V_2327zoom.JPG,,apeiba membranacea,0.281900,40,0.7750,2683,0.194,40
normal,comb_DJI_20250814140350_0069_V_6657zoom.JPG,,hieronyma alchorneoides,0.738240,107,0.9252,2685,0.194,23
normal,comb_DJI_20251017101320_0033_V_627zoom.JPG,,spondias radlkoferi,0.637580,11,0.8182,2687,0.223,30
normal,comb_DJI_20250813125902_0007_V_9498zoom.JPG,,sterculia apetala,0.093970,54,0.8148,2689,0.193,39
normal,comb_DJI_20250304103346_0026_V_1448zoom.JPG,,tabebuia rosea,0.678740,56,0.8393,2690,0.483,35
normal,comb_DJI_20260317095153_0015_V_5908tele.JPG,,protium stevensonii,0.402250,45,0.7333,2691,0.193,33
normal,comb_DJI_20260114095639_0019_V_7044zoom.JPG,,pouteria stipitata,0.568870,20,0.8000,2692,0.259,45
normal,comb_DJI_20251015124328_0015_V_10748zoom.JPG,,prioria copaifera,0.673010,121,0.9008,2696,0.267,19
normal,comb_DJI_20260320103835_0045_V_4582tele.JPG,,dipteryx oleifera,0.734900,281,0.9644,2700,0.193,25
normal,comb_DJI_20241127113148_0040_V_1277zoom.JPG,,luehea seemannii,0.767610,143,0.8741,2701,0.203,36
normal,comb_DJI_20250522105114_0005_V_1zoom.JPG,,fridericia candicans,0.065360,40,0.8250,2702,0.297,43
normal,comb_DJI_20251016114238_0045_V_4956zoom.JPG,,terminalia oblonga,0.180760,19,0.7895,2703,0.192,34
normal,comb_DJI_20250930121001_0051_V_781zoom.JPG,,tabebuia rosea,0.461050,56,0.8393,2707,0.192,35
normal,comb_DJI_20250523084114_0055_V_125zoom.JPG,,davilla nitida,0.748100,21,0.7619,2712,0.264,42
normal,comb_DJI_20251009101310_0009_V_10175zoom.JPG,,hippocratea volubilis,0.418720,19,0.8421,2714,0.231,30
normal,comb_DJI_20250804145429_0013_V_7847zoom.JPG,,luehea seemannii,0.602620,143,0.8741,2716,0.192,36
normal,comb_DJI_20240911153710_0058_V_4803zoom.JPG,,protium stevensonii,0.630220,45,0.7333,2719,0.301,33
normal,comb_DJI_20260318094803_0001_V_998tele.JPG,,platypodium elegans,0.311220,33,0.8182,2721,0.222,44
normal,comb_DJI_20240913105421_0016_V_4628zoom.JPG,,alseis blackiana,0.713650,73,0.8493,2724,0.191,47
normal,comb_DJI_20250813085509_0035_V_10354zoom.JPG,,senegalia hayesii,0.414440,17,0.8824,2726,0.191,44
normal,comb_DJI_20241226130802_0054_V_3661zoom.JPG,,terminalia amazonia,0.668730,85,0.7412,2729,0.191,31
normal,comb_DJI_20241204152128_0046_V_1793zoom.JPG,,oenocarpus mapora,0.210970,15,0.7333,2732,0.191,42
normal,comb_DJI_20251017115436_0005_V_10467zoom.JPG,,anacardium excelsum,0.690360,392,0.9286,2733,0.191,16
normal,comb_DJI_20250804152253_0025_V_7592zoom.JPG,,senegalia hayesii,0.689120,17,0.8824,2734,0.191,44
normal,comb_DJI_20251017121905_0013_V_9466zoom.JPG,,prioria copaifera,0.650320,121,0.9008,2735,0.191,19
normal,comb_DJI_20260114120244_0009_V_11969zoom.JPG,,dipteryx oleifera,0.642640,281,0.9644,2745,0.190,25
normal,comb_DJI_20250806095407_0020_V_40zoom.JPG,,brosimum alicastrum,0.093590,35,0.8571,2747,0.247,46
normal,comb_DJI_20260114095606_0017_V_7052zoom.JPG,,prioria copaifera,0.794270,121,0.9008,2749,0.196,19
normal,comb_DJI_20260112122715_0009_V_7366zoom.JPG,,protium stevensonii,0.622730,45,0.7333,2761,0.200,33
normal,comb_DJI_20251010082532_0009_V_1741zoom.JPG,,protium stevensonii,0.197210,45,0.7333,2762,0.276,33
normal,comb_DJI_20260320101146_0011_V_4677tele.JPG,,chrysophyllum cainito,0.742370,18,0.9444,2763,0.240,27
normal,comb_DJI_20250305130442_0038_V_6406zoom.JPG,,pouteria stipitata,0.745380,20,0.8000,2764,0.251,45
normal,comb_DJI_20241127092234_0022_V_2132zoom.JPG,,pouteria stipitata,0.302440,20,0.8000,2765,0.325,45
normal,comb_DJI_20250806094306_0020_V_78zoom.JPG,,brosimum alicastrum,0.541220,35,0.8571,2769,0.231,46
normal,comb_DJI_20251009085906_0007_V_11801zoom.JPG,,calophyllum longifolium,0.666180,43,0.8837,2771,0.208,39
normal,comb_DJI_20251014100035_0009_V_11076zoom.JPG,,brosimum alicastrum,0.054830,35,0.8571,2773,0.315,46
normal,comb_DJI_20251014110212_0013_V_5411zoom.JPG,,pouteria stipitata,0.418270,20,0.8000,2778,0.188,45
normal,comb_DJI_20241127112207_0008_V_1576zoom.JPG,,davilla nitida,0.694910,21,0.7619,2782,0.241,42
normal,comb_DJI_20250523101232_0053_V_143zoom.JPG,,protium stevensonii,0.183450,45,0.7333,2783,0.187,33
normal,comb_DJI_20250813125704_0001_V_9011zoom.JPG,,terminalia amazonia,0.462630,85,0.7412,2784,0.187,31
normal,comb_DJI_20241226123057_0036_V_2828zoom.JPG,,spondias radlkoferi,0.477000,11,0.8182,2786,0.195,30
normal,comb_DJI_20241204113709_0016_V_1015zoom.JPG,,alseis blackiana,0.779420,73,0.8493,2791,0.186,47
normal,comb_DJI_20241204111043_0014_V_1604zoom.JPG,,spondias radlkoferi,0.357820,11,0.8182,2797,0.186,30
normal,comb_DJI_20250523085357_0019_V_164zoom.JPG,,senegalia hayesii,0.122940,17,0.8824,2798,0.364,44
normal,comb_DJI_20260318100118_0053_V_2489tele.JPG,,platypodium elegans,0.002400,33,0.8182,2799,0.391,44
normal,comb_DJI_20241202112507_0048_V_1518zoom.JPG,,protium stevensonii,0.473510,45,0.7333,2801,0.288,33
normal,comb_DJI_20250806095238_0014_V_97zoom.JPG,,ocotea leptobotra,0.620860,15,0.8667,2804,0.186,48
normal,comb_DJI_20251014113128_0023_V_5882zoom.JPG,,dipteryx oleifera,0.793850,281,0.9644,2806,0.186,25
normal,comb_DJI_20241226105812_0040_V_690zoom.JPG,,terminalia amazonia,0.673840,85,0.7412,2819,0.185,31
normal,comb_DJI_20250716115343_0032_V_75zoom.JPG,,pouteria stipitata,0.164970,20,0.8000,2820,0.185,45
normal,comb_DJI_20241024133118_0044_V_1042zoom.JPG,,ocotea leptobotra,0.199170,15,0.8667,2828,0.185,48
normal,comb_DJI_20260322092848_0001_V_2678tele.JPG,,dipteryx oleifera,0.728190,281,0.9644,2832,0.201,25
normal,comb_DJI_20251017115631_0011_V_11596zoom.JPG,,luehea seemannii,0.776370,143,0.8741,2833,0.184,36
normal,comb_DJI_20241226122546_0020_V_3580zoom.JPG,,platypodium elegans,0.387380,33,0.8182,2836,0.220,44
normal,comb_DJI_20250806100725_0074_V_76zoom.JPG,,protium stevensonii,0.095180,45,0.7333,2837,0.225,33
normal,comb_DJI_20251001102434_0031_V_1519zoom.JPG,,pouteria stipitata,0.296170,20,0.8000,2838,0.184,45
normal,comb_DJI_20250305093005_0038_V_3716zoom.JPG,,hieronyma alchorneoides,0.780200,107,0.9252,2844,0.184,23
normal,comb_DJI_20250523090055_0047_V_160zoom.JPG,,brosimum alicastrum,0.226390,35,0.8571,2848,0.353,46
normal,comb_DJI_20241204092459_0020_V_3429zoom.JPG,,oenocarpus mapora,0.055450,15,0.7333,2851,0.193,42
normal,comb_DJI_20260317083530_0001_V_8048tele.JPG,,alseis blackiana,0.630900,73,0.8493,2852,0.183,47
normal,comb_DJI_20251017112606_0001_V_421zoom.JPG,,prioria copaifera,0.786710,121,0.9008,2853,0.193,19
normal,comb_DJI_20250924105609_0015_V_1292zoom.JPG,,alseis blackiana,0.641230,73,0.8493,2854,0.183,47
normal,comb_DJI_20250814135514_0039_V_6686zoom.JPG,,terminalia amazonia,0.761820,85,0.7412,2856,0.183,31
normal,comb_DJI_20251016113330_0011_V_7301zoom.JPG,,dipteryx oleifera,0.782680,281,0.9644,2859,0.183,25
normal,comb_DJI_20251015123937_0001_V_10091zoom.JPG,,apeiba membranacea,0.795100,40,0.7750,2861,0.242,40
normal,comb_DJI_20250523085528_0025_V_81zoom.JPG,,brosimum alicastrum,0.313180,35,0.8571,2865,0.289,46
normal,comb_DJI_20250806095801_0036_V_37zoom.JPG,,brosimum alicastrum,0.100440,35,0.8571,2869,0.191,46
normal,comb_DJI_20251015134551_0059_V_8631zoom.JPG,,simarouba amara,0.695110,42,0.8095,2872,0.252,48
normal,comb_DJI_20250806094208_0016_V_161zoom.JPG,,protium stevensonii,0.234950,45,0.7333,2874,0.256,33
normal,comb_DJI_20260317095433_0025_V_5819tele.JPG,,trattinnickia aspera,0.620240,21,0.9524,2875,0.353,26
normal,comb_DJI_20250930114152_0027_V_5698zoom.JPG,,anacardium excelsum,0.599390,392,0.9286,2877,0.181,16
normal,comb_DJI_20251014113622_0041_V_5594zoom.JPG,,dipteryx oleifera,0.630440,281,0.9644,2878,0.185,25
normal,comb_DJI_20251010103816_0043_V_479zoom.JPG,,platypodium elegans,0.256450,33,0.8182,2881,0.181,44
normal,comb_DJI_20250523084203_0059_V_86zoom.JPG,,alseis blackiana,0.070740,73,0.8493,2882,0.249,47
normal,comb_DJI_20241226125313_0014_V_1906zoom.JPG,,fridericia candicans,0.392780,40,0.8250,2885,0.210,43
normal,comb_DJI_20260320110406_0049_V_1801tele.JPG,,hieronyma alchorneoides,0.739890,107,0.9252,2890,0.227,23
normal,comb_DJI_20251014105935_0003_V_4892zoom.JPG,,ceiba pentandra,0.636540,59,0.8644,2891,0.180,34
normal,comb_DJI_20250807111947_0031_V_7617zoom.JPG,,trattinnickia aspera,0.690700,21,0.9524,2897,0.192,26
normal,comb_DJI_20251015131848_0021_V_8816zoom.JPG,,pouteria stipitata,0.790460,20,0.8000,2904,0.231,45
normal,comb_DJI_20250716121355_0028_V_55zoom.JPG,,ceiba pentandra,0.368610,59,0.8644,2909,0.179,34
normal,comb_DJI_20260318103929_0013_V_6128tele.JPG,,dipteryx oleifera,0.745130,281,0.9644,2917,0.179,25
normal,comb_DJI_20250806101750_0016_V_84zoom.JPG,,brosimum alicastrum,0.224560,35,0.8571,2921,0.325,46
normal,comb_DJI_20260318101424_0007_V_2410tele.JPG,,ceiba pentandra,0.712090,59,0.8644,2935,0.177,34
normal,comb_DJI_20251003121838_0029_V_2314zoom.JPG,,brosimum alicastrum,0.377140,35,0.8571,2938,0.177,46
normal,comb_DJI_20250520102437_0016_V_23zoom.JPG,,calophyllum longifolium,0.627540,43,0.8837,2940,0.177,39
normal,comb_DJI_20251016124955_0031_V_3636zoom.JPG,,tabebuia rosea,0.691750,56,0.8393,2945,0.177,35
normal,comb_DJI_20250520115314_0016_V_91zoom.JPG,,apeiba membranacea,0.015390,40,0.7750,2952,0.350,40
normal,comb_DJI_20241127093412_0056_V_2397zoom.JPG,,astronium graveolens,0.788310,37,0.9730,2954,0.245,21
normal,comb_DJI_20250305091343_0006_V_2175zoom.JPG,,ocotea leptobotra,0.505040,15,0.8667,2955,0.176,48
normal,comb_DJI_20240912084958_0008_V_2624zoom.JPG,,luehea seemannii,0.168620,143,0.8741,2959,0.347,36
normal,comb_DJI_20250806100030_0046_V_38zoom.JPG,,brosimum alicastrum,0.210770,35,0.8571,2960,0.300,46
normal,comb_DJI_20260114095427_0011_V_7047zoom.JPG,,zanthoxylum ekmanii,0.757970,21,0.7143,2967,0.358,49
normal,comb_DJI_20251015124839_0033_V_6218zoom.JPG,,ocotea leptobotra,0.572710,15,0.8667,2970,0.175,48
normal,comb_DJI_20250305101045_0024_V_2076zoom.JPG,,terminalia amazonia,0.617520,85,0.7412,2971,0.175,31
normal,comb_DJI_20241126103454_0042_V_424zoom.JPG,,fridericia candicans,0.616940,40,0.8250,2982,0.237,43
normal,comb_DJI_20251016125659_0057_V_11197zoom.JPG,,tabebuia rosea,0.414770,56,0.8393,2983,0.174,35
normal,comb_DJI_20241127093609_0062_V_2384zoom.JPG,,platypodium elegans,0.456860,33,0.8182,2984,0.174,44
normal,comb_DJI_20260317093615_0048_V_6015tele.JPG,,protium stevensonii,0.265470,45,0.7333,2990,0.227,33
normal,comb_DJI_20250814142213_0009_V_4741zoom.JPG,,davilla nitida,0.320050,21,0.7619,2995,0.318,42
normal,comb_DJI_20240911145044_0006_V_2037zoom.JPG,,oenocarpus mapora,0.063950,15,0.7333,3008,0.205,42
normal,comb_DJI_20241202112349_0044_V_1336zoom.JPG,,hippocratea volubilis,0.191320,19,0.8421,3010,0.225,30
normal,comb_DJI_20251009102759_0061_V_7246zoom.JPG,,terminalia oblonga,0.223360,19,0.7895,3011,0.318,34
normal,comb_DJI_20251015113531_0027_V_10286zoom.JPG,,hieronyma alchorneoides,0.585170,107,0.9252,3012,0.173,23
normal,comb_DJI_20240911155946_0050_V_5882zoom.JPG,,ceiba pentandra,0.508670,59,0.8644,3019,0.172,34
normal,comb_DJI_20241204100413_0040_V_57zoom.JPG,,terminalia oblonga,0.149700,19,0.7895,3027,0.215,34
normal,comb_DJI_20250106101320_0054_V_6426zoom.JPG,,spondias radlkoferi,0.529050,11,0.8182,3029,0.172,30
normal,comb_DJI_20260320102950_0011_V_5483tele.JPG,,anacardium excelsum,0.724300,392,0.9286,3032,0.171,16
normal,comb_DJI_20251015130954_0023_V_6786zoom.JPG,,terminalia amazonia,0.747080,85,0.7412,3039,0.171,31
normal,comb_DJI_20260318104512_0033_V_6210tele.JPG,,tabebuia rosea,0.358010,56,0.8393,3040,0.171,35
normal,comb_DJI_20260320101321_0017_V_4778tele.JPG,,spondias radlkoferi,0.056090,11,0.8182,3049,0.170,30
normal,comb_DJI_20250807111347_0013_V_7643zoom.JPG,,platypodium elegans,0.026350,33,0.8182,3050,0.226,44
normal,comb_DJI_20241127102748_0016_V_1851zoom.JPG,,oenocarpus mapora,0.531410,15,0.7333,3056,0.170,42
normal,comb_DJI_20260114120614_0021_V_1321zoom.JPG,,jacaranda copaia,0.794630,118,0.9407,3058,0.196,22
normal,comb_DJI_20260114112312_0015_V_11860zoom.JPG,,terminalia amazonia,0.435940,85,0.7412,3062,0.170,31
normal,comb_DJI_20251010095121_0049_V_2923zoom.JPG,,hippocratea volubilis,0.549130,19,0.8421,3066,0.226,30
normal,comb_DJI_20250110162643_0040_V_94zoom.JPG,,anacardium excelsum,0.776830,392,0.9286,3070,0.169,16
normal,comb_DJI_20251010083806_0051_V_3029zoom.JPG,,terminalia oblonga,0.707080,19,0.7895,3071,0.169,34
normal,comb_DJI_20251010094252_0019_V_613zoom.JPG,,ceiba pentandra,0.328070,59,0.8644,3073,0.244,34
normal,comb_DJI_20260114114226_0003_V_8495zoom.JPG,,calophyllum longifolium,0.716530,43,0.8837,3074,0.169,39
normal,comb_DJI_20241127113332_0046_V_930zoom.JPG,,spondias radlkoferi,0.371210,11,0.8182,3081,0.168,30
normal,comb_DJI_20251016131145_0021_V_3870zoom.JPG,,ceiba pentandra,0.477010,59,0.8644,3082,0.175,34
normal,comb_DJI_20250807113636_0001_V_5792zoom.JPG,,prioria copaifera,0.768020,121,0.9008,3083,0.168,19
normal,comb_DJI_20260318094125_0065_V_1648tele.JPG,,handroanthus guayacan,0.597920,86,0.9186,3087,0.168,27
normal,comb_DJI_20251016111620_0037_V_5018zoom.JPG,,uncaria tomentosa,0.790690,53,0.7170,3091,0.246,38
normal,comb_DJI_20251016125725_0059_V_11139zoom.JPG,,prioria copaifera,0.601710,121,0.9008,3093,0.220,19
normal,comb_DJI_20260114103133_0043_V_4861zoom.JPG,,hieronyma alchorneoides,0.742840,107,0.9252,3095,0.167,23
normal,comb_DJI_20250304095800_0028_V_904zoom.JPG,,platypodium elegans,0.507560,33,0.8182,3097,0.276,44
normal,comb_DJI_20250930123214_0035_V_7397zoom.JPG,,anacardium excelsum,0.754820,392,0.9286,3114,0.166,16
normal,comb_DJI_20260318093918_0057_V_936tele.JPG,,handroanthus guayacan,0.550420,86,0.9186,3119,0.165,27
normal,comb_DJI_20251009095303_0023_V_9041zoom.JPG,,astronium graveolens,0.777970,37,0.9730,3121,0.205,21
normal,comb_DJI_20251015130922_0021_V_6846zoom.JPG,,handroanthus guayacan,0.758260,86,0.9186,3134,0.165,27
normal,comb_DJI_20250523084326_0065_V_148zoom.JPG,,brosimum alicastrum,0.425410,35,0.8571,3135,0.321,46
normal,comb_DJI_20241226101932_0022_V_2776zoom.JPG,,terminalia amazonia,0.447590,85,0.7412,3140,0.164,31
normal,comb_DJI_20251017113522_0035_V_9943zoom.JPG,,hura crepitans,0.703360,123,0.9106,3143,0.164,21
normal,comb_DJI_20251003113250_0027_V_1527zoom.JPG,,platypodium elegans,0.754960,33,0.8182,3145,0.164,44
normal,comb_DJI_20251017113404_0031_V_10816zoom.JPG,,zanthoxylum ekmanii,0.453540,21,0.7143,3146,0.324,49
normal,comb_DJI_20260320104031_0051_V_3739tele.JPG,,uncaria tomentosa,0.553960,53,0.7170,3147,0.214,38
normal,comb_DJI_20251014114045_0055_V_5078zoom.JPG,,protium stevensonii,0.655440,45,0.7333,3151,0.185,33
normal,comb_DJI_20251015122454_0037_V_9020zoom.JPG,,hieronyma alchorneoides,0.686460,107,0.9252,3164,0.162,23
normal,comb_DJI_20240911155607_0038_V_6150zoom.JPG,,oenocarpus mapora,0.328380,15,0.7333,3165,0.162,42
normal,comb_DJI_20250110151605_0004_V_135zoom.JPG,,luehea seemannii,0.667530,143,0.8741,3173,0.205,36
normal,comb_DJI_20250522095442_0065_V_73zoom.JPG,,pouteria stipitata,0.040600,20,0.8000,3179,0.329,45
normal,comb_DJI_20260114110115_0059_V_3155zoom.JPG,,astronium graveolens,0.730460,37,0.9730,3183,0.199,21
normal,comb_DJI_20241204113426_0008_V_1385zoom.JPG,,spondias radlkoferi,0.214950,11,0.8182,3185,0.161,30
normal,comb_DJI_20241204145041_0048_V_3338zoom.JPG,,ocotea leptobotra,0.466910,15,0.8667,3186,0.161,48
normal,comb_DJI_20251016100819_0009_V_7536zoom.JPG,,prioria copaifera,0.608650,121,0.9008,3187,0.189,19
normal,comb_DJI_20250520100750_0038_V_106zoom.JPG,,simarouba amara,0.095670,42,0.8095,3195,0.234,48
normal,comb_DJI_20250523101612_0067_V_72zoom.JPG,,brosimum alicastrum,0.744730,35,0.8571,3196,0.312,46
normal,comb_DJI_20250807105233_0009_V_7635zoom.JPG,,serjania circumvallata,0.732060,16,0.8125,3201,0.160,47
normal,comb_DJI_20251016125834_0063_V_65zoom.JPG,,prioria copaifera,0.646140,121,0.9008,3202,0.185,19
normal,comb_DJI_20241127093451_0058_V_2541zoom.JPG,,alseis blackiana,0.745140,73,0.8493,3208,0.171,47
normal,comb_DJI_20251001110639_0003_V_1944zoom.JPG,,platypodium elegans,0.448760,33,0.8182,3211,0.258,44
normal,comb_DJI_20251014122721_0009_V_5679zoom.JPG,,hippocratea volubilis,0.281190,19,0.8421,3214,0.246,30
normal,comb_DJI_20251015133802_0031_V_4552zoom.JPG,,prioria copaifera,0.632520,121,0.9008,3216,0.159,19
normal,comb_DJI_20260320103339_0027_V_4661tele.JPG,,anacardium excelsum,0.610260,392,0.9286,3225,0.175,16
normal,comb_DJI_20251014110716_0029_V_6006zoom.JPG,,fridericia candicans,0.732880,40,0.8250,3227,0.158,43
normal,comb_DJI_20251017101245_0031_V_1677zoom.JPG,,dipteryx oleifera,0.783650,281,0.9644,3229,0.158,25
normal,comb_DJI_20250106110605_0036_V_5799zoom.JPG,,oenocarpus mapora,0.644420,15,0.7333,3233,0.230,42
normal,comb_DJI_20250520094551_0054_V_164zoom.JPG,,calophyllum longifolium,0.560170,43,0.8837,3236,0.244,39
normal,comb_DJI_20251017112912_0013_V_937zoom.JPG,,spondias radlkoferi,0.505330,11,0.8182,3239,0.261,30
normal,comb_DJI_20241024125527_0018_V_1819zoom.JPG,,trattinnickia aspera,0.780730,21,0.9524,3244,0.170,26
normal,comb_DJI_20260114095921_0029_V_8685zoom.JPG,,prioria copaifera,0.762010,121,0.9008,3245,0.157,19
normal,comb_DJI_20260322093021_0007_V_2634tele.JPG,,anacardium excelsum,0.617370,392,0.9286,3248,0.179,16
normal,comb_DJI_20251001110748_0005_V_2665zoom.JPG,,pouteria stipitata,0.326550,20,0.8000,3250,0.156,45
normal,comb_DJI_20251010093022_0025_V_10596zoom.JPG,,calophyllum longifolium,0.792370,43,0.8837,3251,0.156,39
normal,comb_DJI_20251014114013_0053_V_4723zoom.JPG,,handroanthus guayacan,0.557860,86,0.9186,3254,0.156,27
normal,comb_DJI_20251010091503_0005_V_1487zoom.JPG,,simarouba amara,0.648080,42,0.8095,3255,0.207,48
normal,comb_DJI_20250110164303_0024_V_179zoom.JPG,,anacardium excelsum,0.797670,392,0.9286,3256,0.156,16
normal,comb_DJI_20241217130238_0012_V_2810zoom.JPG,,ficus obtusifolia,0.739780,14,0.8571,3260,0.156,48
normal,comb_DJI_20250523083126_0013_V_27zoom.JPG,,brosimum alicastrum,0.794740,35,0.8571,3261,0.272,46
normal,comb_DJI_20250520093948_0030_V_117zoom.JPG,,calophyllum longifolium,0.603590,43,0.8837,3262,0.174,39
normal,comb_DJI_20250806095705_0032_V_94zoom.JPG,,tabebuia rosea,0.014730,56,0.8393,3265,0.357,35
normal,comb_DJI_20250807105201_0007_V_6882zoom.JPG,,senegalia hayesii,0.719990,17,0.8824,3270,0.214,44
normal,comb_DJI_20250520115614_0026_V_214zoom.JPG,,ocotea leptobotra,0.656680,15,0.8667,3274,0.155,48
normal,comb_DJI_20251017120224_0031_V_573zoom.JPG,,prioria copaifera,0.662880,121,0.9008,3277,0.155,19
normal,comb_DJI_20251015130716_0013_V_6731zoom.JPG,,ceiba pentandra,0.625550,59,0.8644,3289,0.161,34
normal,comb_DJI_20241127114034_0068_V_1444zoom.JPG,,ceiba pentandra,0.484490,59,0.8644,3297,0.153,34
normal,comb_DJI_20250930120609_0037_V_1231zoom.JPG,,handroanthus guayacan,0.774940,86,0.9186,3298,0.153,27
normal,comb_DJI_20251017093749_0007_V_10645zoom.JPG,,dipteryx oleifera,0.757700,281,0.9644,3306,0.152,25
normal,comb_DJI_20250806112357_0062_V_135zoom.JPG,,ocotea leptobotra,0.449890,15,0.8667,3307,0.157,48
normal,comb_DJI_20250523101332_0057_V_28zoom.JPG,,terminalia amazonia,0.650410,85,0.7412,3309,0.152,31
normal,comb_DJI_20241124090305_0020_V_746zoom.JPG,,protium stevensonii,0.766210,45,0.7333,3311,0.155,33
normal,comb_DJI_20260322092121_0063_V_3549tele.JPG,,hieronyma alchorneoides,0.719020,107,0.9252,3318,0.228,23
normal,comb_DJI_20250814141436_0001_V_6631zoom.JPG,,handroanthus guayacan,0.555810,86,0.9186,3322,0.151,27
normal,comb_DJI_20251015125651_0063_V_5301zoom.JPG,,prioria copaifera,0.699020,121,0.9008,3325,0.151,19
normal,comb_DJI_20250806103500_0048_V_105zoom.JPG,,brosimum alicastrum,0.495850,35,0.8571,3328,0.206,46
normal,comb_DJI_20250806111705_0036_V_121zoom.JPG,,protium stevensonii,0.095530,45,0.7333,3329,0.219,33
normal,comb_DJI_20251014123428_0031_V_4877zoom.JPG,,terminalia amazonia,0.611630,85,0.7412,3337,0.149,31
normal,comb_DJI_20260311165540_0017_V_4749tele.JPG,,tachigali panamensis,0.520640,64,0.8906,3338,0.149,49
normal,comb_DJI_20250106101203_0050_V_6416zoom.JPG,,spondias radlkoferi,0.711530,11,0.8182,3339,0.151,30
normal,comb_DJI_20251009101726_0023_V_8296zoom.JPG,,terminalia amazonia,0.689840,85,0.7412,3342,0.149,31
normal,comb_DJI_20260114102852_0033_V_3572zoom.JPG,,pouteria stipitata,0.367290,20,0.8000,3346,0.263,45
normal,comb_DJI_20241217101509_0016_V_3418zoom.JPG,,protium stevensonii,0.697380,45,0.7333,3347,0.148,33
normal,comb_DJI_20251014110249_0015_V_5449zoom.JPG,,ceiba pentandra,0.400680,59,0.8644,3348,0.148,34
normal,comb_DJI_20250520094514_0052_V_165zoom.JPG,,simarouba amara,0.307980,42,0.8095,3349,0.148,48
normal,comb_DJI_20251014123354_0029_V_5226zoom.JPG,,platypodium elegans,0.623450,33,0.8182,3352,0.148,44
normal,comb_DJI_20241204114120_0028_V_1165zoom.JPG,,spondias radlkoferi,0.156110,11,0.8182,3355,0.163,30
normal,comb_DJI_20251014104027_0017_V_5005zoom.JPG,,platypodium elegans,0.468420,33,0.8182,3365,0.147,44
normal,comb_DJI_20241127093531_0060_V_2392zoom.JPG,,platypodium elegans,0.445660,33,0.8182,3366,0.148,44
normal,comb_DJI_20250523090816_0077_V_8zoom.JPG,,brosimum alicastrum,0.225280,35,0.8571,3376,0.261,46
normal,comb_DJI_20251017100513_0003_V_11848zoom.JPG,,ceiba pentandra,0.577950,59,0.8644,3389,0.145,34
normal,comb_DJI_20250806105924_0016_V_109zoom.JPG,,protium stevensonii,0.152160,45,0.7333,3392,0.254,33
normal,comb_DJI_20250305133608_0042_V_5393zoom.JPG,,ocotea leptobotra,0.710170,15,0.8667,3410,0.144,48
normal,comb_DJI_20250305133812_0046_V_5383zoom.JPG,,ocotea leptobotra,0.176010,15,0.8667,3413,0.144,48
normal,comb_DJI_20251003121904_0031_V_838zoom.JPG,,brosimum alicastrum,0.797790,35,0.8571,3415,0.143,46
normal,comb_DJI_20250806095130_0010_V_102zoom.JPG,,protium stevensonii,0.406100,45,0.7333,3419,0.225,33
normal,comb_DJI_20241226112146_0036_V_2194zoom.JPG,,ficus obtusifolia,0.483720,14,0.8571,3421,0.142,48
normal,comb_DJI_20241226112701_0052_V_3235zoom.JPG,,brosimum alicastrum,0.638070,35,0.8571,3423,0.142,46
normal,comb_DJI_20251015132308_0037_V_7632zoom.JPG,,terminalia amazonia,0.738070,85,0.7412,3426,0.142,31
normal,comb_DJI_20260114113758_0009_V_2797zoom.JPG,,alseis blackiana,0.607880,73,0.8493,3427,0.142,47
normal,comb_DJI_20250305133709_0044_V_5000zoom.JPG,,simarouba amara,0.391060,42,0.8095,3428,0.142,48
normal,comb_DJI_20250110152733_0008_V_201zoom.JPG,,anacardium excelsum,0.768230,392,0.9286,3432,0.142,16
normal,comb_DJI_20240913110131_0036_V_4898zoom.JPG,,anacardium excelsum,0.511140,392,0.9286,3435,0.141,16
normal,comb_DJI_20250520095947_0012_V_184zoom.JPG,,calophyllum longifolium,0.674330,43,0.8837,3442,0.141,39
normal,comb_DJI_20260318104401_0029_V_6165tele.JPG,,handroanthus guayacan,0.611450,86,0.9186,3443,0.141,27
normal,comb_DJI_20250806103430_0046_V_106zoom.JPG,,oenocarpus mapora,0.454080,15,0.7333,3444,0.141,42
normal,comb_DJI_20251017110425_0001_V_2020zoom.JPG,,prioria copaifera,0.760580,121,0.9008,3447,0.140,19
normal,comb_DJI_20260112120206_0017_V_4437zoom.JPG,,prioria copaifera,0.780400,121,0.9008,3451,0.140,19
normal,comb_DJI_20250926091933_0027_V_3844zoom.JPG,,ceiba pentandra,0.759610,59,0.8644,3454,0.141,34
normal,comb_DJI_20251014110354_0019_V_5456zoom.JPG,,tachigali panamensis,0.691430,64,0.8906,3455,0.139,49
normal,comb_DJI_20241204100124_0034_V_89zoom.JPG,,spondias radlkoferi,0.420510,11,0.8182,3457,0.196,30
normal,comb_DJI_20251017120343_0035_V_11726zoom.JPG,,ochroma pyramidale,0.769100,20,0.9000,3461,0.138,28
normal,comb_DJI_20250717085316_0036_V_81zoom.JPG,,ceiba pentandra,0.412440,59,0.8644,3462,0.156,34
normal,comb_DJI_20241211100258_0012_V_1218zoom.JPG,,terminalia amazonia,0.436800,85,0.7412,3464,0.138,31
normal,comb_DJI_20260317092819_0020_V_5260tele.JPG,,cecropia insignis,0.776560,43,0.9535,3466,0.138,28
normal,comb_DJI_20241127093210_0050_V_2426zoom.JPG,,protium stevensonii,0.460000,45,0.7333,3470,0.219,33
normal,comb_DJI_20251016105733_0053_V_6942zoom.JPG,,handroanthus guayacan,0.519490,86,0.9186,3481,0.162,27
normal,comb_DJI_20250806103222_0038_V_153zoom.JPG,,cecropia insignis,0.733440,43,0.9535,3484,0.136,28
normal,comb_DJI_20251010085702_0029_V_4584zoom.JPG,,terminalia amazonia,0.679450,85,0.7412,3492,0.135,31
normal,comb_DJI_20250523085210_0011_V_149zoom.JPG,,brosimum alicastrum,0.076810,35,0.8571,3500,0.265,46
normal,comb_DJI_20251014110038_0007_V_4911zoom.JPG,,ceiba pentandra,0.656390,59,0.8644,3502,0.142,34
normal,comb_DJI_20250806094404_0024_V_169zoom.JPG,,brosimum alicastrum,0.141320,35,0.8571,3503,0.244,46
normal,comb_DJI_20260318092638_0009_V_40tele.JPG,,handroanthus guayacan,0.637510,86,0.9186,3504,0.134,27
normal,comb_DJI_20240913113219_0052_V_5391zoom.JPG,,hippocratea volubilis,0.077400,19,0.8421,3510,0.134,30
normal,comb_DJI_20241211100356_0014_V_892zoom.JPG,,oenocarpus mapora,0.076960,15,0.7333,3519,0.133,42
normal,comb_DJI_20260322093251_0017_V_1785tele.JPG,,anacardium excelsum,0.731130,392,0.9286,3521,0.151,16
normal,comb_DJI_20241127100136_0052_V_1574zoom.JPG,,protium stevensonii,0.737580,45,0.7333,3526,0.231,33
normal,comb_DJI_20251017120117_0027_V_525zoom.JPG,,ochroma pyramidale,0.764720,20,0.9000,3527,0.132,28
normal,comb_DJI_20251016114411_0051_V_4268zoom.JPG,,ocotea leptobotra,0.242610,15,0.8667,3531,0.166,48
normal,comb_DJI_20241024133605_0056_V_1856zoom.JPG,,oenocarpus mapora,0.063320,15,0.7333,3532,0.132,42
normal,comb_DJI_20250807114216_0019_V_5042zoom.JPG,,trattinnickia aspera,0.558820,21,0.9524,3535,0.132,26
normal,comb_DJI_20260114102021_0003_V_2998zoom.JPG,,ocotea leptobotra,0.455070,15,0.8667,3536,0.132,48
normal,comb_DJI_20260317083605_0003_V_8792tele.JPG,,ocotea leptobotra,0.434410,15,0.8667,3538,0.132,48
normal,comb_DJI_20250110162010_0014_V_122zoom.JPG,,luehea seemannii,0.765280,143,0.8741,3544,0.183,36
normal,comb_DJI_20251016120427_0035_V_7083zoom.JPG,,dipteryx oleifera,0.715570,281,0.9644,3552,0.130,25
normal,comb_DJI_20250806095734_0034_V_93zoom.JPG,,simarouba amara,0.419660,42,0.8095,3555,0.130,48
normal,comb_DJI_20260114112200_0011_V_10699zoom.JPG,,prioria copaifera,0.670270,121,0.9008,3556,0.130,19
normal,comb_DJI_20251015121812_0013_V_12030zoom.JPG,,terminalia amazonia,0.655710,85,0.7412,3566,0.129,31
normal,comb_DJI_20250814142107_0005_V_4279zoom.JPG,,ocotea leptobotra,0.469590,15,0.8667,3573,0.128,48
normal,comb_DJI_20250806102618_0014_V_50zoom.JPG,,platypodium elegans,0.032410,33,0.8182,3576,0.409,44
normal,comb_DJI_20250520095713_0004_V_182zoom.JPG,,calophyllum longifolium,0.501630,43,0.8837,3580,0.145,39
normal,comb_DJI_20251014113911_0049_V_5068zoom.JPG,,dipteryx oleifera,0.684450,281,0.9644,3589,0.127,25
normal,comb_DJI_20250520102210_0006_V_16zoom.JPG,,brosimum alicastrum,0.091410,35,0.8571,3598,0.281,46
normal,comb_DJI_20241202111933_0030_V_1302zoom.JPG,,handroanthus guayacan,0.591980,86,0.9186,3600,0.126,27
normal,comb_DJI_20250807105414_0015_V_8366zoom.JPG,,zanthoxylum ekmanii,0.622910,21,0.7143,3606,0.190,49
normal,comb_DJI_20251017101702_0047_V_1495zoom.JPG,,ochroma pyramidale,0.552890,20,0.9000,3607,0.129,28
normal,comb_DJI_20250806111401_0024_V_131zoom.JPG,,jacaranda copaia,0.764300,118,0.9407,3610,0.125,22
normal,comb_DJI_20260320111529_0001_V_1845tele.JPG,,dipteryx oleifera,0.534690,281,0.9644,3614,0.196,25
normal,comb_DJI_20250804145322_0009_V_7830zoom.JPG,,luehea seemannii,0.790230,143,0.8741,3619,0.192,36
normal,comb_DJI_20250806095205_0012_V_21zoom.JPG,,brosimum alicastrum,0.061750,35,0.8571,3624,0.174,46
normal,comb_DJI_20251009085834_0005_V_11808zoom.JPG,,calophyllum longifolium,0.361040,43,0.8837,3633,0.200,39
normal,comb_DJI_20250523085429_0021_V_115zoom.JPG,,brosimum alicastrum,0.348240,35,0.8571,3634,0.263,46
normal,comb_DJI_20240911155329_0030_V_6012zoom.JPG,,astronium graveolens,0.672640,37,0.9730,3636,0.122,21
normal,comb_DJI_20251001104956_0041_V_1416zoom.JPG,,platypodium elegans,0.506660,33,0.8182,3639,0.121,44
normal,comb_DJI_20250304105208_0010_V_1796zoom.JPG,,hieronyma alchorneoides,0.784490,107,0.9252,3644,0.140,23
normal,comb_DJI_20251017111202_0029_V_456zoom.JPG,,zanthoxylum ekmanii,0.266780,21,0.7143,3645,0.286,49
normal,comb_DJI_20260318093817_0053_V_945tele.JPG,,anacardium excelsum,0.753580,392,0.9286,3647,0.121,16
normal,comb_DJI_20241024130822_0060_V_1825zoom.JPG,,ocotea leptobotra,0.186720,15,0.8667,3648,0.120,48
normal,comb_DJI_20241217132535_0004_V_3777zoom.JPG,,ceiba pentandra,0.741900,59,0.8644,3650,0.120,34
normal,comb_DJI_20250806095540_0026_V_80zoom.JPG,,calophyllum longifolium,0.011710,43,0.8837,3654,0.371,39
normal,comb_DJI_20260114095459_0013_V_7049zoom.JPG,,ocotea leptobotra,0.395880,15,0.8667,3662,0.119,48
normal,comb_DJI_20260318101455_0009_V_2450tele.JPG,,calophyllum longifolium,0.742570,43,0.8837,3667,0.118,39
normal,comb_DJI_20251015121740_0011_V_862zoom.JPG,,ocotea leptobotra,0.501320,15,0.8667,3668,0.118,48
normal,comb_DJI_20251015113926_0041_V_1830zoom.JPG,,hieronyma alchorneoides,0.796070,107,0.9252,3674,0.118,23
normal,comb_DJI_20251016120457_0037_V_6981zoom.JPG,,ceiba pentandra,0.598140,59,0.8644,3676,0.165,34
normal,comb_DJI_20241204105407_0028_V_380zoom.JPG,,ocotea leptobotra,0.792720,15,0.8667,3679,0.117,48
normal,comb_DJI_20241101100835_0042_V_625zoom.JPG,,anacardium excelsum,0.770230,392,0.9286,3681,0.116,16
normal,comb_DJI_20251015123106_0059_V_8768zoom.JPG,,prioria copaifera,0.502940,121,0.9008,3684,0.121,19
normal,comb_DJI_20250806110132_0024_V_13zoom.JPG,,brosimum alicastrum,0.450950,35,0.8571,3689,0.229,46
normal,comb_DJI_20250814134616_0011_V_7711zoom.JPG,,handroanthus guayacan,0.575060,86,0.9186,3691,0.115,27
normal,comb_DJI_20251017113826_0045_V_9364zoom.JPG,,ocotea leptobotra,0.429790,15,0.8667,3694,0.115,48
normal,comb_DJI_20250523102857_0027_V_3zoom.JPG,,brosimum alicastrum,0.141660,35,0.8571,3700,0.293,46
normal,comb_DJI_20250717084750_0018_V_26zoom.JPG,,ceiba pentandra,0.706610,59,0.8644,3702,0.164,34
normal,comb_DJI_20251017110453_0003_V_2053zoom.JPG,,terminalia amazonia,0.310720,85,0.7412,3708,0.145,31
normal,comb_DJI_20250523090748_0075_V_10zoom.JPG,,brosimum alicastrum,0.080280,35,0.8571,3709,0.362,46
normal,comb_DJI_20250523094311_0031_V_163zoom.JPG,,brosimum alicastrum,0.619830,35,0.8571,3710,0.255,46
normal,comb_DJI_20250814135443_0037_V_7598zoom.JPG,,handroanthus guayacan,0.711440,86,0.9186,3713,0.112,27
normal,comb_DJI_20250806100527_0066_V_14zoom.JPG,,brosimum alicastrum,0.460600,35,0.8571,3716,0.252,46
normal,comb_DJI_20251016122508_0021_V_3986zoom.JPG,,ceiba pentandra,0.547590,59,0.8644,3723,0.128,34
normal,comb_DJI_20241202111451_0018_V_1839zoom.JPG,,handroanthus guayacan,0.722380,86,0.9186,3727,0.110,27
normal,comb_DJI_20241204111748_0012_V_2489zoom.JPG,,ceiba pentandra,0.272390,59,0.8644,3728,0.110,34
normal,comb_DJI_20241124091418_0010_V_577zoom.JPG,,zanthoxylum ekmanii,0.039530,21,0.7143,3735,0.220,49
normal,comb_DJI_20251014112730_0011_V_6441zoom.JPG,,anacardium excelsum,0.772400,392,0.9286,3747,0.107,16
normal,comb_DJI_20260114102203_0009_V_3012zoom.JPG,,ceiba pentandra,0.735350,59,0.8644,3749,0.131,34
normal,comb_DJI_20250523085731_0033_V_76zoom.JPG,,brosimum alicastrum,0.416800,35,0.8571,3755,0.221,46
normal,comb_DJI_20260114122906_0011_V_9436zoom.JPG,,ochroma pyramidale,0.743800,20,0.9000,3757,0.123,28
normal,comb_DJI_20251016102227_0027_V_10765zoom.JPG,,handroanthus guayacan,0.586190,86,0.9186,3771,0.104,27
normal,comb_DJI_20241204145324_0056_V_3622zoom.JPG,,ocotea leptobotra,0.573260,15,0.8667,3777,0.142,48
normal,comb_DJI_20251001121010_0011_V_4084zoom.JPG,,astronium graveolens,0.774190,37,0.9730,3781,0.212,21
normal,comb_DJI_20251015113155_0013_V_9065zoom.JPG,,ceiba pentandra,0.432010,59,0.8644,3789,0.107,34
normal,comb_DJI_20251015113606_0029_V_10178zoom.JPG,,ochroma pyramidale,0.789190,20,0.9000,3799,0.098,28
normal,comb_DJI_20251017120007_0023_V_570zoom.JPG,,ochroma pyramidale,0.768400,20,0.9000,3802,0.118,28
normal,comb_DJI_20250814134902_0021_V_231zoom.JPG,,handroanthus guayacan,0.796320,86,0.9186,3814,0.119,27
normal,comb_DJI_20240913110647_0054_V_5897zoom.JPG,,anacardium excelsum,0.791140,392,0.9286,3820,0.093,16
normal,comb_DJI_20250814142347_0015_V_4277zoom.JPG,,handroanthus guayacan,0.731510,86,0.9186,3830,0.090,27
normal,comb_DJI_20251014110109_0009_V_4919zoom.JPG,,ceiba pentandra,0.714650,59,0.8644,3833,0.106,34
normal,comb_DJI_20251016111021_0013_V_4477zoom.JPG,,ceiba pentandra,0.796820,59,0.8644,3834,0.137,34
normal,comb_DJI_20241101105937_0032_V_281zoom.JPG,,ceiba pentandra,0.507340,59,0.8644,3837,0.137,34
normal,comb_DJI_20250523090223_0053_V_48zoom.JPG,,brosimum alicastrum,0.058420,35,0.8571,3857,0.421,46
normal,comb_DJI_20250806102344_0004_V_43zoom.JPG,,cecropia insignis,0.508780,43,0.9535,3859,0.079,28
normal,comb_DJI_20250717101435_0012_V_88zoom.JPG,,ceiba pentandra,0.456190,59,0.8644,3864,0.132,34
normal,comb_DJI_20250717091211_0020_V_29zoom.JPG,,ceiba pentandra,0.504840,59,0.8644,3865,0.117,34
normal,comb_DJI_20250806095345_0018_V_15zoom.JPG,,brosimum alicastrum,0.046860,35,0.8571,3871,0.244,46
normal,comb_DJI_20251017101101_0025_V_11846zoom.JPG,,ceiba pentandra,0.577250,59,0.8644,3872,0.145,34
can_wait,comb_DJI_20260112120127_0015_V_4435zoom.JPG,,apeiba membranacea,0.824460,40,0.7750,2,0.670,40
can_wait,comb_DJI_20260318104948_0049_V_5453tele.JPG,,luehea seemannii,0.951870,143,0.8741,39,0.494,36
can_wait,comb_DJI_20260114105610_0041_V_3752zoom.JPG,,apeiba tibourbou,0.881290,14,0.7143,52,0.482,47
can_wait,comb_DJI_20260320105525_0017_V_3808tele.JPG,,hippocratea volubilis,0.823440,19,0.8421,192,0.413,30
can_wait,comb_DJI_20251017122934_0047_V_9736zoom.JPG,,sterculia apetala,0.964880,54,0.8148,195,0.420,39
can_wait,comb_DJI_20251015113224_0015_V_7903zoom.JPG,,luehea seemannii,0.850300,143,0.8741,214,0.405,36
can_wait,comb_DJI_20250930122247_0001_V_7410zoom.JPG,,sterculia apetala,0.892280,54,0.8148,216,0.406,39
can_wait,comb_DJI_20260318101818_0021_V_3451tele.JPG,,luehea seemannii,0.915930,143,0.8741,247,0.443,36
can_wait,comb_DJI_20241127092720_0036_V_1892zoom.JPG,,apeiba membranacea,0.933790,40,0.7750,268,0.392,40
can_wait,comb_DJI_20251014111529_0057_V_5863zoom.JPG,,luehea seemannii,0.954690,143,0.8741,273,0.392,1
can_wait,comb_DJI_20260311170048_0033_V_5910tele.JPG,,luehea seemannii,0.852120,143,0.8741,289,0.388,36
can_wait,comb_DJI_20251015124437_0019_V_9866zoom.JPG,,hippocratea volubilis,0.889140,19,0.8421,295,0.385,30
can_wait,comb_DJI_20260320104105_0053_V_3635tele.JPG,,hippocratea volubilis,0.838820,19,0.8421,360,0.386,30
can_wait,comb_DJI_20241127113657_0058_V_1094zoom.JPG,,sterculia apetala,0.879350,54,0.8148,381,0.371,39
can_wait,comb_DJI_20251009084530_0045_V_9900zoom.JPG,,calophyllum longifolium,0.859460,43,0.8837,395,0.368,39
can_wait,comb_DJI_20260320110102_0037_V_2794tele.JPG,,trattinnickia aspera,0.851140,21,0.9524,409,0.367,26
can_wait,comb_DJI_20260114121432_0049_V_399zoom.JPG,,luehea seemannii,0.836940,143,0.8741,421,0.414,36
can_wait,comb_DJI_20241101092939_0004_V_1201zoom.JPG,,davilla nitida,0.842180,21,0.7619,488,0.355,42
can_wait,comb_DJI_20260114114148_0001_V_9886zoom.JPG,,protium stevensonii,0.862470,45,0.7333,489,0.354,33
can_wait,comb_DJI_20250110141604_0072_V_76zoom.JPG,,anacardium excelsum,0.880640,392,0.9286,550,0.346,16
can_wait,comb_DJI_20251016125415_0047_V_3232zoom.JPG,,ochroma pyramidale,0.976570,20,0.9000,583,0.342,28
can_wait,comb_DJI_20251017113632_0039_V_8683zoom.JPG,,prioria copaifera,0.944330,121,0.9008,586,0.341,19
can_wait,comb_DJI_20250930121034_0053_V_1354zoom.JPG,,luehea seemannii,0.960030,143,0.8741,636,0.337,36
can_wait,comb_DJI_20260114123203_0021_V_10622zoom.JPG,,luehea seemannii,0.828140,143,0.8741,672,0.333,36
can_wait,comb_DJI_20241127093004_0044_V_2061zoom.JPG,,luehea seemannii,0.970720,143,0.8741,689,0.343,36
can_wait,comb_DJI_20251016111735_0041_V_5206zoom.JPG,,uncaria tomentosa,0.869430,53,0.7170,705,0.330,38
can_wait,comb_DJI_20241127113256_0044_V_945zoom.JPG,,hippocratea volubilis,0.835000,19,0.8421,732,0.328,30
can_wait,comb_DJI_20241226131126_0064_V_2998zoom.JPG,,pouteria stipitata,0.846870,20,0.8000,758,0.326,45
can_wait,comb_DJI_20251017101913_0055_V_2301zoom.JPG,,prioria copaifera,0.903800,121,0.9008,772,0.325,19
can_wait,comb_DJI_20260112122932_0017_V_7296zoom.JPG,,trattinnickia aspera,0.803800,21,0.9524,813,0.336,26
can_wait,comb_DJI_20260114104511_0003_V_5865zoom.JPG,,protium stevensonii,0.932060,45,0.7333,843,0.318,33
can_wait,comb_DJI_20241126103732_0050_V_781zoom.JPG,,luehea seemannii,0.875550,143,0.8741,872,0.314,36
can_wait,comb_DJI_20260320103801_0043_V_4574tele.JPG,,terminalia amazonia,0.989520,85,0.7412,901,0.312,31
can_wait,comb_DJI_20260114120459_0017_V_405zoom.JPG,,jacaranda copaia,0.979870,118,0.9407,922,0.310,22
can_wait,comb_DJI_20251017101625_0045_V_1490zoom.JPG,,prioria copaifera,0.978700,121,0.9008,946,0.310,19
can_wait,comb_DJI_20260114120648_0023_V_1341zoom.JPG,,jacaranda copaia,0.943790,118,0.9407,959,0.308,22
can_wait,comb_DJI_20240911154942_0018_V_5948zoom.JPG,,protium stevensonii,0.831060,45,0.7333,968,0.314,33
can_wait,comb_DJI_20251017104308_0035_V_1496zoom.JPG,,luehea seemannii,0.939950,143,0.8741,974,0.307,36
can_wait,comb_DJI_20241127095419_0030_V_2069zoom.JPG,,luehea seemannii,0.883910,143,0.8741,982,0.307,36
can_wait,comb_DJI_20260114112603_0023_V_1580zoom.JPG,,uncaria tomentosa,0.924730,53,0.7170,987,0.306,38
can_wait,comb_DJI_20250814134726_0015_V_7686zoom.JPG,,dipteryx oleifera,0.949170,281,0.9644,1003,0.305,25
can_wait,comb_DJI_20260114131328_0009_V_2460zoom.JPG,,luehea seemannii,0.949670,143,0.8741,1013,0.304,36
can_wait,comb_DJI_20250813141818_0017_V_11610zoom.JPG,,inga marginata,0.842990,10,0.9000,1027,0.303,27
can_wait,comb_DJI_20250110135922_0012_V_137zoom.JPG,,luehea seemannii,0.929400,143,0.8741,1044,0.302,36
can_wait,comb_DJI_20250813121619_0029_V_9049zoom.JPG,,pouteria stipitata,0.920610,20,0.8000,1054,0.301,45
can_wait,comb_DJI_20241124084546_0004_V_538zoom.JPG,,protium stevensonii,0.805900,45,0.7333,1081,0.302,33
can_wait,comb_DJI_20250304103444_0028_V_1455zoom.JPG,,guatteria lucens,0.910030,24,1.0000,1115,0.297,24
can_wait,comb_DJI_20241226095416_0036_V_2771zoom.JPG,,luehea seemannii,0.917900,143,0.8741,1124,0.392,36
can_wait,comb_DJI_20251017112804_0009_V_925zoom.JPG,,prioria copaifera,0.822330,121,0.9008,1130,0.296,19
can_wait,comb_DJI_20241126105301_0010_V_475zoom.JPG,,pouteria stipitata,0.911570,20,0.8000,1132,0.296,45
can_wait,comb_DJI_20260317092558_0012_V_5327tele.JPG,,prioria copaifera,0.940860,121,0.9008,1154,0.315,19
can_wait,comb_DJI_20260114123241_0023_V_9660zoom.JPG,,jacaranda copaia,0.944430,118,0.9407,1159,0.294,22
can_wait,comb_DJI_20251017100853_0017_V_816zoom.JPG,,luehea seemannii,0.835290,143,0.8741,1176,0.293,36
can_wait,comb_DJI_20251014114116_0057_V_5064zoom.JPG,,sterculia apetala,0.857210,54,0.8148,1180,0.395,39
can_wait,comb_DJI_20260318095712_0037_V_2565tele.JPG,,luehea seemannii,0.963850,143,0.8741,1192,0.379,36
can_wait,comb_DJI_20251016115655_0007_V_4752zoom.JPG,,protium stevensonii,0.932440,45,0.7333,1196,0.291,33
can_wait,comb_DJI_20250523083733_0039_V_62zoom.JPG,,hippocratea volubilis,0.859500,19,0.8421,1226,0.290,30
can_wait,comb_DJI_20241126105001_0002_V_629zoom.JPG,,dipteryx oleifera,0.922500,281,0.9644,1230,0.289,25
can_wait,comb_DJI_20260318104023_0015_V_6767tele.JPG,,fridericia candicans,0.908130,40,0.8250,1248,0.288,43
can_wait,comb_DJI_20260318093050_0025_V_7252tele.JPG,,astronium graveolens,0.825030,37,0.9730,1255,0.311,21
can_wait,comb_DJI_20250930121239_0061_V_676zoom.JPG,,anacardium excelsum,0.948800,392,0.9286,1269,0.287,16
can_wait,comb_DJI_20251016113910_0033_V_6034zoom.JPG,,ochroma pyramidale,0.949730,20,0.9000,1271,0.312,28
can_wait,comb_DJI_20260322094219_0053_V_1268tele.JPG,,hippocratea volubilis,0.927460,19,0.8421,1275,0.287,30
can_wait,comb_DJI_20260317093506_0044_V_5918tele.JPG,,jacaranda copaia,0.849130,118,0.9407,1277,0.286,22
can_wait,comb_DJI_20241226135505_0020_V_176zoom.JPG,,fridericia candicans,0.814380,40,0.8250,1279,0.287,43
can_wait,comb_DJI_20251009102558_0055_V_7397zoom.JPG,,tabebuia rosea,0.921680,56,0.8393,1309,0.284,35
can_wait,comb_DJI_20251014123203_0023_V_5709zoom.JPG,,fridericia candicans,0.870170,40,0.8250,1329,0.286,43
can_wait,comb_DJI_20241204100507_0042_V_58zoom.JPG,,guatteria lucens,0.890380,24,1.0000,1335,0.283,24
can_wait,comb_DJI_20250813084720_0011_V_9109zoom.JPG,,inga marginata,0.861990,10,0.9000,1353,0.282,27
can_wait,comb_DJI_20251015131415_0005_V_5677zoom.JPG,,anacardium excelsum,0.929100,392,0.9286,1355,0.282,16
can_wait,comb_DJI_20260114122634_0003_V_10515zoom.JPG,,uncaria tomentosa,0.904050,53,0.7170,1360,0.281,38
can_wait,comb_DJI_20240912092404_0030_V_2393zoom.JPG,,alseis blackiana,0.845810,73,0.8493,1364,0.281,47
can_wait,comb_DJI_20251016105556_0047_V_5606zoom.JPG,,prioria copaifera,0.976420,121,0.9008,1373,0.287,19
can_wait,comb_DJI_20250305111248_0026_V_230zoom.JPG,,hippocratea volubilis,0.810680,19,0.8421,1375,0.280,30
can_wait,comb_DJI_20260114111027_0003_V_11083zoom.JPG,,prioria copaifera,0.904590,121,0.9008,1376,0.280,19
can_wait,comb_DJI_20260318101527_0011_V_2408tele.JPG,,spondias radlkoferi,0.817000,11,0.8182,1387,0.279,30
can_wait,comb_DJI_20241204092639_0024_V_3425zoom.JPG,,sterculia apetala,0.935830,54,0.8148,1405,0.417,39
can_wait,comb_DJI_20250930115853_0009_V_3962zoom.JPG,,astronium graveolens,0.806120,37,0.9730,1406,0.278,21
can_wait,comb_DJI_20260322090644_0009_V_3544tele.JPG,,hura crepitans,0.824420,123,0.9106,1409,0.278,21
can_wait,comb_DJI_20260114105314_0031_V_4234zoom.JPG,,jacaranda copaia,0.885130,118,0.9407,1434,0.286,22
can_wait,comb_DJI_20260318100018_0049_V_2513tele.JPG,,ceiba pentandra,0.829480,59,0.8644,1443,0.275,34
can_wait,comb_DJI_20260114115125_0033_V_8747zoom.JPG,,brosimum alicastrum,0.844810,35,0.8571,1446,0.275,46
can_wait,comb_DJI_20250807105306_0011_V_7587zoom.JPG,,senegalia hayesii,0.903160,17,0.8824,1466,0.273,44
can_wait,comb_DJI_20260320104549_0071_V_2819tele.JPG,,hippocratea volubilis,0.957450,19,0.8421,1467,0.328,30
can_wait,comb_DJI_20260114100616_0053_V_4736zoom.JPG,,jacaranda copaia,0.913120,118,0.9407,1469,0.273,22
can_wait,comb_DJI_20251017115513_0007_V_10469zoom.JPG,,uncaria tomentosa,0.969750,53,0.7170,1477,0.272,38
can_wait,comb_DJI_20250813125823_0005_V_9515zoom.JPG,,pouteria stipitata,0.877960,20,0.8000,1505,0.290,45
can_wait,comb_DJI_20250724104746_0009_V_11802zoom.JPG,,davilla nitida,0.835480,21,0.7619,1506,0.270,42
can_wait,comb_DJI_20251015122246_0029_V_10964zoom.JPG,,davilla nitida,0.949690,21,0.7619,1507,0.275,42
can_wait,comb_DJI_20250813130200_0017_V_9606zoom.JPG,,protium stevensonii,0.828910,45,0.7333,1509,0.270,33
can_wait,comb_DJI_20241127100100_0050_V_1594zoom.JPG,,protium stevensonii,0.844300,45,0.7333,1524,0.269,33
can_wait,comb_DJI_20260320105850_0029_V_2100tele.JPG,,hippocratea volubilis,0.918390,19,0.8421,1526,0.419,30
can_wait,comb_DJI_20250807095841_0003_V_6422zoom.JPG,,pouteria stipitata,0.978110,20,0.8000,1543,0.288,45
can_wait,comb_DJI_20260322091722_0049_V_2539tele.JPG,,hieronyma alchorneoides,0.892860,107,0.9252,1544,0.268,23
can_wait,comb_DJI_20251016111246_0023_V_4407zoom.JPG,,uncaria tomentosa,0.951470,53,0.7170,1545,0.268,38
can_wait,comb_DJI_20240913104927_0004_V_4384zoom.JPG,,davilla nitida,0.834760,21,0.7619,1548,0.267,42
can_wait,comb_DJI_20251015122930_0053_V_8762zoom.JPG,,luehea seemannii,0.804120,143,0.8741,1549,0.282,36
can_wait,comb_DJI_20250204102717_0018_V_8342zoom.JPG,,terminalia oblonga,0.983930,19,0.7895,1560,0.267,34
can_wait,comb_DJI_20251015134159_0045_V_6439zoom.JPG,,luehea seemannii,0.923300,143,0.8741,1590,0.290,36
can_wait,comb_DJI_20251003121147_0005_V_2118zoom.JPG,,uncaria tomentosa,0.968150,53,0.7170,1592,0.270,38
can_wait,comb_DJI_20251014110639_0027_V_5968zoom.JPG,,trattinnickia aspera,0.984950,21,0.9524,1593,0.280,26
can_wait,comb_DJI_20251016110419_0001_V_6917zoom.JPG,,protium stevensonii,0.995090,45,0.7333,1595,0.264,33
can_wait,comb_DJI_20241204111832_0014_V_2483zoom.JPG,,luehea seemannii,0.958570,143,0.8741,1603,0.272,36
can_wait,comb_DJI_20260320110946_0071_V_1803tele.JPG,,calophyllum longifolium,0.838480,43,0.8837,1622,0.263,39
can_wait,comb_DJI_20250522092216_0027_V_110zoom.JPG,,davilla nitida,0.932780,21,0.7619,1627,0.272,42
can_wait,comb_DJI_20251014104615_0035_V_11296zoom.JPG,,luehea seemannii,0.939120,143,0.8741,1630,0.262,36
can_wait,comb_DJI_20250110140640_0038_V_153zoom.JPG,,anacardium excelsum,0.884210,392,0.9286,1631,0.262,16
can_wait,comb_DJI_20250110133613_0032_V_90zoom.JPG,,anacardium excelsum,0.955570,392,0.9286,1635,0.262,16
can_wait,comb_DJI_20251016122744_0031_V_3486zoom.JPG,,prioria copaifera,0.953230,121,0.9008,1638,0.262,19
can_wait,comb_DJI_20250226103750_0018_V_3199zoom.JPG,,davilla nitida,0.940650,21,0.7619,1641,0.298,42
can_wait,comb_DJI_20251015131341_0003_V_5669zoom.JPG,,fridericia candicans,0.911090,40,0.8250,1643,0.262,43
can_wait,comb_DJI_20241204101721_0002_V_560zoom.JPG,,fridericia candicans,0.865120,40,0.8250,1646,0.262,43
can_wait,comb_DJI_20260320103440_0031_V_5451tele.JPG,,dipteryx oleifera,0.927700,281,0.9644,1649,0.261,25
can_wait,comb_DJI_20260114125318_0011_V_608zoom.JPG,,prioria copaifera,0.902310,121,0.9008,1665,0.261,19
can_wait,comb_DJI_20260318095205_0017_V_494tele.JPG,,hippocratea volubilis,0.818160,19,0.8421,1698,0.259,30
can_wait,comb_DJI_20251009104517_0015_V_739zoom.JPG,,prioria copaifera,0.841370,121,0.9008,1706,0.258,19
can_wait,comb_DJI_20251014100559_0023_V_11119zoom.JPG,,luehea seemannii,0.992130,143,0.8741,1719,0.257,36
can_wait,comb_DJI_20251017120536_0041_V_548zoom.JPG,,prioria copaifera,0.976190,121,0.9008,1720,0.257,19
can_wait,comb_DJI_20250523101139_0049_V_145zoom.JPG,,davilla nitida,0.993520,21,0.7619,1723,0.257,42
can_wait,comb_DJI_20250807111238_0009_V_7677zoom.JPG,,luehea seemannii,0.918880,143,0.8741,1733,0.257,36
can_wait,comb_DJI_20251017112634_0003_V_401zoom.JPG,,hippocratea volubilis,0.867480,19,0.8421,1734,0.318,30
can_wait,comb_DJI_20251009105124_0037_V_1530zoom.JPG,,hieronyma alchorneoides,0.973760,107,0.9252,1738,0.256,23
can_wait,comb_DJI_20251015133544_0023_V_4515zoom.JPG,,prioria copaifera,0.937570,121,0.9008,1739,0.256,19
can_wait,comb_DJI_20251016125449_0049_V_3275zoom.JPG,,prioria copaifera,0.817110,121,0.9008,1746,0.256,19
can_wait,comb_DJI_20260114105133_0025_V_4896zoom.JPG,,hieronyma alchorneoides,0.977880,107,0.9252,1748,0.256,23
can_wait,comb_DJI_20251016123311_0051_V_11067zoom.JPG,,prioria copaifera,0.909280,121,0.9008,1768,0.255,19
can_wait,comb_DJI_20251017115816_0017_V_11590zoom.JPG,,jacaranda copaia,0.857790,118,0.9407,1790,0.253,22
can_wait,comb_DJI_20251010085238_0015_V_3807zoom.JPG,,prioria copaifera,0.976480,121,0.9008,1809,0.252,19
can_wait,comb_DJI_20251016111440_0031_V_4375zoom.JPG,,uncaria tomentosa,0.910720,53,0.7170,1821,0.251,38
can_wait,comb_DJI_20260114114704_0019_V_9433zoom.JPG,,dipteryx oleifera,0.892500,281,0.9644,1826,0.250,25
can_wait,comb_DJI_20241226101722_0016_V_1752zoom.JPG,,prioria copaifera,0.964250,121,0.9008,1829,0.250,19
can_wait,comb_DJI_20241202111140_0008_V_1664zoom.JPG,,spondias radlkoferi,0.939760,11,0.8182,1832,0.250,30
can_wait,comb_DJI_20260322090915_0019_V_4537tele.JPG,,hura crepitans,0.909420,123,0.9106,1833,0.250,21
can_wait,comb_DJI_20251016103118_0059_V_12091zoom.JPG,,ochroma pyramidale,0.872310,20,0.9000,1841,0.249,28
can_wait,comb_DJI_20260311165431_0013_V_11074tele.JPG,,dipteryx oleifera,0.956610,281,0.9644,1843,0.249,25
can_wait,comb_DJI_20260114120124_0005_V_10818zoom.JPG,,prioria copaifera,0.821650,121,0.9008,1846,0.249,19
can_wait,comb_DJI_20251016111654_0039_V_6197zoom.JPG,,uncaria tomentosa,0.863500,53,0.7170,1855,0.248,38
can_wait,comb_DJI_20260114114405_0009_V_9653zoom.JPG,,guatteria lucens,0.827060,24,1.0000,1860,0.248,24
can_wait,comb_DJI_20260114125903_0029_V_1364zoom.JPG,,trattinnickia aspera,0.973880,21,0.9524,1864,0.290,26
can_wait,comb_DJI_20241231105050_0006_V_6665zoom.JPG,,protium stevensonii,0.863890,45,0.7333,1868,0.248,33
can_wait,comb_DJI_20241126103258_0036_V_466zoom.JPG,,spondias radlkoferi,0.968700,11,0.8182,1869,0.248,30
can_wait,comb_DJI_20251016114341_0049_V_4983zoom.JPG,,prioria copaifera,0.931200,121,0.9008,1876,0.247,19
can_wait,comb_DJI_20241226095044_0024_V_3409zoom.JPG,,prioria copaifera,0.965130,121,0.9008,1878,0.247,19
can_wait,comb_DJI_20260114122828_0009_V_10539zoom.JPG,,uncaria tomentosa,0.801840,53,0.7170,1884,0.247,38
can_wait,comb_DJI_20260114105755_0047_V_3815zoom.JPG,,dipteryx oleifera,0.940430,281,0.9644,1898,0.246,25
can_wait,comb_DJI_20260320103140_0019_V_3688tele.JPG,,dipteryx oleifera,0.818770,281,0.9644,1903,0.245,25
can_wait,comb_DJI_20250724132546_0029_V_8001zoom.JPG,,protium stevensonii,0.867900,45,0.7333,1908,0.261,33
can_wait,comb_DJI_20260311170244_0039_V_5302tele.JPG,,alseis blackiana,0.838740,73,0.8493,1916,0.245,47
can_wait,comb_DJI_20241204094823_0002_V_1409zoom.JPG,,fridericia candicans,0.847170,40,0.8250,1917,0.245,43
can_wait,comb_DJI_20240912092255_0026_V_2369zoom.JPG,,hieronyma alchorneoides,0.937580,107,0.9252,1918,0.245,23
can_wait,comb_DJI_20260320105422_0013_V_3925tele.JPG,,anacardium excelsum,0.901010,392,0.9286,1926,0.244,16
can_wait,comb_DJI_20260320104515_0069_V_2776tele.JPG,,anacardium excelsum,0.946630,392,0.9286,1928,0.244,16
can_wait,comb_DJI_20241126103021_0028_V_644zoom.JPG,,dipteryx oleifera,0.956360,281,0.9644,1929,0.244,25
can_wait,comb_DJI_20251015130349_0001_V_7515zoom.JPG,,uncaria tomentosa,0.839230,53,0.7170,1944,0.243,38
can_wait,comb_DJI_20251017115551_0009_V_10509zoom.JPG,,uncaria tomentosa,0.904520,53,0.7170,1960,0.242,38
can_wait,comb_DJI_20241218110612_0048_V_4846zoom.JPG,,pouteria stipitata,0.939290,20,0.8000,1966,0.313,45
can_wait,comb_DJI_20260114125131_0005_V_631zoom.JPG,,prioria copaifera,0.867040,121,0.9008,1978,0.240,19
can_wait,comb_DJI_20241226100430_0068_V_2800zoom.JPG,,uncaria tomentosa,0.907630,53,0.7170,1986,0.240,38
can_wait,comb_DJI_20241204092230_0014_V_3413zoom.JPG,,luehea seemannii,0.968030,143,0.8741,1996,0.240,36
can_wait,comb_DJI_20250924105304_0005_V_1327zoom.JPG,,uncaria tomentosa,0.899050,53,0.7170,1999,0.239,38
can_wait,comb_DJI_20250305100942_0022_V_2072zoom.JPG,,hieronyma alchorneoides,0.892230,107,0.9252,2007,0.239,23
can_wait,comb_DJI_20260320103909_0047_V_3720tele.JPG,,hieronyma alchorneoides,0.812660,107,0.9252,2015,0.238,23
can_wait,comb_DJI_20241024132324_0016_V_1007zoom.JPG,,astronium graveolens,0.965380,37,0.9730,2018,0.242,21
can_wait,comb_DJI_20241127094840_0014_V_2027zoom.JPG,,luehea seemannii,0.928700,143,0.8741,2036,0.293,36
can_wait,comb_DJI_20241126102548_0014_V_688zoom.JPG,,fridericia candicans,0.809440,40,0.8250,2037,0.236,43
can_wait,comb_DJI_20241126102300_0006_V_473zoom.JPG,,luehea seemannii,0.972880,143,0.8741,2044,0.236,36
can_wait,comb_DJI_20251015113709_0033_V_1064zoom.JPG,,dipteryx oleifera,0.839730,281,0.9644,2048,0.236,25
can_wait,comb_DJI_20251016123101_0043_V_3547zoom.JPG,,prioria copaifera,0.948850,121,0.9008,2049,0.245,19
can_wait,comb_DJI_20251017113152_0023_V_927zoom.JPG,,dipteryx oleifera,0.961480,281,0.9644,2050,0.236,25
can_wait,comb_DJI_20250304104808_0002_V_1456zoom.JPG,,guatteria lucens,0.911360,24,1.0000,2051,0.236,24
can_wait,comb_DJI_20260114131449_0013_V_2038zoom.JPG,,terminalia amazonia,0.948370,85,0.7412,2053,0.236,31
can_wait,comb_DJI_20260320112043_0021_V_2677tele.JPG,,terminalia amazonia,0.839820,85,0.7412,2055,0.235,31
can_wait,comb_DJI_20250926091905_0025_V_4214zoom.JPG,,uncaria tomentosa,0.960180,53,0.7170,2056,0.235,38
can_wait,comb_DJI_20260311165255_0007_V_11023tele.JPG,,simarouba amara,0.897470,42,0.8095,2064,0.235,48
can_wait,comb_DJI_20251016120326_0031_V_8077zoom.JPG,,prioria copaifera,0.939500,121,0.9008,2069,0.235,19
can_wait,comb_DJI_20260114120207_0007_V_11967zoom.JPG,,uncaria tomentosa,0.839550,53,0.7170,2071,0.234,38
can_wait,comb_DJI_20260322091647_0047_V_3495tele.JPG,,dipteryx oleifera,0.953980,281,0.9644,2080,0.234,25
can_wait,comb_DJI_20250930120022_0015_V_3980zoom.JPG,,anacardium excelsum,0.928640,392,0.9286,2083,0.234,16
can_wait,comb_DJI_20251016113059_0001_V_8457zoom.JPG,,alseis blackiana,0.838320,73,0.8493,2085,0.234,47
can_wait,comb_DJI_20251010082325_0001_V_730zoom.JPG,,tachigali panamensis,0.902760,64,0.8906,2088,0.233,49
can_wait,comb_DJI_20250807111128_0005_V_8363zoom.JPG,,senegalia hayesii,0.916390,17,0.8824,2094,0.272,44
can_wait,comb_DJI_20260317084130_0023_V_8825tele.JPG,,jacaranda copaia,0.925740,118,0.9407,2095,0.237,22
can_wait,comb_DJI_20241127092357_0026_V_2282zoom.JPG,,luehea seemannii,0.964370,143,0.8741,2101,0.232,36
can_wait,comb_DJI_20260320112010_0019_V_1838tele.JPG,,brosimum alicastrum,0.845350,35,0.8571,2104,0.285,46
can_wait,comb_DJI_20241204145124_0050_V_3347zoom.JPG,,dipteryx oleifera,0.978880,281,0.9644,2109,0.232,25
can_wait,comb_DJI_20251017110810_0015_V_1339zoom.JPG,,uncaria tomentosa,0.976680,53,0.7170,2124,0.231,38
can_wait,comb_DJI_20251015125053_0041_V_5302zoom.JPG,,sterculia apetala,0.964520,54,0.8148,2126,0.369,39
can_wait,comb_DJI_20260318093608_0045_V_466tele.JPG,,dipteryx oleifera,0.854540,281,0.9644,2130,0.230,25
can_wait,comb_DJI_20260114121009_0035_V_485zoom.JPG,,zanthoxylum ekmanii,0.854340,21,0.7143,2136,0.277,49
can_wait,comb_DJI_20260322091940_0057_V_2639tele.JPG,,anacardium excelsum,0.899720,392,0.9286,2138,0.232,16
can_wait,comb_DJI_20250930114118_0025_V_5687zoom.JPG,,luehea seemannii,0.940680,143,0.8741,2140,0.259,36
can_wait,comb_DJI_20241226125224_0012_V_2541zoom.JPG,,fridericia candicans,0.889820,40,0.8250,2147,0.229,43
can_wait,comb_DJI_20251015124622_0025_V_8637zoom.JPG,,fridericia candicans,0.935510,40,0.8250,2153,0.229,43
can_wait,comb_DJI_20251015125542_0059_V_5345zoom.JPG,,uncaria tomentosa,0.935830,53,0.7170,2156,0.233,38
can_wait,comb_DJI_20251016130933_0013_V_3823zoom.JPG,,trattinnickia aspera,0.838660,21,0.9524,2157,0.228,26
can_wait,comb_DJI_20260114105058_0023_V_4236zoom.JPG,,jacaranda copaia,0.941730,118,0.9407,2159,0.272,22
can_wait,comb_DJI_20241226135943_0030_V_308zoom.JPG,,fridericia candicans,0.854320,40,0.8250,2160,0.228,43
can_wait,comb_DJI_20251016130752_0007_V_3817zoom.JPG,,dipteryx oleifera,0.952080,281,0.9644,2165,0.235,25
can_wait,comb_DJI_20250926091625_0019_V_4221zoom.JPG,,uncaria tomentosa,0.815560,53,0.7170,2174,0.228,38
can_wait,comb_DJI_20251015124046_0005_V_10070zoom.JPG,,prioria copaifera,0.990190,121,0.9008,2186,0.227,19
can_wait,comb_DJI_20251015130643_0011_V_6654zoom.JPG,,luehea seemannii,0.891980,143,0.8741,2187,0.227,36
can_wait,comb_DJI_20251010090156_0045_V_4128zoom.JPG,,tabebuia rosea,0.825620,56,0.8393,2192,0.227,35
can_wait,comb_DJI_20260112120356_0023_V_4402zoom.JPG,,jacaranda copaia,0.862640,118,0.9407,2193,0.227,22
can_wait,comb_DJI_20250926102317_0015_V_3020zoom.JPG,,guatteria lucens,0.973440,24,1.0000,2197,0.227,24
can_wait,comb_DJI_20260322092019_0059_V_2645tele.JPG,,hieronyma alchorneoides,0.892870,107,0.9252,2201,0.253,23
can_wait,comb_DJI_20250806102925_0026_V_164zoom.JPG,,jacaranda copaia,0.945480,118,0.9407,2208,0.226,22
can_wait,comb_DJI_20251016104952_0027_V_9007zoom.JPG,,guatteria lucens,0.925060,24,1.0000,2215,0.225,24
can_wait,comb_DJI_20251017104444_0041_V_1433zoom.JPG,,prioria copaifera,0.980450,121,0.9008,2216,0.239,19
can_wait,comb_DJI_20251017111302_0033_V_11496zoom.JPG,,prioria copaifera,0.928530,121,0.9008,2218,0.225,19
can_wait,comb_DJI_20241126103057_0030_V_811zoom.JPG,,dipteryx oleifera,0.938390,281,0.9644,2220,0.225,25
can_wait,comb_DJI_20250930122857_0023_V_7417zoom.JPG,,hieronyma alchorneoides,0.908630,107,0.9252,2222,0.225,23
can_wait,comb_DJI_20251014113731_0043_V_5152zoom.JPG,,tachigali panamensis,0.843630,64,0.8906,2229,0.224,49
can_wait,comb_DJI_20250930114222_0029_V_5742zoom.JPG,,dipteryx oleifera,0.913870,281,0.9644,2245,0.258,25
can_wait,comb_DJI_20250804145246_0007_V_7839zoom.JPG,,pouteria stipitata,0.802200,20,0.8000,2252,0.235,45
can_wait,comb_DJI_20251016111548_0035_V_5029zoom.JPG,,uncaria tomentosa,0.977980,53,0.7170,2253,0.223,38
can_wait,comb_DJI_20260318103720_0005_V_5374tele.JPG,,uncaria tomentosa,0.946260,53,0.7170,2262,0.222,38
can_wait,comb_DJI_20250716123309_0006_V_18zoom.JPG,,astronium graveolens,0.825960,37,0.9730,2267,0.222,21
can_wait,comb_DJI_20251016104332_0003_V_11364zoom.JPG,,luehea seemannii,0.928040,143,0.8741,2268,0.222,36
can_wait,comb_DJI_20251016111149_0019_V_4423zoom.JPG,,prioria copaifera,0.991210,121,0.9008,2270,0.242,19
can_wait,comb_DJI_20241202111335_0014_V_1420zoom.JPG,,alseis blackiana,0.982320,73,0.8493,2277,0.221,47
can_wait,comb_DJI_20241127085451_0004_V_2332zoom.JPG,,luehea seemannii,0.925540,143,0.8741,2285,0.233,36
can_wait,comb_DJI_20240911154547_0006_V_5098zoom.JPG,,protium stevensonii,0.948650,45,0.7333,2301,0.264,33
can_wait,comb_DJI_20260114131858_0025_V_2082zoom.JPG,,guatteria lucens,0.828530,24,1.0000,2303,0.219,24
can_wait,comb_DJI_20250813084914_0017_V_9799zoom.JPG,,inga marginata,0.967850,10,0.9000,2305,0.219,1
can_wait,comb_DJI_20251017104059_0027_V_2121zoom.JPG,,prioria copaifera,0.994280,121,0.9008,2313,0.218,19
can_wait,comb_DJI_20241127092316_0024_V_2285zoom.JPG,,luehea seemannii,0.901260,143,0.8741,2314,0.218,36
can_wait,comb_DJI_20260322092050_0061_V_2659tele.JPG,,anacardium excelsum,0.856670,392,0.9286,2316,0.218,16
can_wait,comb_DJI_20251015113014_0007_V_9223zoom.JPG,,terminalia amazonia,0.882340,85,0.7412,2317,0.218,31
can_wait,comb_DJI_20260114120755_0027_V_1342zoom.JPG,,jacaranda copaia,0.884240,118,0.9407,2320,0.230,22
can_wait,comb_DJI_20250930115700_0003_V_4133zoom.JPG,,platypodium elegans,0.961530,33,0.8182,2326,0.217,44
can_wait,comb_DJI_20251017111436_0039_V_12008zoom.JPG,,uncaria tomentosa,0.940090,53,0.7170,2327,0.217,38
can_wait,comb_DJI_20251017090329_0001_V_8578zoom.JPG,,dipteryx oleifera,0.887130,281,0.9644,2328,0.217,25
can_wait,comb_DJI_20260114112642_0025_V_1500zoom.JPG,,prioria copaifera,0.829410,121,0.9008,2329,0.217,19
can_wait,comb_DJI_20260317090042_0007_V_11277tele.JPG,,inga marginata,0.991720,10,0.9000,2336,0.216,27
can_wait,comb_DJI_20251017115740_0015_V_11600zoom.JPG,,luehea seemannii,0.967030,143,0.8741,2339,0.229,36
can_wait,comb_DJI_20260320103727_0041_V_4578tele.JPG,,hieronyma alchorneoides,0.918780,107,0.9252,2343,0.216,23
can_wait,comb_DJI_20251015122825_0049_V_7510zoom.JPG,,prioria copaifera,0.947890,121,0.9008,2350,0.299,19
can_wait,comb_DJI_20260311165927_0029_V_4823tele.JPG,,jacaranda copaia,0.965370,118,0.9407,2351,0.215,22
can_wait,comb_DJI_20250305095951_0002_V_2939zoom.JPG,,simarouba amara,0.995070,42,0.8095,2354,0.215,48
can_wait,comb_DJI_20260114125245_0009_V_601zoom.JPG,,prioria copaifera,0.838320,121,0.9008,2355,0.215,20
can_wait,comb_DJI_20260320101736_0033_V_4698tele.JPG,,anacardium excelsum,0.935890,392,0.9286,2361,0.215,16
can_wait,comb_DJI_20251016102917_0051_V_1102zoom.JPG,,luehea seemannii,0.906330,143,0.8741,2363,0.214,36
can_wait,comb_DJI_20251017120304_0033_V_572zoom.JPG,,prioria copaifera,0.966130,121,0.9008,2366,0.214,20
can_wait,comb_DJI_20250305101443_0032_V_1397zoom.JPG,,trattinnickia aspera,0.880770,21,0.9524,2372,0.303,26
can_wait,comb_DJI_20260114105720_0045_V_3341zoom.JPG,,prioria copaifera,0.940680,121,0.9008,2373,0.214,20
can_wait,comb_DJI_20241024125752_0026_V_1045zoom.JPG,,alseis blackiana,0.957210,73,0.8493,2380,0.213,47
can_wait,comb_DJI_20241226122629_0022_V_3915zoom.JPG,,astronium graveolens,0.830420,37,0.9730,2384,0.215,21
can_wait,comb_DJI_20260114105426_0035_V_4321zoom.JPG,,uncaria tomentosa,0.906620,53,0.7170,2393,0.219,38
can_wait,comb_DJI_20250110163942_0008_V_191zoom.JPG,,luehea seemannii,0.862140,143,0.8741,2395,0.247,36
can_wait,comb_DJI_20250930115630_0001_V_4138zoom.JPG,,astronium graveolens,0.937350,37,0.9730,2404,0.224,21
can_wait,comb_DJI_20251016102334_0031_V_10798zoom.JPG,,prioria copaifera,0.871710,121,0.9008,2405,0.233,20
can_wait,comb_DJI_20251015124010_0003_V_10095zoom.JPG,,hieronyma alchorneoides,0.855380,107,0.9252,2406,0.212,23
can_wait,comb_DJI_20251017113331_0029_V_10833zoom.JPG,,uncaria tomentosa,0.959420,53,0.7170,2418,0.211,38
can_wait,comb_DJI_20251017102016_0059_V_2757zoom.JPG,,anacardium excelsum,0.938420,392,0.9286,2422,0.211,16
can_wait,comb_DJI_20251017122746_0041_V_9781zoom.JPG,,ceiba pentandra,0.885550,59,0.8644,2429,0.211,34
can_wait,comb_DJI_20251014112951_0019_V_6401zoom.JPG,,dipteryx oleifera,0.947170,281,0.9644,2431,0.211,25
can_wait,comb_DJI_20260322093144_0013_V_1751tele.JPG,,anacardium excelsum,0.982430,392,0.9286,2434,0.210,16
can_wait,comb_DJI_20250926102358_0017_V_3243zoom.JPG,,alseis blackiana,0.973760,73,0.8493,2439,0.210,47
can_wait,comb_DJI_20241127100345_0058_V_1988zoom.JPG,,pouteria stipitata,0.971800,20,0.8000,2443,0.275,45
can_wait,comb_DJI_20260318102034_0029_V_3453tele.JPG,,dipteryx oleifera,0.956680,281,0.9644,2447,0.209,25
can_wait,comb_DJI_20241226134626_0002_V_3616zoom.JPG,,terminalia amazonia,0.823900,85,0.7412,2450,0.209,31
can_wait,comb_DJI_20251015113431_0023_V_9130zoom.JPG,,davilla nitida,0.897640,21,0.7619,2452,0.209,42
can_wait,comb_DJI_20260320103039_0015_V_4635tele.JPG,,hieronyma alchorneoides,0.922130,107,0.9252,2459,0.225,23
can_wait,comb_DJI_20241231105416_0016_V_7407zoom.JPG,,guatteria lucens,0.976140,24,1.0000,2460,0.209,24
can_wait,comb_DJI_20260311165359_0011_V_11022tele.JPG,,dipteryx oleifera,0.981210,281,0.9644,2461,0.209,25
can_wait,comb_DJI_20260114121157_0041_V_1352zoom.JPG,,ochroma pyramidale,0.967060,20,0.9000,2462,0.209,28
can_wait,comb_DJI_20260114101944_0001_V_4585zoom.JPG,,luehea seemannii,0.977160,143,0.8741,2465,0.370,36
can_wait,comb_DJI_20251015130610_0009_V_5572zoom.JPG,,terminalia amazonia,0.908580,85,0.7412,2471,0.208,1
can_wait,comb_DJI_20260114121809_0061_V_10400zoom.JPG,,uncaria tomentosa,0.988730,53,0.7170,2474,0.207,38
can_wait,comb_DJI_20260114095350_0009_V_8228zoom.JPG,,guatteria lucens,0.928460,24,1.0000,2477,0.207,24
can_wait,comb_DJI_20251016122846_0035_V_3018zoom.JPG,,prioria copaifera,0.912530,121,0.9008,2478,0.210,20
can_wait,comb_DJI_20251017103753_0017_V_2560zoom.JPG,,guatteria lucens,0.825670,24,1.0000,2484,0.210,24
can_wait,comb_DJI_20251015134234_0047_V_6296zoom.JPG,,luehea seemannii,0.953420,143,0.8741,2485,0.207,36
can_wait,comb_DJI_20251017113749_0043_V_8060zoom.JPG,,jacaranda copaia,0.944090,118,0.9407,2491,0.206,22
can_wait,comb_DJI_20260114132143_0033_V_1436zoom.JPG,,prioria copaifera,0.936060,121,0.9008,2495,0.206,20
can_wait,comb_DJI_20260318104840_0045_V_4534tele.JPG,,dipteryx oleifera,0.890620,281,0.9644,2502,0.206,25
can_wait,comb_DJI_20260114131823_0023_V_2697zoom.JPG,,prioria copaifera,0.900180,121,0.9008,2504,0.206,20
can_wait,comb_DJI_20250814135956_0055_V_6122zoom.JPG,,hieronyma alchorneoides,0.997720,107,0.9252,2505,0.206,23
can_wait,comb_DJI_20241101095531_0006_V_848zoom.JPG,,alseis blackiana,0.877050,73,0.8493,2508,0.206,47
can_wait,comb_DJI_20251017113048_0019_V_1772zoom.JPG,,uncaria tomentosa,0.969080,53,0.7170,2509,0.205,38
can_wait,comb_DJI_20260318103754_0007_V_6103tele.JPG,,anacardium excelsum,0.930500,392,0.9286,2511,0.205,16
can_wait,comb_DJI_20250814134950_0023_V_7659zoom.JPG,,dipteryx oleifera,0.805300,281,0.9644,2518,0.205,25
can_wait,comb_DJI_20251015130815_0017_V_7835zoom.JPG,,terminalia amazonia,0.909800,85,0.7412,2522,0.204,31
can_wait,comb_DJI_20251015131920_0023_V_8825zoom.JPG,,trattinnickia aspera,0.926280,21,0.9524,2526,0.225,26
can_wait,comb_DJI_20251015121457_0001_V_12079zoom.JPG,,prioria copaifera,0.957190,121,0.9008,2527,0.212,20
can_wait,comb_DJI_20250520094624_0056_V_163zoom.JPG,,calophyllum longifolium,0.819400,43,0.8837,2533,0.203,39
can_wait,comb_DJI_20250820110017_0031_V_5042zoom.JPG,,protium stevensonii,0.923000,45,0.7333,2534,0.203,33
can_wait,comb_DJI_20260112120539_0029_V_6155zoom.JPG,,hieronyma alchorneoides,0.946560,107,0.9252,2535,0.203,23
can_wait,comb_DJI_20251009091311_0057_V_10659zoom.JPG,,hieronyma alchorneoides,0.918130,107,0.9252,2536,0.203,23
can_wait,comb_DJI_20241226095303_0032_V_3439zoom.JPG,,prioria copaifera,0.927960,121,0.9008,2540,0.209,20
can_wait,comb_DJI_20260114131526_0015_V_2565zoom.JPG,,prioria copaifera,0.942830,121,0.9008,2547,0.202,20
can_wait,comb_DJI_20251017100927_0019_V_886zoom.JPG,,luehea seemannii,0.867960,143,0.8741,2551,0.264,36
can_wait,comb_DJI_20250814142614_0023_V_3392zoom.JPG,,sterculia apetala,0.903470,54,0.8148,2552,0.279,39
can_wait,comb_DJI_20251017101942_0057_V_2311zoom.JPG,,prioria copaifera,0.975730,121,0.9008,2554,0.220,20
can_wait,comb_DJI_20250716094251_0012_V_424zoom.JPG,,protium stevensonii,0.984200,45,0.7333,2558,0.202,33
can_wait,comb_DJI_20251015123001_0055_V_8766zoom.JPG,,prioria copaifera,0.970990,121,0.9008,2561,0.266,20
can_wait,comb_DJI_20251009101059_0001_V_9188zoom.JPG,,simarouba amara,0.864780,42,0.8095,2565,0.201,48
can_wait,comb_DJI_20251014103601_0003_V_4879zoom.JPG,,luehea seemannii,0.989220,143,0.8741,2567,0.250,36
can_wait,comb_DJI_20241204143531_0006_V_4191zoom.JPG,,dipteryx oleifera,0.956960,281,0.9644,2570,0.201,25
can_wait,comb_DJI_20241124091737_0020_V_1052zoom.JPG,,luehea seemannii,0.991560,143,0.8741,2574,0.212,36
can_wait,comb_DJI_20240911155017_0020_V_5780zoom.JPG,,handroanthus guayacan,0.945380,86,0.9186,2575,0.201,27
can_wait,comb_DJI_20241217095231_0022_V_2006zoom.JPG,,hieronyma alchorneoides,0.907610,107,0.9252,2577,0.200,23
can_wait,comb_DJI_20251015133906_0035_V_4511zoom.JPG,,jacaranda copaia,0.917330,118,0.9407,2578,0.200,22
can_wait,comb_DJI_20250523100921_0039_V_19zoom.JPG,,davilla nitida,0.819880,21,0.7619,2582,0.225,42
can_wait,comb_DJI_20251015123136_0061_V_8756zoom.JPG,,uncaria tomentosa,0.977230,53,0.7170,2586,0.200,38
can_wait,comb_DJI_20250926102724_0027_V_2965zoom.JPG,,pouteria stipitata,0.955440,20,0.8000,2590,0.224,45
can_wait,comb_DJI_20260320101628_0029_V_3918tele.JPG,,dipteryx oleifera,0.954140,281,0.9644,2593,0.200,25
can_wait,comb_DJI_20250807100556_0027_V_5830zoom.JPG,,protium stevensonii,0.846130,45,0.7333,2596,0.235,33
can_wait,comb_DJI_20251014115224_0017_V_5220zoom.JPG,,dipteryx oleifera,0.866140,281,0.9644,2603,0.199,25
can_wait,comb_DJI_20260318102312_0039_V_4438tele.JPG,,dipteryx oleifera,0.937420,281,0.9644,2609,0.199,25
can_wait,comb_DJI_20241226103445_0062_V_993zoom.JPG,,uncaria tomentosa,0.950320,53,0.7170,2616,0.198,38
can_wait,comb_DJI_20260114112048_0007_V_10766zoom.JPG,,hieronyma alchorneoides,0.982250,107,0.9252,2621,0.198,23
can_wait,comb_DJI_20241217130504_0020_V_1903zoom.JPG,,simarouba amara,0.847390,42,0.8095,2622,0.198,48
can_wait,comb_DJI_20260114095815_0025_V_7455zoom.JPG,,prioria copaifera,0.898060,121,0.9008,2626,0.217,20
can_wait,comb_DJI_20250930113515_0003_V_6357zoom.JPG,,fridericia candicans,0.828700,40,0.8250,2628,0.197,43
can_wait,comb_DJI_20251016104541_0011_V_10176zoom.JPG,,tabebuia rosea,0.885350,56,0.8393,2629,0.197,35
can_wait,comb_DJI_20260114111457_0017_V_11187zoom.JPG,,prioria copaifera,0.976020,121,0.9008,2630,0.197,20
can_wait,comb_DJI_20251016130648_0003_V_11188zoom.JPG,,prioria copaifera,0.950000,121,0.9008,2638,0.239,20
can_wait,comb_DJI_20250804145103_0001_V_7247zoom.JPG,,protium stevensonii,0.970150,45,0.7333,2639,0.196,33
can_wait,comb_DJI_20251014100141_0013_V_11075zoom.JPG,,dipteryx oleifera,0.855020,281,0.9644,2641,0.196,25
can_wait,comb_DJI_20241127095253_0026_V_2229zoom.JPG,,luehea seemannii,0.951960,143,0.8741,2643,0.240,36
can_wait,comb_DJI_20260318100505_0067_V_859tele.JPG,,luehea seemannii,0.909240,143,0.8741,2644,0.289,36
can_wait,comb_DJI_20241126102911_0024_V_807zoom.JPG,,luehea seemannii,0.806220,143,0.8741,2646,0.199,36
can_wait,comb_DJI_20241126103337_0038_V_235zoom.JPG,,spondias radlkoferi,0.802090,11,0.8182,2647,0.232,30
can_wait,comb_DJI_20250723125836_0005_V_6130zoom.JPG,,pouteria stipitata,0.947640,20,0.8000,2649,0.298,45
can_wait,comb_DJI_20251016111412_0029_V_4330zoom.JPG,,uncaria tomentosa,0.971100,53,0.7170,2651,0.207,38
can_wait,comb_DJI_20260114100347_0045_V_5377zoom.JPG,,anacardium excelsum,0.837740,392,0.9286,2653,0.196,16
can_wait,comb_DJI_20241204093330_0040_V_2320zoom.JPG,,spondias radlkoferi,0.930750,11,0.8182,2657,0.208,30
can_wait,comb_DJI_20250930120704_0041_V_1159zoom.JPG,,calophyllum longifolium,0.891910,43,0.8837,2663,0.195,39
can_wait,comb_DJI_20241202111738_0026_V_897zoom.JPG,,dipteryx oleifera,0.985220,281,0.9644,2665,0.195,25
can_wait,comb_DJI_20260318095415_0025_V_1001tele.JPG,,jacaranda copaia,0.955490,118,0.9407,2668,0.195,22
can_wait,comb_DJI_20250926110228_0011_V_2464zoom.JPG,,alseis blackiana,0.971140,73,0.8493,2674,0.195,47
can_wait,comb_DJI_20241226094526_0006_V_2380zoom.JPG,,uncaria tomentosa,0.993770,53,0.7170,2679,0.217,38
can_wait,comb_DJI_20250806101418_0002_V_174zoom.JPG,,guatteria lucens,0.861930,24,1.0000,2680,0.194,24
can_wait,comb_DJI_20251015133657_0027_V_4462zoom.JPG,,prioria copaifera,0.856830,121,0.9008,2684,0.194,20
can_wait,comb_DJI_20251016120601_0041_V_6987zoom.JPG,,terminalia amazonia,0.818840,85,0.7412,2693,0.193,31
can_wait,comb_DJI_20251017093716_0005_V_10703zoom.JPG,,trattinnickia aspera,0.817080,21,0.9524,2694,0.326,26
can_wait,comb_DJI_20250930114626_0043_V_4132zoom.JPG,,luehea seemannii,0.880300,143,0.8741,2698,0.193,36
can_wait,comb_DJI_20260114132023_0029_V_2163zoom.JPG,,tachigali panamensis,0.925410,64,0.8906,2705,0.192,49
can_wait,comb_DJI_20251015121637_0007_V_821zoom.JPG,,prioria copaifera,0.870450,121,0.9008,2706,0.287,20
can_wait,comb_DJI_20260320102716_0001_V_4705tele.JPG,,anacardium excelsum,0.976110,392,0.9286,2708,0.192,16
can_wait,comb_DJI_20250305132033_0010_V_4562zoom.JPG,,hieronyma alchorneoides,0.868440,107,0.9252,2709,0.192,23
can_wait,comb_DJI_20260112124117_0057_V_7096zoom.JPG,,terminalia amazonia,0.802120,85,0.7412,2711,0.192,31
can_wait,comb_DJI_20260114100758_0059_V_4123zoom.JPG,,prioria copaifera,0.874950,121,0.9008,2717,0.192,20
can_wait,comb_DJI_20251016120142_0025_V_7046zoom.JPG,,jacaranda copaia,0.978070,118,0.9407,2718,0.191,22
can_wait,comb_DJI_20250110143119_0032_V_97zoom.JPG,,anacardium excelsum,0.956800,392,0.9286,2727,0.191,16
can_wait,comb_DJI_20241101104927_0006_V_669zoom.JPG,,davilla nitida,0.932420,21,0.7619,2728,0.261,42
can_wait,comb_DJI_20251016112051_0053_V_6058zoom.JPG,,uncaria tomentosa,0.982340,53,0.7170,2730,0.219,38
can_wait,comb_DJI_20260320104443_0067_V_2753tele.JPG,,ceiba pentandra,0.847300,59,0.8644,2731,0.191,34
can_wait,comb_DJI_20250305132702_0024_V_4175zoom.JPG,,dipteryx oleifera,0.890050,281,0.9644,2736,0.190,25
can_wait,comb_DJI_20260114120725_0025_V_428zoom.JPG,,jacaranda copaia,0.877020,118,0.9407,2743,0.190,22
can_wait,comb_DJI_20241226111517_0018_V_1559zoom.JPG,,protium stevensonii,0.994890,45,0.7333,2748,0.190,33
can_wait,comb_DJI_20250926091757_0021_V_3930zoom.JPG,,uncaria tomentosa,0.974310,53,0.7170,2752,0.189,38
can_wait,comb_DJI_20260322093426_0023_V_1052tele.JPG,,anacardium excelsum,0.894590,392,0.9286,2756,0.189,16
can_wait,comb_DJI_20250206093133_0036_V_1378zoom.JPG,,ceiba pentandra,0.944660,59,0.8644,2757,0.219,34
can_wait,comb_DJI_20251016112022_0051_V_6140zoom.JPG,,uncaria tomentosa,0.935230,53,0.7170,2758,0.215,38
can_wait,comb_DJI_20241127113408_0048_V_1272zoom.JPG,,luehea seemannii,0.893700,143,0.8741,2759,0.235,36
can_wait,comb_DJI_20260322094530_0065_V_667tele.JPG,,anacardium excelsum,0.935380,392,0.9286,2768,0.220,16
can_wait,comb_DJI_20251014113518_0037_V_5645zoom.JPG,,dipteryx oleifera,0.953900,281,0.9644,2774,0.188,25
can_wait,comb_DJI_20241204093722_0052_V_2041zoom.JPG,,luehea seemannii,0.981290,143,0.8741,2777,0.193,36
can_wait,comb_DJI_20260320104617_0073_V_2795tele.JPG,,jacaranda copaia,0.929120,118,0.9407,2781,0.187,22
can_wait,comb_DJI_20260322090840_0017_V_4538tele.JPG,,anacardium excelsum,0.879400,392,0.9286,2794,0.186,16
can_wait,comb_DJI_20260317084339_0031_V_9219tele.JPG,,astronium graveolens,0.952880,37,0.9730,2795,0.289,21
can_wait,comb_DJI_20260320103549_0035_V_4590tele.JPG,,anacardium excelsum,0.865630,392,0.9286,2796,0.214,16
can_wait,comb_DJI_20251016120005_0019_V_5771zoom.JPG,,prioria copaifera,0.886620,121,0.9008,2802,0.186,20
can_wait,comb_DJI_20251016111213_0021_V_5135zoom.JPG,,sterculia apetala,0.951340,54,0.8148,2803,0.331,39
can_wait,comb_DJI_20241126102221_0004_V_499zoom.JPG,,protium stevensonii,0.903910,45,0.7333,2807,0.189,33
can_wait,comb_DJI_20241127092642_0034_V_1899zoom.JPG,,davilla nitida,0.970570,21,0.7619,2809,0.227,42
can_wait,comb_DJI_20241226094842_0016_V_3043zoom.JPG,,prioria copaifera,0.972700,121,0.9008,2813,0.185,20
can_wait,comb_DJI_20250804152534_0035_V_7079zoom.JPG,,jacaranda copaia,0.873400,118,0.9407,2815,0.185,22
can_wait,comb_DJI_20240913113025_0046_V_5410zoom.JPG,,alseis blackiana,0.919170,73,0.8493,2821,0.185,47
can_wait,comb_DJI_20251015133833_0033_V_5221zoom.JPG,,prioria copaifera,0.822420,121,0.9008,2822,0.185,20
can_wait,comb_DJI_20250814140211_0063_V_6010zoom.JPG,,guatteria lucens,0.927500,24,1.0000,2824,0.185,24
can_wait,comb_DJI_20241101104202_0066_V_490zoom.JPG,,luehea seemannii,0.968830,143,0.8741,2825,0.185,36
can_wait,comb_DJI_20241204114340_0034_V_1304zoom.JPG,,alseis blackiana,0.981430,73,0.8493,2829,0.185,47
can_wait,comb_DJI_20250520100111_0016_V_178zoom.JPG,,calophyllum longifolium,0.814970,43,0.8837,2830,0.185,39
can_wait,comb_DJI_20250520102506_0018_V_9zoom.JPG,,calophyllum longifolium,0.860800,43,0.8837,2831,0.202,39
can_wait,comb_DJI_20251010104057_0051_V_455zoom.JPG,,simarouba amara,0.858730,42,0.8095,2834,0.184,48
can_wait,comb_DJI_20241107103501_0008_V_1937zoom.JPG,,alseis blackiana,0.845490,73,0.8493,2840,0.184,47
can_wait,comb_DJI_20241127103254_0032_V_1672zoom.JPG,,protium stevensonii,0.876530,45,0.7333,2843,0.204,33
can_wait,comb_DJI_20251016105701_0051_V_5744zoom.JPG,,handroanthus guayacan,0.943480,86,0.9186,2845,0.184,27
can_wait,comb_DJI_20251015124400_0017_V_9897zoom.JPG,,dipteryx oleifera,0.952890,281,0.9644,2847,0.184,25
can_wait,comb_DJI_20250106103346_0028_V_6005zoom.JPG,,uncaria tomentosa,0.969490,53,0.7170,2855,0.183,38
can_wait,comb_DJI_20241226101640_0014_V_1754zoom.JPG,,prioria copaifera,0.912730,121,0.9008,2857,0.188,20
can_wait,comb_DJI_20250820094845_0011_V_8996zoom.JPG,,anacardium excelsum,0.842850,392,0.9286,2858,0.183,16
can_wait,comb_DJI_20241204104611_0010_V_2371zoom.JPG,,davilla nitida,0.820080,21,0.7619,2863,0.182,42
can_wait,comb_DJI_20250110152353_0034_V_228zoom.JPG,,anacardium excelsum,0.854610,392,0.9286,2864,0.237,16
can_wait,comb_DJI_20241204092928_0030_V_2914zoom.JPG,,sterculia apetala,0.914190,54,0.8148,2868,0.308,39
can_wait,comb_DJI_20251017111405_0037_V_396zoom.JPG,,prioria copaifera,0.968890,121,0.9008,2871,0.181,20
can_wait,comb_DJI_20251016102157_0025_V_10745zoom.JPG,,jacaranda copaia,0.850250,118,0.9407,2873,0.181,22
can_wait,comb_DJI_20260320102820_0005_V_3722tele.JPG,,anacardium excelsum,0.959430,392,0.9286,2879,0.181,16
can_wait,comb_DJI_20251016101749_0009_V_10096zoom.JPG,,prioria copaifera,0.985870,121,0.9008,2880,0.181,20
can_wait,comb_DJI_20251017104619_0047_V_2094zoom.JPG,,uncaria tomentosa,0.987640,53,0.7170,2884,0.186,38
can_wait,comb_DJI_20251014122536_0003_V_5179zoom.JPG,,dipteryx oleifera,0.917460,281,0.9644,2888,0.180,25
can_wait,comb_DJI_20250813135331_0011_V_11394zoom.JPG,,astronium graveolens,0.855260,37,0.9730,2892,0.205,21
can_wait,comb_DJI_20250820105813_0023_V_5122zoom.JPG,,protium stevensonii,0.925720,45,0.7333,2894,0.234,33
can_wait,comb_DJI_20251016124257_0005_V_11087zoom.JPG,,dipteryx oleifera,0.899260,281,0.9644,2899,0.180,25
can_wait,comb_DJI_20250110145627_0026_V_91zoom.JPG,,anacardium excelsum,0.982160,392,0.9286,2900,0.180,16
can_wait,comb_DJI_20250110142425_0008_V_117zoom.JPG,,anacardium excelsum,0.975010,392,0.9286,2901,0.180,16
can_wait,comb_DJI_20241126105510_0016_V_487zoom.JPG,,luehea seemannii,0.972360,143,0.8741,2902,0.212,36
can_wait,comb_DJI_20241204151244_0026_V_2735zoom.JPG,,davilla nitida,0.947360,21,0.7619,2903,0.249,42
can_wait,comb_DJI_20241101093856_0038_V_1199zoom.JPG,,anacardium excelsum,0.903920,392,0.9286,2905,0.179,16
can_wait,comb_DJI_20251016110853_0007_V_4474zoom.JPG,,hieronyma alchorneoides,0.934100,107,0.9252,2906,0.179,23
can_wait,comb_DJI_20251015130423_0003_V_7629zoom.JPG,,prioria copaifera,0.984640,121,0.9008,2911,0.206,20
can_wait,comb_DJI_20250804151856_0013_V_7744zoom.JPG,,cecropia insignis,0.928860,43,0.9535,2913,0.179,28
can_wait,comb_DJI_20251017120716_0047_V_10519zoom.JPG,,anacardium excelsum,0.849890,392,0.9286,2914,0.179,16
can_wait,comb_DJI_20250813123948_0021_V_8439zoom.JPG,,protium stevensonii,0.981430,45,0.7333,2915,0.179,33
can_wait,comb_DJI_20250110142951_0026_V_110zoom.JPG,,anacardium excelsum,0.879140,392,0.9286,2918,0.179,16
can_wait,comb_DJI_20250813132856_0017_V_11936zoom.JPG,,alseis blackiana,0.968060,73,0.8493,2920,0.180,47
can_wait,comb_DJI_20250820105945_0029_V_5052zoom.JPG,,luehea seemannii,0.954220,143,0.8741,2926,0.228,36
can_wait,comb_DJI_20251016123449_0057_V_2zoom.JPG,,prioria copaifera,0.900650,121,0.9008,2927,0.190,20
can_wait,comb_DJI_20251014113448_0035_V_6138zoom.JPG,,dipteryx oleifera,0.885740,281,0.9644,2928,0.178,25
can_wait,comb_DJI_20250813141735_0015_V_1033zoom.JPG,,prioria copaifera,0.883390,121,0.9008,2931,0.178,20
can_wait,comb_DJI_20241231112803_0024_V_5057zoom.JPG,,handroanthus guayacan,0.933090,86,0.9186,2932,0.178,27
can_wait,comb_DJI_20241226105856_0042_V_514zoom.JPG,,hieronyma alchorneoides,0.897880,107,0.9252,2933,0.178,23
can_wait,comb_DJI_20250717094946_0008_V_97zoom.JPG,,pouteria stipitata,0.834890,20,0.8000,2937,0.304,45
can_wait,comb_DJI_20260318095343_0023_V_1742tele.JPG,,chrysophyllum cainito,0.848310,18,0.9444,2941,0.177,27
can_wait,comb_DJI_20251009083905_0021_V_8991zoom.JPG,,hieronyma alchorneoides,0.932770,107,0.9252,2942,0.177,23
can_wait,comb_DJI_20251016110746_0003_V_3873zoom.JPG,,prioria copaifera,0.870180,121,0.9008,2943,0.200,20
can_wait,comb_DJI_20250304102304_0006_V_966zoom.JPG,,hieronyma alchorneoides,0.954670,107,0.9252,2944,0.177,23
can_wait,comb_DJI_20241024125636_0022_V_1574zoom.JPG,,trattinnickia aspera,0.961130,21,0.9524,2947,0.293,26
can_wait,comb_DJI_20250523095211_0067_V_105zoom.JPG,,simarouba amara,0.843710,42,0.8095,2948,0.177,48
can_wait,comb_DJI_20241226132126_0010_V_2645zoom.JPG,,protium stevensonii,0.936710,45,0.7333,2951,0.236,33
can_wait,comb_DJI_20260320100948_0003_V_4697tele.JPG,,anacardium excelsum,0.891950,392,0.9286,2953,0.176,16
can_wait,comb_DJI_20240913112020_0016_V_5170zoom.JPG,,alseis blackiana,0.947300,73,0.8493,2956,0.189,47
can_wait,comb_DJI_20250305133116_0032_V_4575zoom.JPG,,jacaranda copaia,0.968720,118,0.9407,2957,0.176,22
can_wait,comb_DJI_20250110135850_0010_V_150zoom.JPG,,anacardium excelsum,0.978930,392,0.9286,2961,0.175,16
can_wait,comb_DJI_20260317091029_0043_V_10760tele.JPG,,jacaranda copaia,0.914480,118,0.9407,2972,0.175,22
can_wait,comb_DJI_20241204095758_0026_V_651zoom.JPG,,luehea seemannii,0.970120,143,0.8741,2976,0.174,36
can_wait,comb_DJI_20250930120232_0023_V_2311zoom.JPG,,hieronyma alchorneoides,0.895160,107,0.9252,2977,0.194,23
can_wait,comb_DJI_20260318102000_0027_V_3452tele.JPG,,dipteryx oleifera,0.922320,281,0.9644,2978,0.174,25
can_wait,comb_DJI_20241127113115_0038_V_1300zoom.JPG,,alseis blackiana,0.977290,73,0.8493,2979,0.187,47
can_wait,comb_DJI_20260318101642_0015_V_2467tele.JPG,,hieronyma alchorneoides,0.917760,107,0.9252,2980,0.174,23
can_wait,comb_DJI_20241127095749_0040_V_1956zoom.JPG,,tabebuia rosea,0.972760,56,0.8393,2981,0.174,35
can_wait,comb_DJI_20250110152916_0016_V_209zoom.JPG,,anacardium excelsum,0.981050,392,0.9286,2987,0.174,16
can_wait,comb_DJI_20250930120418_0029_V_2093zoom.JPG,,sterculia apetala,0.957820,54,0.8148,2988,0.399,39
can_wait,comb_DJI_20241226131005_0060_V_2991zoom.JPG,,hieronyma alchorneoides,0.859140,107,0.9252,2989,0.174,23
can_wait,comb_DJI_20250305130207_0032_V_6038zoom.JPG,,hieronyma alchorneoides,0.877250,107,0.9252,2993,0.174,23
can_wait,comb_DJI_20260114105351_0033_V_4285zoom.JPG,,uncaria tomentosa,0.934710,53,0.7170,2994,0.223,38
can_wait,comb_DJI_20251016124151_0001_V_11026zoom.JPG,,dipteryx oleifera,0.844160,281,0.9644,2997,0.173,25
can_wait,comb_DJI_20251016104717_0017_V_10956zoom.JPG,,tabebuia rosea,0.958730,56,0.8393,2998,0.173,35
can_wait,comb_DJI_20260114113641_0005_V_2302zoom.JPG,,davilla nitida,0.959460,21,0.7619,2999,0.270,42
can_wait,comb_DJI_20251017112943_0015_V_1763zoom.JPG,,uncaria tomentosa,0.970110,53,0.7170,3000,0.192,38
can_wait,comb_DJI_20241204091827_0004_V_2268zoom.JPG,,luehea seemannii,0.943660,143,0.8741,3009,0.173,37
can_wait,comb_DJI_20241124085151_0022_V_883zoom.JPG,,luehea seemannii,0.978230,143,0.8741,3013,0.217,37
can_wait,comb_DJI_20260114111343_0013_V_122zoom.JPG,,dipteryx oleifera,0.824210,281,0.9644,3014,0.172,25
can_wait,comb_DJI_20241226143157_0010_V_775zoom.JPG,,prioria copaifera,0.900680,121,0.9008,3015,0.203,20
can_wait,comb_DJI_20250806105525_0002_V_12zoom.JPG,,guatteria lucens,0.950880,24,1.0000,3016,0.187,24
can_wait,comb_DJI_20251015113637_0031_V_11426zoom.JPG,,sterculia apetala,0.949330,54,0.8148,3017,0.308,39
can_wait,comb_DJI_20260114125641_0021_V_1438zoom.JPG,,prioria copaifera,0.910980,121,0.9008,3021,0.226,20
can_wait,comb_DJI_20250305134932_0014_V_5428zoom.JPG,,hieronyma alchorneoides,0.907600,107,0.9252,3022,0.172,23
can_wait,comb_DJI_20251016125626_0055_V_3278zoom.JPG,,dipteryx oleifera,0.982960,281,0.9644,3023,0.172,25
can_wait,comb_DJI_20251015122640_0043_V_7826zoom.JPG,,terminalia amazonia,0.902880,85,0.7412,3025,0.172,31
can_wait,comb_DJI_20251016105026_0029_V_9067zoom.JPG,,prioria copaifera,0.986160,121,0.9008,3026,0.172,20
can_wait,comb_DJI_20260322090742_0013_V_3602tele.JPG,,anacardium excelsum,0.853480,392,0.9286,3028,0.172,16
can_wait,comb_DJI_20250110134737_0004_V_152zoom.JPG,,anacardium excelsum,0.985510,392,0.9286,3030,0.172,16
can_wait,comb_DJI_20251016125129_0037_V_3630zoom.JPG,,protium stevensonii,0.948650,45,0.7333,3031,0.171,33
can_wait,comb_DJI_20260318104915_0047_V_4600tele.JPG,,anacardium excelsum,0.853010,392,0.9286,3033,0.171,17
can_wait,comb_DJI_20250304095905_0030_V_916zoom.JPG,,hieronyma alchorneoides,0.960790,107,0.9252,3034,0.171,23
can_wait,comb_DJI_20260112123114_0023_V_6138zoom.JPG,,uncaria tomentosa,0.959450,53,0.7170,3035,0.215,38
can_wait,comb_DJI_20260318102939_0063_V_4426tele.JPG,,anacardium excelsum,0.893710,392,0.9286,3036,0.171,17
can_wait,comb_DJI_20251001101623_0001_V_8412zoom.JPG,,uncaria tomentosa,0.992460,53,0.7170,3037,0.171,38
can_wait,comb_DJI_20251015122025_0021_V_10878zoom.JPG,,terminalia amazonia,0.964820,85,0.7412,3038,0.171,31
can_wait,comb_DJI_20260114125100_0003_V_629zoom.JPG,,prioria copaifera,0.839200,121,0.9008,3043,0.214,20
can_wait,comb_DJI_20251014112659_0009_V_6364zoom.JPG,,anacardium excelsum,0.966520,392,0.9286,3044,0.170,17
can_wait,comb_DJI_20250807111027_0001_V_8373zoom.JPG,,senegalia hayesii,0.838150,17,0.8824,3045,0.184,44
can_wait,comb_DJI_20241101105658_0026_V_616zoom.JPG,,luehea seemannii,0.979850,143,0.8741,3046,0.170,37
can_wait,comb_DJI_20241127113818_0062_V_1255zoom.JPG,,luehea seemannii,0.906670,143,0.8741,3047,0.179,37
can_wait,comb_DJI_20250813135043_0001_V_950zoom.JPG,,senegalia hayesii,0.848750,17,0.8824,3051,0.170,44
can_wait,comb_DJI_20250807114043_0013_V_5653zoom.JPG,,alseis blackiana,0.991380,73,0.8493,3053,0.170,47
can_wait,comb_DJI_20260318101604_0013_V_1621tele.JPG,,anacardium excelsum,0.950380,392,0.9286,3060,0.170,17
can_wait,comb_DJI_20251010123230_0009_V_8475zoom.JPG,,hippocratea volubilis,0.903990,19,0.8421,3061,0.227,30
can_wait,comb_DJI_20250110162707_0042_V_214zoom.JPG,,anacardium excelsum,0.961310,392,0.9286,3063,0.170,17
can_wait,comb_DJI_20260114111151_0007_V_50zoom.JPG,,luehea seemannii,0.925960,143,0.8741,3064,0.231,37
can_wait,comb_DJI_20241226122025_0002_V_2906zoom.JPG,,calophyllum longifolium,0.909750,43,0.8837,3065,0.170,39
can_wait,comb_DJI_20251015124805_0031_V_7405zoom.JPG,,dipteryx oleifera,0.974030,281,0.9644,3069,0.169,25
can_wait,comb_DJI_20250304102151_0004_V_1215zoom.JPG,,uncaria tomentosa,0.966100,53,0.7170,3075,0.169,38
can_wait,comb_DJI_20260317090110_0009_V_4996tele.JPG,,astronium graveolens,0.914800,37,0.9730,3076,0.192,21
can_wait,comb_DJI_20251015122603_0041_V_7837zoom.JPG,,luehea seemannii,0.921060,143,0.8741,3077,0.170,37
can_wait,comb_DJI_20250924105954_0029_V_968zoom.JPG,,alseis blackiana,0.935430,73,0.8493,3078,0.252,47
can_wait,comb_DJI_20250523100159_0009_V_98zoom.JPG,,tachigali panamensis,0.961850,64,0.8906,3079,0.168,49
can_wait,comb_DJI_20250305125203_0010_V_5357zoom.JPG,,ceiba pentandra,0.966420,59,0.8644,3080,0.168,34
can_wait,comb_DJI_20251015125508_0057_V_5305zoom.JPG,,dipteryx oleifera,0.835910,281,0.9644,3084,0.168,25
can_wait,comb_DJI_20260320102159_0049_V_3698tele.JPG,,uncaria tomentosa,0.837220,53,0.7170,3089,0.220,38
can_wait,comb_DJI_20260114113606_0003_V_2347zoom.JPG,,uncaria tomentosa,0.974850,53,0.7170,3090,0.209,38
can_wait,comb_DJI_20250814140241_0065_V_6005zoom.JPG,,ficus obtusifolia,0.985890,14,0.8571,3094,0.167,48
can_wait,comb_DJI_20251015131447_0007_V_4731zoom.JPG,,prioria copaifera,0.919710,121,0.9008,3096,0.167,20
can_wait,comb_DJI_20251017103948_0023_V_2023zoom.JPG,,prioria copaifera,0.888840,121,0.9008,3099,0.185,20
can_wait,comb_DJI_20241127113953_0066_V_1251zoom.JPG,,alseis blackiana,0.989620,73,0.8493,3101,0.167,47
can_wait,comb_DJI_20250813091508_0027_V_9741zoom.JPG,,protium stevensonii,0.945380,45,0.7333,3102,0.196,33
can_wait,comb_DJI_20251014111424_0053_V_5808zoom.JPG,,dipteryx oleifera,0.820370,281,0.9644,3103,0.167,25
can_wait,comb_DJI_20251016122115_0007_V_5368zoom.JPG,,prioria copaifera,0.933500,121,0.9008,3105,0.167,20
can_wait,comb_DJI_20251014123637_0039_V_5353zoom.JPG,,astronium graveolens,0.818820,37,0.9730,3106,0.206,21
can_wait,comb_DJI_20260114122549_0001_V_9935zoom.JPG,,brosimum alicastrum,0.902870,35,0.8571,3110,0.166,46
can_wait,comb_DJI_20250305114226_0006_V_7093zoom.JPG,,terminalia amazonia,0.822550,85,0.7412,3113,0.166,31
can_wait,comb_DJI_20251014103818_0011_V_4938zoom.JPG,,anacardium excelsum,0.858270,392,0.9286,3118,0.174,17
can_wait,comb_DJI_20251015125441_0055_V_5303zoom.JPG,,dipteryx oleifera,0.942230,281,0.9644,3122,0.165,25
can_wait,comb_DJI_20251016123415_0055_V_11037zoom.JPG,,prioria copaifera,0.856630,121,0.9008,3125,0.165,20
can_wait,comb_DJI_20250305104204_0024_V_1153zoom.JPG,,hieronyma alchorneoides,0.967660,107,0.9252,3126,0.165,23
can_wait,comb_DJI_20260112115736_0001_V_3400zoom.JPG,,prioria copaifera,0.934290,121,0.9008,3128,0.284,20
can_wait,comb_DJI_20251016122046_0005_V_6366zoom.JPG,,ceiba pentandra,0.844110,59,0.8644,3130,0.165,34
can_wait,comb_DJI_20241204114202_0030_V_1142zoom.JPG,,protium stevensonii,0.978700,45,0.7333,3131,0.221,33
can_wait,comb_DJI_20260320103208_0021_V_3735tele.JPG,,hieronyma alchorneoides,0.820090,107,0.9252,3132,0.165,23
can_wait,comb_DJI_20260114125948_0031_V_2063zoom.JPG,,uncaria tomentosa,0.997780,53,0.7170,3136,0.165,38
can_wait,comb_DJI_20260112123600_0039_V_5892zoom.JPG,,ochroma pyramidale,0.979450,20,0.9000,3139,0.164,28
can_wait,comb_DJI_20260320104307_0061_V_3689tele.JPG,,hieronyma alchorneoides,0.872010,107,0.9252,3142,0.164,23
can_wait,comb_DJI_20251016102600_0039_V_1832zoom.JPG,,prioria copaifera,0.942480,121,0.9008,3144,0.172,20
can_wait,comb_DJI_20260318093255_0033_V_511tele.JPG,,anacardium excelsum,0.972730,392,0.9286,3148,0.167,17
can_wait,comb_DJI_20260318101745_0019_V_2452tele.JPG,,hieronyma alchorneoides,0.936440,107,0.9252,3149,0.164,23
can_wait,comb_DJI_20250110135954_0014_V_28zoom.JPG,,luehea seemannii,0.891230,143,0.8741,3150,0.238,37
can_wait,comb_DJI_20251014110324_0017_V_5458zoom.JPG,,calophyllum longifolium,0.824420,43,0.8837,3155,0.163,39
can_wait,comb_DJI_20251015124546_0023_V_8634zoom.JPG,,hieronyma alchorneoides,0.963890,107,0.9252,3156,0.163,23
can_wait,comb_DJI_20251016100718_0005_V_8753zoom.JPG,,prioria copaifera,0.885370,121,0.9008,3157,0.177,20
can_wait,comb_DJI_20241107104841_0056_V_1943zoom.JPG,,sterculia apetala,0.951290,54,0.8148,3158,0.357,39
can_wait,comb_DJI_20260114114858_0025_V_9371zoom.JPG,,trattinnickia aspera,0.975830,21,0.9524,3160,0.315,26
can_wait,comb_DJI_20250807111759_0025_V_6963zoom.JPG,,senegalia hayesii,0.975720,17,0.8824,3161,0.163,44
can_wait,comb_DJI_20260114111930_0003_V_10690zoom.JPG,,trattinnickia aspera,0.919160,21,0.9524,3163,0.223,26
can_wait,comb_DJI_20250930114432_0037_V_5012zoom.JPG,,anacardium excelsum,0.892790,392,0.9286,3167,0.162,17
can_wait,comb_DJI_20250814135746_0047_V_6878zoom.JPG,,hieronyma alchorneoides,0.943510,107,0.9252,3168,0.162,23
can_wait,comb_DJI_20251016111051_0015_V_4448zoom.JPG,,luehea seemannii,0.988190,143,0.8741,3170,0.236,37
can_wait,comb_DJI_20251015121957_0019_V_10880zoom.JPG,,jacaranda copaia,0.967880,118,0.9407,3171,0.162,22
can_wait,comb_DJI_20251015124147_0009_V_10011zoom.JPG,,sterculia apetala,0.968160,54,0.8148,3172,0.260,39
can_wait,comb_DJI_20260318094907_0005_V_943tele.JPG,,hieronyma alchorneoides,0.976720,107,0.9252,3174,0.162,23
can_wait,comb_DJI_20260318095135_0015_V_1048tele.JPG,,astronium graveolens,0.902440,37,0.9730,3177,0.299,21
can_wait,comb_DJI_20260114103230_0047_V_5767zoom.JPG,,simarouba amara,0.859410,42,0.8095,3182,0.161,48
can_wait,comb_DJI_20250807102951_0009_V_5672zoom.JPG,,protium stevensonii,0.976320,45,0.7333,3184,0.164,33
can_wait,comb_DJI_20250930123143_0033_V_102zoom.JPG,,brosimum alicastrum,0.974210,35,0.8571,3188,0.161,46
can_wait,comb_DJI_20251016122404_0017_V_4588zoom.JPG,,chrysophyllum cainito,0.941040,18,0.9444,3190,0.163,27
can_wait,comb_DJI_20250724132842_0039_V_8808zoom.JPG,,jacaranda copaia,0.966780,118,0.9407,3191,0.161,22
can_wait,comb_DJI_20250813085401_0031_V_9809zoom.JPG,,tachigali panamensis,0.925100,64,0.8906,3192,0.160,49
can_wait,comb_DJI_20260114132103_0031_V_2689zoom.JPG,,prioria copaifera,0.811350,121,0.9008,3194,0.160,20
can_wait,comb_DJI_20251016113535_0019_V_8373zoom.JPG,,ochroma pyramidale,0.819630,20,0.9000,3198,0.160,28
can_wait,comb_DJI_20240913105927_0030_V_5200zoom.JPG,,anacardium excelsum,0.994900,392,0.9286,3199,0.160,17
can_wait,comb_DJI_20241231115138_0018_V_4630zoom.JPG,,hieronyma alchorneoides,0.898190,107,0.9252,3200,0.160,23
can_wait,comb_DJI_20251016114132_0041_V_6013zoom.JPG,,hieronyma alchorneoides,0.886480,107,0.9252,3204,0.160,23
can_wait,comb_DJI_20251016103023_0055_V_1072zoom.JPG,,luehea seemannii,0.879020,143,0.8741,3205,0.160,37
can_wait,comb_DJI_20241226110920_0004_V_704zoom.JPG,,spondias radlkoferi,0.851220,11,0.8182,3209,0.159,30
can_wait,comb_DJI_20250305092806_0034_V_2595zoom.JPG,,hieronyma alchorneoides,0.944500,107,0.9252,3210,0.159,23
can_wait,comb_DJI_20250110153002_0020_V_231zoom.JPG,,anacardium excelsum,0.901730,392,0.9286,3212,0.159,17
can_wait,comb_DJI_20260322092920_0003_V_2722tele.JPG,,anacardium excelsum,0.909770,392,0.9286,3213,0.159,17
can_wait,comb_DJI_20251014105006_0049_V_5470zoom.JPG,,platypodium elegans,0.860270,33,0.8182,3217,0.159,44
can_wait,comb_DJI_20260114100831_0061_V_4581zoom.JPG,,ochroma pyramidale,0.941040,20,0.9000,3218,0.159,28
can_wait,comb_DJI_20251006121339_0001_V_2498zoom.JPG,,brosimum alicastrum,0.912700,35,0.8571,3220,0.222,46
can_wait,comb_DJI_20241202111216_0010_V_1441zoom.JPG,,luehea seemannii,0.970400,143,0.8741,3223,0.177,37
can_wait,comb_DJI_20251017101455_0039_V_645zoom.JPG,,prioria copaifera,0.952950,121,0.9008,3224,0.158,20
can_wait,comb_DJI_20241226094607_0008_V_2387zoom.JPG,,prioria copaifera,0.928060,121,0.9008,3226,0.184,20
can_wait,comb_DJI_20260318105057_0053_V_4646tele.JPG,,hieronyma alchorneoides,0.961200,107,0.9252,3230,0.158,23
can_wait,comb_DJI_20251016130824_0009_V_3839zoom.JPG,,hieronyma alchorneoides,0.951910,107,0.9252,3231,0.158,23
can_wait,comb_DJI_20251003113326_0029_V_1063zoom.JPG,,alseis blackiana,0.859920,73,0.8493,3234,0.158,47
can_wait,comb_DJI_20251016105316_0039_V_7911zoom.JPG,,dipteryx oleifera,0.871430,281,0.9644,3235,0.158,25
can_wait,comb_DJI_20241101105007_0008_V_895zoom.JPG,,luehea seemannii,0.842230,143,0.8741,3240,0.164,37
can_wait,comb_DJI_20241226124804_0002_V_1517zoom.JPG,,ochroma pyramidale,0.896180,20,0.9000,3241,0.157,28
can_wait,comb_DJI_20251014122647_0007_V_5654zoom.JPG,,dipteryx oleifera,0.967820,281,0.9644,3242,0.157,25
can_wait,comb_DJI_20251015124509_0021_V_8572zoom.JPG,,dipteryx oleifera,0.947610,281,0.9644,3243,0.157,25
can_wait,comb_DJI_20251010114451_0043_V_8079zoom.JPG,,simarouba amara,0.858100,42,0.8095,3247,0.157,48
can_wait,comb_DJI_20241204095712_0024_V_655zoom.JPG,,anacardium excelsum,0.982540,392,0.9286,3249,0.157,17
can_wait,comb_DJI_20260114104546_0005_V_7082zoom.JPG,,anacardium excelsum,0.871370,392,0.9286,3253,0.182,17
can_wait,comb_DJI_20241226095453_0038_V_2759zoom.JPG,,astronium graveolens,0.857690,37,0.9730,3258,0.258,21
can_wait,comb_DJI_20260114100000_0031_V_7460zoom.JPG,,hieronyma alchorneoides,0.967730,107,0.9252,3263,0.156,23
can_wait,comb_DJI_20251016113202_0005_V_8460zoom.JPG,,dipteryx oleifera,0.842440,281,0.9644,3266,0.155,25
can_wait,comb_DJI_20251017113445_0033_V_9936zoom.JPG,,prioria copaifera,0.994870,121,0.9008,3267,0.187,20
can_wait,comb_DJI_20250924105637_0017_V_981zoom.JPG,,alseis blackiana,0.818200,73,0.8493,3268,0.176,47
can_wait,comb_DJI_20251017104418_0039_V_520zoom.JPG,,calophyllum longifolium,0.982410,43,0.8837,3269,0.155,39
can_wait,comb_DJI_20260320102921_0009_V_4637tele.JPG,,anacardium excelsum,0.820820,392,0.9286,3271,0.155,17
can_wait,comb_DJI_20241226094427_0004_V_2378zoom.JPG,,anacardium excelsum,0.864200,392,0.9286,3272,0.155,17
can_wait,comb_DJI_20251017122412_0029_V_8307zoom.JPG,,trattinnickia aspera,0.916550,21,0.9524,3275,0.201,26
can_wait,comb_DJI_20251015121528_0003_V_12073zoom.JPG,,prioria copaifera,0.852730,121,0.9008,3278,0.154,20
can_wait,comb_DJI_20251017094149_0021_V_10724zoom.JPG,,terminalia amazonia,0.903450,85,0.7412,3280,0.154,31
can_wait,comb_DJI_20260318093744_0051_V_956tele.JPG,,calophyllum longifolium,0.921410,43,0.8837,3281,0.154,39
can_wait,comb_DJI_20260311170343_0043_V_4861tele.JPG,,ficus obtusifolia,0.850760,14,0.8571,3282,0.154,48
can_wait,comb_DJI_20260112123444_0035_V_5131zoom.JPG,,hieronyma alchorneoides,0.955300,107,0.9252,3284,0.154,23
can_wait,comb_DJI_20241226142842_0002_V_447zoom.JPG,,prioria copaifera,0.838590,121,0.9008,3288,0.154,20
can_wait,comb_DJI_20250930122317_0003_V_669zoom.JPG,,anacardium excelsum,0.900810,392,0.9286,3291,0.154,17
can_wait,comb_DJI_20250305110354_0010_V_344zoom.JPG,,hieronyma alchorneoides,0.817620,107,0.9252,3292,0.153,23
can_wait,comb_DJI_20251015134334_0051_V_7320zoom.JPG,,prioria copaifera,0.979880,121,0.9008,3293,0.153,20
can_wait,comb_DJI_20251016100847_0011_V_7512zoom.JPG,,prioria copaifera,0.891550,121,0.9008,3294,0.153,20
can_wait,comb_DJI_20251017104546_0045_V_1374zoom.JPG,,uncaria tomentosa,0.995180,53,0.7170,3296,0.174,38
can_wait,comb_DJI_20251010091532_0007_V_1488zoom.JPG,,trattinnickia aspera,0.989850,21,0.9524,3299,0.259,26
can_wait,comb_DJI_20250820110234_0039_V_5829zoom.JPG,,platypodium elegans,0.923700,33,0.8182,3300,0.153,44
can_wait,comb_DJI_20260114100650_0055_V_4145zoom.JPG,,dipteryx oleifera,0.854430,281,0.9644,3301,0.153,25
can_wait,comb_DJI_20241204144323_0028_V_3915zoom.JPG,,luehea seemannii,0.908460,143,0.8741,3302,0.206,37
can_wait,comb_DJI_20260320101353_0019_V_4822tele.JPG,,brosimum alicastrum,0.934860,35,0.8571,3305,0.152,46
can_wait,comb_DJI_20260114102454_0019_V_3033zoom.JPG,,prioria copaifera,0.899630,121,0.9008,3310,0.166,20
can_wait,comb_DJI_20250305125552_0018_V_6435zoom.JPG,,guatteria lucens,0.976960,24,1.0000,3313,0.152,24
can_wait,comb_DJI_20251015123035_0057_V_8790zoom.JPG,,hieronyma alchorneoides,0.934060,107,0.9252,3314,0.151,23
can_wait,comb_DJI_20241226095940_0052_V_2444zoom.JPG,,prioria copaifera,0.949190,121,0.9008,3316,0.173,20
can_wait,comb_DJI_20260114120937_0033_V_402zoom.JPG,,jacaranda copaia,0.969140,118,0.9407,3317,0.151,22
can_wait,comb_DJI_20251016115622_0005_V_4782zoom.JPG,,hieronyma alchorneoides,0.981990,107,0.9252,3319,0.151,23
can_wait,comb_DJI_20251015125338_0051_V_5307zoom.JPG,,prioria copaifera,0.957240,121,0.9008,3320,0.151,20
can_wait,comb_DJI_20251014113154_0025_V_6302zoom.JPG,,tachigali panamensis,0.905590,64,0.8906,3323,0.151,49
can_wait,comb_DJI_20260317083822_0011_V_9311tele.JPG,,astronium graveolens,0.971390,37,0.9730,3326,0.254,21
can_wait,comb_DJI_20260114131111_0003_V_1779zoom.JPG,,guatteria lucens,0.945670,24,1.0000,3330,0.209,24
can_wait,comb_DJI_20241204092321_0016_V_3414zoom.JPG,,luehea seemannii,0.967600,143,0.8741,3331,0.169,37
can_wait,comb_DJI_20251015112933_0005_V_6849zoom.JPG,,dipteryx oleifera,0.826610,281,0.9644,3333,0.150,26
can_wait,comb_DJI_20241226140341_0038_V_151zoom.JPG,,anacardium excelsum,0.984960,392,0.9286,3336,0.149,17
can_wait,comb_DJI_20251010114823_0057_V_8854zoom.JPG,,dipteryx oleifera,0.952090,281,0.9644,3340,0.149,26
can_wait,comb_DJI_20260320100917_0001_V_4694tele.JPG,,anacardium excelsum,0.919580,392,0.9286,3341,0.169,17
can_wait,comb_DJI_20250716123448_0012_V_49zoom.JPG,,luehea seemannii,0.927970,143,0.8741,3343,0.197,37
can_wait,comb_DJI_20250930114359_0035_V_4947zoom.JPG,,luehea seemannii,0.977480,143,0.8741,3350,0.159,37
can_wait,comb_DJI_20260322093114_0011_V_1737tele.JPG,,anacardium excelsum,0.971820,392,0.9286,3351,0.158,17
can_wait,comb_DJI_20251014110743_0031_V_6414zoom.JPG,,luehea seemannii,0.920780,143,0.8741,3357,0.276,37
can_wait,comb_DJI_20241226094914_0018_V_3041zoom.JPG,,ficus obtusifolia,0.966110,14,0.8571,3358,0.148,48
can_wait,comb_DJI_20260318101854_0023_V_2493tele.JPG,,hieronyma alchorneoides,0.967090,107,0.9252,3359,0.154,23
can_wait,comb_DJI_20251017110836_0017_V_1275zoom.JPG,,jacaranda copaia,0.969060,118,0.9407,3360,0.147,22
can_wait,comb_DJI_20260318103010_0065_V_4455tele.JPG,,platypodium elegans,0.945400,33,0.8182,3361,0.147,44
can_wait,comb_DJI_20241204104806_0014_V_2313zoom.JPG,,astronium graveolens,0.981050,37,0.9730,3362,0.236,21
can_wait,comb_DJI_20251014123316_0027_V_4793zoom.JPG,,hieronyma alchorneoides,0.994370,107,0.9252,3363,0.147,24
can_wait,comb_DJI_20250305114717_0016_V_7957zoom.JPG,,hieronyma alchorneoides,0.951160,107,0.9252,3364,0.147,24
can_wait,comb_DJI_20250304095054_0016_V_683zoom.JPG,,hieronyma alchorneoides,0.968490,107,0.9252,3367,0.147,24
can_wait,comb_DJI_20251015124733_0029_V_7424zoom.JPG,,simarouba amara,0.895340,42,0.8095,3371,0.146,48
can_wait,comb_DJI_20260320103409_0029_V_4579tele.JPG,,anacardium excelsum,0.867400,392,0.9286,3372,0.146,17
can_wait,comb_DJI_20251015122526_0039_V_7772zoom.JPG,,guatteria lucens,0.858100,24,1.0000,3373,0.146,24
can_wait,comb_DJI_20250110153126_0026_V_63zoom.JPG,,anacardium excelsum,0.938340,392,0.9286,3374,0.146,17
can_wait,comb_DJI_20250523102924_0029_V_136zoom.JPG,,tachigali panamensis,0.929930,64,0.8906,3377,0.146,49
can_wait,comb_DJI_20241226124937_0006_V_1521zoom.JPG,,uncaria tomentosa,0.981780,53,0.7170,3379,0.201,39
can_wait,comb_DJI_20241226104319_0008_V_347zoom.JPG,,simarouba amara,0.916540,42,0.8095,3380,0.146,48
can_wait,comb_DJI_20251015121849_0015_V_10749zoom.JPG,,hieronyma alchorneoides,0.945160,107,0.9252,3381,0.148,24
can_wait,comb_DJI_20260114112011_0005_V_9818zoom.JPG,,prioria copaifera,0.989600,121,0.9008,3382,0.157,20
can_wait,comb_DJI_20251016113708_0025_V_7193zoom.JPG,,hieronyma alchorneoides,0.940030,107,0.9252,3383,0.146,24
can_wait,comb_DJI_20250110155306_0026_V_106zoom.JPG,,ficus insipida,0.933130,14,0.8571,3384,0.146,48
can_wait,comb_DJI_20251017103615_0011_V_2637zoom.JPG,,dipteryx oleifera,0.915760,281,0.9644,3385,0.146,26
can_wait,comb_DJI_20250110143148_0034_V_2zoom.JPG,,anacardium excelsum,0.970390,392,0.9286,3388,0.145,17
can_wait,comb_DJI_20251017104023_0025_V_2018zoom.JPG,,brosimum alicastrum,0.904280,35,0.8571,3391,0.145,46
can_wait,comb_DJI_20251016103222_0063_V_12098zoom.JPG,,prioria copaifera,0.945230,121,0.9008,3393,0.145,20
can_wait,comb_DJI_20250820112331_0017_V_5492zoom.JPG,,platypodium elegans,0.957720,33,0.8182,3394,0.145,44
can_wait,comb_DJI_20241126102141_0002_V_652zoom.JPG,,alseis blackiana,0.959270,73,0.8493,3395,0.145,47
can_wait,comb_DJI_20251016122223_0011_V_4589zoom.JPG,,uncaria tomentosa,0.964470,53,0.7170,3396,0.145,39
can_wait,comb_DJI_20250911094723_0007_V_1970zoom.JPG,,guatteria lucens,0.975920,24,1.0000,3399,0.144,24
can_wait,comb_DJI_20260318100049_0051_V_2495tele.JPG,,ocotea leptobotra,0.896260,15,0.8667,3400,0.144,48
can_wait,comb_DJI_20251016114509_0055_V_4239zoom.JPG,,dipteryx oleifera,0.856230,281,0.9644,3402,0.144,26
can_wait,comb_DJI_20260320103110_0017_V_4617tele.JPG,,anacardium excelsum,0.818080,392,0.9286,3403,0.165,17
can_wait,comb_DJI_20250110133445_0026_V_100zoom.JPG,,anacardium excelsum,0.969170,392,0.9286,3405,0.144,17
can_wait,comb_DJI_20251016105416_0043_V_9172zoom.JPG,,hieronyma alchorneoides,0.937570,107,0.9252,3406,0.144,24
can_wait,comb_DJI_20251016124403_0009_V_38zoom.JPG,,anacardium excelsum,0.964320,392,0.9286,3407,0.144,17
can_wait,comb_DJI_20251015132952_0003_V_7520zoom.JPG,,uncaria tomentosa,0.952980,53,0.7170,3408,0.208,39
can_wait,comb_DJI_20250110155618_0040_V_206zoom.JPG,,anacardium excelsum,0.902080,392,0.9286,3409,0.144,17
can_wait,comb_DJI_20260320110845_0067_V_1795tele.JPG,,anacardium excelsum,0.875200,392,0.9286,3412,0.187,17
can_wait,comb_DJI_20260112120428_0025_V_5140zoom.JPG,,prioria copaifera,0.873480,121,0.9008,3416,0.143,20
can_wait,comb_DJI_20260114112126_0009_V_10698zoom.JPG,,protium stevensonii,0.886930,45,0.7333,3424,0.266,33
can_wait,comb_DJI_20250724094029_0001_V_8846zoom.JPG,,cecropia insignis,0.912160,43,0.9535,3425,0.142,28
can_wait,comb_DJI_20251014110921_0037_V_5985zoom.JPG,,hieronyma alchorneoides,0.988310,107,0.9252,3429,0.142,24
can_wait,comb_DJI_20251016100648_0003_V_8770zoom.JPG,,dipteryx oleifera,0.962790,281,0.9644,3430,0.142,26
can_wait,comb_DJI_20260114132409_0041_V_2775zoom.JPG,,prioria copaifera,0.961200,121,0.9008,3431,0.142,20
can_wait,comb_DJI_20251016115550_0003_V_4188zoom.JPG,,tabebuia rosea,0.921660,56,0.8393,3433,0.141,35
can_wait,comb_DJI_20250814141535_0005_V_6586zoom.JPG,,hieronyma alchorneoides,0.983120,107,0.9252,3436,0.141,24
can_wait,comb_DJI_20250930114834_0051_V_3135zoom.JPG,,anacardium excelsum,0.903140,392,0.9286,3438,0.141,17
can_wait,comb_DJI_20251017094047_0017_V_10644zoom.JPG,,sterculia apetala,0.974080,54,0.8148,3440,0.368,39
can_wait,comb_DJI_20241107104806_0054_V_1940zoom.JPG,,sterculia apetala,0.909910,54,0.8148,3441,0.423,39
can_wait,comb_DJI_20241204110703_0006_V_974zoom.JPG,,luehea seemannii,0.865250,143,0.8741,3445,0.153,37
can_wait,comb_DJI_20250924093619_0011_V_871zoom.JPG,,guatteria lucens,0.974160,24,1.0000,3448,0.140,24
can_wait,comb_DJI_20251016120039_0021_V_7045zoom.JPG,,dipteryx oleifera,0.853530,281,0.9644,3453,0.140,26
can_wait,comb_DJI_20251015112906_0003_V_6918zoom.JPG,,dipteryx oleifera,0.896320,281,0.9644,3458,0.138,26
can_wait,comb_DJI_20251010085343_0019_V_4231zoom.JPG,,prioria copaifera,0.911620,121,0.9008,3459,0.138,20
can_wait,comb_DJI_20260318094837_0003_V_996tele.JPG,,anacardium excelsum,0.984870,392,0.9286,3460,0.138,17
can_wait,comb_DJI_20260320102853_0007_V_4624tele.JPG,,anacardium excelsum,0.881940,392,0.9286,3463,0.138,17
can_wait,comb_DJI_20260320101047_0007_V_5564tele.JPG,,anacardium excelsum,0.951600,392,0.9286,3465,0.138,17
can_wait,comb_DJI_20250717084443_0006_V_86zoom.JPG,,luehea seemannii,0.888270,143,0.8741,3467,0.189,37
can_wait,comb_DJI_20250110155402_0030_V_42zoom.JPG,,anacardium excelsum,0.967250,392,0.9286,3471,0.137,17
can_wait,comb_DJI_20251015113851_0039_V_1045zoom.JPG,,sterculia apetala,0.969610,54,0.8148,3472,0.323,39
can_wait,comb_DJI_20250911094931_0015_V_2415zoom.JPG,,alseis blackiana,0.995770,73,0.8493,3473,0.137,47
can_wait,comb_DJI_20251016113740_0027_V_7191zoom.JPG,,hieronyma alchorneoides,0.924410,107,0.9252,3474,0.137,24
can_wait,comb_DJI_20260320103655_0039_V_4541tele.JPG,,anacardium excelsum,0.882270,392,0.9286,3475,0.147,17
can_wait,comb_DJI_20251016120400_0033_V_6993zoom.JPG,,dipteryx oleifera,0.803320,281,0.9644,3476,0.137,26
can_wait,comb_DJI_20241226094728_0012_V_2711zoom.JPG,,prioria copaifera,0.924910,121,0.9008,3479,0.172,20
can_wait,comb_DJI_20250305103143_0004_V_1404zoom.JPG,,hieronyma alchorneoides,0.983740,107,0.9252,3480,0.136,24
can_wait,comb_DJI_20251015112836_0001_V_6925zoom.JPG,,terminalia amazonia,0.850780,85,0.7412,3483,0.136,31
can_wait,comb_DJI_20250304094255_0002_V_363zoom.JPG,,hieronyma alchorneoides,0.964620,107,0.9252,3485,0.145,24
can_wait,comb_DJI_20241126102712_0018_V_842zoom.JPG,,luehea seemannii,0.873260,143,0.8741,3486,0.209,37
can_wait,comb_DJI_20251014111249_0047_V_6423zoom.JPG,,luehea seemannii,0.990650,143,0.8741,3487,0.191,37
can_wait,comb_DJI_20250814143310_0047_V_2867zoom.JPG,,anacardium excelsum,0.985470,392,0.9286,3488,0.135,17
can_wait,comb_DJI_20260320104411_0065_V_2752tele.JPG,,anacardium excelsum,0.845140,392,0.9286,3489,0.135,17
can_wait,comb_DJI_20251016123132_0045_V_3039zoom.JPG,,dipteryx oleifera,0.913830,281,0.9644,3490,0.143,26
can_wait,comb_DJI_20250813125745_0003_V_9530zoom.JPG,,brosimum alicastrum,0.881930,35,0.8571,3495,0.135,46
can_wait,comb_DJI_20251016120839_0047_V_7022zoom.JPG,,tachigali panamensis,0.952070,64,0.8906,3496,0.135,49
can_wait,comb_DJI_20240913105633_0022_V_4910zoom.JPG,,alseis blackiana,0.940220,73,0.8493,3497,0.135,47
can_wait,comb_DJI_20251016124744_0023_V_11159zoom.JPG,,hieronyma alchorneoides,0.820220,107,0.9252,3501,0.134,24
can_wait,comb_DJI_20241107103310_0002_V_2187zoom.JPG,,trattinnickia aspera,0.917380,21,0.9524,3505,0.242,26
can_wait,comb_DJI_20250110155900_0052_V_31zoom.JPG,,anacardium excelsum,0.958860,392,0.9286,3506,0.179,17
can_wait,comb_DJI_20251017115929_0021_V_11597zoom.JPG,,prioria copaifera,0.931010,121,0.9008,3507,0.134,20
can_wait,comb_DJI_20251016105130_0033_V_9134zoom.JPG,,hieronyma alchorneoides,0.873530,107,0.9252,3511,0.134,24
can_wait,comb_DJI_20241204104705_0012_V_2067zoom.JPG,,luehea seemannii,0.979760,143,0.8741,3512,0.170,37
can_wait,comb_DJI_20250110145559_0024_V_16zoom.JPG,,anacardium excelsum,0.991130,392,0.9286,3514,0.134,17
can_wait,comb_DJI_20260322093832_0039_V_528tele.JPG,,hieronyma alchorneoides,0.938130,107,0.9252,3515,0.160,24
can_wait,comb_DJI_20250110154834_0006_V_69zoom.JPG,,anacardium excelsum,0.921960,392,0.9286,3516,0.134,17
can_wait,comb_DJI_20251016102526_0037_V_1700zoom.JPG,,hieronyma alchorneoides,0.933460,107,0.9252,3517,0.134,24
can_wait,comb_DJI_20251017102047_0061_V_2213zoom.JPG,,dipteryx oleifera,0.872820,281,0.9644,3518,0.134,26
can_wait,comb_DJI_20251016124609_0017_V_62zoom.JPG,,dipteryx oleifera,0.852610,281,0.9644,3520,0.133,26
can_wait,comb_DJI_20251010090326_0051_V_4543zoom.JPG,,simarouba amara,0.915700,42,0.8095,3522,0.133,48
can_wait,comb_DJI_20251017111129_0027_V_457zoom.JPG,,calophyllum longifolium,0.980730,43,0.8837,3523,0.133,39
can_wait,comb_DJI_20250820095212_0021_V_8769zoom.JPG,,trattinnickia aspera,0.974640,21,0.9524,3524,0.232,26
can_wait,comb_DJI_20241126105343_0012_V_497zoom.JPG,,luehea seemannii,0.893870,143,0.8741,3525,0.142,37
can_wait,comb_DJI_20260114105647_0043_V_3851zoom.JPG,,hieronyma alchorneoides,0.969930,107,0.9252,3528,0.132,24
can_wait,comb_DJI_20251017122250_0025_V_8217zoom.JPG,,astronium graveolens,0.972580,37,0.9730,3529,0.218,21
can_wait,comb_DJI_20250110160614_0014_V_215zoom.JPG,,anacardium excelsum,0.944710,392,0.9286,3530,0.132,17
can_wait,comb_DJI_20241024131935_0004_V_1846zoom.JPG,,ocotea leptobotra,0.931590,15,0.8667,3533,0.132,48
can_wait,comb_DJI_20251014115404_0021_V_5149zoom.JPG,,dipteryx oleifera,0.930220,281,0.9644,3534,0.167,26
can_wait,comb_DJI_20240913105549_0020_V_4621zoom.JPG,,anacardium excelsum,0.958330,392,0.9286,3537,0.132,17
can_wait,comb_DJI_20251016105102_0031_V_9117zoom.JPG,,hieronyma alchorneoides,0.981830,107,0.9252,3539,0.140,24
can_wait,comb_DJI_20250520093915_0028_V_63zoom.JPG,,calophyllum longifolium,0.809750,43,0.8837,3540,0.163,39
can_wait,comb_DJI_20241226133812_0050_V_3987zoom.JPG,,uncaria tomentosa,0.994650,53,0.7170,3542,0.182,39
can_wait,comb_DJI_20251015134654_0063_V_8650zoom.JPG,,hieronyma alchorneoides,0.882000,107,0.9252,3543,0.131,24
can_wait,comb_DJI_20241127093045_0046_V_2058zoom.JPG,,protium stevensonii,0.969430,45,0.7333,3547,0.149,33
can_wait,comb_DJI_20251016102054_0021_V_9899zoom.JPG,,tachigali panamensis,0.935760,64,0.8906,3549,0.131,49
can_wait,comb_DJI_20251009090719_0037_V_10644zoom.JPG,,hieronyma alchorneoides,0.977780,107,0.9252,3550,0.131,24
can_wait,comb_DJI_20251015131953_0025_V_8823zoom.JPG,,hieronyma alchorneoides,0.952270,107,0.9252,3551,0.131,24
can_wait,comb_DJI_20260320103241_0023_V_4613tele.JPG,,anacardium excelsum,0.873470,392,0.9286,3553,0.130,17
can_wait,comb_DJI_20260320101808_0035_V_4684tele.JPG,,ceiba pentandra,0.882350,59,0.8644,3557,0.133,34
can_wait,comb_DJI_20260112123409_0033_V_5096zoom.JPG,,trattinnickia aspera,0.931220,21,0.9524,3558,0.237,26
can_wait,comb_DJI_20251014103746_0009_V_4925zoom.JPG,,anacardium excelsum,0.801030,392,0.9286,3559,0.130,17
can_wait,comb_DJI_20251017122213_0023_V_8263zoom.JPG,,ochroma pyramidale,0.872180,20,0.9000,3560,0.130,28
can_wait,comb_DJI_20241204092553_0022_V_3404zoom.JPG,,luehea seemannii,0.946300,143,0.8741,3562,0.146,37
can_wait,comb_DJI_20250305111714_0034_V_136zoom.JPG,,brosimum alicastrum,0.925830,35,0.8571,3564,0.129,46
can_wait,comb_DJI_20251016104439_0007_V_11363zoom.JPG,,simarouba amara,0.955370,42,0.8095,3565,0.129,48
can_wait,comb_DJI_20260318100544_0069_V_1570tele.JPG,,anacardium excelsum,0.946130,392,0.9286,3572,0.161,17
can_wait,comb_DJI_20260320101952_0041_V_4676tele.JPG,,ochroma pyramidale,0.857830,20,0.9000,3574,0.128,28
can_wait,comb_DJI_20250814134833_0019_V_228zoom.JPG,,handroanthus guayacan,0.900740,86,0.9186,3575,0.128,27
can_wait,comb_DJI_20250110152800_0010_V_217zoom.JPG,,anacardium excelsum,0.940690,392,0.9286,3577,0.138,17
can_wait,comb_DJI_20241226123343_0046_V_3518zoom.JPG,,astronium graveolens,0.921020,37,0.9730,3578,0.221,21
can_wait,comb_DJI_20260318095919_0045_V_3449tele.JPG,,hieronyma alchorneoides,0.845000,107,0.9252,3579,0.128,24
can_wait,comb_DJI_20260322092951_0005_V_1774tele.JPG,,anacardium excelsum,0.862330,392,0.9286,3583,0.185,17
can_wait,comb_DJI_20251015122716_0045_V_8822zoom.JPG,,prioria copaifera,0.974510,121,0.9008,3584,0.127,20
can_wait,comb_DJI_20260114100320_0043_V_4665zoom.JPG,,tachigali panamensis,0.930740,64,0.8906,3585,0.127,49
can_wait,comb_DJI_20250813130012_0011_V_10099zoom.JPG,,alseis blackiana,0.966760,73,0.8493,3586,0.127,47
can_wait,comb_DJI_20251016123342_0053_V_11046zoom.JPG,,anacardium excelsum,0.934480,392,0.9286,3587,0.127,17
can_wait,comb_DJI_20251017101206_0029_V_681zoom.JPG,,ceiba pentandra,0.918600,59,0.8644,3588,0.127,34
can_wait,comb_DJI_20250305111145_0024_V_342zoom.JPG,,hieronyma alchorneoides,0.992330,107,0.9252,3590,0.127,24
can_wait,comb_DJI_20260320101249_0015_V_4835tele.JPG,,anacardium excelsum,0.943680,392,0.9286,3595,0.173,17
can_wait,comb_DJI_20250813085149_0023_V_9706zoom.JPG,,hieronyma alchorneoides,0.934540,107,0.9252,3597,0.126,24
can_wait,comb_DJI_20251015124255_0013_V_9898zoom.JPG,,dipteryx oleifera,0.954170,281,0.9644,3599,0.126,26
can_wait,comb_DJI_20250206104939_0014_V_4133zoom.JPG,,ceiba pentandra,0.949970,59,0.8644,3601,0.183,34
can_wait,comb_DJI_20250110145054_0004_V_235zoom.JPG,,anacardium excelsum,0.997840,392,0.9286,3602,0.126,17
can_wait,comb_DJI_20251016115826_0013_V_5801zoom.JPG,,anacardium excelsum,0.874770,392,0.9286,3605,0.125,17
can_wait,comb_DJI_20251016104847_0023_V_10075zoom.JPG,,hieronyma alchorneoides,0.970250,107,0.9252,3609,0.131,24
can_wait,comb_DJI_20250820112405_0019_V_6242zoom.JPG,,terminalia amazonia,0.955270,85,0.7412,3611,0.125,31
can_wait,comb_DJI_20260318092508_0003_V_71tele.JPG,,anacardium excelsum,0.944130,392,0.9286,3612,0.125,17
can_wait,comb_DJI_20251015134726_0065_V_8627zoom.JPG,,dipteryx oleifera,0.868040,281,0.9644,3616,0.124,26
can_wait,comb_DJI_20251010085527_0023_V_4213zoom.JPG,,tachigali panamensis,0.974820,64,0.8906,3620,0.123,49
can_wait,comb_DJI_20251014123534_0035_V_5301zoom.JPG,,ceiba pentandra,0.853490,59,0.8644,3623,0.130,34
can_wait,comb_DJI_20251016120934_0051_V_7678zoom.JPG,,handroanthus guayacan,0.874990,86,0.9186,3625,0.123,27
can_wait,comb_DJI_20251015133944_0037_V_5296zoom.JPG,,dipteryx oleifera,0.905820,281,0.9644,3626,0.123,26
can_wait,comb_DJI_20250110145656_0028_V_230zoom.JPG,,anacardium excelsum,0.970240,392,0.9286,3627,0.177,17
can_wait,comb_DJI_20250814143041_0039_V_3332zoom.JPG,,luehea seemannii,0.912080,143,0.8741,3628,0.188,37
can_wait,comb_DJI_20260318102621_0051_V_4448tele.JPG,,anacardium excelsum,0.941660,392,0.9286,3629,0.123,17
can_wait,comb_DJI_20260318101351_0005_V_2419tele.JPG,,anacardium excelsum,0.851760,392,0.9286,3630,0.123,17
can_wait,comb_DJI_20250110164214_0020_V_182zoom.JPG,,anacardium excelsum,0.885320,392,0.9286,3631,0.127,17
can_wait,comb_DJI_20260320101018_0005_V_5565tele.JPG,,anacardium excelsum,0.905750,392,0.9286,3635,0.132,17
can_wait,comb_DJI_20251015121607_0005_V_12027zoom.JPG,,sterculia apetala,0.976200,54,0.8148,3637,0.337,39
can_wait,comb_DJI_20250110162735_0044_V_232zoom.JPG,,anacardium excelsum,0.863190,392,0.9286,3638,0.146,17
can_wait,comb_DJI_20251015113820_0037_V_1053zoom.JPG,,handroanthus guayacan,0.825030,86,0.9186,3640,0.121,27
can_wait,comb_DJI_20260112123041_0021_V_6134zoom.JPG,,uncaria tomentosa,0.980540,53,0.7170,3643,0.149,39
can_wait,comb_DJI_20250110132925_0006_V_226zoom.JPG,,ficus insipida,0.915590,14,0.8571,3646,0.121,48
can_wait,comb_DJI_20241217125946_0002_V_2848zoom.JPG,,brosimum alicastrum,0.921740,35,0.8571,3651,0.120,46
can_wait,comb_DJI_20260114111613_0021_V_3283zoom.JPG,,hieronyma alchorneoides,0.960860,107,0.9252,3652,0.120,24
can_wait,comb_DJI_20260320101527_0025_V_3931tele.JPG,,anacardium excelsum,0.924790,392,0.9286,3655,0.122,17
can_wait,comb_DJI_20251001111422_0029_V_2730zoom.JPG,,ficus obtusifolia,0.927520,14,0.8571,3656,0.120,48
can_wait,comb_DJI_20241217104911_0022_V_2481zoom.JPG,,ocotea leptobotra,0.961500,15,0.8667,3657,0.122,48
can_wait,comb_DJI_20251016101647_0005_V_10022zoom.JPG,,prioria copaifera,0.927410,121,0.9008,3658,0.156,20
can_wait,comb_DJI_20251014123608_0037_V_5342zoom.JPG,,anacardium excelsum,0.835210,392,0.9286,3659,0.120,17
can_wait,comb_DJI_20260114111533_0019_V_11200zoom.JPG,,anacardium excelsum,0.949380,392,0.9286,3660,0.136,17
can_wait,comb_DJI_20251015123211_0063_V_8828zoom.JPG,,prioria copaifera,0.948030,121,0.9008,3661,0.119,20
can_wait,comb_DJI_20251017093824_0009_V_10606zoom.JPG,,dipteryx oleifera,0.951010,281,0.9644,3664,0.119,26
can_wait,comb_DJI_20260318092710_0011_V_7401tele.JPG,,hieronyma alchorneoides,0.924030,107,0.9252,3665,0.119,24
can_wait,comb_DJI_20250930113726_0011_V_5537zoom.JPG,,anacardium excelsum,0.851790,392,0.9286,3666,0.118,17
can_wait,comb_DJI_20251015124946_0037_V_6297zoom.JPG,,hieronyma alchorneoides,0.955230,107,0.9252,3669,0.118,24
can_wait,comb_DJI_20251009092532_0017_V_11737zoom.JPG,,ficus insipida,0.912220,14,0.8571,3670,0.118,48
can_wait,comb_DJI_20250930121341_0065_V_7419zoom.JPG,,anacardium excelsum,0.819390,392,0.9286,3671,0.118,17
can_wait,comb_DJI_20251015114105_0047_V_1070zoom.JPG,,prioria copaifera,0.923030,121,0.9008,3672,0.159,20
can_wait,comb_DJI_20250520115947_0038_V_45zoom.JPG,,calophyllum longifolium,0.961390,43,0.8837,3673,0.148,39
can_wait,comb_DJI_20260114125609_0019_V_1451zoom.JPG,,prioria copaifera,0.963600,121,0.9008,3675,0.163,20
can_wait,comb_DJI_20250305110606_0014_V_336zoom.JPG,,hieronyma alchorneoides,0.968460,107,0.9252,3677,0.144,24
can_wait,comb_DJI_20251015121709_0009_V_822zoom.JPG,,hieronyma alchorneoides,0.901900,107,0.9252,3680,0.117,24
can_wait,comb_DJI_20260318095953_0047_V_2498tele.JPG,,hieronyma alchorneoides,0.872390,107,0.9252,3682,0.116,24
can_wait,comb_DJI_20251014100004_0007_V_11077zoom.JPG,,hieronyma alchorneoides,0.987100,107,0.9252,3683,0.144,24
can_wait,comb_DJI_20260317085933_0003_V_5006tele.JPG,,cecropia insignis,0.813930,43,0.9535,3685,0.116,28
can_wait,comb_DJI_20251010083600_0043_V_2440zoom.JPG,,anacardium excelsum,0.977970,392,0.9286,3688,0.116,17
can_wait,comb_DJI_20251016100748_0007_V_7531zoom.JPG,,hieronyma alchorneoides,0.875350,107,0.9252,3690,0.115,24
can_wait,comb_DJI_20251017111059_0025_V_11589zoom.JPG,,tachigali panamensis,0.982180,64,0.8906,3692,0.115,49
can_wait,comb_DJI_20251015125728_0065_V_6456zoom.JPG,,ceiba pentandra,0.879940,59,0.8644,3693,0.115,34
can_wait,comb_DJI_20260318100154_0055_V_1625tele.JPG,,hieronyma alchorneoides,0.882620,107,0.9252,3695,0.115,24
can_wait,comb_DJI_20251016102444_0035_V_12043zoom.JPG,,prioria copaifera,0.973510,121,0.9008,3697,0.197,20
can_wait,comb_DJI_20251017122052_0019_V_8161zoom.JPG,,prioria copaifera,0.813830,121,0.9008,3699,0.188,20
can_wait,comb_DJI_20251016101822_0011_V_10881zoom.JPG,,hieronyma alchorneoides,0.969150,107,0.9252,3701,0.114,24
can_wait,comb_DJI_20251016111315_0025_V_4427zoom.JPG,,hieronyma alchorneoides,0.980930,107,0.9252,3703,0.131,24
can_wait,comb_DJI_20250814135308_0031_V_7555zoom.JPG,,anacardium excelsum,0.889140,392,0.9286,3704,0.113,17
can_wait,comb_DJI_20250930122736_0019_V_610zoom.JPG,,terminalia amazonia,0.974100,85,0.7412,3705,0.113,31
can_wait,comb_DJI_20250804152433_0031_V_7081zoom.JPG,,senegalia hayesii,0.803630,17,0.8824,3706,0.113,44
can_wait,comb_DJI_20260112120323_0021_V_4481zoom.JPG,,hieronyma alchorneoides,0.983260,107,0.9252,3707,0.113,24
can_wait,comb_DJI_20260114112237_0013_V_10689zoom.JPG,,hieronyma alchorneoides,0.950090,107,0.9252,3711,0.112,24
can_wait,comb_DJI_20250110143052_0030_V_1zoom.JPG,,anacardium excelsum,0.979170,392,0.9286,3712,0.112,17
can_wait,comb_DJI_20251015113749_0035_V_1268zoom.JPG,,anacardium excelsum,0.961260,392,0.9286,3714,0.112,17
can_wait,comb_DJI_20250814142459_0019_V_3401zoom.JPG,,anacardium excelsum,0.971300,392,0.9286,3717,0.111,17
can_wait,comb_DJI_20250820095457_0031_V_7478zoom.JPG,,trattinnickia aspera,0.972100,21,0.9524,3719,0.285,26
can_wait,comb_DJI_20250110152938_0018_V_3zoom.JPG,,anacardium excelsum,0.976330,392,0.9286,3720,0.111,17
can_wait,comb_DJI_20250304103641_0032_V_2156zoom.JPG,,hieronyma alchorneoides,0.960240,107,0.9252,3721,0.146,24
can_wait,comb_DJI_20250110164334_0026_V_181zoom.JPG,,anacardium excelsum,0.944740,392,0.9286,3724,0.111,17
can_wait,comb_DJI_20260318095546_0031_V_1687tele.JPG,,anacardium excelsum,0.877560,392,0.9286,3725,0.111,17
can_wait,comb_DJI_20250110162316_0026_V_194zoom.JPG,,anacardium excelsum,0.982640,392,0.9286,3729,0.114,17
can_wait,comb_DJI_20251016113230_0007_V_8466zoom.JPG,,tachigali panamensis,0.950370,64,0.8906,3730,0.110,49
can_wait,comb_DJI_20250806102717_0018_V_149zoom.JPG,,poulsenia armata,0.954530,14,0.9286,3731,0.110,49
can_wait,comb_DJI_20260114105931_0053_V_3235zoom.JPG,,dipteryx oleifera,0.959930,281,0.9644,3732,0.109,26
can_wait,comb_DJI_20250110153408_0036_V_229zoom.JPG,,anacardium excelsum,0.977160,392,0.9286,3734,0.109,17
can_wait,comb_DJI_20260320101451_0023_V_4830tele.JPG,,brosimum alicastrum,0.925550,35,0.8571,3736,0.141,46
can_wait,comb_DJI_20251015125305_0049_V_3940zoom.JPG,,ceiba pentandra,0.817180,59,0.8644,3738,0.124,34
can_wait,comb_DJI_20251009101656_0021_V_8251zoom.JPG,,simarouba amara,0.950100,42,0.8095,3739,0.125,48
can_wait,comb_DJI_20260318092740_0013_V_7329tele.JPG,,anacardium excelsum,0.961140,392,0.9286,3740,0.117,17
can_wait,comb_DJI_20241204104430_0008_V_120zoom.JPG,,anacardium excelsum,0.966870,392,0.9286,3741,0.108,17
can_wait,comb_DJI_20260318101927_0025_V_2500tele.JPG,,hieronyma alchorneoides,0.929050,107,0.9252,3742,0.112,24
can_wait,comb_DJI_20250724100502_0023_V_10026zoom.JPG,,brosimum alicastrum,0.836250,35,0.8571,3746,0.107,46
can_wait,comb_DJI_20251017101557_0043_V_574zoom.JPG,,sterculia apetala,0.985450,54,0.8148,3750,0.269,39
can_wait,comb_DJI_20251017122016_0017_V_9365zoom.JPG,,hieronyma alchorneoides,0.861670,107,0.9252,3751,0.113,24
can_wait,comb_DJI_20250930121211_0059_V_678zoom.JPG,,anacardium excelsum,0.984770,392,0.9286,3752,0.107,17
can_wait,comb_DJI_20251016123031_0041_V_3046zoom.JPG,,hieronyma alchorneoides,0.960750,107,0.9252,3753,0.159,24
can_wait,comb_DJI_20250305111605_0032_V_51zoom.JPG,,hieronyma alchorneoides,0.879510,107,0.9252,3754,0.117,24
can_wait,comb_DJI_20251016112156_0057_V_7326zoom.JPG,,dipteryx oleifera,0.922220,281,0.9644,3756,0.106,26
can_wait,comb_DJI_20240913114339_0002_V_4155zoom.JPG,,anacardium excelsum,0.815150,392,0.9286,3758,0.106,17
can_wait,comb_DJI_20260112120502_0027_V_5138zoom.JPG,,anacardium excelsum,0.972070,392,0.9286,3759,0.106,17
can_wait,comb_DJI_20250110140539_0034_V_144zoom.JPG,,anacardium excelsum,0.962390,392,0.9286,3760,0.106,17
can_wait,comb_DJI_20250110154929_0010_V_233zoom.JPG,,anacardium excelsum,0.965100,392,0.9286,3761,0.113,17
can_wait,comb_DJI_20251014105034_0051_V_4894zoom.JPG,,anacardium excelsum,0.928720,392,0.9286,3762,0.105,17
can_wait,comb_DJI_20241101094129_0046_V_1203zoom.JPG,,luehea seemannii,0.951580,143,0.8741,3763,0.155,37
can_wait,comb_DJI_20250305092100_0020_V_1512zoom.JPG,,hieronyma alchorneoides,0.952490,107,0.9252,3764,0.106,24
can_wait,comb_DJI_20250304105650_0020_V_2570zoom.JPG,,hieronyma alchorneoides,0.967690,107,0.9252,3765,0.105,24
can_wait,comb_DJI_20251016123203_0047_V_3113zoom.JPG,,ceiba pentandra,0.921510,59,0.8644,3766,0.133,34
can_wait,comb_DJI_20251016122813_0033_V_3481zoom.JPG,,prioria copaifera,0.937360,121,0.9008,3772,0.208,20
can_wait,comb_DJI_20251016122955_0039_V_3589zoom.JPG,,anacardium excelsum,0.947470,392,0.9286,3773,0.104,17
can_wait,comb_DJI_20251015131736_0017_V_7781zoom.JPG,,tachigali panamensis,0.913700,64,0.8906,3775,0.103,49
can_wait,comb_DJI_20250110132826_0002_V_25zoom.JPG,,anacardium excelsum,0.903370,392,0.9286,3778,0.140,17
can_wait,comb_DJI_20251015113048_0009_V_9243zoom.JPG,,hieronyma alchorneoides,0.927380,107,0.9252,3779,0.124,24
can_wait,comb_DJI_20250522100547_0011_V_85zoom.JPG,,cecropia insignis,0.850470,43,0.9535,3780,0.103,28
can_wait,comb_DJI_20241204100209_0036_V_201zoom.JPG,,anacardium excelsum,0.848010,392,0.9286,3783,0.102,17
can_wait,comb_DJI_20260112120246_0019_V_4415zoom.JPG,,hieronyma alchorneoides,0.973070,107,0.9252,3784,0.102,24
can_wait,comb_DJI_20251017110626_0009_V_2458zoom.JPG,,anacardium excelsum,0.990810,392,0.9286,3786,0.101,17
can_wait,comb_DJI_20251016113607_0021_V_7188zoom.JPG,,anacardium excelsum,0.983700,392,0.9286,3787,0.101,17
can_wait,comb_DJI_20240911155801_0044_V_6044zoom.JPG,,anacardium excelsum,0.949690,392,0.9286,3788,0.100,17
can_wait,comb_DJI_20250110153338_0034_V_88zoom.JPG,,anacardium excelsum,0.974350,392,0.9286,3790,0.100,17
can_wait,comb_DJI_20251009083523_0009_V_8216zoom.JPG,,anacardium excelsum,0.946500,392,0.9286,3791,0.099,17
can_wait,comb_DJI_20251015130854_0019_V_6850zoom.JPG,,ceiba pentandra,0.804510,59,0.8644,3792,0.170,34
can_wait,comb_DJI_20250806104520_0018_V_24zoom.JPG,,cecropia insignis,0.963720,43,0.9535,3796,0.098,28
can_wait,comb_DJI_20251016115857_0015_V_5772zoom.JPG,,anacardium excelsum,0.939010,392,0.9286,3797,0.098,17
can_wait,comb_DJI_20260320102750_0003_V_4682tele.JPG,,anacardium excelsum,0.963490,392,0.9286,3798,0.098,17
can_wait,comb_DJI_20251016113502_0017_V_7247zoom.JPG,,anacardium excelsum,0.976860,392,0.9286,3800,0.098,17
can_wait,comb_DJI_20250304105842_0024_V_2963zoom.JPG,,hieronyma alchorneoides,0.944030,107,0.9252,3803,0.098,24
can_wait,comb_DJI_20250930114902_0053_V_3215zoom.JPG,,anacardium excelsum,0.840950,392,0.9286,3805,0.097,17
can_wait,comb_DJI_20251017100958_0021_V_819zoom.JPG,,anacardium excelsum,0.894410,392,0.9286,3806,0.096,17
can_wait,comb_DJI_20251017101842_0053_V_2354zoom.JPG,,dipteryx oleifera,0.972750,281,0.9644,3807,0.096,26
can_wait,comb_DJI_20241204095255_0014_V_1092zoom.JPG,,anacardium excelsum,0.849320,392,0.9286,3808,0.098,17
can_wait,comb_DJI_20251016111121_0017_V_4410zoom.JPG,,anacardium excelsum,0.966020,392,0.9286,3809,0.096,17
can_wait,comb_DJI_20251017090403_0003_V_9824zoom.JPG,,anacardium excelsum,0.876230,392,0.9286,3810,0.096,17
can_wait,comb_DJI_20250110155430_0032_V_204zoom.JPG,,anacardium excelsum,0.953210,392,0.9286,3811,0.095,17
can_wait,comb_DJI_20250110142351_0006_V_199zoom.JPG,,anacardium excelsum,0.939780,392,0.9286,3812,0.095,17
can_wait,comb_DJI_20250814142754_0029_V_3390zoom.JPG,,anacardium excelsum,0.910300,392,0.9286,3813,0.095,17
can_wait,comb_DJI_20250110155456_0034_V_70zoom.JPG,,anacardium excelsum,0.958140,392,0.9286,3815,0.094,17
can_wait,comb_DJI_20251016102707_0043_V_1907zoom.JPG,,hieronyma alchorneoides,0.879140,107,0.9252,3816,0.094,24
can_wait,comb_DJI_20250110152827_0012_V_202zoom.JPG,,anacardium excelsum,0.956430,392,0.9286,3821,0.095,17
can_wait,comb_DJI_20250110141321_0062_V_221zoom.JPG,,ficus insipida,0.845360,14,0.8571,3822,0.115,48
can_wait,comb_DJI_20251016124223_0003_V_11092zoom.JPG,,anacardium excelsum,0.978160,392,0.9286,3823,0.091,18
can_wait,comb_DJI_20251016124536_0015_V_11088zoom.JPG,,anacardium excelsum,0.858090,392,0.9286,3824,0.091,18
can_wait,comb_DJI_20251017115704_0013_V_11643zoom.JPG,,anacardium excelsum,0.878060,392,0.9286,3826,0.091,18
can_wait,comb_DJI_20250522100615_0013_V_84zoom.JPG,,cecropia insignis,0.853440,43,0.9535,3827,0.091,28
can_wait,comb_DJI_20250110155333_0028_V_184zoom.JPG,,anacardium excelsum,0.965070,392,0.9286,3829,0.090,18
can_wait,comb_DJI_20250110164238_0022_V_180zoom.JPG,,anacardium excelsum,0.903180,392,0.9286,3831,0.129,18
can_wait,comb_DJI_20250206104901_0012_V_3667zoom.JPG,,ceiba pentandra,0.892980,59,0.8644,3832,0.154,34
can_wait,comb_DJI_20240913110742_0058_V_5663zoom.JPG,,anacardium excelsum,0.889450,392,0.9286,3835,0.088,18
can_wait,comb_DJI_20260318103048_0067_V_5356tele.JPG,,hieronyma alchorneoides,0.975840,107,0.9252,3838,0.088,24
can_wait,comb_DJI_20251017103400_0003_V_2692zoom.JPG,,anacardium excelsum,0.976970,392,0.9286,3839,0.087,18
can_wait,comb_DJI_20251016110717_0001_V_3875zoom.JPG,,anacardium excelsum,0.895170,392,0.9286,3841,0.086,18
can_wait,comb_DJI_20251016114609_0059_V_4897zoom.JPG,,anacardium excelsum,0.932070,392,0.9286,3842,0.086,18
can_wait,comb_DJI_20251016122715_0029_V_3994zoom.JPG,,anacardium excelsum,0.874160,392,0.9286,3843,0.085,18
can_wait,comb_DJI_20250305101542_0034_V_1393zoom.JPG,,hieronyma alchorneoides,0.967820,107,0.9252,3845,0.099,24
can_wait,comb_DJI_20250110155209_0022_V_89zoom.JPG,,anacardium excelsum,0.974850,392,0.9286,3848,0.084,18
can_wait,comb_DJI_20250520093843_0026_V_60zoom.JPG,,calophyllum longifolium,0.952560,43,0.8837,3849,0.143,39
can_wait,comb_DJI_20251016115933_0017_V_5841zoom.JPG,,anacardium excelsum,0.918050,392,0.9286,3851,0.082,18
can_wait,comb_DJI_20250305103853_0018_V_1441zoom.JPG,,hieronyma alchorneoides,0.883360,107,0.9252,3852,0.082,24
can_wait,comb_DJI_20251016100618_0001_V_7535zoom.JPG,,hieronyma alchorneoides,0.971780,107,0.9252,3854,0.113,24
can_wait,comb_DJI_20250110154859_0008_V_216zoom.JPG,,anacardium excelsum,0.961960,392,0.9286,3856,0.114,18
can_wait,comb_DJI_20250110155522_0036_V_203zoom.JPG,,anacardium excelsum,0.971640,392,0.9286,3860,0.079,18
can_wait,comb_DJI_20251016122018_0003_V_5367zoom.JPG,,tachigali panamensis,0.971310,64,0.8906,3861,0.079,49
can_wait,comb_DJI_20241204095852_0028_V_347zoom.JPG,,anacardium excelsum,0.932420,392,0.9286,3862,0.078,18
can_wait,comb_DJI_20241204095625_0022_V_508zoom.JPG,,anacardium excelsum,0.988720,392,0.9286,3863,0.078,18
can_wait,comb_DJI_20251014113305_0029_V_5732zoom.JPG,,anacardium excelsum,0.972820,392,0.9286,3866,0.082,18
can_wait,comb_DJI_20241204095430_0018_V_1443zoom.JPG,,anacardium excelsum,0.950920,392,0.9286,3867,0.077,18
can_wait,comb_DJI_20251017110654_0011_V_2467zoom.JPG,,anacardium excelsum,0.924290,392,0.9286,3868,0.075,18
can_wait,comb_DJI_20250305111456_0030_V_221zoom.JPG,,hieronyma alchorneoides,0.981150,107,0.9252,3869,0.108,24
can_wait,comb_DJI_20250110153158_0028_V_32zoom.JPG,,ficus insipida,0.902820,14,0.8571,3873,0.088,48
can_wait,comb_DJI_20250110153303_0032_V_219zoom.JPG,,ficus insipida,0.846490,14,0.8571,3874,0.111,48
can_wait,comb_DJI_20250110141350_0064_V_72zoom.JPG,,ficus insipida,0.956060,14,0.8571,3875,0.116,48
can_wait,comb_DJI_20240913112831_0040_V_4603zoom.JPG,,anacardium excelsum,0.861290,392,0.9286,3877,0.072,18
can_wait,comb_DJI_20250304105103_0008_V_1800zoom.JPG,,hieronyma alchorneoides,0.956070,107,0.9252,3878,0.105,24
can_wait,comb_DJI_20241204095525_0020_V_1129zoom.JPG,,anacardium excelsum,0.955420,392,0.9286,3879,0.068,18
can_wait,comb_DJI_20260318100228_0057_V_1646tele.JPG,,hieronyma alchorneoides,0.852740,107,0.9252,3880,0.109,24
can_wait,comb_DJI_20251016122920_0037_V_3546zoom.JPG,,anacardium excelsum,0.901710,392,0.9286,3881,0.067,18
can_wait,comb_DJI_20250110154808_0004_V_227zoom.JPG,,anacardium excelsum,0.971250,392,0.9286,3882,0.094,18
can_wait,comb_DJI_20250110132955_0008_V_220zoom.JPG,,ficus insipida,0.861650,14,0.8571,3883,0.114,48
can_wait,comb_DJI_20250110154957_0012_V_205zoom.JPG,,anacardium excelsum,0.988340,392,0.9286,3885,0.105,18
can_wait,comb_DJI_20250110154741_0002_V_105zoom.JPG,,anacardium excelsum,0.935220,392,0.9286,3886,0.111,18
can_wait,comb_DJI_20250110132857_0004_V_225zoom.JPG,,ficus insipida,0.938170,14,0.8571,3887,0.120,48
can_wait,comb_DJI_20250110153231_0030_V_218zoom.JPG,,ficus insipida,0.936020,14,0.8571,3888,0.090,48
can_wait,comb_DJI_20251016115518_0001_V_4189zoom.JPG,,apeiba membranacea,0.927650,40,0.7750,,,40
