batch_id,species_group,global_key,queue,picked_by
1,persicaria hydropiperoides,comb_DJI_20240912091709_0010_V_3681zoom.JPG,long_tail,queue
1,laguncularia racemosa,comb_DJI_20260114114441_0011_V_9557zoom.JPG,long_tail,queue
1,sapium laurifolium,comb_DJI_20250924110028_0031_V_734zoom.JPG,long_tail,queue
1,lacmellea panamensis,comb_DJI_20250523093753_0009_V_40zoom.JPG,long_tail,queue
1,lacmellea panamensis,comb_DJI_20250106095849_0010_V_5602zoom.JPG,long_tail,queue
1,boerhavia coccinea,comb_DJI_20240913114952_0016_V_3887zoom.JPG,long_tail,queue
1,comocladia guatemalensis,comb_DJI_20250806094434_0026_V_168zoom.JPG,long_tail,queue
1,tillandsia bulbosa,comb_DJI_20260322093453_0025_V_1032tele.JPG,long_tail,queue
1,clusia multiflora,comb_DJI_20250813124153_0029_V_8943zoom.JPG,long_tail,queue
1,spondias purpurea,comb_DJI_20260311165222_0005_V_11021tele.JPG,long_tail,queue
1,aechmea nudicaulis,comb_DJI_20250305092514_0028_V_2597zoom.JPG,long_tail,queue
1,pseudobombax septenatum,comb_DJI_20260320102125_0047_V_3687tele.JPG,long_tail,queue
1,pseudobombax septenatum,comb_DJI_20260318104437_0031_V_5393tele.JPG,long_tail,queue
1,pseudobombax septenatum,comb_DJI_20250304093145_0004_V_8024zoom.JPG,long_tail,queue
1,pseudobombax septenatum,comb_DJI_20250304091017_0024_V_8318zoom.JPG,long_tail,queue
1,pseudobombax septenatum,comb_DJI_20251010085456_0021_V_4278zoom.JPG,long_tail,queue
1,pseudobombax septenatum,comb_DJI_20250522085731_0011_V_9zoom.JPG,long_tail,queue
1,pseudobombax septenatum,comb_DJI_20241204093530_0046_V_2021zoom.JPG,long_tail,queue
1,pseudobombax septenatum,comb_DJI_20250520093627_0018_V_168zoom.JPG,long_tail,queue
1,pseudobombax septenatum,comb_DJI_20250304092325_0064_V_7996zoom.JPG,long_tail,queue
1,pseudobombax septenatum,comb_DJI_20250814141721_0011_V_5120zoom.JPG,long_tail,queue
1,pseudobombax septenatum,comb_DJI_20260318092812_0015_V_565tele.JPG,long_tail,queue
1,pseudobombax septenatum,comb_DJI_20260317101834_0017_V_5676tele.JPG,long_tail,queue
1,pseudobombax septenatum,comb_DJI_20260318100257_0059_V_1647tele.JPG,long_tail,queue
1,pseudobombax septenatum,comb_DJI_20250106094649_0060_V_6437zoom.JPG,long_tail,queue
1,pseudobombax septenatum,comb_DJI_20250110160328_0002_V_86zoom.JPG,long_tail,queue
1,pseudobombax septenatum,comb_DJI_20250520100546_0030_V_114zoom.JPG,long_tail,queue
1,pseudobombax septenatum,comb_DJI_20251015131604_0011_V_6762zoom.JPG,long_tail,queue
1,pseudobombax septenatum,comb_DJI_20260318102653_0053_V_4449tele.JPG,long_tail,queue
1,pseudobombax septenatum,comb_DJI_20250226120746_0030_V_5890zoom.JPG,long_tail,queue
1,pseudobombax septenatum,comb_DJI_20260320105343_0011_V_2904tele.JPG,long_tail,queue
1,pseudobombax septenatum,comb_DJI_20260311170314_0041_V_4857tele.JPG,long_tail,queue
1,pseudobombax septenatum,comb_DJI_20241226112107_0034_V_2860zoom.JPG,long_tail,queue
1,pseudobombax septenatum,comb_DJI_20241202112035_0034_V_1495zoom.JPG,long_tail,queue
1,pseudobombax septenatum,comb_DJI_20250305135037_0016_V_4656zoom.JPG,long_tail,queue
1,pseudobombax septenatum,comb_DJI_20250814142140_0007_V_4720zoom.JPG,long_tail,queue
1,pseudobombax septenatum,comb_DJI_20241127113619_0056_V_1268zoom.JPG,long_tail,queue
1,pseudobombax septenatum,comb_DJI_20260318093846_0055_V_878tele.JPG,long_tail,queue
1,pseudobombax septenatum,comb_DJI_20250930122625_0015_V_609zoom.JPG,long_tail,queue
1,pseudobombax septenatum,comb_DJI_20250930122553_0013_V_1076zoom.JPG,long_tail,queue
1,pseudobombax septenatum,comb_DJI_20241226104408_0010_V_358zoom.JPG,long_tail,queue
1,pseudobombax septenatum,comb_DJI_20251016125202_0039_V_3653zoom.JPG,long_tail,queue
1,pseudobombax septenatum,comb_DJI_20241204144805_0040_V_3055zoom.JPG,long_tail,queue
1,pseudobombax septenatum,comb_DJI_20250814143526_0055_V_2153zoom.JPG,long_tail,queue
1,pseudobombax septenatum,comb_DJI_20251010123853_0029_V_8646zoom.JPG,long_tail,queue
1,pseudobombax septenatum,comb_DJI_20241107104336_0038_V_2221zoom.JPG,long_tail,queue
1,pseudobombax septenatum,comb_DJI_20250814142648_0025_V_2409zoom.JPG,long_tail,queue
1,pseudobombax septenatum,comb_DJI_20251016131112_0019_V_3872zoom.JPG,long_tail,queue
1,pseudobombax septenatum,comb_DJI_20241204111540_0006_V_2223zoom.JPG,long_tail,queue
1,pseudobombax septenatum,comb_DJI_20250930123035_0029_V_7411zoom.JPG,long_tail,queue
1,pseudobombax septenatum,comb_DJI_20241127093649_0064_V_2378zoom.JPG,long_tail,queue
1,pseudobombax septenatum,comb_DJI_20241204111132_0016_V_1932zoom.JPG,long_tail,queue
1,pseudobombax septenatum,comb_DJI_20251014104933_0047_V_5447zoom.JPG,long_tail,queue
1,pseudobombax septenatum,comb_DJI_20251015125229_0047_V_3915zoom.JPG,long_tail,queue
1,pseudobombax septenatum,comb_DJI_20241101095826_0014_V_622zoom.JPG,long_tail,queue
1,pseudobombax septenatum,comb_DJI_20251014103712_0007_V_4923zoom.JPG,long_tail,queue
1,ipomoea muricata,comb_DJI_20250110162618_0038_V_58zoom.JPG,long_tail,queue
1,philodendron jacquinii,comb_DJI_20251006114914_0029_V_667zoom.JPG,long_tail,queue
1,lysiloma latisiliquum,comb_DJI_20250523094213_0027_V_161zoom.JPG,long_tail,queue
1,lysiloma latisiliquum,comb_DJI_20260318103643_0003_V_5318tele.JPG,long_tail,queue
1,agdestis clematidea,comb_DJI_20251006121726_0013_V_2472zoom.JPG,long_tail,queue
1,robrichia schomburgkii,comb_DJI_20250305130626_0042_V_5694zoom.JPG,long_tail,queue
1,robrichia schomburgkii,comb_DJI_20250716102759_0010_V_318zoom.JPG,long_tail,queue
1,olyra latifolia,comb_DJI_20250522093841_0003_V_116zoom.JPG,long_tail,queue
1,cissus erosa,comb_DJI_20240911153823_0062_V_5079zoom.JPG,long_tail,queue
1,cissus erosa,comb_DJI_20251015134802_0067_V_8640zoom.JPG,long_tail,queue
1,cissus erosa,comb_DJI_20250814140024_0057_V_6078zoom.JPG,long_tail,queue
1,cissus erosa,comb_DJI_20241107110653_0034_V_2170zoom.JPG,long_tail,queue
1,cissus erosa,comb_DJI_20240911153743_0060_V_5072zoom.JPG,long_tail,queue
1,passovia pedunculata,comb_DJI_20260320101600_0027_V_4775tele.JPG,long_tail,queue
1,pelliciera rhizophorae,comb_DJI_20250820092450_0001_V_4292zoom.JPG,long_tail,queue
1,gmelina arborea,comb_DJI_20241217094911_0010_V_1963zoom.JPG,long_tail,queue
1,arthrostemma ciliatum,comb_DJI_20260114095131_0001_V_7091zoom.JPG,long_tail,queue
1,dalbergia granadillo,comb_DJI_20260311165509_0015_V_4786tele.JPG,long_tail,queue
1,dalbergia granadillo,comb_DJI_20251010083351_0035_V_3132zoom.JPG,long_tail,queue
1,parinari excelsa,comb_DJI_20250110141113_0054_V_175zoom.JPG,long_tail,queue
1,parinari excelsa,comb_DJI_20250110135820_0008_V_149zoom.JPG,long_tail,queue
1,parinari excelsa,comb_DJI_20250110133133_0014_V_140zoom.JPG,long_tail,queue
1,parinari excelsa,comb_DJI_20250110133206_0016_V_158zoom.JPG,long_tail,queue
1,paullinia pinnata,comb_DJI_20260114123127_0019_V_10570zoom.JPG,long_tail,queue
1,control,comb_DJI_20250716131531_0014_V_33zoom.JPG,long_tail,control
1,control,comb_DJI_20250206093030_0032_V_1384zoom.JPG,long_tail,control
1,control,comb_DJI_20250523100951_0041_V_30zoom.JPG,long_tail,control
1,control,comb_DJI_20250522090544_0033_V_23zoom.JPG,long_tail,control
1,control,comb_DJI_20260114105241_0029_V_3640zoom.JPG,long_tail,control
1,control,comb_DJI_20250806100829_0078_V_71zoom.JPG,long_tail,control
1,control,comb_DJI_20251017114012_0051_V_10385zoom.JPG,low_conf_known,control
1,control,comb_DJI_20251009091035_0047_V_11655zoom.JPG,normal,control
1,control,comb_DJI_20260317084445_0035_V_8814tele.JPG,normal,control
1,control,comb_DJI_20251010111758_0033_V_7031zoom.JPG,normal,control
1,control,comb_DJI_20250522091815_0011_V_153zoom.JPG,normal,control
1,control,comb_DJI_20241101104030_0060_V_494zoom.JPG,normal,control
1,control,comb_DJI_20251014111529_0057_V_5863zoom.JPG,can_wait,control
1,control,comb_DJI_20250813084914_0017_V_9799zoom.JPG,can_wait,control
1,control,comb_DJI_20260114121809_0061_V_10400zoom.JPG,can_wait,control
2,vochysia ferruginea,comb_DJI_20241211100933_0026_V_1259zoom.JPG,long_tail,queue
2,vochysia ferruginea,comb_DJI_20250806101623_0010_V_22zoom.JPG,long_tail,queue
2,vochysia ferruginea,comb_DJI_20250523093724_0007_V_7zoom.JPG,long_tail,queue
2,vochysia ferruginea,comb_DJI_20251010090510_0057_V_3566zoom.JPG,long_tail,queue
2,vochysia ferruginea,comb_DJI_20241211101334_0034_V_1800zoom.JPG,long_tail,queue
2,vochysia ferruginea,comb_DJI_20250523094447_0037_V_87zoom.JPG,long_tail,queue
2,vochysia ferruginea,comb_DJI_20250806095830_0038_V_36zoom.JPG,long_tail,queue
2,vochysia ferruginea,comb_DJI_20250520091935_0040_V_190zoom.JPG,long_tail,queue
2,vochysia ferruginea,comb_DJI_20241204152037_0044_V_1818zoom.JPG,long_tail,queue
2,vochysia ferruginea,comb_DJI_20241211095921_0004_V_1882zoom.JPG,long_tail,queue
2,vochysia ferruginea,comb_DJI_20240911145818_0032_V_1232zoom.JPG,long_tail,queue
2,vochysia ferruginea,comb_DJI_20251014115155_0015_V_5223zoom.JPG,long_tail,queue
2,vochysia ferruginea,comb_DJI_20250523094240_0029_V_41zoom.JPG,long_tail,queue
2,vochysia ferruginea,comb_DJI_20251010105650_0025_V_10520zoom.JPG,long_tail,queue
2,vochysia ferruginea,comb_DJI_20241204143153_0002_V_513zoom.JPG,long_tail,queue
2,selenicereus monacanthus,comb_DJI_20250305133418_0038_V_5757zoom.JPG,long_tail,queue
2,bactris maraja,comb_DJI_20251014104101_0019_V_4957zoom.JPG,long_tail,queue
2,bactris maraja,comb_DJI_20241024130642_0054_V_2060zoom.JPG,long_tail,queue
2,bactris maraja,comb_DJI_20250813103325_0011_V_11427zoom.JPG,long_tail,queue
2,bactris maraja,comb_DJI_20250522085346_0003_V_3zoom.JPG,long_tail,queue
2,bactris maraja,comb_DJI_20240912084841_0004_V_2898zoom.JPG,long_tail,queue
2,bactris maraja,comb_DJI_20241024132256_0014_V_1554zoom.JPG,long_tail,queue
2,guapira myrtiflora,comb_DJI_20260114103203_0045_V_4738zoom.JPG,long_tail,queue
2,guapira myrtiflora,comb_DJI_20251016122330_0015_V_4595zoom.JPG,long_tail,queue
2,guapira myrtiflora,comb_DJI_20260322091330_0035_V_4511tele.JPG,long_tail,queue
2,guapira myrtiflora,comb_DJI_20250930122457_0009_V_611zoom.JPG,long_tail,queue
2,guapira myrtiflora,comb_DJI_20250520102143_0004_V_229zoom.JPG,long_tail,queue
2,guapira myrtiflora,comb_DJI_20260114114335_0007_V_8447zoom.JPG,long_tail,queue
2,guapira myrtiflora,comb_DJI_20250806094238_0018_V_77zoom.JPG,long_tail,queue
2,guapira myrtiflora,comb_DJI_20241217105211_0032_V_1097zoom.JPG,long_tail,queue
2,guapira myrtiflora,comb_DJI_20250226104136_0028_V_3215zoom.JPG,long_tail,queue
2,guapira myrtiflora,comb_DJI_20250523100824_0035_V_139zoom.JPG,long_tail,queue
2,guapira myrtiflora,comb_DJI_20260317090428_0021_V_10725tele.JPG,long_tail,queue
2,guapira myrtiflora,comb_DJI_20250806110230_0028_V_64zoom.JPG,long_tail,queue
2,guapira myrtiflora,comb_DJI_20250930120259_0025_V_1430zoom.JPG,long_tail,queue
2,guapira myrtiflora,comb_DJI_20250926092033_0031_V_3937zoom.JPG,long_tail,queue
2,guapira myrtiflora,comb_DJI_20240913112340_0026_V_4613zoom.JPG,long_tail,queue
2,guapira myrtiflora,comb_DJI_20250717093223_0006_V_91zoom.JPG,long_tail,queue
2,guapira myrtiflora,comb_DJI_20250814124626_0055_V_4265zoom.JPG,long_tail,queue
2,guapira myrtiflora,comb_DJI_20250523083056_0011_V_22zoom.JPG,long_tail,queue
2,guapira myrtiflora,comb_DJI_20250820114252_0001_V_7168zoom.JPG,long_tail,queue
2,guapira myrtiflora,comb_DJI_20250523095406_0075_V_102zoom.JPG,long_tail,queue
2,guapira myrtiflora,comb_DJI_20241202123958_0006_V_4085zoom.JPG,long_tail,queue
2,guapira myrtiflora,comb_DJI_20250304074609_0008_V_6201zoom.JPG,long_tail,queue
2,guapira myrtiflora,comb_DJI_20250813091321_0023_V_10269zoom.JPG,long_tail,queue
2,guapira myrtiflora,comb_DJI_20241204104952_0018_V_1655zoom.JPG,long_tail,queue
2,guapira myrtiflora,comb_DJI_20250520100025_0014_V_172zoom.JPG,long_tail,queue
2,guapira myrtiflora,comb_DJI_20260114132256_0037_V_2158zoom.JPG,long_tail,queue
2,guapira myrtiflora,comb_DJI_20250523100233_0011_V_91zoom.JPG,long_tail,queue
2,guapira myrtiflora,comb_DJI_20250522103802_0043_V_126zoom.JPG,long_tail,queue
2,guapira myrtiflora,comb_DJI_20251014113944_0051_V_5609zoom.JPG,long_tail,queue
2,guapira myrtiflora,comb_DJI_20241024130127_0036_V_1297zoom.JPG,long_tail,queue
2,guapira myrtiflora,comb_DJI_20250523090021_0045_V_79zoom.JPG,long_tail,queue
2,guapira myrtiflora,comb_DJI_20250813135929_0029_V_1042zoom.JPG,long_tail,queue
2,guapira myrtiflora,comb_DJI_20250520093216_0004_V_94zoom.JPG,long_tail,queue
2,guapira myrtiflora,comb_DJI_20241202123527_0006_V_3618zoom.JPG,long_tail,queue
2,guapira myrtiflora,comb_DJI_20241127094522_0004_V_2201zoom.JPG,long_tail,queue
2,guapira myrtiflora,comb_DJI_20251016124508_0013_V_27zoom.JPG,long_tail,queue
2,guapira myrtiflora,comb_DJI_20250226105245_0056_V_2422zoom.JPG,long_tail,queue
2,guapira myrtiflora,comb_DJI_20250523084138_0057_V_93zoom.JPG,long_tail,queue
2,guapira myrtiflora,comb_DJI_20250520120059_0042_V_218zoom.JPG,long_tail,queue
2,guapira myrtiflora,comb_DJI_20241204150618_0008_V_3315zoom.JPG,long_tail,queue
2,guapira myrtiflora,comb_DJI_20250520092013_0042_V_104zoom.JPG,long_tail,queue
2,guapira myrtiflora,comb_DJI_20250523094515_0039_V_117zoom.JPG,long_tail,queue
2,guapira myrtiflora,comb_DJI_20251006121936_0021_V_471zoom.JPG,long_tail,queue
2,guapira myrtiflora,comb_DJI_20250806112226_0056_V_137zoom.JPG,long_tail,queue
2,guapira myrtiflora,comb_DJI_20260114100725_0057_V_3555zoom.JPG,long_tail,queue
2,guapira myrtiflora,comb_DJI_20241202115350_0036_V_8zoom.JPG,long_tail,queue
2,guapira myrtiflora,comb_DJI_20251006111836_0041_V_2246zoom.JPG,long_tail,queue
2,guapira myrtiflora,comb_DJI_20250523102457_0011_V_151zoom.JPG,long_tail,queue
2,guapira myrtiflora,comb_DJI_20241217134928_0006_V_3769zoom.JPG,long_tail,queue
2,guapira myrtiflora,comb_DJI_20250520115540_0024_V_215zoom.JPG,long_tail,queue
2,guapira myrtiflora,comb_DJI_20250523102354_0007_V_162zoom.JPG,long_tail,queue
2,guapira myrtiflora,comb_DJI_20250911100724_0007_V_2250zoom.JPG,long_tail,queue
2,guapira myrtiflora,comb_DJI_20241226133532_0044_V_2008zoom.JPG,long_tail,queue
2,guapira myrtiflora,comb_DJI_20250924093515_0007_V_655zoom.JPG,long_tail,queue
2,guapira myrtiflora,comb_DJI_20250523082829_0001_V_14zoom.JPG,long_tail,queue
2,guapira myrtiflora,comb_DJI_20251010090045_0041_V_3768zoom.JPG,long_tail,queue
2,guapira myrtiflora,comb_DJI_20250523090720_0073_V_11zoom.JPG,long_tail,queue
2,guapira myrtiflora,comb_DJI_20250520092128_0046_V_191zoom.JPG,long_tail,queue
2,guapira myrtiflora,comb_DJI_20250523095308_0071_V_107zoom.JPG,long_tail,queue
2,guapira myrtiflora,comb_DJI_20250523093853_0013_V_44zoom.JPG,long_tail,queue
2,guapira myrtiflora,comb_DJI_20250523085022_0003_V_131zoom.JPG,long_tail,queue
2,guapira myrtiflora,comb_DJI_20260114104911_0017_V_4893zoom.JPG,long_tail,queue
2,guapira myrtiflora,comb_DJI_20250924094028_0025_V_1076zoom.JPG,long_tail,queue
2,guapira myrtiflora,comb_DJI_20251016111950_0049_V_6141zoom.JPG,long_tail,queue
2,guapira myrtiflora,comb_DJI_20250520102243_0008_V_13zoom.JPG,long_tail,queue
2,guapira myrtiflora,comb_DJI_20250523085805_0035_V_75zoom.JPG,long_tail,queue
2,guapira myrtiflora,comb_DJI_20250523094916_0055_V_111zoom.JPG,long_tail,queue
2,guapira myrtiflora,comb_DJI_20250523093950_0017_V_47zoom.JPG,long_tail,queue
2,guapira myrtiflora,comb_DJI_20250523090250_0055_V_50zoom.JPG,long_tail,queue
2,casearia sylvestris,comb_DJI_20250813135441_0015_V_11390zoom.JPG,long_tail,queue
2,casearia sylvestris,comb_DJI_20250717090754_0006_V_135zoom.JPG,long_tail,queue
3,guazuma ulmifolia,comb_DJI_20250205103748_0036_V_6837zoom.JPG,long_tail,queue
3,guazuma ulmifolia,comb_DJI_20241127094724_0010_V_2019zoom.JPG,long_tail,queue
3,guazuma ulmifolia,comb_DJI_20250522094347_0023_V_75zoom.JPG,long_tail,queue
3,guazuma ulmifolia,comb_DJI_20251017121739_0009_V_9609zoom.JPG,long_tail,queue
3,guazuma ulmifolia,comb_DJI_20250110140242_0024_V_48zoom.JPG,long_tail,queue
3,guazuma ulmifolia,comb_DJI_20260112123340_0031_V_5120zoom.JPG,long_tail,queue
3,guazuma ulmifolia,comb_DJI_20250523101542_0065_V_65zoom.JPG,long_tail,queue
3,guazuma ulmifolia,comb_DJI_20241127113221_0042_V_916zoom.JPG,long_tail,queue
3,guazuma ulmifolia,comb_DJI_20250806100555_0068_V_69zoom.JPG,long_tail,queue
3,guazuma ulmifolia,comb_DJI_20250716114822_0014_V_14zoom.JPG,long_tail,queue
3,miconia prasina,comb_DJI_20250523083542_0031_V_57zoom.JPG,long_tail,queue
3,calycophyllum candidissimum,comb_DJI_20250110155802_0048_V_45zoom.JPG,long_tail,queue
3,ficus citrifolia,comb_DJI_20260114112404_0017_V_2515zoom.JPG,long_tail,queue
3,phoradendron dipterum,comb_DJI_20250523085330_0017_V_113zoom.JPG,long_tail,queue
3,colubrina asiatica,comb_DJI_20250924105846_0025_V_728zoom.JPG,long_tail,queue
3,colubrina asiatica,comb_DJI_20250304092933_0010_V_400zoom.JPG,long_tail,queue
3,colubrina asiatica,comb_DJI_20260112123633_0041_V_5882zoom.JPG,long_tail,queue
3,omphalea diandra,comb_DJI_20250930113759_0013_V_6429zoom.JPG,long_tail,queue
3,omphalea diandra,comb_DJI_20241226124109_0066_V_1241zoom.JPG,long_tail,queue
3,omphalea diandra,comb_DJI_20250106094341_0050_V_6040zoom.JPG,long_tail,queue
3,omphalea diandra,comb_DJI_20250522103527_0033_V_57zoom.JPG,long_tail,queue
3,omphalea diandra,comb_DJI_20250522100519_0009_V_81zoom.JPG,long_tail,queue
3,omphalea diandra,comb_DJI_20250522094613_0033_V_40zoom.JPG,long_tail,queue
3,omphalea diandra,comb_DJI_20260317090537_0025_V_10799tele.JPG,long_tail,queue
3,omphalea diandra,comb_DJI_20260317101519_0005_V_5681tele.JPG,long_tail,queue
3,omphalea diandra,comb_DJI_20250204094024_0030_V_7017zoom.JPG,long_tail,queue
3,omphalea diandra,comb_DJI_20250807130340_0011_V_7293zoom.JPG,long_tail,queue
3,omphalea diandra,comb_DJI_20260317092452_0008_V_5202tele.JPG,long_tail,queue
3,omphalea diandra,comb_DJI_20241101100918_0044_V_619zoom.JPG,long_tail,queue
3,omphalea diandra,comb_DJI_20250523083026_0009_V_31zoom.JPG,long_tail,queue
3,omphalea diandra,comb_DJI_20260114095204_0003_V_7161zoom.JPG,long_tail,queue
3,omphalea diandra,comb_DJI_20260322093932_0043_V_1091tele.JPG,long_tail,queue
3,omphalea diandra,comb_DJI_20241101103926_0056_V_465zoom.JPG,long_tail,queue
3,omphalea diandra,comb_DJI_20250813103251_0009_V_954zoom.JPG,long_tail,queue
3,omphalea diandra,comb_DJI_20250806110030_0020_V_111zoom.JPG,long_tail,queue
3,omphalea diandra,comb_DJI_20241231105455_0018_V_7037zoom.JPG,long_tail,queue
3,omphalea diandra,comb_DJI_20260318095237_0019_V_1012tele.JPG,long_tail,queue
3,omphalea diandra,comb_DJI_20251016104302_0001_V_12136zoom.JPG,long_tail,queue
3,omphalea diandra,comb_DJI_20241101093405_0020_V_683zoom.JPG,long_tail,queue
3,omphalea diandra,comb_DJI_20250522104034_0053_V_132zoom.JPG,long_tail,queue
3,omphalea diandra,comb_DJI_20241024133515_0054_V_2115zoom.JPG,long_tail,queue
3,omphalea diandra,comb_DJI_20250205100344_0014_V_7369zoom.JPG,long_tail,queue
3,psychotria nervosa,comb_DJI_20250520102934_0034_V_72zoom.JPG,long_tail,queue
3,aechmea tillandsioides,comb_DJI_20250926102826_0031_V_2911zoom.JPG,long_tail,queue
3,spirotheca rosea,comb_DJI_20250304085013_0046_V_7541zoom.JPG,long_tail,queue
3,spirotheca rosea,comb_DJI_20260114110008_0055_V_3740zoom.JPG,long_tail,queue
3,cissampelos tropaeolifolia,comb_DJI_20250110160426_0006_V_41zoom.JPG,long_tail,queue
3,chamaedorea tepejilote,comb_DJI_20250911094618_0003_V_4465zoom.JPG,long_tail,queue
3,cordia dentata,comb_DJI_20250814140317_0067_V_6648zoom.JPG,long_tail,queue
3,enterolobium cyclocarpum,comb_DJI_20250110164124_0016_V_211zoom.JPG,long_tail,queue
3,enterolobium cyclocarpum,comb_DJI_20250523085142_0009_V_124zoom.JPG,long_tail,queue
3,enterolobium cyclocarpum,comb_DJI_20251009092136_0001_V_10657zoom.JPG,long_tail,queue
3,enterolobium cyclocarpum,comb_DJI_20250820115028_0025_V_7437zoom.JPG,long_tail,queue
3,enterolobium cyclocarpum,comb_DJI_20250717095544_0026_V_121zoom.JPG,long_tail,queue
3,enterolobium cyclocarpum,comb_DJI_20250110164147_0018_V_212zoom.JPG,long_tail,queue
3,enterolobium cyclocarpum,comb_DJI_20250110160355_0004_V_210zoom.JPG,long_tail,queue
3,enterolobium cyclocarpum,comb_DJI_20250110164034_0012_V_213zoom.JPG,long_tail,queue
3,enterolobium cyclocarpum,comb_DJI_20250110164101_0014_V_87zoom.JPG,long_tail,queue
3,entada polystachya,comb_DJI_20260311170213_0037_V_5388tele.JPG,long_tail,queue
3,entada polystachya,comb_DJI_20250807112024_0033_V_6945zoom.JPG,long_tail,queue
3,entada polystachya,comb_DJI_20260318093019_0023_V_7282tele.JPG,long_tail,queue
3,entada polystachya,comb_DJI_20250305121554_0022_V_7099zoom.JPG,long_tail,queue
3,entada polystachya,comb_DJI_20260318095309_0021_V_995tele.JPG,long_tail,queue
3,entada polystachya,comb_DJI_20250304083524_0004_V_6604zoom.JPG,long_tail,queue
3,entada polystachya,comb_DJI_20240912095518_0048_V_2298zoom.JPG,long_tail,queue
3,entada polystachya,comb_DJI_20260318092838_0017_V_7341tele.JPG,long_tail,queue
3,entada polystachya,comb_DJI_20260320112254_0029_V_2715tele.JPG,long_tail,queue
3,heteropterys intermedia,comb_DJI_20260322091906_0055_V_2567tele.JPG,long_tail,queue
3,heteropterys intermedia,comb_DJI_20260320110540_0055_V_1738tele.JPG,long_tail,queue
3,heteropterys intermedia,comb_DJI_20251014111318_0049_V_5923zoom.JPG,long_tail,queue
3,heteropterys intermedia,comb_DJI_20251001114237_0025_V_3376zoom.JPG,long_tail,queue
3,heteropterys intermedia,comb_DJI_20251014114937_0007_V_4758zoom.JPG,long_tail,queue
3,heteropterys intermedia,comb_DJI_20251010103721_0039_V_553zoom.JPG,long_tail,queue
3,phyllanthus mocinoanus,comb_DJI_20251009104958_0031_V_2365zoom.JPG,long_tail,queue
3,cnidoscolus megacanthus,comb_DJI_20251016131002_0015_V_3847zoom.JPG,long_tail,queue
3,cnidoscolus megacanthus,comb_DJI_20260318102801_0057_V_4430tele.JPG,long_tail,queue
3,xylopia aromatica,comb_DJI_20250717093326_0010_V_102zoom.JPG,long_tail,queue
4,castilla elastica,comb_DJI_20260318095639_0035_V_1674tele.JPG,long_tail,queue
4,castilla elastica,comb_DJI_20250110150022_0040_V_147zoom.JPG,long_tail,queue
4,castilla elastica,comb_DJI_20250110133514_0028_V_156zoom.JPG,long_tail,queue
4,castilla elastica,comb_DJI_20250110141251_0060_V_109zoom.JPG,long_tail,queue
4,castilla elastica,comb_DJI_20250110150707_0064_V_196zoom.JPG,long_tail,queue
4,castilla elastica,comb_DJI_20250110134843_0008_V_34zoom.JPG,long_tail,queue
4,castilla elastica,comb_DJI_20250110150816_0068_V_19zoom.JPG,long_tail,queue
4,castilla elastica,comb_DJI_20250110152154_0026_V_118zoom.JPG,long_tail,queue
4,castilla elastica,comb_DJI_20250110152608_0002_V_98zoom.JPG,long_tail,queue
4,castilla elastica,comb_DJI_20250110145527_0022_V_142zoom.JPG,long_tail,queue
4,castilla elastica,comb_DJI_20250110145253_0012_V_79zoom.JPG,long_tail,queue
4,castilla elastica,comb_DJI_20250110145728_0030_V_15zoom.JPG,long_tail,queue
4,castilla elastica,comb_DJI_20250110160548_0012_V_68zoom.JPG,long_tail,queue
4,castilla elastica,comb_DJI_20250110150927_0072_V_170zoom.JPG,long_tail,queue
4,castilla elastica,comb_DJI_20250110150303_0050_V_222zoom.JPG,long_tail,queue
4,castilla elastica,comb_DJI_20250110142642_0016_V_176zoom.JPG,long_tail,queue
4,castilla elastica,comb_DJI_20250110161905_0010_V_120zoom.JPG,long_tail,queue
4,castilla elastica,comb_DJI_20250110134809_0006_V_154zoom.JPG,long_tail,queue
4,castilla elastica,comb_DJI_20250110160707_0018_V_66zoom.JPG,long_tail,queue
4,castilla elastica,comb_DJI_20250110145426_0018_V_83zoom.JPG,long_tail,queue
4,castilla elastica,comb_DJI_20250110150957_0074_V_173zoom.JPG,long_tail,queue
4,castilla elastica,comb_DJI_20250110150158_0046_V_148zoom.JPG,long_tail,queue
4,castilla elastica,comb_DJI_20250110140351_0028_V_49zoom.JPG,long_tail,queue
4,castilla elastica,comb_DJI_20250110152023_0020_V_186zoom.JPG,long_tail,queue
4,castilla elastica,comb_DJI_20250110145155_0008_V_82zoom.JPG,long_tail,queue
4,castilla elastica,comb_DJI_20250110160521_0010_V_103zoom.JPG,long_tail,queue
4,castilla elastica,comb_DJI_20250110145913_0036_V_169zoom.JPG,long_tail,queue
4,castilla elastica,comb_DJI_20250110155237_0024_V_115zoom.JPG,long_tail,queue
4,castilla elastica,comb_DJI_20250110133543_0030_V_21zoom.JPG,long_tail,queue
4,castilla elastica,comb_DJI_20250110142244_0002_V_157zoom.JPG,long_tail,queue
4,castilla elastica,comb_DJI_20250110152254_0030_V_132zoom.JPG,long_tail,queue
4,castilla elastica,comb_DJI_20250110141421_0066_V_33zoom.JPG,long_tail,queue
4,castilla elastica,comb_DJI_20250110145838_0034_V_14zoom.JPG,long_tail,queue
4,castilla elastica,comb_DJI_20250110151951_0018_V_116zoom.JPG,long_tail,queue
4,castilla elastica,comb_DJI_20250110150410_0054_V_129zoom.JPG,long_tail,queue
4,castilla elastica,comb_DJI_20250110160453_0008_V_67zoom.JPG,long_tail,queue
4,castilla elastica,comb_DJI_20250110145356_0016_V_198zoom.JPG,long_tail,queue
4,castilla elastica,comb_DJI_20250110152223_0028_V_12zoom.JPG,long_tail,queue
4,castilla elastica,comb_DJI_20250110142719_0018_V_178zoom.JPG,long_tail,queue
4,castilla elastica,comb_DJI_20250110142531_0012_V_236zoom.JPG,long_tail,queue
4,castilla elastica,comb_DJI_20250110155048_0016_V_44zoom.JPG,long_tail,queue
4,castilla elastica,comb_DJI_20250110134705_0002_V_139zoom.JPG,long_tail,queue
4,castilla elastica,comb_DJI_20250110151029_0076_V_174zoom.JPG,long_tail,queue
4,castilla elastica,comb_DJI_20250110151708_0008_V_133zoom.JPG,long_tail,queue
4,castilla elastica,comb_DJI_20250110160641_0016_V_102zoom.JPG,long_tail,queue
4,cordia alliodora,comb_DJI_20260317092412_0006_V_10870tele.JPG,long_tail,queue
4,cordia alliodora,comb_DJI_20241127095500_0032_V_2447zoom.JPG,long_tail,queue
4,cordia alliodora,comb_DJI_20250522094816_0041_V_38zoom.JPG,long_tail,queue
4,cordia alliodora,comb_DJI_20250926113130_0017_V_4289zoom.JPG,long_tail,queue
4,cordia alliodora,comb_DJI_20250523100600_0025_V_37zoom.JPG,long_tail,queue
4,cordia alliodora,comb_DJI_20260317090349_0019_V_11296tele.JPG,long_tail,queue
4,cordia alliodora,comb_DJI_20250806100130_0050_V_89zoom.JPG,long_tail,queue
4,cordia alliodora,comb_DJI_20251017121629_0005_V_10571zoom.JPG,long_tail,queue
4,cordia alliodora,comb_DJI_20260317090851_0037_V_10773tele.JPG,long_tail,queue
4,cordia alliodora,comb_DJI_20260311165328_0009_V_11089tele.JPG,long_tail,queue
4,cordia alliodora,comb_DJI_20260317092850_0022_V_5197tele.JPG,long_tail,queue
4,cordia alliodora,comb_DJI_20251017120041_0025_V_526zoom.JPG,long_tail,queue
4,cordia alliodora,comb_DJI_20250924103418_0013_V_1556zoom.JPG,long_tail,queue
4,cordia alliodora,comb_DJI_20250305115801_0038_V_6827zoom.JPG,long_tail,queue
4,cordia alliodora,comb_DJI_20250520102538_0020_V_3zoom.JPG,long_tail,queue
4,cordia alliodora,comb_DJI_20250522092659_0045_V_104zoom.JPG,long_tail,queue
4,cordia alliodora,comb_DJI_20250523083347_0023_V_155zoom.JPG,long_tail,queue
4,cordia alliodora,comb_DJI_20260318103610_0001_V_5324tele.JPG,long_tail,queue
4,cordia alliodora,comb_DJI_20251009105157_0039_V_1684zoom.JPG,long_tail,queue
4,cordia alliodora,comb_DJI_20260317100128_0049_V_10814tele.JPG,long_tail,queue
4,cordia alliodora,comb_DJI_20251003122241_0043_V_1429zoom.JPG,long_tail,queue
4,cordia alliodora,comb_DJI_20251015124115_0007_V_10010zoom.JPG,long_tail,queue
4,cordia alliodora,comb_DJI_20250522101645_0053_V_65zoom.JPG,long_tail,queue
4,cordia alliodora,comb_DJI_20250807100447_0023_V_6481zoom.JPG,long_tail,queue
4,cordia alliodora,comb_DJI_20260114120010_0001_V_9939zoom.JPG,long_tail,queue
4,cordia alliodora,comb_DJI_20240912095944_0064_V_2627zoom.JPG,long_tail,queue
4,cordia alliodora,comb_DJI_20251003122002_0035_V_840zoom.JPG,long_tail,queue
4,cordia alliodora,comb_DJI_20250926110458_0019_V_2642zoom.JPG,long_tail,queue
4,cordia alliodora,comb_DJI_20250226125011_0014_V_4207zoom.JPG,long_tail,queue
4,cordia alliodora,comb_DJI_20251015133024_0005_V_6429zoom.JPG,long_tail,queue
4,cordia alliodora,comb_DJI_20250813141852_0019_V_11502zoom.JPG,long_tail,queue
4,cordia alliodora,comb_DJI_20250204103228_0034_V_7402zoom.JPG,long_tail,queue
4,cordia alliodora,comb_DJI_20250523085829_0037_V_74zoom.JPG,long_tail,queue
4,cordia alliodora,comb_DJI_20250522092241_0029_V_147zoom.JPG,long_tail,queue
4,cordia alliodora,comb_DJI_20250522092107_0023_V_108zoom.JPG,long_tail,queue
4,cordia alliodora,comb_DJI_20251016124849_0027_V_3127zoom.JPG,long_tail,queue
4,cordia alliodora,comb_DJI_20250924105503_0013_V_1299zoom.JPG,long_tail,queue
4,cordia alliodora,comb_DJI_20250813124022_0023_V_8969zoom.JPG,long_tail,queue
4,cordia alliodora,comb_DJI_20250813140042_0033_V_11545zoom.JPG,long_tail,queue
4,cordia alliodora,comb_DJI_20240913110009_0032_V_5202zoom.JPG,long_tail,queue
4,cordia alliodora,comb_DJI_20250926113236_0021_V_4472zoom.JPG,long_tail,queue
4,cordia alliodora,comb_DJI_20250926110358_0015_V_2637zoom.JPG,long_tail,queue
4,cordia alliodora,comb_DJI_20250522094316_0021_V_77zoom.JPG,long_tail,queue
4,cordia alliodora,comb_DJI_20250924103447_0015_V_1559zoom.JPG,long_tail,queue
4,cordia alliodora,comb_DJI_20250520090856_0006_V_179zoom.JPG,long_tail,queue
4,cordia alliodora,comb_DJI_20250806110814_0002_V_63zoom.JPG,long_tail,queue
4,trichostigma octandrum,comb_DJI_20250110160022_0058_V_17zoom.JPG,long_tail,queue
4,trichostigma octandrum,comb_DJI_20250110152854_0014_V_71zoom.JPG,long_tail,queue
5,tabernaemontana arborea,comb_DJI_20260114095742_0023_V_8145zoom.JPG,long_tail,queue
5,tabernaemontana arborea,comb_DJI_20251017110731_0013_V_1761zoom.JPG,long_tail,queue
5,tabernaemontana arborea,comb_DJI_20250206092417_0012_V_990zoom.JPG,long_tail,queue
5,tabernaemontana arborea,comb_DJI_20250724100429_0021_V_9283zoom.JPG,long_tail,queue
5,tabernaemontana arborea,comb_DJI_20241127103949_0052_V_1540zoom.JPG,long_tail,queue
5,tabernaemontana arborea,comb_DJI_20250520095908_0010_V_187zoom.JPG,long_tail,queue
5,tabernaemontana arborea,comb_DJI_20250206105448_0028_V_3130zoom.JPG,long_tail,queue
5,tabernaemontana arborea,comb_DJI_20250523083858_0045_V_89zoom.JPG,long_tail,queue
5,tabernaemontana arborea,comb_DJI_20250806094956_0004_V_167zoom.JPG,long_tail,queue
5,tabernaemontana arborea,comb_DJI_20260317095906_0041_V_5113tele.JPG,long_tail,queue
5,tabernaemontana arborea,comb_DJI_20250520102643_0024_V_30zoom.JPG,long_tail,queue
5,tabernaemontana arborea,comb_DJI_20250926102754_0029_V_2721zoom.JPG,long_tail,queue
5,tabernaemontana arborea,comb_DJI_20250523082859_0003_V_18zoom.JPG,long_tail,queue
5,tabernaemontana arborea,comb_DJI_20250522094550_0031_V_43zoom.JPG,long_tail,queue
5,tabernaemontana arborea,comb_DJI_20241226100629_0074_V_2462zoom.JPG,long_tail,queue
5,tabernaemontana arborea,comb_DJI_20250305100336_0010_V_2929zoom.JPG,long_tail,queue
5,tabernaemontana arborea,comb_DJI_20250804145140_0003_V_8015zoom.JPG,long_tail,queue
5,tabernaemontana arborea,comb_DJI_20250520094051_0034_V_157zoom.JPG,long_tail,queue
5,tabernaemontana arborea,comb_DJI_20250807113831_0005_V_5779zoom.JPG,long_tail,queue
5,tabernaemontana arborea,comb_DJI_20250523082957_0007_V_32zoom.JPG,long_tail,queue
5,tabernaemontana arborea,comb_DJI_20250523083514_0029_V_156zoom.JPG,long_tail,queue
5,tabernaemontana arborea,comb_DJI_20250305091444_0008_V_1857zoom.JPG,long_tail,queue
5,tabernaemontana arborea,comb_DJI_20251014123240_0025_V_5282zoom.JPG,long_tail,queue
5,maclura tinctoria,comb_DJI_20250804145215_0005_V_7913zoom.JPG,long_tail,queue
5,iriartea deltoidea,comb_DJI_20250522092832_0051_V_121zoom.JPG,long_tail,queue
5,iriartea deltoidea,comb_DJI_20250806104202_0006_V_103zoom.JPG,long_tail,queue
5,spondias mombin,comb_DJI_20250110152708_0006_V_99zoom.JPG,long_tail,queue
5,spondias mombin,comb_DJI_20241231103506_0034_V_4394zoom.JPG,long_tail,queue
5,spondias mombin,comb_DJI_20251010091425_0003_V_2921zoom.JPG,long_tail,queue
5,spondias mombin,comb_DJI_20251014095927_0005_V_55zoom.JPG,long_tail,queue
5,spondias mombin,comb_DJI_20250716131149_0004_V_71zoom.JPG,long_tail,queue
5,spondias mombin,comb_DJI_20241226105210_0026_V_495zoom.JPG,long_tail,queue
5,spondias mombin,comb_DJI_20251017101133_0027_V_11847zoom.JPG,long_tail,queue
5,spondias mombin,comb_DJI_20250523094412_0035_V_150zoom.JPG,long_tail,queue
5,spondias mombin,comb_DJI_20260320111939_0017_V_1834tele.JPG,long_tail,queue
5,spondias mombin,comb_DJI_20260311165148_0003_V_52tele.JPG,long_tail,queue
5,spondias mombin,comb_DJI_20250305134619_0008_V_5027zoom.JPG,long_tail,queue
5,spondias mombin,comb_DJI_20251014113415_0033_V_6245zoom.JPG,long_tail,queue
5,spondias mombin,comb_DJI_20251009101413_0013_V_9167zoom.JPG,long_tail,queue
5,spondias mombin,comb_DJI_20241127095337_0028_V_2445zoom.JPG,long_tail,queue
5,spondias mombin,comb_DJI_20250813132819_0015_V_807zoom.JPG,long_tail,queue
5,spondias mombin,comb_DJI_20250807103204_0017_V_6912zoom.JPG,long_tail,queue
5,spondias mombin,comb_DJI_20251016123237_0049_V_3004zoom.JPG,long_tail,queue
5,spondias mombin,comb_DJI_20251015125617_0061_V_5299zoom.JPG,long_tail,queue
5,spondias mombin,comb_DJI_20241204143623_0008_V_4601zoom.JPG,long_tail,queue
5,spondias mombin,comb_DJI_20251016120704_0045_V_7491zoom.JPG,long_tail,queue
5,spondias mombin,comb_DJI_20251014111108_0041_V_6474zoom.JPG,long_tail,queue
5,spondias mombin,comb_DJI_20250814142003_0001_V_5119zoom.JPG,long_tail,queue
5,spondias mombin,comb_DJI_20260317095503_0027_V_5889tele.JPG,long_tail,queue
5,spondias mombin,comb_DJI_20251017090433_0005_V_9820zoom.JPG,long_tail,queue
5,spondias mombin,comb_DJI_20251001104504_0023_V_1479zoom.JPG,long_tail,queue
5,spondias mombin,comb_DJI_20251015131305_0001_V_5746zoom.JPG,long_tail,queue
5,spondias mombin,comb_DJI_20251016122437_0019_V_3542zoom.JPG,long_tail,queue
5,spondias mombin,comb_DJI_20250813084505_0003_V_8633zoom.JPG,long_tail,queue
5,spondias mombin,comb_DJI_20251014104651_0037_V_5011zoom.JPG,long_tail,queue
5,spondias mombin,comb_DJI_20241204143837_0014_V_4401zoom.JPG,long_tail,queue
5,spondias mombin,comb_DJI_20240913114611_0008_V_3899zoom.JPG,long_tail,queue
5,spondias mombin,comb_DJI_20251017104202_0031_V_2093zoom.JPG,long_tail,queue
5,spondias mombin,comb_DJI_20251016111343_0027_V_4331zoom.JPG,long_tail,queue
5,spondias mombin,comb_DJI_20251015122217_0027_V_10961zoom.JPG,long_tail,queue
5,spondias mombin,comb_DJI_20241101104131_0064_V_685zoom.JPG,long_tail,queue
5,spondias mombin,comb_DJI_20260318102106_0031_V_3457tele.JPG,long_tail,queue
5,spondias mombin,comb_DJI_20251014110140_0011_V_5378zoom.JPG,long_tail,queue
5,spondias mombin,comb_DJI_20241204144121_0022_V_4173zoom.JPG,long_tail,queue
5,spondias mombin,comb_DJI_20250807114012_0011_V_5017zoom.JPG,long_tail,queue
5,spondias mombin,comb_DJI_20251009102626_0057_V_8260zoom.JPG,long_tail,queue
5,spondias mombin,comb_DJI_20251017104654_0049_V_2019zoom.JPG,long_tail,queue
5,spondias mombin,comb_DJI_20251015133246_0013_V_5431zoom.JPG,long_tail,queue
5,spondias mombin,comb_DJI_20251017122821_0043_V_9771zoom.JPG,long_tail,queue
5,spondias mombin,comb_DJI_20241124091651_0018_V_319zoom.JPG,long_tail,queue
5,spondias mombin,comb_DJI_20251017110913_0019_V_490zoom.JPG,long_tail,queue
5,spondias mombin,comb_DJI_20251015113402_0021_V_9070zoom.JPG,long_tail,queue
5,spondias mombin,comb_DJI_20251016125522_0051_V_3236zoom.JPG,long_tail,queue
5,paullinia fuscescens,comb_DJI_20251017122451_0031_V_8389zoom.JPG,long_tail,queue
5,paullinia fuscescens,comb_DJI_20260317093029_0028_V_5910tele.JPG,long_tail,queue
5,paullinia fuscescens,comb_DJI_20241127113911_0064_V_1097zoom.JPG,long_tail,queue
5,paullinia fuscescens,comb_DJI_20251015132202_0033_V_6673zoom.JPG,long_tail,queue
5,paullinia fuscescens,comb_DJI_20241226104550_0012_V_211zoom.JPG,long_tail,queue
5,paullinia fuscescens,comb_DJI_20260114121659_0057_V_10391zoom.JPG,long_tail,queue
5,tynanthus croatianus,comb_DJI_20260318105416_0065_V_5494tele.JPG,long_tail,queue
5,tynanthus croatianus,comb_DJI_20250305104307_0026_V_1137zoom.JPG,long_tail,queue
5,tynanthus croatianus,comb_DJI_20250304093144_0014_V_383zoom.JPG,long_tail,queue
5,virola fosteri,comb_DJI_20251016104817_0021_V_10960zoom.JPG,long_tail,queue
5,virola fosteri,comb_DJI_20260114123020_0015_V_10538zoom.JPG,long_tail,queue
5,virola fosteri,comb_DJI_20260114102310_0013_V_3034zoom.JPG,long_tail,queue
5,virola fosteri,comb_DJI_20241231120151_0046_V_5739zoom.JPG,long_tail,queue
5,virola fosteri,comb_DJI_20241204144434_0032_V_3657zoom.JPG,long_tail,queue
5,virola fosteri,comb_DJI_20251016102949_0053_V_1041zoom.JPG,long_tail,queue
5,virola fosteri,comb_DJI_20251016113432_0015_V_7242zoom.JPG,long_tail,queue
5,virola fosteri,comb_DJI_20260114125427_0015_V_1471zoom.JPG,long_tail,queue
5,virola fosteri,comb_DJI_20241226095153_0028_V_3077zoom.JPG,long_tail,queue
5,virola fosteri,comb_DJI_20241204112203_0022_V_1571zoom.JPG,long_tail,queue
5,virola fosteri,comb_DJI_20260114114743_0021_V_9442zoom.JPG,long_tail,queue
5,virola fosteri,comb_DJI_20241204095342_0016_V_1123zoom.JPG,long_tail,queue
5,virola fosteri,comb_DJI_20250806104130_0004_V_100zoom.JPG,long_tail,queue
5,virola fosteri,comb_DJI_20251016122543_0023_V_3540zoom.JPG,long_tail,queue
5,virola fosteri,comb_DJI_20251016110816_0005_V_4466zoom.JPG,long_tail,queue
5,virola fosteri,comb_DJI_20241204144245_0026_V_4155zoom.JPG,long_tail,queue
5,annona glabra,comb_DJI_20251016105522_0045_V_6838zoom.JPG,long_tail,queue
5,annona glabra,comb_DJI_20251015130530_0007_V_6525zoom.JPG,long_tail,queue
6,sterculia tragacantha,comb_DJI_20250523094816_0051_V_134zoom.JPG,long_tail,queue
6,sterculia tragacantha,comb_DJI_20260320105742_0025_V_2973tele.JPG,long_tail,queue
6,sterculia tragacantha,comb_DJI_20250717091830_0044_V_92zoom.JPG,long_tail,queue
6,combretum decandrum,comb_DJI_20250814134448_0005_V_6907zoom.JPG,long_tail,queue
6,combretum decandrum,comb_DJI_20240912091350_0002_V_3673zoom.JPG,long_tail,queue
6,combretum decandrum,comb_DJI_20250305093839_0004_V_3322zoom.JPG,long_tail,queue
6,combretum decandrum,comb_DJI_20251010091348_0001_V_2997zoom.JPG,long_tail,queue
6,combretum decandrum,comb_DJI_20250813091251_0021_V_10273zoom.JPG,long_tail,queue
6,combretum decandrum,comb_DJI_20250814134418_0003_V_6964zoom.JPG,long_tail,queue
6,combretum decandrum,comb_DJI_20250814134548_0009_V_7658zoom.JPG,long_tail,queue
6,combretum decandrum,comb_DJI_20250814134521_0007_V_7715zoom.JPG,long_tail,queue
6,combretum decandrum,comb_DJI_20250110140748_0042_V_59zoom.JPG,long_tail,queue
6,combretum decandrum,comb_DJI_20240913114516_0006_V_4149zoom.JPG,long_tail,queue
6,combretum decandrum,comb_DJI_20251010103651_0037_V_608zoom.JPG,long_tail,queue
6,combretum decandrum,comb_DJI_20250106105828_0018_V_4909zoom.JPG,long_tail,queue
6,combretum decandrum,comb_DJI_20251015134054_0041_V_6230zoom.JPG,long_tail,queue
6,combretum decandrum,comb_DJI_20240913114428_0004_V_4403zoom.JPG,long_tail,queue
6,combretum decandrum,comb_DJI_20250814142859_0033_V_3356zoom.JPG,long_tail,queue
6,combretum decandrum,comb_DJI_20250814132047_0003_V_9237zoom.JPG,long_tail,queue
6,combretum decandrum,comb_DJI_20251010083141_0029_V_3216zoom.JPG,long_tail,queue
6,combretum decandrum,comb_DJI_20250110155832_0050_V_26zoom.JPG,long_tail,queue
6,combretum decandrum,comb_DJI_20251001124103_0039_V_3566zoom.JPG,long_tail,queue
6,combretum decandrum,comb_DJI_20250814123654_0023_V_4851zoom.JPG,long_tail,queue
6,argyreia nervosa,comb_DJI_20250110145802_0032_V_168zoom.JPG,long_tail,queue
6,sarcomphalus joazeiro,comb_DJI_20250520103013_0036_V_5zoom.JPG,long_tail,queue
6,croton matourensis,comb_DJI_20250806112544_0068_V_65zoom.JPG,long_tail,queue
6,croton matourensis,comb_DJI_20250806112515_0066_V_66zoom.JPG,long_tail,queue
6,croton matourensis,comb_DJI_20250806112430_0064_V_136zoom.JPG,long_tail,queue
6,xylopia frutescens,comb_DJI_20250520120252_0048_V_47zoom.JPG,long_tail,queue
6,duranta erecta,comb_DJI_20250924105814_0023_V_736zoom.JPG,long_tail,queue
6,duranta erecta,comb_DJI_20260322093524_0027_V_546tele.JPG,long_tail,queue
6,combretum fruticosum,comb_DJI_20260320110136_0039_V_1088tele.JPG,long_tail,queue
6,combretum fruticosum,comb_DJI_20250110133644_0034_V_30zoom.JPG,long_tail,queue
6,combretum fruticosum,comb_DJI_20240911153903_0064_V_4812zoom.JPG,long_tail,queue
6,combretum fruticosum,comb_DJI_20251017100545_0005_V_11925zoom.JPG,long_tail,queue
6,combretum fruticosum,comb_DJI_20251010120825_0005_V_8013zoom.JPG,long_tail,queue
6,combretum fruticosum,comb_DJI_20240913112713_0036_V_4595zoom.JPG,long_tail,queue
6,combretum fruticosum,comb_DJI_20241204111919_0016_V_2185zoom.JPG,long_tail,queue
6,combretum fruticosum,comb_DJI_20250813115116_0005_V_7925zoom.JPG,long_tail,queue
6,combretum fruticosum,comb_DJI_20250926112850_0009_V_2125zoom.JPG,long_tail,queue
6,combretum fruticosum,comb_DJI_20250820105205_0003_V_5152zoom.JPG,long_tail,queue
6,mikania cordifolia,comb_DJI_20250806111429_0026_V_130zoom.JPG,long_tail,queue
6,beilschmiedia tovarensis,comb_DJI_20250520115800_0032_V_213zoom.JPG,long_tail,queue
6,beilschmiedia tovarensis,comb_DJI_20260317093336_0038_V_5985tele.JPG,long_tail,queue
6,beilschmiedia tovarensis,comb_DJI_20260114103406_0053_V_4744zoom.JPG,long_tail,queue
6,beilschmiedia tovarensis,comb_DJI_20250520115910_0036_V_69zoom.JPG,long_tail,queue
6,beilschmiedia tovarensis,comb_DJI_20260317095539_0029_V_5206tele.JPG,long_tail,queue
6,beilschmiedia tovarensis,comb_DJI_20250522103832_0045_V_125zoom.JPG,long_tail,queue
6,beilschmiedia tovarensis,comb_DJI_20250520095829_0008_V_185zoom.JPG,long_tail,queue
6,beilschmiedia tovarensis,comb_DJI_20250813144507_0033_V_2213zoom.JPG,long_tail,queue
6,beilschmiedia tovarensis,comb_DJI_20250520115128_0010_V_115zoom.JPG,long_tail,queue
6,beilschmiedia tovarensis,comb_DJI_20250523085633_0029_V_73zoom.JPG,long_tail,queue
6,beilschmiedia tovarensis,comb_DJI_20250304105556_0018_V_2557zoom.JPG,long_tail,queue
6,beilschmiedia tovarensis,comb_DJI_20250522094013_0009_V_115zoom.JPG,long_tail,queue
6,beilschmiedia tovarensis,comb_DJI_20241204092728_0026_V_3163zoom.JPG,long_tail,queue
6,beilschmiedia tovarensis,comb_DJI_20241218120104_0028_V_2557zoom.JPG,long_tail,queue
6,beilschmiedia tovarensis,comb_DJI_20250523083221_0017_V_21zoom.JPG,long_tail,queue
6,beilschmiedia tovarensis,comb_DJI_20250806101821_0018_V_87zoom.JPG,long_tail,queue
6,beilschmiedia tovarensis,comb_DJI_20260317093105_0030_V_5185tele.JPG,long_tail,queue
6,beilschmiedia tovarensis,comb_DJI_20250724100328_0017_V_9957zoom.JPG,long_tail,queue
6,bignonia aequinoctialis,comb_DJI_20250930114017_0021_V_5638zoom.JPG,long_tail,queue
6,bignonia aequinoctialis,comb_DJI_20250814135850_0051_V_6682zoom.JPG,long_tail,queue
6,bignonia aequinoctialis,comb_DJI_20241127100425_0060_V_2172zoom.JPG,long_tail,queue
6,bignonia aequinoctialis,comb_DJI_20251003105430_0013_V_850zoom.JPG,long_tail,queue
6,bignonia aequinoctialis,comb_DJI_20260114120049_0003_V_10862zoom.JPG,long_tail,queue
6,bignonia aequinoctialis,comb_DJI_20250522103005_0013_V_93zoom.JPG,long_tail,queue
6,bignonia aequinoctialis,comb_DJI_20260114114551_0015_V_9545zoom.JPG,long_tail,queue
6,bignonia aequinoctialis,comb_DJI_20241127092841_0040_V_2076zoom.JPG,long_tail,queue
6,bignonia aequinoctialis,comb_DJI_20250106110804_0042_V_5823zoom.JPG,long_tail,queue
6,bignonia aequinoctialis,comb_DJI_20241124090526_0028_V_568zoom.JPG,long_tail,queue
6,vitex parviflora,comb_DJI_20250926110200_0009_V_2432zoom.JPG,long_tail,queue
6,dalbergia ecastaphyllum,comb_DJI_20260317093140_0032_V_5301tele.JPG,long_tail,queue
6,dalbergia ecastaphyllum,comb_DJI_20250110142826_0022_V_35zoom.JPG,long_tail,queue
6,dalbergia ecastaphyllum,comb_DJI_20250523083801_0041_V_61zoom.JPG,long_tail,queue
6,dalbergia ecastaphyllum,comb_DJI_20260317101800_0015_V_5657tele.JPG,long_tail,queue
6,selaginella willdenowii,comb_DJI_20250522092624_0043_V_97zoom.JPG,long_tail,queue
7,fridericia patellifera,comb_DJI_20250926091446_0013_V_4752zoom.JPG,long_tail,queue
7,fridericia patellifera,comb_DJI_20260322092219_0067_V_3553tele.JPG,long_tail,queue
7,fridericia patellifera,comb_DJI_20250110164401_0028_V_101zoom.JPG,long_tail,queue
7,fridericia patellifera,comb_DJI_20260317090922_0039_V_10764tele.JPG,long_tail,queue
7,fridericia patellifera,comb_DJI_20251015124916_0035_V_6307zoom.JPG,long_tail,queue
7,fridericia patellifera,comb_DJI_20250522090028_0021_V_18zoom.JPG,long_tail,queue
7,fridericia patellifera,comb_DJI_20251017101350_0035_V_693zoom.JPG,long_tail,queue
7,fridericia patellifera,comb_DJI_20250110140207_0022_V_125zoom.JPG,long_tail,queue
7,fridericia patellifera,comb_DJI_20260114120828_0029_V_461zoom.JPG,long_tail,queue
7,fridericia patellifera,comb_DJI_20250813132421_0005_V_11369zoom.JPG,long_tail,queue
7,fridericia patellifera,comb_DJI_20260317092711_0016_V_5196tele.JPG,long_tail,queue
7,fridericia patellifera,comb_DJI_20250110151910_0016_V_172zoom.JPG,long_tail,queue
7,fridericia patellifera,comb_DJI_20260317090607_0027_V_10782tele.JPG,long_tail,queue
7,fridericia patellifera,comb_DJI_20250110155953_0056_V_55zoom.JPG,long_tail,queue
7,fridericia patellifera,comb_DJI_20250813142006_0023_V_974zoom.JPG,long_tail,queue
7,fridericia patellifera,comb_DJI_20260317090638_0029_V_10797tele.JPG,long_tail,queue
7,fridericia patellifera,comb_DJI_20241217101831_0028_V_3410zoom.JPG,long_tail,queue
7,fridericia patellifera,comb_DJI_20260318092949_0021_V_572tele.JPG,long_tail,queue
7,fridericia patellifera,comb_DJI_20250110155738_0046_V_27zoom.JPG,long_tail,queue
7,fridericia patellifera,comb_DJI_20260317101653_0011_V_11267tele.JPG,long_tail,queue
7,fridericia patellifera,comb_DJI_20251006115415_0045_V_2198zoom.JPG,long_tail,queue
7,fridericia patellifera,comb_DJI_20241217130350_0016_V_2368zoom.JPG,long_tail,queue
7,fridericia patellifera,comb_DJI_20250305100738_0018_V_2485zoom.JPG,long_tail,queue
7,fridericia patellifera,comb_DJI_20260114103301_0049_V_4822zoom.JPG,long_tail,queue
7,fridericia patellifera,comb_DJI_20251009083753_0019_V_8143zoom.JPG,long_tail,queue
7,fridericia patellifera,comb_DJI_20240911155720_0042_V_6020zoom.JPG,long_tail,queue
7,fridericia patellifera,comb_DJI_20250813141927_0021_V_11526zoom.JPG,long_tail,queue
7,fridericia patellifera,comb_DJI_20240913110812_0060_V_5414zoom.JPG,long_tail,queue
7,fridericia patellifera,comb_DJI_20240911155909_0048_V_5873zoom.JPG,long_tail,queue
7,fridericia patellifera,comb_DJI_20250924103655_0023_V_1570zoom.JPG,long_tail,queue
7,fridericia patellifera,comb_DJI_20250813112554_0025_V_11544zoom.JPG,long_tail,queue
7,fridericia patellifera,comb_DJI_20241124091155_0002_V_750zoom.JPG,long_tail,queue
7,fridericia patellifera,comb_DJI_20251014111352_0051_V_5873zoom.JPG,long_tail,queue
7,fridericia patellifera,comb_DJI_20250813135820_0025_V_1051zoom.JPG,long_tail,queue
7,fridericia patellifera,comb_DJI_20251015122901_0051_V_7557zoom.JPG,long_tail,queue
7,fridericia patellifera,comb_DJI_20240912092325_0028_V_2375zoom.JPG,long_tail,queue
7,fridericia patellifera,comb_DJI_20241124091340_0008_V_751zoom.JPG,long_tail,queue
7,fridericia patellifera,comb_DJI_20251006115339_0043_V_680zoom.JPG,long_tail,queue
7,fridericia patellifera,comb_DJI_20250813140004_0031_V_990zoom.JPG,long_tail,queue
7,fridericia patellifera,comb_DJI_20251001125819_0015_V_2157zoom.JPG,long_tail,queue
7,fridericia patellifera,comb_DJI_20260317090956_0041_V_5129tele.JPG,long_tail,queue
7,fridericia patellifera,comb_DJI_20240911153514_0052_V_4531zoom.JPG,long_tail,queue
7,fridericia patellifera,comb_DJI_20250807114145_0017_V_5751zoom.JPG,long_tail,queue
7,philodendron warszewiczii,comb_DJI_20250206102719_0026_V_4128zoom.JPG,long_tail,queue
7,pittocaulon velatum,comb_DJI_20250304110332_0034_V_3742zoom.JPG,long_tail,queue
7,bursera schlechtendalii,comb_DJI_20250724111817_0025_V_10432zoom.JPG,long_tail,queue
7,bursera schlechtendalii,comb_DJI_20241217101435_0014_V_3407zoom.JPG,long_tail,queue
7,acalypha macrostachya,comb_DJI_20250813123831_0017_V_8982zoom.JPG,long_tail,queue
7,pouteria reticulata,comb_DJI_20241202120747_0004_V_2014zoom.JPG,long_tail,queue
7,pouteria reticulata,comb_DJI_20250716125642_0017_V_109zoom.JPG,long_tail,queue
7,pouteria reticulata,comb_DJI_20241217105459_0042_V_1922zoom.JPG,long_tail,queue
7,pouteria reticulata,comb_DJI_20251003115318_0019_V_494zoom.JPG,long_tail,queue
7,casearia bicolor,comb_DJI_20260114114302_0005_V_8465zoom.JPG,long_tail,queue
7,casearia bicolor,comb_DJI_20250204100342_0026_V_5516zoom.JPG,long_tail,queue
7,celtis iguanaea,comb_DJI_20250522095203_0055_V_70zoom.JPG,long_tail,queue
7,celtis iguanaea,comb_DJI_20260317092529_0010_V_5181tele.JPG,long_tail,queue
7,celtis iguanaea,comb_DJI_20251009085802_0003_V_10751zoom.JPG,long_tail,queue
7,celtis iguanaea,comb_DJI_20250926113416_0027_V_234zoom.JPG,long_tail,queue
7,celtis iguanaea,comb_DJI_20250723124554_0039_V_6674zoom.JPG,long_tail,queue
7,celtis iguanaea,comb_DJI_20250813132348_0003_V_11921zoom.JPG,long_tail,queue
7,celtis iguanaea,comb_DJI_20250522095308_0059_V_72zoom.JPG,long_tail,queue
7,celtis iguanaea,comb_DJI_20250717094909_0006_V_95zoom.JPG,long_tail,queue
7,celtis iguanaea,comb_DJI_20250522093946_0007_V_109zoom.JPG,long_tail,queue
7,celtis iguanaea,comb_DJI_20250813135153_0005_V_901zoom.JPG,long_tail,queue
7,celtis iguanaea,comb_DJI_20250806102748_0020_V_150zoom.JPG,long_tail,queue
7,celtis iguanaea,comb_DJI_20260114104810_0013_V_5884zoom.JPG,long_tail,queue
7,celtis iguanaea,comb_DJI_20250926091556_0017_V_4225zoom.JPG,long_tail,queue
7,celtis iguanaea,comb_DJI_20250523094845_0053_V_135zoom.JPG,long_tail,queue
7,celtis iguanaea,comb_DJI_20251003115725_0033_V_718zoom.JPG,long_tail,queue
7,oryctanthus spicatus,comb_DJI_20260114125350_0013_V_535zoom.JPG,long_tail,queue
7,callitriche heterophylla,comb_DJI_20260114131220_0007_V_2462zoom.JPG,long_tail,queue
7,flemingia strobilifera,comb_DJI_20260112123525_0037_V_4951zoom.JPG,long_tail,queue
7,plinia cauliflora,comb_DJI_20250523101437_0061_V_24zoom.JPG,long_tail,queue
7,ocotea oblonga,comb_DJI_20240913105018_0006_V_4370zoom.JPG,long_tail,queue
7,ocotea oblonga,comb_DJI_20260114125717_0023_V_2153zoom.JPG,long_tail,queue
7,ocotea oblonga,comb_DJI_20250724094213_0007_V_8803zoom.JPG,long_tail,queue
7,ocotea oblonga,comb_DJI_20240912094701_0022_V_3392zoom.JPG,long_tail,queue
7,ocotea oblonga,comb_DJI_20240913111104_0070_V_5149zoom.JPG,long_tail,queue
7,ocotea oblonga,comb_DJI_20250520101041_0050_V_17zoom.JPG,long_tail,queue
7,ocotea oblonga,comb_DJI_20250926110558_0023_V_2348zoom.JPG,long_tail,queue
7,ocotea oblonga,comb_DJI_20250813110711_0026_V_9660zoom.JPG,long_tail,queue
7,ocotea oblonga,comb_DJI_20240911153056_0038_V_4270zoom.JPG,long_tail,queue
7,ocotea oblonga,comb_DJI_20251016113807_0029_V_7196zoom.JPG,long_tail,queue
7,ocotea oblonga,comb_DJI_20251017115357_0003_V_10387zoom.JPG,long_tail,queue
7,bursera excelsa,comb_DJI_20250304085318_0056_V_8400zoom.JPG,long_tail,queue
7,croton billbergianus,comb_DJI_20250110150230_0048_V_224zoom.JPG,long_tail,queue
7,croton billbergianus,comb_DJI_20250110135708_0004_V_11zoom.JPG,long_tail,queue
7,croton billbergianus,comb_DJI_20250110150337_0052_V_8zoom.JPG,long_tail,queue
7,croton billbergianus,comb_DJI_20241101095616_0008_V_860zoom.JPG,long_tail,queue
7,croton billbergianus,comb_DJI_20250110150525_0058_V_9zoom.JPG,long_tail,queue
7,croton billbergianus,comb_DJI_20250110133058_0012_V_64zoom.JPG,long_tail,queue
7,croton billbergianus,comb_DJI_20250110150741_0066_V_197zoom.JPG,long_tail,queue
7,croton billbergianus,comb_DJI_20250110145024_0002_V_77zoom.JPG,long_tail,queue
7,simarouba glauca,comb_DJI_20260322092252_0069_V_2614tele.JPG,long_tail,queue
7,combretum laxum,comb_DJI_20241226103134_0054_V_1456zoom.JPG,long_tail,queue
7,combretum laxum,comb_DJI_20250110140609_0036_V_29zoom.JPG,long_tail,queue
7,combretum laxum,comb_DJI_20241226123936_0062_V_1809zoom.JPG,long_tail,queue
7,combretum laxum,comb_DJI_20250523083829_0043_V_58zoom.JPG,long_tail,queue
8,aegiphila elata,comb_DJI_20250304094408_0004_V_501zoom.JPG,long_tail,queue
8,aegiphila elata,comb_DJI_20260114095317_0007_V_8216zoom.JPG,long_tail,queue
8,aegiphila elata,comb_DJI_20251006114842_0027_V_743zoom.JPG,long_tail,queue
8,aegiphila elata,comb_DJI_20250814143235_0045_V_2861zoom.JPG,long_tail,queue
8,aegiphila elata,comb_DJI_20250930113830_0015_V_5641zoom.JPG,long_tail,queue
8,bonellia macrocarpa,comb_DJI_20250520095749_0006_V_160zoom.JPG,long_tail,queue
8,xylosma flexuosa,comb_DJI_20240912090451_0052_V_3431zoom.JPG,long_tail,queue
8,xylosma flexuosa,comb_DJI_20250110133240_0018_V_136zoom.JPG,long_tail,queue
8,quararibea stenophylla,comb_DJI_20250110164008_0010_V_187zoom.JPG,long_tail,queue
8,quararibea stenophylla,comb_DJI_20250522085518_0009_V_8zoom.JPG,long_tail,queue
8,quararibea stenophylla,comb_DJI_20241127092115_0018_V_2306zoom.JPG,long_tail,queue
8,quararibea stenophylla,comb_DJI_20250807103313_0021_V_7610zoom.JPG,long_tail,queue
8,quararibea stenophylla,comb_DJI_20250813112447_0021_V_10256zoom.JPG,long_tail,queue
8,quararibea stenophylla,comb_DJI_20250724100534_0025_V_9981zoom.JPG,long_tail,queue
8,quararibea stenophylla,comb_DJI_20250717095425_0022_V_120zoom.JPG,long_tail,queue
8,quararibea stenophylla,comb_DJI_20250717091343_0026_V_118zoom.JPG,long_tail,queue
8,quararibea stenophylla,comb_DJI_20250807105521_0019_V_8346zoom.JPG,long_tail,queue
8,quararibea stenophylla,comb_DJI_20250717085349_0038_V_82zoom.JPG,long_tail,queue
8,quararibea stenophylla,comb_DJI_20250522085447_0007_V_129zoom.JPG,long_tail,queue
8,barkeria obovata,comb_DJI_20251017093934_0013_V_11760zoom.JPG,long_tail,queue
8,evolvulus nummularius,comb_DJI_20250522090617_0035_V_49zoom.JPG,long_tail,queue
8,genipa americana,comb_DJI_20241204102209_0014_V_753zoom.JPG,long_tail,queue
8,genipa americana,comb_DJI_20250807102702_0001_V_5656zoom.JPG,long_tail,queue
8,genipa americana,comb_DJI_20250522085904_0017_V_12zoom.JPG,long_tail,queue
8,phyllanthus acuminatus,comb_DJI_20241101103439_0038_V_916zoom.JPG,long_tail,queue
8,erythrina poeppigiana,comb_DJI_20260318105021_0051_V_5484tele.JPG,long_tail,queue
8,dioclea virgata,comb_DJI_20250110161830_0008_V_193zoom.JPG,long_tail,queue
8,dioclea virgata,comb_DJI_20260114131643_0019_V_2617zoom.JPG,long_tail,queue
8,dioclea virgata,comb_DJI_20250110140900_0046_V_20zoom.JPG,long_tail,queue
8,dioclea virgata,comb_DJI_20250110145224_0010_V_80zoom.JPG,long_tail,queue
8,dioclea virgata,comb_DJI_20251015130745_0015_V_7841zoom.JPG,long_tail,queue
8,dioclea virgata,comb_DJI_20250110133342_0022_V_160zoom.JPG,long_tail,queue
8,passiflora filipes,comb_DJI_20250930120928_0049_V_1400zoom.JPG,long_tail,queue
8,passiflora filipes,comb_DJI_20251003105903_0029_V_1354zoom.JPG,long_tail,queue
8,protium tenuifolium,comb_DJI_20240911151847_0006_V_2549zoom.JPG,long_tail,queue
8,protium tenuifolium,comb_DJI_20251016125314_0043_V_3737zoom.JPG,long_tail,queue
8,protium tenuifolium,comb_DJI_20250806105630_0006_V_115zoom.JPG,long_tail,queue
8,protium tenuifolium,comb_DJI_20250520091134_0014_V_239zoom.JPG,long_tail,queue
8,protium tenuifolium,comb_DJI_20250522092731_0047_V_105zoom.JPG,long_tail,queue
8,protium tenuifolium,comb_DJI_20260317091103_0045_V_10842tele.JPG,long_tail,queue
8,protium tenuifolium,comb_DJI_20250806105706_0008_V_116zoom.JPG,long_tail,queue
8,protium tenuifolium,comb_DJI_20240913113715_0064_V_4144zoom.JPG,long_tail,queue
8,protium tenuifolium,comb_DJI_20250110162039_0016_V_23zoom.JPG,long_tail,queue
8,protium tenuifolium,comb_DJI_20250806094139_0014_V_160zoom.JPG,long_tail,queue
8,protium tenuifolium,comb_DJI_20250806095936_0042_V_86zoom.JPG,long_tail,queue
8,protium tenuifolium,comb_DJI_20241101093529_0026_V_926zoom.JPG,long_tail,queue
8,protium tenuifolium,comb_DJI_20241101102227_0004_V_398zoom.JPG,long_tail,queue
8,protium tenuifolium,comb_DJI_20241101094045_0044_V_1426zoom.JPG,long_tail,queue
8,protium tenuifolium,comb_DJI_20250806105556_0004_V_177zoom.JPG,long_tail,queue
8,protium tenuifolium,comb_DJI_20251010094918_0041_V_2194zoom.JPG,long_tail,queue
8,protium tenuifolium,comb_DJI_20250806105957_0018_V_147zoom.JPG,long_tail,queue
8,protium tenuifolium,comb_DJI_20250724100608_0027_V_10038zoom.JPG,long_tail,queue
8,protium tenuifolium,comb_DJI_20250806111559_0032_V_128zoom.JPG,long_tail,queue
8,protium tenuifolium,comb_DJI_20251016102818_0047_V_1063zoom.JPG,long_tail,queue
8,protium tenuifolium,comb_DJI_20240913110844_0062_V_5877zoom.JPG,long_tail,queue
8,protium tenuifolium,comb_DJI_20241101093601_0028_V_677zoom.JPG,long_tail,queue
8,protium tenuifolium,comb_DJI_20250806103021_0030_V_162zoom.JPG,long_tail,queue
8,protium tenuifolium,comb_DJI_20240913105802_0026_V_4922zoom.JPG,long_tail,queue
8,protium tenuifolium,comb_DJI_20240913113254_0054_V_5885zoom.JPG,long_tail,queue
8,socratea exorrhiza,comb_DJI_20250520093548_0016_V_162zoom.JPG,long_tail,queue
8,socratea exorrhiza,comb_DJI_20250806101448_0004_V_176zoom.JPG,long_tail,queue
8,socratea exorrhiza,comb_DJI_20250806100456_0064_V_70zoom.JPG,long_tail,queue
8,socratea exorrhiza,comb_DJI_20250806101520_0006_V_175zoom.JPG,long_tail,queue
8,socratea exorrhiza,comb_DJI_20250522085833_0015_V_16zoom.JPG,long_tail,queue
8,pleurothyrium palmanum,comb_DJI_20250522102936_0011_V_137zoom.JPG,long_tail,queue
8,ixora coccinea,comb_DJI_20240911145928_0036_V_514zoom.JPG,long_tail,queue
8,bowdichia virgilioides,comb_DJI_20251017122706_0039_V_9766zoom.JPG,long_tail,queue
8,lafoensia punicifolia,comb_DJI_20260318104053_0017_V_6857tele.JPG,long_tail,queue
8,funtumia elastica,comb_DJI_20250522092137_0025_V_98zoom.JPG,long_tail,queue
8,funtumia elastica,comb_DJI_20250520090933_0008_V_134zoom.JPG,long_tail,queue
8,trichilia tuberculata,comb_DJI_20260318095036_0011_V_485tele.JPG,long_tail,queue
8,trichilia tuberculata,comb_DJI_20240911155529_0036_V_5844zoom.JPG,long_tail,queue
8,trichilia tuberculata,comb_DJI_20250924105408_0009_V_1282zoom.JPG,long_tail,queue
8,trichilia tuberculata,comb_DJI_20250930122700_0017_V_608zoom.JPG,long_tail,queue
8,trichilia tuberculata,comb_DJI_20241107103817_0018_V_2770zoom.JPG,long_tail,queue
8,trichilia tuberculata,comb_DJI_20241126102834_0022_V_670zoom.JPG,long_tail,queue
8,trichilia tuberculata,comb_DJI_20250924110103_0033_V_743zoom.JPG,long_tail,queue
8,trichilia tuberculata,comb_DJI_20250813085222_0025_V_9690zoom.JPG,long_tail,queue
8,trichilia tuberculata,comb_DJI_20250813141551_0009_V_965zoom.JPG,long_tail,queue
8,trichilia tuberculata,comb_DJI_20240911150402_0048_V_2253zoom.JPG,long_tail,queue
8,trichilia tuberculata,comb_DJI_20260322091830_0053_V_2537tele.JPG,long_tail,queue
8,muellera monilis,comb_DJI_20250522102904_0009_V_139zoom.JPG,long_tail,queue
8,muellera monilis,comb_DJI_20250106100802_0038_V_5256zoom.JPG,long_tail,queue
8,momordica charantia,comb_DJI_20250110160805_0022_V_40zoom.JPG,long_tail,queue
8,blepharidium guatemalense,comb_DJI_20250522103324_0025_V_63zoom.JPG,long_tail,queue
9,sloanea terniflora,comb_DJI_20240911154627_0008_V_5329zoom.JPG,long_tail,queue
9,sloanea terniflora,comb_DJI_20241231115344_0024_V_4938zoom.JPG,long_tail,queue
9,sloanea terniflora,comb_DJI_20250813084539_0005_V_8702zoom.JPG,long_tail,queue
9,sloanea terniflora,comb_DJI_20250806102450_0008_V_27zoom.JPG,long_tail,queue
9,sloanea terniflora,comb_DJI_20250522094710_0037_V_35zoom.JPG,long_tail,queue
9,sloanea terniflora,comb_DJI_20250520115241_0014_V_193zoom.JPG,long_tail,queue
9,sloanea terniflora,comb_DJI_20240912091618_0008_V_3423zoom.JPG,long_tail,queue
9,sloanea terniflora,comb_DJI_20251017110946_0021_V_1353zoom.JPG,long_tail,queue
9,sloanea terniflora,comb_DJI_20250523084052_0053_V_127zoom.JPG,long_tail,queue
9,sloanea terniflora,comb_DJI_20250522093037_0059_V_111zoom.JPG,long_tail,queue
9,sloanea terniflora,comb_DJI_20241226133352_0040_V_1658zoom.JPG,long_tail,queue
9,sloanea terniflora,comb_DJI_20241024132602_0026_V_728zoom.JPG,long_tail,queue
9,sloanea terniflora,comb_DJI_20241217135446_0022_V_1060zoom.JPG,long_tail,queue
9,sloanea terniflora,comb_DJI_20251017103322_0001_V_2233zoom.JPG,long_tail,queue
9,sloanea terniflora,comb_DJI_20250522094042_0011_V_113zoom.JPG,long_tail,queue
9,sloanea terniflora,comb_DJI_20250305132608_0022_V_4561zoom.JPG,long_tail,queue
9,sloanea terniflora,comb_DJI_20250806110942_0008_V_61zoom.JPG,long_tail,queue
9,sloanea terniflora,comb_DJI_20251003105555_0019_V_1372zoom.JPG,long_tail,queue
9,sloanea terniflora,comb_DJI_20250522094917_0045_V_41zoom.JPG,long_tail,queue
9,sloanea terniflora,comb_DJI_20241204105829_0038_V_258zoom.JPG,long_tail,queue
9,sloanea terniflora,comb_DJI_20241217132902_0016_V_4247zoom.JPG,long_tail,queue
9,sloanea terniflora,comb_DJI_20250522101303_0039_V_69zoom.JPG,long_tail,queue
9,sloanea terniflora,comb_DJI_20250806102312_0002_V_42zoom.JPG,long_tail,queue
9,sloanea terniflora,comb_DJI_20250520100401_0024_V_145zoom.JPG,long_tail,queue
9,sloanea terniflora,comb_DJI_20241127103022_0024_V_1696zoom.JPG,long_tail,queue
9,sloanea terniflora,comb_DJI_20250806110912_0006_V_59zoom.JPG,long_tail,queue
9,sloanea terniflora,comb_DJI_20260114105021_0021_V_4854zoom.JPG,long_tail,queue
9,sloanea terniflora,comb_DJI_20250520115204_0012_V_98zoom.JPG,long_tail,queue
9,ligustrum sinense,comb_DJI_20260318095516_0029_V_1762tele.JPG,long_tail,queue
9,ligustrum sinense,comb_DJI_20250806111458_0028_V_129zoom.JPG,long_tail,queue
9,ligustrum ovalifolium,comb_DJI_20250520100437_0026_V_116zoom.JPG,long_tail,queue
9,ligustrum ovalifolium,comb_DJI_20250520101346_0062_V_27zoom.JPG,long_tail,queue
9,virola sebifera,comb_DJI_20250523090320_0057_V_146zoom.JPG,long_tail,queue
9,virola sebifera,comb_DJI_20241101093745_0034_V_924zoom.JPG,long_tail,queue
9,virola sebifera,comb_DJI_20250520094658_0058_V_156zoom.JPG,long_tail,queue
9,virola sebifera,comb_DJI_20250813135119_0003_V_1436zoom.JPG,long_tail,queue
9,virola sebifera,comb_DJI_20260317093648_0050_V_5913tele.JPG,long_tail,queue
9,virola sebifera,comb_DJI_20250520094203_0040_V_61zoom.JPG,long_tail,queue
9,virola sebifera,comb_DJI_20241204102124_0012_V_769zoom.JPG,long_tail,queue
9,virola sebifera,comb_DJI_20250520101109_0052_V_67zoom.JPG,long_tail,queue
9,virola sebifera,comb_DJI_20260114105207_0027_V_4895zoom.JPG,long_tail,queue
9,virola sebifera,comb_DJI_20241204150726_0012_V_3280zoom.JPG,long_tail,queue
9,virola sebifera,comb_DJI_20241101093123_0010_V_1230zoom.JPG,long_tail,queue
9,virola sebifera,comb_DJI_20241101102548_0012_V_158zoom.JPG,long_tail,queue
9,virola sebifera,comb_DJI_20250520102611_0022_V_4zoom.JPG,long_tail,queue
9,virola sebifera,comb_DJI_20250520102314_0010_V_7zoom.JPG,long_tail,queue
9,piscidia piscipula,comb_DJI_20241127105343_0006_V_1560zoom.JPG,long_tail,queue
9,piscidia piscipula,comb_DJI_20250807102811_0005_V_5105zoom.JPG,long_tail,queue
9,myroxylon balsamum,comb_DJI_20250806103325_0042_V_180zoom.JPG,long_tail,queue
9,cosmibuena macrocarpa,comb_DJI_20251016121009_0053_V_7462zoom.JPG,long_tail,queue
9,cosmibuena macrocarpa,comb_DJI_20250106103457_0032_V_5978zoom.JPG,long_tail,queue
9,cosmibuena macrocarpa,comb_DJI_20241226122104_0004_V_3241zoom.JPG,long_tail,queue
9,cosmibuena macrocarpa,comb_DJI_20251015114002_0043_V_987zoom.JPG,long_tail,queue
9,cosmibuena macrocarpa,comb_DJI_20251016115756_0011_V_4747zoom.JPG,long_tail,queue
9,cosmibuena macrocarpa,comb_DJI_20250806111806_0040_V_119zoom.JPG,long_tail,queue
9,cosmibuena macrocarpa,comb_DJI_20250304102838_0016_V_1837zoom.JPG,long_tail,queue
9,lonchocarpus sericeus,comb_DJI_20250204100909_0044_V_6957zoom.JPG,long_tail,queue
9,commicarpus scandens,comb_DJI_20250724102412_0017_V_1295zoom.JPG,long_tail,queue
9,prionostemma aspera,comb_DJI_20250106093714_0028_V_6079zoom.JPG,long_tail,queue
9,prionostemma aspera,comb_DJI_20250522100417_0005_V_124zoom.JPG,long_tail,queue
9,prionostemma aspera,comb_DJI_20260114095240_0005_V_8290zoom.JPG,long_tail,queue
9,prionostemma aspera,comb_DJI_20250926101918_0003_V_3958zoom.JPG,long_tail,queue
9,prionostemma aspera,comb_DJI_20250520093808_0024_V_123zoom.JPG,long_tail,queue
9,prionostemma aspera,comb_DJI_20250523095136_0065_V_100zoom.JPG,long_tail,queue
9,prionostemma aspera,comb_DJI_20241127092153_0020_V_2298zoom.JPG,long_tail,queue
9,prionostemma aspera,comb_DJI_20260114103034_0039_V_4837zoom.JPG,long_tail,queue
9,prionostemma aspera,comb_DJI_20250723124440_0037_V_6657zoom.JPG,long_tail,queue
9,prionostemma aspera,comb_DJI_20250715124149_0002_V_335zoom.JPG,long_tail,queue
9,prionostemma aspera,comb_DJI_20241127112625_0022_V_971zoom.JPG,long_tail,queue
9,prionostemma aspera,comb_DJI_20250717091649_0038_V_129zoom.JPG,long_tail,queue
9,prionostemma aspera,comb_DJI_20250520103409_0050_V_130zoom.JPG,long_tail,queue
9,prionostemma aspera,comb_DJI_20251001104705_0029_V_1990zoom.JPG,long_tail,queue
9,maripa panamensis,comb_DJI_20250106094842_0066_V_5637zoom.JPG,long_tail,queue
9,maripa panamensis,comb_DJI_20250930113438_0001_V_6324zoom.JPG,long_tail,queue
9,maripa panamensis,comb_DJI_20250305125455_0016_V_6465zoom.JPG,long_tail,queue
9,maripa panamensis,comb_DJI_20260112115916_0007_V_3345zoom.JPG,long_tail,queue
9,maripa panamensis,comb_DJI_20250523094119_0023_V_46zoom.JPG,long_tail,queue
9,maripa panamensis,comb_DJI_20241126102505_0012_V_482zoom.JPG,long_tail,queue
9,maripa panamensis,comb_DJI_20250806104727_0026_V_34zoom.JPG,long_tail,queue
9,maripa panamensis,comb_DJI_20250814135204_0027_V_7599zoom.JPG,long_tail,queue
9,maripa panamensis,comb_DJI_20241124091305_0006_V_592zoom.JPG,long_tail,queue
9,maripa panamensis,comb_DJI_20241101095957_0018_V_869zoom.JPG,long_tail,queue
9,maripa panamensis,comb_DJI_20250110155713_0044_V_24zoom.JPG,long_tail,queue
9,maripa panamensis,comb_DJI_20250814105559_0025_V_7176zoom.JPG,long_tail,queue
9,maripa panamensis,comb_DJI_20250814143453_0053_V_2011zoom.JPG,long_tail,queue
9,maripa panamensis,comb_DJI_20250814134326_0001_V_6314zoom.JPG,long_tail,queue
9,maripa panamensis,comb_DJI_20250820112701_0027_V_7177zoom.JPG,long_tail,queue
9,alseis yucatanensis,comb_DJI_20260317083926_0015_V_9292tele.JPG,long_tail,queue
9,pelliciera benthamii,comb_DJI_20241217135334_0018_V_1051zoom.JPG,long_tail,queue
9,miconia multispicata,comb_DJI_20250520102823_0030_V_28zoom.JPG,long_tail,queue
9,pourouma bicolor,comb_DJI_20250110141453_0068_V_78zoom.JPG,long_tail,queue
9,syzygium cumini,comb_DJI_20250806100424_0062_V_73zoom.JPG,long_tail,queue
9,fridericia floribunda,comb_DJI_20250813132632_0009_V_1447zoom.JPG,long_tail,queue
9,fridericia floribunda,comb_DJI_20250227133812_0002_V_6357zoom.JPG,long_tail,queue
9,fridericia floribunda,comb_DJI_20250930120541_0035_V_1256zoom.JPG,long_tail,queue
9,fridericia chica,comb_DJI_20241226101308_0004_V_2112zoom.JPG,long_tail,queue
9,inga thibaudiana,comb_DJI_20260114122707_0005_V_9370zoom.JPG,long_tail,queue
9,inga thibaudiana,comb_DJI_20260317095302_0019_V_5914tele.JPG,long_tail,queue
9,inga thibaudiana,comb_DJI_20250522093914_0005_V_117zoom.JPG,long_tail,queue
9,inga thibaudiana,comb_DJI_20250806111329_0022_V_132zoom.JPG,long_tail,queue
10,dalbergia retusa,comb_DJI_20251016122258_0013_V_4122zoom.JPG,long_tail,queue
10,amphilophium crucigerum,comb_DJI_20250522102725_0003_V_119zoom.JPG,long_tail,queue
10,amphilophium crucigerum,comb_DJI_20250911100654_0005_V_2377zoom.JPG,long_tail,queue
10,amphilophium crucigerum,comb_DJI_20260317093215_0034_V_5183tele.JPG,long_tail,queue
10,amphilophium crucigerum,comb_DJI_20260317092259_0002_V_10774tele.JPG,long_tail,queue
10,amphilophium crucigerum,comb_DJI_20260114100251_0041_V_4664zoom.JPG,long_tail,queue
10,amphilophium crucigerum,comb_DJI_20250813141512_0007_V_1000zoom.JPG,long_tail,queue
10,amphilophium crucigerum,comb_DJI_20251001103908_0001_V_2040zoom.JPG,long_tail,queue
10,amphilophium crucigerum,comb_DJI_20250110145124_0006_V_81zoom.JPG,long_tail,queue
10,amphilophium crucigerum,comb_DJI_20250911101145_0021_V_2647zoom.JPG,long_tail,queue
10,amphilophium crucigerum,comb_DJI_20250820114323_0003_V_6531zoom.JPG,long_tail,queue
10,amphilophium crucigerum,comb_DJI_20250807111654_0021_V_6974zoom.JPG,long_tail,queue
10,amphilophium crucigerum,comb_DJI_20250522102758_0005_V_118zoom.JPG,long_tail,queue
10,chrysophyllum argenteum,comb_DJI_20250806095906_0040_V_83zoom.JPG,long_tail,queue
10,chrysophyllum argenteum,comb_DJI_20251014104137_0021_V_11200zoom.JPG,long_tail,queue
10,chrysophyllum argenteum,comb_DJI_20250522100957_0027_V_45zoom.JPG,long_tail,queue
10,chrysophyllum argenteum,comb_DJI_20250110145325_0014_V_119zoom.JPG,long_tail,queue
10,chrysophyllum argenteum,comb_DJI_20250814142931_0035_V_2832zoom.JPG,long_tail,queue
10,chrysophyllum argenteum,comb_DJI_20241107110758_0036_V_1705zoom.JPG,long_tail,queue
10,chrysophyllum argenteum,comb_DJI_20250522093009_0057_V_149zoom.JPG,long_tail,queue
10,chrysophyllum argenteum,comb_DJI_20250806095608_0028_V_81zoom.JPG,long_tail,queue
10,gyrocarpus americanus,comb_DJI_20250930120857_0047_V_1347zoom.JPG,long_tail,queue
10,pisonia aculeata,comb_DJI_20260114095532_0015_V_7071zoom.JPG,long_tail,queue
10,pisonia aculeata,comb_DJI_20241204091919_0006_V_2549zoom.JPG,long_tail,queue
10,pisonia aculeata,comb_DJI_20260322091437_0039_V_3504tele.JPG,long_tail,queue
10,pisonia aculeata,comb_DJI_20260112120724_0035_V_6136zoom.JPG,long_tail,queue
10,pisonia aculeata,comb_DJI_20260114110043_0057_V_3250zoom.JPG,long_tail,queue
10,nectandra lineata,comb_DJI_20241127093330_0054_V_2403zoom.JPG,long_tail,queue
10,nectandra lineata,comb_DJI_20260114114820_0023_V_8160zoom.JPG,long_tail,queue
10,nectandra lineata,comb_DJI_20251006115158_0037_V_661zoom.JPG,long_tail,queue
10,nectandra lineata,comb_DJI_20241202122415_0048_V_3356zoom.JPG,long_tail,queue
10,nectandra lineata,comb_DJI_20250820112158_0011_V_4974zoom.JPG,long_tail,queue
10,nectandra lineata,comb_DJI_20250520102340_0012_V_2zoom.JPG,long_tail,queue
10,nectandra lineata,comb_DJI_20250814125922_0013_V_6909zoom.JPG,long_tail,queue
10,nectandra lineata,comb_DJI_20251016104512_0009_V_10189zoom.JPG,long_tail,queue
10,nectandra lineata,comb_DJI_20260318102418_0043_V_4423tele.JPG,long_tail,queue
10,nectandra lineata,comb_DJI_20241127103101_0026_V_1878zoom.JPG,long_tail,queue
10,nectandra lineata,comb_DJI_20260114105459_0037_V_3765zoom.JPG,long_tail,queue
10,psiguria warscewiczii,comb_DJI_20251016113300_0009_V_7241zoom.JPG,long_tail,queue
10,piparea dentata,comb_DJI_20241124091613_0016_V_560zoom.JPG,long_tail,queue
10,himatanthus articulatus,comb_DJI_20260311164936_0001_V_11113tele.JPG,long_tail,queue
10,amphilophium paniculatum,comb_DJI_20250110150634_0062_V_18zoom.JPG,long_tail,queue
10,amphilophium paniculatum,comb_DJI_20250110140506_0032_V_145zoom.JPG,long_tail,queue
10,amphilophium paniculatum,comb_DJI_20250813101635_0033_V_11435zoom.JPG,long_tail,queue
10,amphilophium paniculatum,comb_DJI_20260317101409_0001_V_5107tele.JPG,long_tail,queue
10,amphilophium paniculatum,comb_DJI_20260317095942_0043_V_5117tele.JPG,long_tail,queue
10,amphilophium paniculatum,comb_DJI_20260114131601_0017_V_2664zoom.JPG,long_tail,queue
10,amphilophium paniculatum,comb_DJI_20250716103203_0024_V_233zoom.JPG,long_tail,queue
10,amphilophium paniculatum,comb_DJI_20250813101338_0025_V_11949zoom.JPG,long_tail,queue
10,amphilophium paniculatum,comb_DJI_20250110151837_0014_V_5zoom.JPG,long_tail,queue
10,amphilophium paniculatum,comb_DJI_20260317090711_0031_V_10821tele.JPG,long_tail,queue
10,amphilophium paniculatum,comb_DJI_20251014112325_0005_V_6370zoom.JPG,long_tail,queue
10,amphilophium paniculatum,comb_DJI_20250813130515_0027_V_9588zoom.JPG,long_tail,queue
10,amphilophium paniculatum,comb_DJI_20250110141004_0050_V_131zoom.JPG,long_tail,queue
10,amphilophium paniculatum,comb_DJI_20260317101618_0009_V_5139tele.JPG,long_tail,queue
10,amphilophium paniculatum,comb_DJI_20260317092333_0004_V_5245tele.JPG,long_tail,queue
10,amphilophium paniculatum,comb_DJI_20250804152504_0033_V_7118zoom.JPG,long_tail,queue
10,cardiospermum grandiflorum,comb_DJI_20250807130416_0013_V_7246zoom.JPG,long_tail,queue
10,sida ciliaris,comb_DJI_20250806095637_0030_V_85zoom.JPG,long_tail,queue
10,fridericia schumanniana,comb_DJI_20260112123942_0051_V_7194zoom.JPG,long_tail,queue
10,fridericia schumanniana,comb_DJI_20241126104142_0064_V_772zoom.JPG,long_tail,queue
10,fridericia schumanniana,comb_DJI_20250930120200_0021_V_2245zoom.JPG,long_tail,queue
10,fridericia schumanniana,comb_DJI_20260317084309_0029_V_8728tele.JPG,long_tail,queue
10,fridericia schumanniana,comb_DJI_20241126105118_0006_V_597zoom.JPG,long_tail,queue
10,fridericia schumanniana,comb_DJI_20241217131023_0038_V_1907zoom.JPG,long_tail,queue
10,fridericia schumanniana,comb_DJI_20260317091241_0051_V_10855tele.JPG,long_tail,queue
10,fridericia schumanniana,comb_DJI_20260318102138_0033_V_3509tele.JPG,long_tail,queue
10,fridericia schumanniana,comb_DJI_20250926112645_0001_V_2371zoom.JPG,long_tail,queue
10,fridericia schumanniana,comb_DJI_20251014111216_0045_V_6485zoom.JPG,long_tail,queue
10,fridericia schumanniana,comb_DJI_20250522095235_0057_V_158zoom.JPG,long_tail,queue
10,fridericia schumanniana,comb_DJI_20251003115143_0013_V_2454zoom.JPG,long_tail,queue
10,fridericia schumanniana,comb_DJI_20251010112407_0055_V_7165zoom.JPG,long_tail,queue
10,fridericia schumanniana,comb_DJI_20250813090936_0009_V_10259zoom.JPG,long_tail,queue
10,fridericia schumanniana,comb_DJI_20250723124309_0031_V_6750zoom.JPG,long_tail,queue
10,fridericia schumanniana,comb_DJI_20251014122947_0017_V_5792zoom.JPG,long_tail,queue
10,fridericia schumanniana,comb_DJI_20251003121733_0025_V_269zoom.JPG,long_tail,queue
10,sarcomphalus cinnamomum,comb_DJI_20250522103500_0031_V_87zoom.JPG,long_tail,queue
10,symphonia globulifera,comb_DJI_20241204144929_0044_V_3073zoom.JPG,long_tail,queue
10,symphonia globulifera,comb_DJI_20260112115948_0009_V_3343zoom.JPG,long_tail,queue
10,symphonia globulifera,comb_DJI_20250520094132_0038_V_108zoom.JPG,long_tail,queue
10,symphonia globulifera,comb_DJI_20260114123353_0027_V_9776zoom.JPG,long_tail,queue
10,symphonia globulifera,comb_DJI_20250520100649_0034_V_71zoom.JPG,long_tail,queue
11,moquilea platypus,comb_DJI_20250814140055_0059_V_6041zoom.JPG,long_tail,queue
11,moquilea platypus,comb_DJI_20260114114517_0013_V_9549zoom.JPG,long_tail,queue
11,moquilea platypus,comb_DJI_20251015113123_0011_V_7919zoom.JPG,long_tail,queue
11,moquilea platypus,comb_DJI_20260320111559_0003_V_1884tele.JPG,long_tail,queue
11,moquilea platypus,comb_DJI_20241204094948_0006_V_1392zoom.JPG,long_tail,queue
11,moquilea platypus,comb_DJI_20241226101226_0002_V_2454zoom.JPG,long_tail,queue
11,moquilea platypus,comb_DJI_20241226143246_0012_V_914zoom.JPG,long_tail,queue
11,moquilea platypus,comb_DJI_20241204111406_0002_V_1928zoom.JPG,long_tail,queue
11,moquilea platypus,comb_DJI_20250930123002_0027_V_7412zoom.JPG,long_tail,queue
11,moquilea platypus,comb_DJI_20260112123902_0049_V_7201zoom.JPG,long_tail,queue
11,moquilea platypus,comb_DJI_20241231103857_0044_V_5088zoom.JPG,long_tail,queue
11,moquilea platypus,comb_DJI_20260317093435_0042_V_5992tele.JPG,long_tail,queue
11,moquilea platypus,comb_DJI_20241101105524_0022_V_620zoom.JPG,long_tail,queue
11,moquilea platypus,comb_DJI_20241217133052_0022_V_4671zoom.JPG,long_tail,queue
11,moquilea platypus,comb_DJI_20251006114109_0001_V_2307zoom.JPG,long_tail,queue
11,moquilea platypus,comb_DJI_20251016124923_0029_V_3234zoom.JPG,long_tail,queue
11,moquilea platypus,comb_DJI_20241204102251_0016_V_762zoom.JPG,long_tail,queue
11,moquilea platypus,comb_DJI_20250814142425_0017_V_4348zoom.JPG,long_tail,queue
11,moquilea platypus,comb_DJI_20250724094140_0005_V_8796zoom.JPG,long_tail,queue
11,ormosia macrocalyx,comb_DJI_20241204101946_0008_V_1004zoom.JPG,long_tail,queue
11,ormosia macrocalyx,comb_DJI_20250820105910_0027_V_5121zoom.JPG,long_tail,queue
11,ormosia macrocalyx,comb_DJI_20241226141003_0050_V_8zoom.JPG,long_tail,queue
11,ormosia macrocalyx,comb_DJI_20250820094956_0015_V_8935zoom.JPG,long_tail,queue
11,hiraea grandifolia,comb_DJI_20251017102117_0063_V_2207zoom.JPG,long_tail,queue
11,hiraea grandifolia,comb_DJI_20241127093128_0048_V_2246zoom.JPG,long_tail,queue
11,hiraea grandifolia,comb_DJI_20260114132332_0039_V_2261zoom.JPG,long_tail,queue
11,cabralea canjerana,comb_DJI_20260320110606_0057_V_1731tele.JPG,long_tail,queue
11,astrocaryum mexicanum,comb_DJI_20241101102803_0018_V_285zoom.JPG,long_tail,queue
11,thouinidium decandrum,comb_DJI_20250813094204_0035_V_10222zoom.JPG,long_tail,queue
11,thouinidium decandrum,comb_DJI_20250807112139_0037_V_6353zoom.JPG,long_tail,queue
11,thouinidium decandrum,comb_DJI_20251017113257_0027_V_923zoom.JPG,long_tail,queue
11,pseudalbizzia adinocephala,comb_DJI_20250110141222_0058_V_162zoom.JPG,long_tail,queue
11,pseudalbizzia adinocephala,comb_DJI_20250110141148_0056_V_46zoom.JPG,long_tail,queue
11,vatairea erythrocarpa,comb_DJI_20250930121139_0057_V_663zoom.JPG,long_tail,queue
11,vatairea erythrocarpa,comb_DJI_20251014100109_0011_V_11079zoom.JPG,long_tail,queue
11,vatairea erythrocarpa,comb_DJI_20250305092900_0036_V_2976zoom.JPG,long_tail,queue
11,vatairea erythrocarpa,comb_DJI_20250304110131_0030_V_3740zoom.JPG,long_tail,queue
11,vatairea erythrocarpa,comb_DJI_20240913110324_0042_V_5436zoom.JPG,long_tail,queue
11,vatairea erythrocarpa,comb_DJI_20241124085518_0034_V_562zoom.JPG,long_tail,queue
11,vatairea erythrocarpa,comb_DJI_20250930113931_0019_V_5639zoom.JPG,long_tail,queue
11,vatairea erythrocarpa,comb_DJI_20241124084925_0014_V_734zoom.JPG,long_tail,queue
11,vatairea erythrocarpa,comb_DJI_20260318104803_0043_V_5401tele.JPG,long_tail,queue
11,vatairea erythrocarpa,comb_DJI_20260318102513_0047_V_3448tele.JPG,long_tail,queue
11,vatairea erythrocarpa,comb_DJI_20251014104208_0023_V_11172zoom.JPG,long_tail,queue
11,vatairea erythrocarpa,comb_DJI_20241124084848_0012_V_728zoom.JPG,long_tail,queue
11,vatairea erythrocarpa,comb_DJI_20251014123502_0033_V_5333zoom.JPG,long_tail,queue
11,vatairea erythrocarpa,comb_DJI_20250304105937_0026_V_2978zoom.JPG,long_tail,queue
11,vatairea erythrocarpa,comb_DJI_20241127103545_0040_V_2063zoom.JPG,long_tail,queue
11,vatairea erythrocarpa,comb_DJI_20250930114046_0023_V_5635zoom.JPG,long_tail,queue
11,vatairea erythrocarpa,comb_DJI_20251014123821_0043_V_5380zoom.JPG,long_tail,queue
11,vatairea erythrocarpa,comb_DJI_20251014100457_0019_V_11085zoom.JPG,long_tail,queue
11,dalbergia sissoo,comb_DJI_20250305132226_0014_V_4948zoom.JPG,long_tail,queue
11,annona spraguei,comb_DJI_20250110141036_0052_V_151zoom.JPG,long_tail,queue
11,annona spraguei,comb_DJI_20241226105305_0028_V_506zoom.JPG,long_tail,queue
11,annona spraguei,comb_DJI_20250930113859_0017_V_6444zoom.JPG,long_tail,queue
11,casearia decandra,comb_DJI_20250520103225_0044_V_225zoom.JPG,long_tail,queue
11,casearia decandra,comb_DJI_20241127112513_0018_V_1338zoom.JPG,long_tail,queue
11,doliocarpus major,comb_DJI_20250110140930_0048_V_73zoom.JPG,long_tail,queue
11,doliocarpus major,comb_DJI_20250523084022_0051_V_96zoom.JPG,long_tail,queue
11,doliocarpus major,comb_DJI_20250813101100_0015_V_9624zoom.JPG,long_tail,queue
11,doliocarpus major,comb_DJI_20250814135233_0029_V_7552zoom.JPG,long_tail,queue
11,doliocarpus major,comb_DJI_20250806100654_0072_V_74zoom.JPG,long_tail,queue
11,doliocarpus major,comb_DJI_20250806102646_0016_V_55zoom.JPG,long_tail,queue
11,doliocarpus major,comb_DJI_20241218100829_0014_V_8458zoom.JPG,long_tail,queue
11,doliocarpus major,comb_DJI_20241226123309_0044_V_3120zoom.JPG,long_tail,queue
11,doliocarpus major,comb_DJI_20251010092919_0021_V_10575zoom.JPG,long_tail,queue
11,doliocarpus major,comb_DJI_20251001123644_0025_V_4252zoom.JPG,long_tail,queue
11,doliocarpus major,comb_DJI_20250522094242_0019_V_142zoom.JPG,long_tail,queue
11,doliocarpus major,comb_DJI_20251010085632_0027_V_4216zoom.JPG,long_tail,queue
11,doliocarpus major,comb_DJI_20240911155641_0040_V_6144zoom.JPG,long_tail,queue
11,doliocarpus major,comb_DJI_20241101101008_0046_V_420zoom.JPG,long_tail,queue
11,doliocarpus major,comb_DJI_20240912094821_0026_V_3671zoom.JPG,long_tail,queue
11,doliocarpus major,comb_DJI_20251010082356_0003_V_795zoom.JPG,long_tail,queue
11,doliocarpus major,comb_DJI_20251014110850_0035_V_6030zoom.JPG,long_tail,queue
11,doliocarpus major,comb_DJI_20250522100453_0007_V_86zoom.JPG,long_tail,queue
11,doliocarpus major,comb_DJI_20250806100248_0056_V_8zoom.JPG,long_tail,queue
11,bursera graveolens,comb_DJI_20260318100404_0063_V_846tele.JPG,long_tail,queue
11,maripa nicaraguensis,comb_DJI_20250305130536_0040_V_5686zoom.JPG,long_tail,queue
11,maripa nicaraguensis,comb_DJI_20250226112803_0002_V_2781zoom.JPG,long_tail,queue
12,hylenaea praecelsa,comb_DJI_20250523093823_0011_V_42zoom.JPG,long_tail,queue
12,hylenaea praecelsa,comb_DJI_20251016120907_0049_V_7485zoom.JPG,long_tail,queue
12,hylenaea praecelsa,comb_DJI_20250807104940_0001_V_7605zoom.JPG,long_tail,queue
12,hylenaea praecelsa,comb_DJI_20241024125912_0030_V_1062zoom.JPG,long_tail,queue
12,hylenaea praecelsa,comb_DJI_20250820110126_0035_V_5069zoom.JPG,long_tail,queue
12,hylenaea praecelsa,comb_DJI_20241124085114_0020_V_872zoom.JPG,long_tail,queue
12,hylenaea praecelsa,comb_DJI_20250911104430_0011_V_3231zoom.JPG,long_tail,queue
12,hylenaea praecelsa,comb_DJI_20241127091955_0014_V_2101zoom.JPG,long_tail,queue
12,hylenaea praecelsa,comb_DJI_20251010102716_0005_V_2898zoom.JPG,long_tail,queue
12,hylenaea praecelsa,comb_DJI_20250522094956_0047_V_32zoom.JPG,long_tail,queue
12,hylenaea praecelsa,comb_DJI_20250522103425_0029_V_136zoom.JPG,long_tail,queue
12,hylenaea praecelsa,comb_DJI_20250227134548_0016_V_4482zoom.JPG,long_tail,queue
12,hylenaea praecelsa,comb_DJI_20250523100300_0013_V_71zoom.JPG,long_tail,queue
12,hylenaea praecelsa,comb_DJI_20241226130720_0052_V_3339zoom.JPG,long_tail,queue
12,hylenaea praecelsa,comb_DJI_20250724123602_0023_V_1088zoom.JPG,long_tail,queue
12,hylenaea praecelsa,comb_DJI_20250523095039_0061_V_137zoom.JPG,long_tail,queue
12,hylenaea praecelsa,comb_DJI_20241127112656_0024_V_963zoom.JPG,long_tail,queue
12,hylenaea praecelsa,comb_DJI_20250723113258_0039_V_8044zoom.JPG,long_tail,queue
12,hylenaea praecelsa,comb_DJI_20250724104531_0003_V_11744zoom.JPG,long_tail,queue
12,hylenaea praecelsa,comb_DJI_20241226111949_0030_V_2506zoom.JPG,long_tail,queue
12,hylenaea praecelsa,comb_DJI_20250522090515_0031_V_17zoom.JPG,long_tail,queue
12,hylenaea praecelsa,comb_DJI_20240913110714_0056_V_5415zoom.JPG,long_tail,queue
12,martinella obovata,comb_DJI_20250813123319_0001_V_8483zoom.JPG,long_tail,queue
12,haematoxylum campechianum,comb_DJI_20260320105924_0031_V_2062tele.JPG,long_tail,queue
12,haematoxylum campechianum,comb_DJI_20250717095103_0012_V_98zoom.JPG,long_tail,queue
12,andira inermis,comb_DJI_20260318093222_0031_V_492tele.JPG,long_tail,queue
12,andira inermis,comb_DJI_20251014103639_0005_V_4854zoom.JPG,long_tail,queue
12,andira inermis,comb_DJI_20251001101728_0005_V_8327zoom.JPG,long_tail,queue
12,andira inermis,comb_DJI_20251014095859_0003_V_53zoom.JPG,long_tail,queue
12,cordia panamensis,comb_DJI_20250110162347_0028_V_93zoom.JPG,long_tail,queue
12,margaritaria nobilis,comb_DJI_20250806101653_0012_V_9zoom.JPG,long_tail,queue
12,margaritaria nobilis,comb_DJI_20250520091632_0030_V_141zoom.JPG,long_tail,queue
12,alchorneopsis floribunda,comb_DJI_20240911153129_0040_V_4261zoom.JPG,long_tail,queue
12,morisonia flexuosa,comb_DJI_20251015133728_0029_V_4537zoom.JPG,long_tail,queue
12,damburneya umbrosa,comb_DJI_20241101092900_0002_V_918zoom.JPG,long_tail,queue
12,mascagnia ovatifolia,comb_DJI_20250724100019_0007_V_9301zoom.JPG,long_tail,queue
12,mascagnia ovatifolia,comb_DJI_20250813093020_0001_V_9691zoom.JPG,long_tail,queue
12,mascagnia ovatifolia,comb_DJI_20250716121551_0034_V_7zoom.JPG,long_tail,queue
12,mascagnia ovatifolia,comb_DJI_20250724094315_0011_V_9285zoom.JPG,long_tail,queue
12,mascagnia ovatifolia,comb_DJI_20250724094243_0009_V_9343zoom.JPG,long_tail,queue
12,guilandina bonduc,comb_DJI_20241124090338_0022_V_578zoom.JPG,long_tail,queue
12,guilandina bonduc,comb_DJI_20250806101856_0020_V_39zoom.JPG,long_tail,queue
12,cordia collococca,comb_DJI_20251014095739_0001_V_99zoom.JPG,long_tail,queue
12,mormodes powellii,comb_DJI_20250523094647_0045_V_129zoom.JPG,long_tail,queue
12,mormodes powellii,comb_DJI_20250930115729_0005_V_4116zoom.JPG,long_tail,queue
12,campyloneurum phyllitidis,comb_DJI_20250226120504_0022_V_5530zoom.JPG,long_tail,queue
12,diospyros nigra,comb_DJI_20241204144400_0030_V_4147zoom.JPG,long_tail,queue
12,aspidosperma desmanthum,comb_DJI_20241231120036_0042_V_5343zoom.JPG,long_tail,queue
12,aspidosperma desmanthum,comb_DJI_20241126104004_0058_V_632zoom.JPG,long_tail,queue
12,aspidosperma desmanthum,comb_DJI_20251017110550_0007_V_2013zoom.JPG,long_tail,queue
12,aspidosperma desmanthum,comb_DJI_20250522101838_0059_V_141zoom.JPG,long_tail,queue
12,aspidosperma desmanthum,comb_DJI_20260114115200_0035_V_9940zoom.JPG,long_tail,queue
12,aspidosperma desmanthum,comb_DJI_20251009102426_0049_V_7401zoom.JPG,long_tail,queue
12,aspidosperma desmanthum,comb_DJI_20241127095904_0044_V_1957zoom.JPG,long_tail,queue
12,aspidosperma desmanthum,comb_DJI_20250930122528_0011_V_1168zoom.JPG,long_tail,queue
12,aspidosperma desmanthum,comb_DJI_20241217130916_0034_V_1475zoom.JPG,long_tail,queue
12,aspidosperma desmanthum,comb_DJI_20241101105609_0024_V_605zoom.JPG,long_tail,queue
12,aspidosperma desmanthum,comb_DJI_20250814135818_0049_V_6776zoom.JPG,long_tail,queue
12,aspidosperma desmanthum,comb_DJI_20241204150925_0018_V_3271zoom.JPG,long_tail,queue
12,aspidosperma desmanthum,comb_DJI_20250814140124_0061_V_5175zoom.JPG,long_tail,queue
12,aspidosperma desmanthum,comb_DJI_20250806094505_0028_V_98zoom.JPG,long_tail,queue
12,aspidosperma desmanthum,comb_DJI_20250814141615_0007_V_5891zoom.JPG,long_tail,queue
12,aspidosperma desmanthum,comb_DJI_20250814141503_0003_V_6630zoom.JPG,long_tail,queue
12,diphysa americana,comb_DJI_20260318095105_0013_V_487tele.JPG,long_tail,queue
12,guarea guidonia,comb_DJI_20240911150616_0054_V_2815zoom.JPG,long_tail,queue
12,guarea guidonia,comb_DJI_20250806102416_0006_V_154zoom.JPG,long_tail,queue
12,guarea guidonia,comb_DJI_20260317095645_0033_V_5102tele.JPG,long_tail,queue
12,guarea guidonia,comb_DJI_20250522100820_0021_V_55zoom.JPG,long_tail,queue
12,guarea guidonia,comb_DJI_20250304095630_0026_V_908zoom.JPG,long_tail,queue
12,guarea guidonia,comb_DJI_20240913111910_0012_V_5166zoom.JPG,long_tail,queue
12,guarea guidonia,comb_DJI_20251009091340_0059_V_10687zoom.JPG,long_tail,queue
12,guarea guidonia,comb_DJI_20251009092433_0013_V_11704zoom.JPG,long_tail,queue
12,guarea guidonia,comb_DJI_20251003114902_0003_V_2491zoom.JPG,long_tail,queue
12,guarea guidonia,comb_DJI_20250806102821_0022_V_26zoom.JPG,long_tail,queue
12,guarea guidonia,comb_DJI_20250716114435_0002_V_4zoom.JPG,long_tail,queue
12,guarea guidonia,comb_DJI_20241127085613_0008_V_2154zoom.JPG,long_tail,queue
12,guarea guidonia,comb_DJI_20251003114755_0001_V_2006zoom.JPG,long_tail,queue
12,guarea guidonia,comb_DJI_20250924103210_0005_V_1293zoom.JPG,long_tail,queue
12,guarea guidonia,comb_DJI_20251010082856_0019_V_2398zoom.JPG,long_tail,queue
12,guarea guidonia,comb_DJI_20251017100440_0001_V_11892zoom.JPG,long_tail,queue
12,guarea guidonia,comb_DJI_20251010091638_0011_V_1443zoom.JPG,long_tail,queue
12,guarea guidonia,comb_DJI_20251016105204_0035_V_9061zoom.JPG,long_tail,queue
12,guarea guidonia,comb_DJI_20250806110101_0022_V_110zoom.JPG,long_tail,queue
12,guarea guidonia,comb_DJI_20251015124658_0027_V_8669zoom.JPG,long_tail,queue
12,guarea guidonia,comb_DJI_20241217102305_0044_V_3834zoom.JPG,long_tail,queue
12,guarea guidonia,comb_DJI_20251009093259_0041_V_10820zoom.JPG,long_tail,queue
12,guarea guidonia,comb_DJI_20241127113735_0060_V_1099zoom.JPG,long_tail,queue
12,guarea guidonia,comb_DJI_20260114103002_0037_V_4741zoom.JPG,long_tail,queue
12,guarea guidonia,comb_DJI_20251009090452_0027_V_10742zoom.JPG,long_tail,queue
12,quararibea asterolepis,comb_DJI_20260317094813_0003_V_6471tele.JPG,long_tail,queue
12,quararibea asterolepis,comb_DJI_20250813132743_0013_V_802zoom.JPG,long_tail,queue
12,quararibea asterolepis,comb_DJI_20250813090719_0003_V_10321zoom.JPG,long_tail,queue
12,quararibea asterolepis,comb_DJI_20251010093908_0007_V_11656zoom.JPG,long_tail,queue
12,quararibea asterolepis,comb_DJI_20250717095306_0018_V_32zoom.JPG,long_tail,queue
12,quararibea asterolepis,comb_DJI_20260317090141_0011_V_10646tele.JPG,long_tail,queue
12,quararibea asterolepis,comb_DJI_20241204113343_0006_V_1212zoom.JPG,long_tail,queue
12,quararibea asterolepis,comb_DJI_20260317090506_0023_V_11265tele.JPG,long_tail,queue
12,quararibea asterolepis,comb_DJI_20250813091008_0011_V_10311zoom.JPG,long_tail,queue
12,quararibea asterolepis,comb_DJI_20240911150443_0050_V_2240zoom.JPG,long_tail,queue
13,protium panamense,comb_DJI_20250520120214_0046_V_217zoom.JPG,long_tail,queue
13,protium panamense,comb_DJI_20241126103654_0048_V_621zoom.JPG,long_tail,queue
13,protium panamense,comb_DJI_20250806094928_0002_V_166zoom.JPG,long_tail,queue
13,protium panamense,comb_DJI_20250226132320_0028_V_1262zoom.JPG,long_tail,queue
13,protium panamense,comb_DJI_20250522103936_0049_V_5zoom.JPG,long_tail,queue
13,protium panamense,comb_DJI_20250520115651_0028_V_212zoom.JPG,long_tail,queue
13,protium panamense,comb_DJI_20241101101320_0054_V_268zoom.JPG,long_tail,queue
13,protium panamense,comb_DJI_20241126102948_0026_V_660zoom.JPG,long_tail,queue
13,protium panamense,comb_DJI_20250523090621_0069_V_142zoom.JPG,long_tail,queue
13,protium panamense,comb_DJI_20260114103333_0051_V_5832zoom.JPG,long_tail,queue
13,protium panamense,comb_DJI_20241101102409_0008_V_263zoom.JPG,long_tail,queue
13,protium panamense,comb_DJI_20241211101240_0032_V_1521zoom.JPG,long_tail,queue
13,protium panamense,comb_DJI_20241124090155_0016_V_566zoom.JPG,long_tail,queue
13,protium panamense,comb_DJI_20241127105826_0020_V_1543zoom.JPG,long_tail,queue
13,protium panamense,comb_DJI_20241204144721_0038_V_2789zoom.JPG,long_tail,queue
13,protium panamense,comb_DJI_20241226111607_0020_V_1542zoom.JPG,long_tail,queue
13,protium panamense,comb_DJI_20260114131035_0001_V_2481zoom.JPG,long_tail,queue
13,protium panamense,comb_DJI_20241107110139_0018_V_1379zoom.JPG,long_tail,queue
13,bactris major,comb_DJI_20250807113759_0003_V_5038zoom.JPG,long_tail,queue
13,tontelea passiflora,comb_DJI_20251003121624_0021_V_2137zoom.JPG,long_tail,queue
13,tontelea passiflora,comb_DJI_20251014115256_0019_V_5189zoom.JPG,long_tail,queue
13,tontelea passiflora,comb_DJI_20260114125758_0025_V_1360zoom.JPG,long_tail,queue
13,tontelea passiflora,comb_DJI_20250820114952_0023_V_7449zoom.JPG,long_tail,queue
13,tontelea passiflora,comb_DJI_20260317095228_0017_V_5929tele.JPG,long_tail,queue
13,tontelea passiflora,comb_DJI_20241101093710_0032_V_1206zoom.JPG,long_tail,queue
13,tontelea passiflora,comb_DJI_20251014115009_0009_V_5159zoom.JPG,long_tail,queue
13,tontelea passiflora,comb_DJI_20251014122426_0001_V_5659zoom.JPG,long_tail,queue
13,tontelea passiflora,comb_DJI_20251003115250_0017_V_138zoom.JPG,long_tail,queue
13,tontelea passiflora,comb_DJI_20251014111457_0055_V_5806zoom.JPG,long_tail,queue
13,tontelea passiflora,comb_DJI_20241024130605_0052_V_1516zoom.JPG,long_tail,queue
13,tontelea passiflora,comb_DJI_20260114105536_0039_V_3742zoom.JPG,long_tail,queue
13,tontelea passiflora,comb_DJI_20251014113340_0031_V_6260zoom.JPG,long_tail,queue
13,tontelea passiflora,comb_DJI_20260320101701_0031_V_3763tele.JPG,long_tail,queue
13,tontelea passiflora,comb_DJI_20251017113901_0047_V_9304zoom.JPG,long_tail,queue
13,luehea speciosa,comb_DJI_20240912095550_0050_V_2618zoom.JPG,long_tail,queue
13,luehea speciosa,comb_DJI_20250110163910_0006_V_192zoom.JPG,long_tail,queue
13,callichlamys latifolia,comb_DJI_20251016114204_0043_V_6009zoom.JPG,long_tail,queue
13,callichlamys latifolia,comb_DJI_20250110140824_0044_V_127zoom.JPG,long_tail,queue
13,callichlamys latifolia,comb_DJI_20251017103646_0013_V_2685zoom.JPG,long_tail,queue
13,callichlamys latifolia,comb_DJI_20251010112339_0053_V_7152zoom.JPG,long_tail,queue
13,callichlamys latifolia,comb_DJI_20260114100508_0049_V_5814zoom.JPG,long_tail,queue
13,callichlamys latifolia,comb_DJI_20251015131708_0015_V_7833zoom.JPG,long_tail,queue
13,callichlamys latifolia,comb_DJI_20260114125513_0017_V_1435zoom.JPG,long_tail,queue
13,callichlamys latifolia,comb_DJI_20251016105346_0041_V_9170zoom.JPG,long_tail,queue
13,callichlamys latifolia,comb_DJI_20251014112812_0013_V_6349zoom.JPG,long_tail,queue
13,callichlamys latifolia,comb_DJI_20250807111058_0003_V_8368zoom.JPG,long_tail,queue
13,callichlamys latifolia,comb_DJI_20250930114551_0041_V_5048zoom.JPG,long_tail,queue
13,callichlamys latifolia,comb_DJI_20260114131942_0027_V_2074zoom.JPG,long_tail,queue
13,callichlamys latifolia,comb_DJI_20251017104512_0043_V_466zoom.JPG,long_tail,queue
13,callichlamys latifolia,comb_DJI_20251003122312_0045_V_1464zoom.JPG,long_tail,queue
13,callichlamys latifolia,comb_DJI_20251009093702_0057_V_10077zoom.JPG,long_tail,queue
13,callichlamys latifolia,comb_DJI_20250522101227_0037_V_157zoom.JPG,long_tail,queue
13,callichlamys latifolia,comb_DJI_20251016101536_0001_V_8758zoom.JPG,long_tail,queue
13,callichlamys latifolia,comb_DJI_20250924105706_0019_V_982zoom.JPG,long_tail,queue
13,guettarda macrosperma,comb_DJI_20250724132809_0037_V_8177zoom.JPG,long_tail,queue
13,guettarda macrosperma,comb_DJI_20250520094304_0044_V_158zoom.JPG,long_tail,queue
13,brassavola nodosa,comb_DJI_20260318104733_0041_V_5390tele.JPG,long_tail,queue
13,brassavola nodosa,comb_DJI_20250806100930_0082_V_67zoom.JPG,long_tail,queue
13,volkameria glabra,comb_DJI_20250930114256_0031_V_5692zoom.JPG,long_tail,queue
13,volkameria glabra,comb_DJI_20250820094634_0003_V_6680zoom.JPG,long_tail,queue
13,didymopanax morototoni,comb_DJI_20250110151737_0010_V_134zoom.JPG,long_tail,queue
13,didymopanax morototoni,comb_DJI_20250523100755_0033_V_138zoom.JPG,long_tail,queue
13,didymopanax morototoni,comb_DJI_20250523085955_0043_V_84zoom.JPG,long_tail,queue
13,didymopanax morototoni,comb_DJI_20250110161938_0012_V_85zoom.JPG,long_tail,queue
13,didymopanax morototoni,comb_DJI_20250523101303_0055_V_141zoom.JPG,long_tail,queue
13,didymopanax morototoni,comb_DJI_20250523102523_0013_V_152zoom.JPG,long_tail,queue
13,didymopanax morototoni,comb_DJI_20250523090516_0065_V_16zoom.JPG,long_tail,queue
13,didymopanax morototoni,comb_DJI_20250523083315_0021_V_26zoom.JPG,long_tail,queue
13,didymopanax morototoni,comb_DJI_20251016102132_0023_V_9817zoom.JPG,long_tail,queue
13,didymopanax morototoni,comb_DJI_20250523085927_0041_V_82zoom.JPG,long_tail,queue
13,mimosa myriadenia,comb_DJI_20250806100321_0058_V_90zoom.JPG,long_tail,queue
13,swartzia simplex,comb_DJI_20250520115351_0018_V_26zoom.JPG,long_tail,queue
13,passiflora vesicaria,comb_DJI_20250110135743_0006_V_138zoom.JPG,long_tail,queue
13,gaussia maya,comb_DJI_20250523100728_0031_V_39zoom.JPG,long_tail,queue
13,trema micranthum,comb_DJI_20260317095828_0039_V_5149tele.JPG,long_tail,queue
13,trema micranthum,comb_DJI_20250523090348_0059_V_17zoom.JPG,long_tail,queue
13,trema micranthum,comb_DJI_20250807111913_0029_V_6970zoom.JPG,long_tail,queue
13,trema micranthum,comb_DJI_20251017121701_0007_V_9439zoom.JPG,long_tail,queue
13,trema micranthum,comb_DJI_20260114121618_0055_V_10383zoom.JPG,long_tail,queue
13,trema micranthum,comb_DJI_20260112115809_0003_V_3344zoom.JPG,long_tail,queue
13,trema micranthum,comb_DJI_20251016114027_0037_V_6006zoom.JPG,long_tail,queue
13,trema micranthum,comb_DJI_20260112115840_0005_V_3282zoom.JPG,long_tail,queue
13,trema micranthum,comb_DJI_20260317090008_0005_V_11283tele.JPG,long_tail,queue
13,trema micranthum,comb_DJI_20260112123754_0045_V_5021zoom.JPG,long_tail,queue
13,trema micranthum,comb_DJI_20260317091205_0049_V_10833tele.JPG,long_tail,queue
13,trema micranthum,comb_DJI_20251016113952_0035_V_6021zoom.JPG,long_tail,queue
13,zanthoxylum panamense,comb_DJI_20251003121219_0007_V_2059zoom.JPG,long_tail,queue
13,zanthoxylum panamense,comb_DJI_20251014122912_0015_V_5706zoom.JPG,long_tail,queue
13,zanthoxylum panamense,comb_DJI_20251003115349_0021_V_496zoom.JPG,long_tail,queue
13,zanthoxylum panamense,comb_DJI_20250520102715_0026_V_1zoom.JPG,long_tail,queue
14,sapium glandulosum,comb_DJI_20241226111908_0028_V_2191zoom.JPG,long_tail,queue
14,sapium glandulosum,comb_DJI_20250523102233_0001_V_56zoom.JPG,long_tail,queue
14,sapium glandulosum,comb_DJI_20251017094118_0019_V_10641zoom.JPG,long_tail,queue
14,sapium glandulosum,comb_DJI_20240911153438_0050_V_4522zoom.JPG,long_tail,queue
14,sapium glandulosum,comb_DJI_20250926110755_0031_V_2675zoom.JPG,long_tail,queue
14,sapium glandulosum,comb_DJI_20241226095530_0040_V_2768zoom.JPG,long_tail,queue
14,sapium glandulosum,comb_DJI_20251016110951_0011_V_4461zoom.JPG,long_tail,queue
14,sapium glandulosum,comb_DJI_20250806110202_0026_V_62zoom.JPG,long_tail,queue
14,sapium glandulosum,comb_DJI_20241226132607_0022_V_2304zoom.JPG,long_tail,queue
14,sapium glandulosum,comb_DJI_20250930120446_0031_V_2116zoom.JPG,long_tail,queue
14,sapium glandulosum,comb_DJI_20251015114032_0045_V_1046zoom.JPG,long_tail,queue
14,sapium glandulosum,comb_DJI_20250523085901_0039_V_83zoom.JPG,long_tail,queue
14,sapium glandulosum,comb_DJI_20241204104143_0002_V_624zoom.JPG,long_tail,queue
14,sapium glandulosum,comb_DJI_20251016121941_0001_V_6362zoom.JPG,long_tail,queue
14,sapium glandulosum,comb_DJI_20251016110921_0009_V_4468zoom.JPG,long_tail,queue
14,sapium glandulosum,comb_DJI_20251016104919_0025_V_10081zoom.JPG,long_tail,queue
14,sapium glandulosum,comb_DJI_20241101105845_0030_V_621zoom.JPG,long_tail,queue
14,sapium glandulosum,comb_DJI_20251016130900_0011_V_3877zoom.JPG,long_tail,queue
14,sapium glandulosum,comb_DJI_20250523085457_0023_V_112zoom.JPG,long_tail,queue
14,sapium glandulosum,comb_DJI_20251015125023_0039_V_6213zoom.JPG,long_tail,queue
14,sapium glandulosum,comb_DJI_20251016130721_0005_V_3285zoom.JPG,long_tail,queue
14,sapium glandulosum,comb_DJI_20241226100204_0060_V_3444zoom.JPG,long_tail,queue
14,dialium guianense,comb_DJI_20250930120058_0017_V_2224zoom.JPG,long_tail,queue
14,dialium guianense,comb_DJI_20250814143004_0037_V_2430zoom.JPG,long_tail,queue
14,dialium guianense,comb_DJI_20250522101200_0035_V_37zoom.JPG,long_tail,queue
14,dialium guianense,comb_DJI_20251001113734_0007_V_3498zoom.JPG,long_tail,queue
14,dialium guianense,comb_DJI_20241226133301_0038_V_1659zoom.JPG,long_tail,queue
14,urochloa distachyos,comb_DJI_20250204093830_0024_V_7043zoom.JPG,long_tail,queue
14,rhizophora mangle,comb_DJI_20250813141626_0011_V_1020zoom.JPG,long_tail,queue
14,trichospermum mexicanum,comb_DJI_20241101110041_0034_V_830zoom.JPG,long_tail,queue
14,aiouea montana,comb_DJI_20250911100936_0015_V_2657zoom.JPG,long_tail,queue
14,aiouea montana,comb_DJI_20260320101914_0039_V_4678tele.JPG,long_tail,queue
14,aiouea montana,comb_DJI_20251010121637_0033_V_9309zoom.JPG,long_tail,queue
14,aiouea montana,comb_DJI_20260318102728_0055_V_4352tele.JPG,long_tail,queue
14,adenocalymma inundatum,comb_DJI_20250814143419_0051_V_2154zoom.JPG,long_tail,queue
14,chamaedorea costaricana,comb_DJI_20250522101514_0047_V_66zoom.JPG,long_tail,queue
14,jasminum fluminense,comb_DJI_20250926111032_0039_V_2100zoom.JPG,long_tail,queue
14,jasminum fluminense,comb_DJI_20241024130426_0046_V_1803zoom.JPG,long_tail,queue
14,jasminum fluminense,comb_DJI_20250930120513_0033_V_2123zoom.JPG,long_tail,queue
14,cespedesia spathulata,comb_DJI_20250522104209_0059_V_134zoom.JPG,long_tail,queue
14,cespedesia spathulata,comb_DJI_20260114115044_0031_V_8746zoom.JPG,long_tail,queue
14,cespedesia spathulata,comb_DJI_20250806093919_0006_V_155zoom.JPG,long_tail,queue
14,ziziphus jujuba,comb_DJI_20250523090125_0049_V_53zoom.JPG,long_tail,queue
14,pristimera celastroides,comb_DJI_20260320105206_0005_V_2915tele.JPG,long_tail,queue
14,pristimera celastroides,comb_DJI_20260317092951_0026_V_5815tele.JPG,long_tail,queue
14,lonchocarpus heptaphyllus,comb_DJI_20250930115921_0011_V_3970zoom.JPG,long_tail,queue
14,lonchocarpus heptaphyllus,comb_DJI_20250522100854_0023_V_24zoom.JPG,long_tail,queue
14,lonchocarpus heptaphyllus,comb_DJI_20250724132732_0035_V_8744zoom.JPG,long_tail,queue
14,lonchocarpus heptaphyllus,comb_DJI_20251016105633_0049_V_6854zoom.JPG,long_tail,queue
14,lonchocarpus heptaphyllus,comb_DJI_20241101105043_0010_V_889zoom.JPG,long_tail,queue
14,lonchocarpus heptaphyllus,comb_DJI_20250911100759_0009_V_2648zoom.JPG,long_tail,queue
14,lonchocarpus heptaphyllus,comb_DJI_20260318101311_0003_V_2831tele.JPG,long_tail,queue
14,lonchocarpus heptaphyllus,comb_DJI_20241107104918_0058_V_1667zoom.JPG,long_tail,queue
14,lonchocarpus heptaphyllus,comb_DJI_20260114113720_0007_V_2761zoom.JPG,long_tail,queue
14,lonchocarpus heptaphyllus,comb_DJI_20250813090644_0001_V_9793zoom.JPG,long_tail,queue
14,lonchocarpus heptaphyllus,comb_DJI_20251015125411_0053_V_4528zoom.JPG,long_tail,queue
14,lonchocarpus heptaphyllus,comb_DJI_20251010102616_0001_V_2866zoom.JPG,long_tail,queue
14,lonchocarpus heptaphyllus,comb_DJI_20251010105722_0027_V_10493zoom.JPG,long_tail,queue
14,lonchocarpus heptaphyllus,comb_DJI_20250820112519_0021_V_6255zoom.JPG,long_tail,queue
14,lonchocarpus heptaphyllus,comb_DJI_20250522103354_0027_V_144zoom.JPG,long_tail,queue
14,lonchocarpus heptaphyllus,comb_DJI_20250305103041_0002_V_1410zoom.JPG,long_tail,queue
14,quercus oleoides,comb_DJI_20250522105212_0009_V_6zoom.JPG,long_tail,queue
14,vanilla mexicana,comb_DJI_20260114100542_0051_V_4745zoom.JPG,long_tail,queue
14,vitis tiliifolia,comb_DJI_20250110142606_0014_V_177zoom.JPG,long_tail,queue
14,vitis tiliifolia,comb_DJI_20240913110545_0050_V_5446zoom.JPG,long_tail,queue
14,vitis tiliifolia,comb_DJI_20250110133413_0024_V_75zoom.JPG,long_tail,queue
14,vitis tiliifolia,comb_DJI_20250110150602_0060_V_195zoom.JPG,long_tail,queue
14,vitis tiliifolia,comb_DJI_20250110162804_0046_V_51zoom.JPG,long_tail,queue
14,gouania lupuloides,comb_DJI_20250522104137_0057_V_135zoom.JPG,long_tail,queue
14,gouania lupuloides,comb_DJI_20250522090101_0023_V_22zoom.JPG,long_tail,queue
14,gouania lupuloides,comb_DJI_20250522101613_0051_V_145zoom.JPG,long_tail,queue
14,amyris elemifera,comb_DJI_20241107110023_0014_V_1382zoom.JPG,long_tail,queue
14,amyris elemifera,comb_DJI_20251015133205_0011_V_5423zoom.JPG,long_tail,queue
14,guarea bullata,comb_DJI_20250522100346_0003_V_100zoom.JPG,long_tail,queue
14,pithecellobium keyense,comb_DJI_20250930120342_0027_V_1450zoom.JPG,long_tail,queue
14,pithecellobium keyense,comb_DJI_20251001125439_0003_V_2881zoom.JPG,long_tail,queue
14,bromelia karatas,comb_DJI_20241217130809_0030_V_1481zoom.JPG,long_tail,queue
14,melicoccus oliviformis,comb_DJI_20251001124002_0035_V_3551zoom.JPG,long_tail,queue
14,drypetes lateriflora,comb_DJI_20260317095406_0023_V_5199tele.JPG,long_tail,queue
14,mascagnia divaricata,comb_DJI_20251010083835_0053_V_3139zoom.JPG,long_tail,queue
14,mascagnia divaricata,comb_DJI_20260317084031_0019_V_8833tele.JPG,long_tail,queue
14,ficus cotinifolia,comb_DJI_20241204104852_0016_V_2584zoom.JPG,long_tail,queue
14,pachira sessilis,comb_DJI_20250523085046_0005_V_122zoom.JPG,long_tail,queue
14,pachira sessilis,comb_DJI_20241218101238_0026_V_8063zoom.JPG,long_tail,queue
14,pachira sessilis,comb_DJI_20251015134307_0049_V_6331zoom.JPG,long_tail,queue
14,pachira sessilis,comb_DJI_20240913111836_0010_V_5421zoom.JPG,long_tail,queue
14,pachira sessilis,comb_DJI_20251010114050_0029_V_8082zoom.JPG,long_tail,queue
14,pachira sessilis,comb_DJI_20250305103438_0010_V_1412zoom.JPG,long_tail,queue
14,pachira sessilis,comb_DJI_20250523085604_0027_V_78zoom.JPG,long_tail,queue
14,pachira sessilis,comb_DJI_20251014110007_0005_V_5403zoom.JPG,long_tail,queue
14,pachira sessilis,comb_DJI_20241107110100_0016_V_1385zoom.JPG,long_tail,queue
14,pachira sessilis,comb_DJI_20251017103544_0009_V_2635zoom.JPG,long_tail,queue
14,aspidosperma megalocarpon,comb_DJI_20260318092441_0001_V_70tele.JPG,long_tail,queue
14,neolamarckia cadamba,comb_DJI_20250814135705_0045_V_7751zoom.JPG,long_tail,queue
14,neolamarckia cadamba,comb_DJI_20250520103152_0042_V_231zoom.JPG,long_tail,queue
14,metopium brownei,comb_DJI_20241124091458_0012_V_556zoom.JPG,long_tail,queue
14,volkameria mollis,comb_DJI_20250523101738_0073_V_68zoom.JPG,long_tail,queue
14,serjania pyramidata,comb_DJI_20250806103123_0034_V_99zoom.JPG,long_tail,queue
14,cissus microcarpa,comb_DJI_20260114102817_0031_V_3688zoom.JPG,long_tail,queue
14,triplaris melaenodendron,comb_DJI_20250110142912_0024_V_47zoom.JPG,long_tail,queue
15,peritassa laevigata,comb_DJI_20260317093538_0046_V_5982tele.JPG,long_tail,queue
15,inga spectabilis,comb_DJI_20250106111149_0052_V_7062zoom.JPG,long_tail,queue
15,ziziphus mauritiana,comb_DJI_20260322090715_0011_V_4536tele.JPG,long_tail,queue
15,piscidia carthagenensis,comb_DJI_20250813101207_0019_V_10605zoom.JPG,long_tail,queue
15,tapirira guianensis,comb_DJI_20260320110032_0035_V_1912tele.JPG,long_tail,queue
15,hirtella americana,comb_DJI_20241126105218_0008_V_479zoom.JPG,long_tail,queue
15,hirtella americana,comb_DJI_20241126102630_0016_V_678zoom.JPG,long_tail,queue
15,colubrina arborescens,comb_DJI_20260112122753_0011_V_6145zoom.JPG,long_tail,queue
15,bignonia corymbosa,comb_DJI_20250110143021_0028_V_4zoom.JPG,long_tail,queue
15,serjania brachycarpa,comb_DJI_20251003105833_0027_V_1335zoom.JPG,long_tail,queue
15,cryptostegia grandiflora,comb_DJI_20250523093924_0015_V_43zoom.JPG,long_tail,queue
15,cryptostegia grandiflora,comb_DJI_20260320110707_0061_V_1805tele.JPG,long_tail,queue
15,ficus pertusa,comb_DJI_20250520094441_0050_V_110zoom.JPG,long_tail,queue
15,jasminum sambac,comb_DJI_20250813101713_0035_V_11465zoom.JPG,long_tail,queue
15,dolichandra unguis-cati,comb_DJI_20251009095406_0027_V_9036zoom.JPG,long_tail,queue
15,dolichandra unguis-cati,comb_DJI_20250813135515_0017_V_896zoom.JPG,long_tail,queue
15,cenostigma eriostachys,comb_DJI_20240911145633_0026_V_970zoom.JPG,long_tail,queue
15,licaria triandra,comb_DJI_20250520093511_0014_V_170zoom.JPG,long_tail,queue
15,cecropia angustifolia,comb_DJI_20250110152637_0004_V_62zoom.JPG,long_tail,queue
15,cecropia angustifolia,comb_DJI_20250110162242_0024_V_61zoom.JPG,long_tail,queue
15,attalea butyracea,comb_DJI_20250522105242_0011_V_10zoom.JPG,long_tail,queue
15,attalea butyracea,comb_DJI_20241202121503_0026_V_2838zoom.JPG,long_tail,queue
15,attalea butyracea,comb_DJI_20241024134757_0006_V_1339zoom.JPG,long_tail,queue
15,attalea butyracea,comb_DJI_20240911145600_0024_V_1486zoom.JPG,long_tail,queue
15,attalea butyracea,comb_DJI_20241202121125_0016_V_2307zoom.JPG,long_tail,queue
15,attalea butyracea,comb_DJI_20241127112322_0012_V_1388zoom.JPG,long_tail,queue
15,attalea butyracea,comb_DJI_20241202120000_0052_V_1362zoom.JPG,long_tail,queue
15,attalea butyracea,comb_DJI_20241204113753_0018_V_1208zoom.JPG,long_tail,queue
15,attalea butyracea,comb_DJI_20250820105129_0001_V_5148zoom.JPG,long_tail,queue
15,attalea butyracea,comb_DJI_20240911153244_0044_V_4783zoom.JPG,long_tail,queue
15,attalea butyracea,comb_DJI_20241127103331_0034_V_1858zoom.JPG,long_tail,queue
15,attalea butyracea,comb_DJI_20241226103313_0058_V_1216zoom.JPG,long_tail,queue
15,attalea butyracea,comb_DJI_20241127100302_0056_V_1807zoom.JPG,long_tail,queue
15,attalea butyracea,comb_DJI_20241127103829_0048_V_1716zoom.JPG,long_tail,queue
15,attalea butyracea,comb_DJI_20241127102554_0010_V_2041zoom.JPG,long_tail,queue
15,canavalia rosea,comb_DJI_20250110155649_0042_V_207zoom.JPG,long_tail,queue
15,tanaecium pyramidatum,comb_DJI_20241226122824_0028_V_3162zoom.JPG,long_tail,queue
15,tanaecium pyramidatum,comb_DJI_20250820114648_0013_V_7971zoom.JPG,long_tail,queue
15,faramea occidentalis,comb_DJI_20250723130907_0039_V_10898zoom.JPG,long_tail,queue
15,hymenaea courbaril,comb_DJI_20251016114539_0057_V_4235zoom.JPG,long_tail,queue
15,hymenaea courbaril,comb_DJI_20250305125012_0006_V_5721zoom.JPG,long_tail,queue
15,hymenaea courbaril,comb_DJI_20250305123841_0008_V_6086zoom.JPG,long_tail,queue
15,hymenaea courbaril,comb_DJI_20250305093743_0002_V_3699zoom.JPG,long_tail,queue
15,hymenaea courbaril,comb_DJI_20251010102645_0003_V_3474zoom.JPG,long_tail,queue
15,hymenaea courbaril,comb_DJI_20250820095527_0033_V_7473zoom.JPG,long_tail,queue
15,casearia guianensis,comb_DJI_20251014112253_0003_V_5821zoom.JPG,long_tail,queue
15,cordia bicolor,comb_DJI_20250806111908_0044_V_113zoom.JPG,long_tail,queue
15,cordia bicolor,comb_DJI_20250806102855_0024_V_157zoom.JPG,long_tail,queue
15,cordia bicolor,comb_DJI_20250804152148_0021_V_7742zoom.JPG,long_tail,queue
15,cassipourea elliptica,comb_DJI_20250520093437_0012_V_80zoom.JPG,long_tail,queue
15,inga edulis,comb_DJI_20250522100645_0015_V_80zoom.JPG,long_tail,queue
15,machaerium isadelphum,comb_DJI_20250522095514_0067_V_74zoom.JPG,long_tail,queue
15,machaerium isadelphum,comb_DJI_20250806100354_0060_V_91zoom.JPG,long_tail,queue
15,couepia polyandra,comb_DJI_20250520100205_0018_V_166zoom.JPG,long_tail,queue
15,nypa fruticans,comb_DJI_20250806105817_0012_V_145zoom.JPG,long_tail,queue
15,styrax argenteus,comb_DJI_20250807113940_0009_V_5025zoom.JPG,long_tail,queue
15,persea caerulea,comb_DJI_20260317093256_0036_V_5919tele.JPG,long_tail,queue
15,casearia laetioides,comb_DJI_20251009093734_0059_V_10073zoom.JPG,long_tail,queue
15,casearia laetioides,comb_DJI_20241204093800_0054_V_1706zoom.JPG,long_tail,queue
15,casearia laetioides,comb_DJI_20241204102036_0010_V_1019zoom.JPG,long_tail,queue
15,casearia laetioides,comb_DJI_20251009092815_0025_V_857zoom.JPG,long_tail,queue
15,casearia laetioides,comb_DJI_20250717090905_0010_V_134zoom.JPG,long_tail,queue
15,casearia laetioides,comb_DJI_20241204094908_0004_V_1415zoom.JPG,long_tail,queue
15,passiflora serratodigitata,comb_DJI_20260114100217_0039_V_5479zoom.JPG,long_tail,queue
15,virola montana,comb_DJI_20241204093608_0048_V_2009zoom.JPG,long_tail,queue
15,neustanthus phaseoloides,comb_DJI_20250110162107_0018_V_143zoom.JPG,long_tail,queue
15,brosimum guianense,comb_DJI_20250806111226_0018_V_118zoom.JPG,long_tail,queue
15,pouteria glomerata,comb_DJI_20260320103958_0049_V_3703tele.JPG,long_tail,queue
15,ficus yoponensis,comb_DJI_20251016101924_0015_V_10922zoom.JPG,long_tail,queue
15,mascagnia vacciniifolia,comb_DJI_20250110140717_0040_V_155zoom.JPG,long_tail,queue
15,manicaria saccifera,comb_DJI_20250522101027_0029_V_47zoom.JPG,long_tail,queue
15,gustavia superba,comb_DJI_20260320105633_0021_V_3947tele.JPG,long_tail,queue
15,gustavia superba,comb_DJI_20251015132027_0027_V_7761zoom.JPG,long_tail,queue
15,acrostichum aureum,comb_DJI_20240911145423_0018_V_1503zoom.JPG,long_tail,queue
15,homalium racemosum,comb_DJI_20250226110351_0006_V_3201zoom.JPG,long_tail,queue
15,manilkara chicle,comb_DJI_20250522102002_0065_V_90zoom.JPG,long_tail,queue
15,ardisia palmana,comb_DJI_20260318100433_0065_V_1601tele.JPG,long_tail,queue
15,ardisia palmana,comb_DJI_20260317101725_0013_V_11262tele.JPG,long_tail,queue
15,clerodendrum speciosissimum,comb_DJI_20250110145945_0038_V_167zoom.JPG,long_tail,queue
15,samanea saman,comb_DJI_20241226111007_0006_V_707zoom.JPG,long_tail,queue
15,coccoloba excelsa,comb_DJI_20241127112357_0014_V_1198zoom.JPG,long_tail,queue
15,schaefferia frutescens,comb_DJI_20250724095915_0003_V_8840zoom.JPG,long_tail,queue
15,microdesmia arborea,comb_DJI_20251016104612_0013_V_10977zoom.JPG,long_tail,queue
15,eugenia rhombea,comb_DJI_20241218105323_0010_V_6197zoom.JPG,long_tail,queue
15,weinmannia trianae,comb_DJI_20250522085314_0001_V_128zoom.JPG,long_tail,queue
15,cupania scrobiculata,comb_DJI_20250806104554_0020_V_56zoom.JPG,long_tail,queue
15,prunus myrtifolia,comb_DJI_20251015133621_0025_V_3460zoom.JPG,long_tail,queue
15,inga laurina,comb_DJI_20251016102301_0029_V_10773zoom.JPG,long_tail,queue
15,inga laurina,comb_DJI_20260114102743_0029_V_3655zoom.JPG,long_tail,queue
15,cavanillesia platanifolia,comb_DJI_20250813130341_0021_V_9564zoom.JPG,long_tail,queue
15,cavanillesia platanifolia,comb_DJI_20241217095400_0028_V_1577zoom.JPG,long_tail,queue
15,doliocarpus multiflorus,comb_DJI_20251014113224_0027_V_5731zoom.JPG,long_tail,queue
15,sparrea schippii,comb_DJI_20251016125026_0033_V_3665zoom.JPG,long_tail,queue
15,sparrea schippii,comb_DJI_20251010085736_0031_V_4139zoom.JPG,long_tail,queue
15,sparrea schippii,comb_DJI_20250106095743_0006_V_5207zoom.JPG,long_tail,queue
15,sparrea schippii,comb_DJI_20250106095107_0074_V_5245zoom.JPG,long_tail,queue
15,sparrea schippii,comb_DJI_20251003121451_0017_V_219zoom.JPG,long_tail,queue
15,elaeis guineensis,comb_DJI_20240911145345_0016_V_1781zoom.JPG,long_tail,queue
15,ulmus parvifolia,comb_DJI_20250520095702_0002_V_112zoom.JPG,long_tail,queue
15,ulmus parvifolia,comb_DJI_20250806111145_0016_V_58zoom.JPG,long_tail,queue
16,macropsychanthus wilsonii,comb_DJI_20251017100643_0009_V_10764zoom.JPG,long_tail,queue
16,curculigo capitulata,comb_DJI_20250523093559_0001_V_6zoom.JPG,long_tail,queue
16,goupia glabra,comb_DJI_20250523100030_0003_V_108zoom.JPG,long_tail,queue
16,telmatoblechnum serrulatum,comb_DJI_20260318105131_0055_V_5452tele.JPG,long_tail,queue
16,cecropia obtusifolia,comb_DJI_20250110150125_0044_V_111zoom.JPG,long_tail,queue
16,acrocomia aculeata,comb_DJI_20240911153356_0048_V_4792zoom.JPG,long_tail,queue
16,virola koschnyi,comb_DJI_20260318094937_0007_V_932tele.JPG,long_tail,queue
16,tecomaria capensis,comb_DJI_20240911145855_0034_V_507zoom.JPG,long_tail,queue
16,laelia anceps,comb_DJI_20250522101939_0063_V_88zoom.JPG,long_tail,queue
16,manilkara staminodella,comb_DJI_20250520094410_0048_V_68zoom.JPG,long_tail,queue
16,goethalsia meiantha,comb_DJI_20251016113133_0003_V_8544zoom.JPG,long_tail,queue
16,cupania americana,comb_DJI_20241127100505_0062_V_1979zoom.JPG,long_tail,queue
16,setaria palmifolia,comb_DJI_20241202112550_0050_V_1324zoom.JPG,long_tail,queue
17,anacardium excelsum,comb_DJI_20250522101910_0061_V_140zoom.JPG,low_conf_known,queue
17,anacardium excelsum,comb_DJI_20250522092311_0031_V_99zoom.JPG,low_conf_known,queue
17,anacardium excelsum,comb_DJI_20250110152053_0022_V_223zoom.JPG,low_conf_known,queue
17,anacardium excelsum,comb_DJI_20260114102346_0015_V_3594zoom.JPG,low_conf_known,queue
17,anacardium excelsum,comb_DJI_20260320103625_0037_V_3565tele.JPG,low_conf_known,queue
17,anacardium excelsum,comb_DJI_20260322090547_0005_V_3548tele.JPG,low_conf_known,queue
17,anacardium excelsum,comb_DJI_20250110161651_0002_V_114zoom.JPG,low_conf_known,queue
17,anacardium excelsum,comb_DJI_20260322092325_0071_V_2701tele.JPG,low_conf_known,queue
17,anacardium excelsum,comb_DJI_20260320103514_0033_V_4580tele.JPG,low_conf_known,queue
17,anacardium excelsum,comb_DJI_20250930122426_0007_V_634zoom.JPG,low_conf_known,queue
17,anacardium excelsum,comb_DJI_20250522100716_0017_V_54zoom.JPG,low_conf_known,queue
17,anacardium excelsum,comb_DJI_20241217105319_0036_V_1962zoom.JPG,low_conf_known,queue
17,anacardium excelsum,comb_DJI_20251015125122_0043_V_5233zoom.JPG,low_conf_known,queue
17,anacardium excelsum,comb_DJI_20250807103022_0011_V_5001zoom.JPG,low_conf_known,queue
17,anacardium excelsum,comb_DJI_20250806105852_0014_V_146zoom.JPG,low_conf_known,queue
17,anacardium excelsum,comb_DJI_20250930122823_0021_V_7392zoom.JPG,low_conf_known,queue
17,anacardium excelsum,comb_DJI_20250523094147_0025_V_159zoom.JPG,low_conf_known,queue
17,anacardium excelsum,comb_DJI_20251014100216_0015_V_219zoom.JPG,low_conf_known,queue
17,anacardium excelsum,comb_DJI_20250305132855_0028_V_4525zoom.JPG,low_conf_known,queue
17,anacardium excelsum,comb_DJI_20260320105239_0007_V_2913tele.JPG,low_conf_known,queue
17,anacardium excelsum,comb_DJI_20240912094937_0030_V_3385zoom.JPG,low_conf_known,queue
17,anacardium excelsum,comb_DJI_20260114095714_0021_V_8150zoom.JPG,low_conf_known,queue
17,anacardium excelsum,comb_DJI_20260322090520_0003_V_3637tele.JPG,low_conf_known,queue
17,anacardium excelsum,comb_DJI_20260322091047_0025_V_5436tele.JPG,low_conf_known,queue
17,anacardium excelsum,comb_DJI_20241226123802_0058_V_2490zoom.JPG,low_conf_known,queue
17,anacardium excelsum,comb_DJI_20260320105108_0001_V_2928tele.JPG,low_conf_known,queue
17,anacardium excelsum,comb_DJI_20250110155023_0014_V_104zoom.JPG,low_conf_known,queue
17,anacardium excelsum,comb_DJI_20250522094847_0043_V_31zoom.JPG,low_conf_known,queue
17,anacardium excelsum,comb_DJI_20250930114729_0047_V_3241zoom.JPG,low_conf_known,queue
17,anacardium excelsum,comb_DJI_20250522085957_0019_V_11zoom.JPG,low_conf_known,queue
17,anacardium excelsum,comb_DJI_20251014103958_0015_V_4994zoom.JPG,low_conf_known,queue
17,anacardium excelsum,comb_DJI_20250522094144_0015_V_83zoom.JPG,low_conf_known,queue
17,anacardium excelsum,comb_DJI_20241204143754_0012_V_4178zoom.JPG,low_conf_known,queue
17,anacardium excelsum,comb_DJI_20241204101900_0006_V_734zoom.JPG,low_conf_known,queue
17,anacardium excelsum,comb_DJI_20251017103913_0021_V_2575zoom.JPG,low_conf_known,queue
17,anacardium excelsum,comb_DJI_20260322093627_0031_V_483tele.JPG,low_conf_known,queue
17,anacardium excelsum,comb_DJI_20250806112126_0052_V_134zoom.JPG,low_conf_known,queue
17,anacardium excelsum,comb_DJI_20260318095849_0043_V_2490tele.JPG,normal,queue
17,anacardium excelsum,comb_DJI_20251014104243_0025_V_11250zoom.JPG,normal,queue
17,anacardium excelsum,comb_DJI_20260114121506_0051_V_11573zoom.JPG,normal,queue
17,anacardium excelsum,comb_DJI_20250806111256_0020_V_133zoom.JPG,normal,queue
17,anacardium excelsum,comb_DJI_20260322093218_0015_V_1740tele.JPG,normal,queue
17,anacardium excelsum,comb_DJI_20250110152123_0024_V_36zoom.JPG,normal,queue
17,anacardium excelsum,comb_DJI_20260114104616_0007_V_5870zoom.JPG,normal,queue
17,anacardium excelsum,comb_DJI_20260320110811_0065_V_1826tele.JPG,normal,queue
17,anacardium excelsum,comb_DJI_20250110155549_0038_V_43zoom.JPG,normal,queue
17,anacardium excelsum,comb_DJI_20250930113617_0007_V_6371zoom.JPG,normal,queue
17,anacardium excelsum,comb_DJI_20260318104127_0019_V_6868tele.JPG,normal,queue
17,anacardium excelsum,comb_DJI_20260318100332_0061_V_853tele.JPG,normal,queue
17,anacardium excelsum,comb_DJI_20241204095942_0030_V_82zoom.JPG,normal,queue
17,anacardium excelsum,comb_DJI_20250930114657_0045_V_4184zoom.JPG,normal,queue
17,anacardium excelsum,comb_DJI_20251017115436_0005_V_10467zoom.JPG,normal,queue
17,anacardium excelsum,comb_DJI_20250930114152_0027_V_5698zoom.JPG,normal,queue
17,anacardium excelsum,comb_DJI_20260320102950_0011_V_5483tele.JPG,normal,queue
17,anacardium excelsum,comb_DJI_20250110162643_0040_V_94zoom.JPG,normal,queue
17,anacardium excelsum,comb_DJI_20250930123214_0035_V_7397zoom.JPG,normal,queue
17,anacardium excelsum,comb_DJI_20260320103339_0027_V_4661tele.JPG,normal,queue
17,anacardium excelsum,comb_DJI_20260322093021_0007_V_2634tele.JPG,normal,queue
17,anacardium excelsum,comb_DJI_20250110164303_0024_V_179zoom.JPG,normal,queue
17,anacardium excelsum,comb_DJI_20250110152733_0008_V_201zoom.JPG,normal,queue
17,anacardium excelsum,comb_DJI_20240913110131_0036_V_4898zoom.JPG,normal,queue
17,anacardium excelsum,comb_DJI_20260322093251_0017_V_1785tele.JPG,normal,queue
17,anacardium excelsum,comb_DJI_20260318093817_0053_V_945tele.JPG,normal,queue
17,anacardium excelsum,comb_DJI_20241101100835_0042_V_625zoom.JPG,normal,queue
17,anacardium excelsum,comb_DJI_20251014112730_0011_V_6441zoom.JPG,normal,queue
17,anacardium excelsum,comb_DJI_20240913110647_0054_V_5897zoom.JPG,normal,queue
17,anacardium excelsum,comb_DJI_20250110141604_0072_V_76zoom.JPG,can_wait,queue
17,anacardium excelsum,comb_DJI_20250930121239_0061_V_676zoom.JPG,can_wait,queue
17,anacardium excelsum,comb_DJI_20251015131415_0005_V_5677zoom.JPG,can_wait,queue
17,anacardium excelsum,comb_DJI_20250110140640_0038_V_153zoom.JPG,can_wait,queue
17,anacardium excelsum,comb_DJI_20250110133613_0032_V_90zoom.JPG,can_wait,queue
17,anacardium excelsum,comb_DJI_20260320105422_0013_V_3925tele.JPG,can_wait,queue
17,anacardium excelsum,comb_DJI_20260320104515_0069_V_2776tele.JPG,can_wait,queue
17,anacardium excelsum,comb_DJI_20250930120022_0015_V_3980zoom.JPG,can_wait,queue
17,anacardium excelsum,comb_DJI_20260322091940_0057_V_2639tele.JPG,can_wait,queue
17,anacardium excelsum,comb_DJI_20260322092050_0061_V_2659tele.JPG,can_wait,queue
17,anacardium excelsum,comb_DJI_20260320101736_0033_V_4698tele.JPG,can_wait,queue
17,anacardium excelsum,comb_DJI_20260322093144_0013_V_1751tele.JPG,can_wait,queue
17,anacardium excelsum,comb_DJI_20251017102016_0059_V_2757zoom.JPG,can_wait,queue
17,anacardium excelsum,comb_DJI_20260318103754_0007_V_6103tele.JPG,can_wait,queue
17,anacardium excelsum,comb_DJI_20260114100347_0045_V_5377zoom.JPG,can_wait,queue
17,anacardium excelsum,comb_DJI_20260320102716_0001_V_4705tele.JPG,can_wait,queue
17,anacardium excelsum,comb_DJI_20250110143119_0032_V_97zoom.JPG,can_wait,queue
17,anacardium excelsum,comb_DJI_20260322093426_0023_V_1052tele.JPG,can_wait,queue
17,anacardium excelsum,comb_DJI_20260322094530_0065_V_667tele.JPG,can_wait,queue
17,anacardium excelsum,comb_DJI_20260322090840_0017_V_4538tele.JPG,can_wait,queue
17,anacardium excelsum,comb_DJI_20260320103549_0035_V_4590tele.JPG,can_wait,queue
17,anacardium excelsum,comb_DJI_20250820094845_0011_V_8996zoom.JPG,can_wait,queue
17,anacardium excelsum,comb_DJI_20250110152353_0034_V_228zoom.JPG,can_wait,queue
17,anacardium excelsum,comb_DJI_20260320102820_0005_V_3722tele.JPG,can_wait,queue
17,anacardium excelsum,comb_DJI_20250110145627_0026_V_91zoom.JPG,can_wait,queue
17,anacardium excelsum,comb_DJI_20250110142425_0008_V_117zoom.JPG,can_wait,queue
17,anacardium excelsum,comb_DJI_20241101093856_0038_V_1199zoom.JPG,can_wait,queue
17,anacardium excelsum,comb_DJI_20251017120716_0047_V_10519zoom.JPG,can_wait,queue
17,anacardium excelsum,comb_DJI_20250110142951_0026_V_110zoom.JPG,can_wait,queue
17,anacardium excelsum,comb_DJI_20260320100948_0003_V_4697tele.JPG,can_wait,queue
17,anacardium excelsum,comb_DJI_20250110135850_0010_V_150zoom.JPG,can_wait,queue
17,anacardium excelsum,comb_DJI_20250110152916_0016_V_209zoom.JPG,can_wait,queue
17,anacardium excelsum,comb_DJI_20260322090742_0013_V_3602tele.JPG,can_wait,queue
17,anacardium excelsum,comb_DJI_20250110134737_0004_V_152zoom.JPG,can_wait,queue
18,anacardium excelsum,comb_DJI_20260318104915_0047_V_4600tele.JPG,can_wait,queue
18,anacardium excelsum,comb_DJI_20260318102939_0063_V_4426tele.JPG,can_wait,queue
18,anacardium excelsum,comb_DJI_20251014112659_0009_V_6364zoom.JPG,can_wait,queue
18,anacardium excelsum,comb_DJI_20260318101604_0013_V_1621tele.JPG,can_wait,queue
18,anacardium excelsum,comb_DJI_20250110162707_0042_V_214zoom.JPG,can_wait,queue
18,anacardium excelsum,comb_DJI_20251014103818_0011_V_4938zoom.JPG,can_wait,queue
18,anacardium excelsum,comb_DJI_20260318093255_0033_V_511tele.JPG,can_wait,queue
18,anacardium excelsum,comb_DJI_20250930114432_0037_V_5012zoom.JPG,can_wait,queue
18,anacardium excelsum,comb_DJI_20240913105927_0030_V_5200zoom.JPG,can_wait,queue
18,anacardium excelsum,comb_DJI_20250110153002_0020_V_231zoom.JPG,can_wait,queue
18,anacardium excelsum,comb_DJI_20260322092920_0003_V_2722tele.JPG,can_wait,queue
18,anacardium excelsum,comb_DJI_20241204095712_0024_V_655zoom.JPG,can_wait,queue
18,anacardium excelsum,comb_DJI_20260114104546_0005_V_7082zoom.JPG,can_wait,queue
18,anacardium excelsum,comb_DJI_20260320102921_0009_V_4637tele.JPG,can_wait,queue
18,anacardium excelsum,comb_DJI_20241226094427_0004_V_2378zoom.JPG,can_wait,queue
18,anacardium excelsum,comb_DJI_20250930122317_0003_V_669zoom.JPG,can_wait,queue
18,anacardium excelsum,comb_DJI_20241226140341_0038_V_151zoom.JPG,can_wait,queue
18,anacardium excelsum,comb_DJI_20260320100917_0001_V_4694tele.JPG,can_wait,queue
18,anacardium excelsum,comb_DJI_20260322093114_0011_V_1737tele.JPG,can_wait,queue
18,anacardium excelsum,comb_DJI_20260320103409_0029_V_4579tele.JPG,can_wait,queue
18,anacardium excelsum,comb_DJI_20250110153126_0026_V_63zoom.JPG,can_wait,queue
18,anacardium excelsum,comb_DJI_20250110143148_0034_V_2zoom.JPG,can_wait,queue
18,anacardium excelsum,comb_DJI_20260320103110_0017_V_4617tele.JPG,can_wait,queue
18,anacardium excelsum,comb_DJI_20250110133445_0026_V_100zoom.JPG,can_wait,queue
18,anacardium excelsum,comb_DJI_20251016124403_0009_V_38zoom.JPG,can_wait,queue
18,anacardium excelsum,comb_DJI_20250110155618_0040_V_206zoom.JPG,can_wait,queue
18,anacardium excelsum,comb_DJI_20260320110845_0067_V_1795tele.JPG,can_wait,queue
18,anacardium excelsum,comb_DJI_20250930114834_0051_V_3135zoom.JPG,can_wait,queue
18,anacardium excelsum,comb_DJI_20260318094837_0003_V_996tele.JPG,can_wait,queue
18,anacardium excelsum,comb_DJI_20260320102853_0007_V_4624tele.JPG,can_wait,queue
18,anacardium excelsum,comb_DJI_20260320101047_0007_V_5564tele.JPG,can_wait,queue
18,anacardium excelsum,comb_DJI_20250110155402_0030_V_42zoom.JPG,can_wait,queue
18,anacardium excelsum,comb_DJI_20260320103655_0039_V_4541tele.JPG,can_wait,queue
18,anacardium excelsum,comb_DJI_20250814143310_0047_V_2867zoom.JPG,can_wait,queue
18,anacardium excelsum,comb_DJI_20260320104411_0065_V_2752tele.JPG,can_wait,queue
18,anacardium excelsum,comb_DJI_20250110155900_0052_V_31zoom.JPG,can_wait,queue
18,anacardium excelsum,comb_DJI_20250110145559_0024_V_16zoom.JPG,can_wait,queue
18,anacardium excelsum,comb_DJI_20250110154834_0006_V_69zoom.JPG,can_wait,queue
18,anacardium excelsum,comb_DJI_20250110160614_0014_V_215zoom.JPG,can_wait,queue
18,anacardium excelsum,comb_DJI_20240913105549_0020_V_4621zoom.JPG,can_wait,queue
18,anacardium excelsum,comb_DJI_20260320103241_0023_V_4613tele.JPG,can_wait,queue
18,anacardium excelsum,comb_DJI_20251014103746_0009_V_4925zoom.JPG,can_wait,queue
18,anacardium excelsum,comb_DJI_20260318100544_0069_V_1570tele.JPG,can_wait,queue
18,anacardium excelsum,comb_DJI_20250110152800_0010_V_217zoom.JPG,can_wait,queue
18,anacardium excelsum,comb_DJI_20260322092951_0005_V_1774tele.JPG,can_wait,queue
18,anacardium excelsum,comb_DJI_20251016123342_0053_V_11046zoom.JPG,can_wait,queue
18,anacardium excelsum,comb_DJI_20260320101249_0015_V_4835tele.JPG,can_wait,queue
18,anacardium excelsum,comb_DJI_20250110145054_0004_V_235zoom.JPG,can_wait,queue
18,anacardium excelsum,comb_DJI_20251016115826_0013_V_5801zoom.JPG,can_wait,queue
18,anacardium excelsum,comb_DJI_20260318092508_0003_V_71tele.JPG,can_wait,queue
18,anacardium excelsum,comb_DJI_20250110145656_0028_V_230zoom.JPG,can_wait,queue
18,anacardium excelsum,comb_DJI_20260318102621_0051_V_4448tele.JPG,can_wait,queue
18,anacardium excelsum,comb_DJI_20260318101351_0005_V_2419tele.JPG,can_wait,queue
18,anacardium excelsum,comb_DJI_20250110164214_0020_V_182zoom.JPG,can_wait,queue
18,anacardium excelsum,comb_DJI_20260320101018_0005_V_5565tele.JPG,can_wait,queue
18,anacardium excelsum,comb_DJI_20250110162735_0044_V_232zoom.JPG,can_wait,queue
18,anacardium excelsum,comb_DJI_20260320101527_0025_V_3931tele.JPG,can_wait,queue
18,anacardium excelsum,comb_DJI_20251014123608_0037_V_5342zoom.JPG,can_wait,queue
18,anacardium excelsum,comb_DJI_20260114111533_0019_V_11200zoom.JPG,can_wait,queue
18,anacardium excelsum,comb_DJI_20250930113726_0011_V_5537zoom.JPG,can_wait,queue
18,anacardium excelsum,comb_DJI_20250930121341_0065_V_7419zoom.JPG,can_wait,queue
18,anacardium excelsum,comb_DJI_20251010083600_0043_V_2440zoom.JPG,can_wait,queue
18,anacardium excelsum,comb_DJI_20250814135308_0031_V_7555zoom.JPG,can_wait,queue
18,anacardium excelsum,comb_DJI_20250110143052_0030_V_1zoom.JPG,can_wait,queue
18,anacardium excelsum,comb_DJI_20251015113749_0035_V_1268zoom.JPG,can_wait,queue
18,anacardium excelsum,comb_DJI_20250814142459_0019_V_3401zoom.JPG,can_wait,queue
18,anacardium excelsum,comb_DJI_20250110152938_0018_V_3zoom.JPG,can_wait,queue
18,anacardium excelsum,comb_DJI_20250110164334_0026_V_181zoom.JPG,can_wait,queue
18,anacardium excelsum,comb_DJI_20260318095546_0031_V_1687tele.JPG,can_wait,queue
18,anacardium excelsum,comb_DJI_20250110162316_0026_V_194zoom.JPG,can_wait,queue
18,anacardium excelsum,comb_DJI_20250110153408_0036_V_229zoom.JPG,can_wait,queue
18,anacardium excelsum,comb_DJI_20260318092740_0013_V_7329tele.JPG,can_wait,queue
18,anacardium excelsum,comb_DJI_20241204104430_0008_V_120zoom.JPG,can_wait,queue
18,anacardium excelsum,comb_DJI_20250930121211_0059_V_678zoom.JPG,can_wait,queue
18,anacardium excelsum,comb_DJI_20240913114339_0002_V_4155zoom.JPG,can_wait,queue
18,anacardium excelsum,comb_DJI_20260112120502_0027_V_5138zoom.JPG,can_wait,queue
18,anacardium excelsum,comb_DJI_20250110140539_0034_V_144zoom.JPG,can_wait,queue
18,anacardium excelsum,comb_DJI_20250110154929_0010_V_233zoom.JPG,can_wait,queue
18,anacardium excelsum,comb_DJI_20251014105034_0051_V_4894zoom.JPG,can_wait,queue
18,anacardium excelsum,comb_DJI_20251016122955_0039_V_3589zoom.JPG,can_wait,queue
18,anacardium excelsum,comb_DJI_20250110132826_0002_V_25zoom.JPG,can_wait,queue
18,anacardium excelsum,comb_DJI_20241204100209_0036_V_201zoom.JPG,can_wait,queue
18,anacardium excelsum,comb_DJI_20251017110626_0009_V_2458zoom.JPG,can_wait,queue
18,anacardium excelsum,comb_DJI_20251016113607_0021_V_7188zoom.JPG,can_wait,queue
18,anacardium excelsum,comb_DJI_20240911155801_0044_V_6044zoom.JPG,can_wait,queue
18,anacardium excelsum,comb_DJI_20250110153338_0034_V_88zoom.JPG,can_wait,queue
18,anacardium excelsum,comb_DJI_20251009083523_0009_V_8216zoom.JPG,can_wait,queue
18,anacardium excelsum,comb_DJI_20251016115857_0015_V_5772zoom.JPG,can_wait,queue
18,anacardium excelsum,comb_DJI_20260320102750_0003_V_4682tele.JPG,can_wait,queue
18,anacardium excelsum,comb_DJI_20251016113502_0017_V_7247zoom.JPG,can_wait,queue
18,anacardium excelsum,comb_DJI_20250930114902_0053_V_3215zoom.JPG,can_wait,queue
18,anacardium excelsum,comb_DJI_20251017100958_0021_V_819zoom.JPG,can_wait,queue
18,anacardium excelsum,comb_DJI_20241204095255_0014_V_1092zoom.JPG,can_wait,queue
18,anacardium excelsum,comb_DJI_20251016111121_0017_V_4410zoom.JPG,can_wait,queue
18,anacardium excelsum,comb_DJI_20251017090403_0003_V_9824zoom.JPG,can_wait,queue
18,anacardium excelsum,comb_DJI_20250110155430_0032_V_204zoom.JPG,can_wait,queue
18,anacardium excelsum,comb_DJI_20250110142351_0006_V_199zoom.JPG,can_wait,queue
18,anacardium excelsum,comb_DJI_20250814142754_0029_V_3390zoom.JPG,can_wait,queue
18,anacardium excelsum,comb_DJI_20250110155456_0034_V_70zoom.JPG,can_wait,queue
18,anacardium excelsum,comb_DJI_20250110152827_0012_V_202zoom.JPG,can_wait,queue
19,anacardium excelsum,comb_DJI_20251016124223_0003_V_11092zoom.JPG,can_wait,queue
19,anacardium excelsum,comb_DJI_20251016124536_0015_V_11088zoom.JPG,can_wait,queue
19,anacardium excelsum,comb_DJI_20251017115704_0013_V_11643zoom.JPG,can_wait,queue
19,anacardium excelsum,comb_DJI_20250110155333_0028_V_184zoom.JPG,can_wait,queue
19,anacardium excelsum,comb_DJI_20250110164238_0022_V_180zoom.JPG,can_wait,queue
19,anacardium excelsum,comb_DJI_20240913110742_0058_V_5663zoom.JPG,can_wait,queue
19,anacardium excelsum,comb_DJI_20251017103400_0003_V_2692zoom.JPG,can_wait,queue
19,anacardium excelsum,comb_DJI_20251016110717_0001_V_3875zoom.JPG,can_wait,queue
19,anacardium excelsum,comb_DJI_20251016114609_0059_V_4897zoom.JPG,can_wait,queue
19,anacardium excelsum,comb_DJI_20251016122715_0029_V_3994zoom.JPG,can_wait,queue
19,anacardium excelsum,comb_DJI_20250110155209_0022_V_89zoom.JPG,can_wait,queue
19,anacardium excelsum,comb_DJI_20251016115933_0017_V_5841zoom.JPG,can_wait,queue
19,anacardium excelsum,comb_DJI_20250110154859_0008_V_216zoom.JPG,can_wait,queue
19,anacardium excelsum,comb_DJI_20250110155522_0036_V_203zoom.JPG,can_wait,queue
19,anacardium excelsum,comb_DJI_20241204095852_0028_V_347zoom.JPG,can_wait,queue
19,anacardium excelsum,comb_DJI_20241204095625_0022_V_508zoom.JPG,can_wait,queue
19,anacardium excelsum,comb_DJI_20251014113305_0029_V_5732zoom.JPG,can_wait,queue
19,anacardium excelsum,comb_DJI_20241204095430_0018_V_1443zoom.JPG,can_wait,queue
19,anacardium excelsum,comb_DJI_20251017110654_0011_V_2467zoom.JPG,can_wait,queue
19,anacardium excelsum,comb_DJI_20240913112831_0040_V_4603zoom.JPG,can_wait,queue
19,anacardium excelsum,comb_DJI_20241204095525_0020_V_1129zoom.JPG,can_wait,queue
19,anacardium excelsum,comb_DJI_20251016122920_0037_V_3546zoom.JPG,can_wait,queue
19,anacardium excelsum,comb_DJI_20250110154808_0004_V_227zoom.JPG,can_wait,queue
19,anacardium excelsum,comb_DJI_20250110154957_0012_V_205zoom.JPG,can_wait,queue
19,anacardium excelsum,comb_DJI_20250110154741_0002_V_105zoom.JPG,can_wait,queue
20,prioria copaifera,comb_DJI_20250523083705_0037_V_60zoom.JPG,low_conf_known,queue
20,prioria copaifera,comb_DJI_20250304105007_0006_V_1794zoom.JPG,low_conf_known,queue
20,prioria copaifera,comb_DJI_20251015133437_0019_V_4518zoom.JPG,low_conf_known,queue
20,prioria copaifera,comb_DJI_20251017112736_0007_V_395zoom.JPG,low_conf_known,queue
20,prioria copaifera,comb_DJI_20250522095340_0061_V_71zoom.JPG,low_conf_known,queue
20,prioria copaifera,comb_DJI_20250522091742_0009_V_52zoom.JPG,low_conf_known,queue
20,prioria copaifera,comb_DJI_20251017121548_0003_V_10535zoom.JPG,low_conf_known,queue
20,prioria copaifera,comb_DJI_20241024131132_0070_V_2088zoom.JPG,low_conf_known,queue
20,prioria copaifera,comb_DJI_20260114102528_0021_V_3635zoom.JPG,low_conf_known,queue
20,prioria copaifera,comb_DJI_20241204144634_0036_V_2762zoom.JPG,low_conf_known,queue
20,prioria copaifera,comb_DJI_20240913105718_0024_V_4923zoom.JPG,low_conf_known,queue
20,prioria copaifera,comb_DJI_20260317084235_0027_V_9208tele.JPG,low_conf_known,queue
20,prioria copaifera,comb_DJI_20241024131858_0002_V_2085zoom.JPG,low_conf_known,queue
20,prioria copaifera,comb_DJI_20250523083249_0019_V_25zoom.JPG,low_conf_known,queue
20,prioria copaifera,comb_DJI_20250522094518_0029_V_44zoom.JPG,low_conf_known,queue
20,prioria copaifera,comb_DJI_20250304092830_0008_V_537zoom.JPG,low_conf_known,queue
20,prioria copaifera,comb_DJI_20251017103509_0007_V_2634zoom.JPG,low_conf_known,queue
20,prioria copaifera,comb_DJI_20251017101810_0051_V_2295zoom.JPG,low_conf_known,queue
20,prioria copaifera,comb_DJI_20251015121922_0017_V_10883zoom.JPG,low_conf_known,queue
20,prioria copaifera,comb_DJI_20251014100330_0017_V_11170zoom.JPG,low_conf_known,queue
20,prioria copaifera,comb_DJI_20251016124710_0021_V_3246zoom.JPG,low_conf_known,queue
20,prioria copaifera,comb_DJI_20260114111307_0011_V_78zoom.JPG,low_conf_known,queue
20,prioria copaifera,comb_DJI_20241231112443_0014_V_5442zoom.JPG,low_conf_known,queue
20,prioria copaifera,comb_DJI_20260114102128_0007_V_2994zoom.JPG,low_conf_known,queue
20,prioria copaifera,comb_DJI_20240913112942_0044_V_4878zoom.JPG,low_conf_known,queue
20,prioria copaifera,comb_DJI_20251016102746_0045_V_1936zoom.JPG,low_conf_known,queue
20,prioria copaifera,comb_DJI_20251017113558_0037_V_9277zoom.JPG,low_conf_known,queue
20,prioria copaifera,comb_DJI_20251016101611_0003_V_8810zoom.JPG,low_conf_known,queue
20,prioria copaifera,comb_DJI_20260114102055_0005_V_3476zoom.JPG,low_conf_known,queue
20,prioria copaifera,comb_DJI_20241226143107_0008_V_773zoom.JPG,low_conf_known,queue
20,prioria copaifera,comb_DJI_20241226143019_0006_V_582zoom.JPG,low_conf_known,queue
20,prioria copaifera,comb_DJI_20251017111333_0035_V_397zoom.JPG,low_conf_known,queue
20,prioria copaifera,comb_DJI_20250806093816_0002_V_159zoom.JPG,low_conf_known,queue
20,prioria copaifera,comb_DJI_20250522091719_0007_V_59zoom.JPG,low_conf_known,queue
20,prioria copaifera,comb_DJI_20241226142930_0004_V_451zoom.JPG,normal,queue
20,prioria copaifera,comb_DJI_20251016130609_0001_V_186zoom.JPG,normal,queue
20,prioria copaifera,comb_DJI_20251016101851_0013_V_10967zoom.JPG,normal,queue
20,prioria copaifera,comb_DJI_20251016125553_0053_V_11216zoom.JPG,normal,queue
20,prioria copaifera,comb_DJI_20251017115853_0019_V_11680zoom.JPG,normal,queue
20,prioria copaifera,comb_DJI_20251017103432_0005_V_2703zoom.JPG,normal,queue
20,prioria copaifera,comb_DJI_20251010085138_0011_V_3758zoom.JPG,normal,queue
20,prioria copaifera,comb_DJI_20260317083711_0007_V_8788tele.JPG,normal,queue
20,prioria copaifera,comb_DJI_20260114115009_0029_V_8054zoom.JPG,normal,queue
20,prioria copaifera,comb_DJI_20251015122313_0031_V_10227zoom.JPG,normal,queue
20,prioria copaifera,comb_DJI_20260114114621_0017_V_9550zoom.JPG,normal,queue
20,prioria copaifera,comb_DJI_20241124085258_0026_V_880zoom.JPG,normal,queue
20,prioria copaifera,comb_DJI_20260114131407_0011_V_2457zoom.JPG,normal,queue
20,prioria copaifera,comb_DJI_20251016111808_0043_V_5141zoom.JPG,normal,queue
20,prioria copaifera,comb_DJI_20251017113937_0049_V_9276zoom.JPG,normal,queue
20,prioria copaifera,comb_DJI_20260114112456_0019_V_1564zoom.JPG,normal,queue
20,prioria copaifera,comb_DJI_20251015113502_0025_V_9072zoom.JPG,normal,queue
20,prioria copaifera,comb_DJI_20251016101721_0007_V_8841zoom.JPG,normal,queue
20,prioria copaifera,comb_DJI_20260114123055_0017_V_10537zoom.JPG,normal,queue
20,prioria copaifera,comb_DJI_20251017120151_0029_V_531zoom.JPG,normal,queue
20,prioria copaifera,comb_DJI_20251017103719_0015_V_2559zoom.JPG,normal,queue
20,prioria copaifera,comb_DJI_20251015124328_0015_V_10748zoom.JPG,normal,queue
20,prioria copaifera,comb_DJI_20251017121905_0013_V_9466zoom.JPG,normal,queue
20,prioria copaifera,comb_DJI_20260114095606_0017_V_7052zoom.JPG,normal,queue
20,prioria copaifera,comb_DJI_20251017112606_0001_V_421zoom.JPG,normal,queue
20,prioria copaifera,comb_DJI_20250807113636_0001_V_5792zoom.JPG,normal,queue
20,prioria copaifera,comb_DJI_20251016125725_0059_V_11139zoom.JPG,normal,queue
20,prioria copaifera,comb_DJI_20251016100819_0009_V_7536zoom.JPG,normal,queue
20,prioria copaifera,comb_DJI_20251016125834_0063_V_65zoom.JPG,normal,queue
20,prioria copaifera,comb_DJI_20251015133802_0031_V_4552zoom.JPG,normal,queue
20,prioria copaifera,comb_DJI_20260114095921_0029_V_8685zoom.JPG,normal,queue
20,prioria copaifera,comb_DJI_20251017120224_0031_V_573zoom.JPG,normal,queue
20,prioria copaifera,comb_DJI_20251015125651_0063_V_5301zoom.JPG,normal,queue
20,prioria copaifera,comb_DJI_20251017110425_0001_V_2020zoom.JPG,normal,queue
20,prioria copaifera,comb_DJI_20260112120206_0017_V_4437zoom.JPG,normal,queue
20,prioria copaifera,comb_DJI_20260114112200_0011_V_10699zoom.JPG,normal,queue
20,prioria copaifera,comb_DJI_20251015123106_0059_V_8768zoom.JPG,normal,queue
20,prioria copaifera,comb_DJI_20251017113632_0039_V_8683zoom.JPG,can_wait,queue
20,prioria copaifera,comb_DJI_20251017101913_0055_V_2301zoom.JPG,can_wait,queue
20,prioria copaifera,comb_DJI_20251017101625_0045_V_1490zoom.JPG,can_wait,queue
20,prioria copaifera,comb_DJI_20251017112804_0009_V_925zoom.JPG,can_wait,queue
20,prioria copaifera,comb_DJI_20260317092558_0012_V_5327tele.JPG,can_wait,queue
20,prioria copaifera,comb_DJI_20251016105556_0047_V_5606zoom.JPG,can_wait,queue
20,prioria copaifera,comb_DJI_20260114111027_0003_V_11083zoom.JPG,can_wait,queue
20,prioria copaifera,comb_DJI_20251016122744_0031_V_3486zoom.JPG,can_wait,queue
20,prioria copaifera,comb_DJI_20260114125318_0011_V_608zoom.JPG,can_wait,queue
20,prioria copaifera,comb_DJI_20251009104517_0015_V_739zoom.JPG,can_wait,queue
20,prioria copaifera,comb_DJI_20251017120536_0041_V_548zoom.JPG,can_wait,queue
20,prioria copaifera,comb_DJI_20251015133544_0023_V_4515zoom.JPG,can_wait,queue
20,prioria copaifera,comb_DJI_20251016125449_0049_V_3275zoom.JPG,can_wait,queue
20,prioria copaifera,comb_DJI_20251016123311_0051_V_11067zoom.JPG,can_wait,queue
20,prioria copaifera,comb_DJI_20251010085238_0015_V_3807zoom.JPG,can_wait,queue
20,prioria copaifera,comb_DJI_20241226101722_0016_V_1752zoom.JPG,can_wait,queue
20,prioria copaifera,comb_DJI_20260114120124_0005_V_10818zoom.JPG,can_wait,queue
20,prioria copaifera,comb_DJI_20251016114341_0049_V_4983zoom.JPG,can_wait,queue
20,prioria copaifera,comb_DJI_20241226095044_0024_V_3409zoom.JPG,can_wait,queue
20,prioria copaifera,comb_DJI_20260114125131_0005_V_631zoom.JPG,can_wait,queue
20,prioria copaifera,comb_DJI_20251016123101_0043_V_3547zoom.JPG,can_wait,queue
20,prioria copaifera,comb_DJI_20251016120326_0031_V_8077zoom.JPG,can_wait,queue
20,prioria copaifera,comb_DJI_20251015124046_0005_V_10070zoom.JPG,can_wait,queue
20,prioria copaifera,comb_DJI_20251017104444_0041_V_1433zoom.JPG,can_wait,queue
20,prioria copaifera,comb_DJI_20251017111302_0033_V_11496zoom.JPG,can_wait,queue
20,prioria copaifera,comb_DJI_20251016111149_0019_V_4423zoom.JPG,can_wait,queue
20,prioria copaifera,comb_DJI_20251017104059_0027_V_2121zoom.JPG,can_wait,queue
20,prioria copaifera,comb_DJI_20260114112642_0025_V_1500zoom.JPG,can_wait,queue
20,prioria copaifera,comb_DJI_20251015122825_0049_V_7510zoom.JPG,can_wait,queue
21,prioria copaifera,comb_DJI_20260114125245_0009_V_601zoom.JPG,can_wait,queue
21,prioria copaifera,comb_DJI_20251017120304_0033_V_572zoom.JPG,can_wait,queue
21,prioria copaifera,comb_DJI_20260114105720_0045_V_3341zoom.JPG,can_wait,queue
21,prioria copaifera,comb_DJI_20251016102334_0031_V_10798zoom.JPG,can_wait,queue
21,prioria copaifera,comb_DJI_20251016122846_0035_V_3018zoom.JPG,can_wait,queue
21,prioria copaifera,comb_DJI_20260114132143_0033_V_1436zoom.JPG,can_wait,queue
21,prioria copaifera,comb_DJI_20260114131823_0023_V_2697zoom.JPG,can_wait,queue
21,prioria copaifera,comb_DJI_20251015121457_0001_V_12079zoom.JPG,can_wait,queue
21,prioria copaifera,comb_DJI_20241226095303_0032_V_3439zoom.JPG,can_wait,queue
21,prioria copaifera,comb_DJI_20260114131526_0015_V_2565zoom.JPG,can_wait,queue
21,prioria copaifera,comb_DJI_20251017101942_0057_V_2311zoom.JPG,can_wait,queue
21,prioria copaifera,comb_DJI_20251015123001_0055_V_8766zoom.JPG,can_wait,queue
21,prioria copaifera,comb_DJI_20260114095815_0025_V_7455zoom.JPG,can_wait,queue
21,prioria copaifera,comb_DJI_20260114111457_0017_V_11187zoom.JPG,can_wait,queue
21,prioria copaifera,comb_DJI_20251016130648_0003_V_11188zoom.JPG,can_wait,queue
21,prioria copaifera,comb_DJI_20251015133657_0027_V_4462zoom.JPG,can_wait,queue
21,prioria copaifera,comb_DJI_20251015121637_0007_V_821zoom.JPG,can_wait,queue
21,prioria copaifera,comb_DJI_20260114100758_0059_V_4123zoom.JPG,can_wait,queue
21,prioria copaifera,comb_DJI_20251016120005_0019_V_5771zoom.JPG,can_wait,queue
21,prioria copaifera,comb_DJI_20241226094842_0016_V_3043zoom.JPG,can_wait,queue
21,prioria copaifera,comb_DJI_20251015133833_0033_V_5221zoom.JPG,can_wait,queue
21,prioria copaifera,comb_DJI_20241226101640_0014_V_1754zoom.JPG,can_wait,queue
21,prioria copaifera,comb_DJI_20251017111405_0037_V_396zoom.JPG,can_wait,queue
21,prioria copaifera,comb_DJI_20251016101749_0009_V_10096zoom.JPG,can_wait,queue
21,prioria copaifera,comb_DJI_20251015130423_0003_V_7629zoom.JPG,can_wait,queue
21,prioria copaifera,comb_DJI_20251016123449_0057_V_2zoom.JPG,can_wait,queue
21,prioria copaifera,comb_DJI_20250813141735_0015_V_1033zoom.JPG,can_wait,queue
21,prioria copaifera,comb_DJI_20251016110746_0003_V_3873zoom.JPG,can_wait,queue
21,prioria copaifera,comb_DJI_20241226143157_0010_V_775zoom.JPG,can_wait,queue
21,prioria copaifera,comb_DJI_20260114125641_0021_V_1438zoom.JPG,can_wait,queue
21,prioria copaifera,comb_DJI_20251016105026_0029_V_9067zoom.JPG,can_wait,queue
21,prioria copaifera,comb_DJI_20260114125100_0003_V_629zoom.JPG,can_wait,queue
21,prioria copaifera,comb_DJI_20251015131447_0007_V_4731zoom.JPG,can_wait,queue
21,prioria copaifera,comb_DJI_20251017103948_0023_V_2023zoom.JPG,can_wait,queue
21,prioria copaifera,comb_DJI_20251016122115_0007_V_5368zoom.JPG,can_wait,queue
21,prioria copaifera,comb_DJI_20251016123415_0055_V_11037zoom.JPG,can_wait,queue
21,prioria copaifera,comb_DJI_20260112115736_0001_V_3400zoom.JPG,can_wait,queue
21,prioria copaifera,comb_DJI_20251016102600_0039_V_1832zoom.JPG,can_wait,queue
21,prioria copaifera,comb_DJI_20251016100718_0005_V_8753zoom.JPG,can_wait,queue
21,prioria copaifera,comb_DJI_20260114132103_0031_V_2689zoom.JPG,can_wait,queue
21,prioria copaifera,comb_DJI_20251017101455_0039_V_645zoom.JPG,can_wait,queue
21,prioria copaifera,comb_DJI_20241226094607_0008_V_2387zoom.JPG,can_wait,queue
21,prioria copaifera,comb_DJI_20251017113445_0033_V_9936zoom.JPG,can_wait,queue
21,prioria copaifera,comb_DJI_20251015121528_0003_V_12073zoom.JPG,can_wait,queue
21,prioria copaifera,comb_DJI_20241226142842_0002_V_447zoom.JPG,can_wait,queue
21,prioria copaifera,comb_DJI_20251015134334_0051_V_7320zoom.JPG,can_wait,queue
21,prioria copaifera,comb_DJI_20251016100847_0011_V_7512zoom.JPG,can_wait,queue
21,prioria copaifera,comb_DJI_20260114102454_0019_V_3033zoom.JPG,can_wait,queue
21,prioria copaifera,comb_DJI_20241226095940_0052_V_2444zoom.JPG,can_wait,queue
21,prioria copaifera,comb_DJI_20251015125338_0051_V_5307zoom.JPG,can_wait,queue
21,prioria copaifera,comb_DJI_20260114112011_0005_V_9818zoom.JPG,can_wait,queue
21,prioria copaifera,comb_DJI_20251016103222_0063_V_12098zoom.JPG,can_wait,queue
21,prioria copaifera,comb_DJI_20260112120428_0025_V_5140zoom.JPG,can_wait,queue
21,prioria copaifera,comb_DJI_20260114132409_0041_V_2775zoom.JPG,can_wait,queue
21,prioria copaifera,comb_DJI_20251010085343_0019_V_4231zoom.JPG,can_wait,queue
21,prioria copaifera,comb_DJI_20241226094728_0012_V_2711zoom.JPG,can_wait,queue
21,prioria copaifera,comb_DJI_20251017115929_0021_V_11597zoom.JPG,can_wait,queue
21,prioria copaifera,comb_DJI_20251015122716_0045_V_8822zoom.JPG,can_wait,queue
21,prioria copaifera,comb_DJI_20251016101647_0005_V_10022zoom.JPG,can_wait,queue
21,prioria copaifera,comb_DJI_20251015123211_0063_V_8828zoom.JPG,can_wait,queue
21,prioria copaifera,comb_DJI_20251015114105_0047_V_1070zoom.JPG,can_wait,queue
21,prioria copaifera,comb_DJI_20260114125609_0019_V_1451zoom.JPG,can_wait,queue
21,prioria copaifera,comb_DJI_20251016102444_0035_V_12043zoom.JPG,can_wait,queue
21,prioria copaifera,comb_DJI_20251017122052_0019_V_8161zoom.JPG,can_wait,queue
21,prioria copaifera,comb_DJI_20251016122813_0033_V_3481zoom.JPG,can_wait,queue
22,astronium graveolens,comb_DJI_20240911153023_0036_V_4301zoom.JPG,low_conf_known,queue
22,astronium graveolens,comb_DJI_20250523100627_0027_V_35zoom.JPG,low_conf_known,queue
22,astronium graveolens,comb_DJI_20241217101402_0012_V_2916zoom.JPG,low_conf_known,queue
22,astronium graveolens,comb_DJI_20260318105341_0063_V_5549tele.JPG,low_conf_known,queue
22,astronium graveolens,comb_DJI_20251009091106_0049_V_10656zoom.JPG,low_conf_known,queue
22,astronium graveolens,comb_DJI_20250226132745_0040_V_768zoom.JPG,low_conf_known,queue
22,astronium graveolens,comb_DJI_20250110133310_0020_V_159zoom.JPG,low_conf_known,queue
22,astronium graveolens,comb_DJI_20250226123349_0016_V_2657zoom.JPG,low_conf_known,queue
22,astronium graveolens,comb_DJI_20240911155253_0028_V_6148zoom.JPG,low_conf_known,queue
22,astronium graveolens,comb_DJI_20251001104139_0009_V_2826zoom.JPG,low_conf_known,queue
22,astronium graveolens,comb_DJI_20240913110951_0066_V_5407zoom.JPG,low_conf_known,queue
22,astronium graveolens,comb_DJI_20250716091747_0022_V_314zoom.JPG,low_conf_known,queue
22,astronium graveolens,comb_DJI_20260114125205_0007_V_577zoom.JPG,normal,queue
22,astronium graveolens,comb_DJI_20241226100511_0070_V_2802zoom.JPG,normal,queue
22,astronium graveolens,comb_DJI_20250106092934_0002_V_6905zoom.JPG,normal,queue
22,astronium graveolens,comb_DJI_20241127093412_0056_V_2397zoom.JPG,normal,queue
22,astronium graveolens,comb_DJI_20251009095303_0023_V_9041zoom.JPG,normal,queue
22,astronium graveolens,comb_DJI_20260114110115_0059_V_3155zoom.JPG,normal,queue
22,astronium graveolens,comb_DJI_20240911155329_0030_V_6012zoom.JPG,normal,queue
22,astronium graveolens,comb_DJI_20251001121010_0011_V_4084zoom.JPG,normal,queue
22,astronium graveolens,comb_DJI_20260318093050_0025_V_7252tele.JPG,can_wait,queue
22,astronium graveolens,comb_DJI_20250930115853_0009_V_3962zoom.JPG,can_wait,queue
22,astronium graveolens,comb_DJI_20241024132324_0016_V_1007zoom.JPG,can_wait,queue
22,astronium graveolens,comb_DJI_20250716123309_0006_V_18zoom.JPG,can_wait,queue
22,astronium graveolens,comb_DJI_20241226122629_0022_V_3915zoom.JPG,can_wait,queue
22,astronium graveolens,comb_DJI_20250930115630_0001_V_4138zoom.JPG,can_wait,queue
22,astronium graveolens,comb_DJI_20260317084339_0031_V_9219tele.JPG,can_wait,queue
22,astronium graveolens,comb_DJI_20250813135331_0011_V_11394zoom.JPG,can_wait,queue
22,astronium graveolens,comb_DJI_20260317090110_0009_V_4996tele.JPG,can_wait,queue
22,astronium graveolens,comb_DJI_20251014123637_0039_V_5353zoom.JPG,can_wait,queue
22,astronium graveolens,comb_DJI_20260318095135_0015_V_1048tele.JPG,can_wait,queue
22,astronium graveolens,comb_DJI_20241226095453_0038_V_2759zoom.JPG,can_wait,queue
22,astronium graveolens,comb_DJI_20260317083822_0011_V_9311tele.JPG,can_wait,queue
22,astronium graveolens,comb_DJI_20241204104806_0014_V_2313zoom.JPG,can_wait,queue
22,astronium graveolens,comb_DJI_20251017122250_0025_V_8217zoom.JPG,can_wait,queue
22,astronium graveolens,comb_DJI_20241226123343_0046_V_3518zoom.JPG,can_wait,queue
22,hura crepitans,comb_DJI_20260320105310_0009_V_2917tele.JPG,low_conf_known,queue
22,hura crepitans,comb_DJI_20250522095132_0053_V_68zoom.JPG,low_conf_known,queue
22,hura crepitans,comb_DJI_20250520102409_0014_V_25zoom.JPG,low_conf_known,queue
22,hura crepitans,comb_DJI_20250930121104_0055_V_1349zoom.JPG,low_conf_known,queue
22,hura crepitans,comb_DJI_20250523094943_0057_V_103zoom.JPG,low_conf_known,queue
22,hura crepitans,comb_DJI_20250520102112_0002_V_234zoom.JPG,low_conf_known,queue
22,hura crepitans,comb_DJI_20251017113522_0035_V_9943zoom.JPG,normal,queue
22,hura crepitans,comb_DJI_20260322090644_0009_V_3544tele.JPG,can_wait,queue
22,hura crepitans,comb_DJI_20260322090915_0019_V_4537tele.JPG,can_wait,queue
23,jacaranda copaia,comb_DJI_20251003121048_0001_V_2101zoom.JPG,low_conf_known,queue
23,jacaranda copaia,comb_DJI_20250926102512_0021_V_3013zoom.JPG,low_conf_known,queue
23,jacaranda copaia,comb_DJI_20250520091553_0028_V_125zoom.JPG,low_conf_known,queue
23,jacaranda copaia,comb_DJI_20250924105205_0001_V_1342zoom.JPG,low_conf_known,queue
23,jacaranda copaia,comb_DJI_20250522101334_0041_V_62zoom.JPG,low_conf_known,queue
23,jacaranda copaia,comb_DJI_20251001104803_0033_V_1979zoom.JPG,low_conf_known,queue
23,jacaranda copaia,comb_DJI_20260320105449_0015_V_2801tele.JPG,low_conf_known,queue
23,jacaranda copaia,comb_DJI_20250522085419_0005_V_130zoom.JPG,low_conf_known,queue
23,jacaranda copaia,comb_DJI_20260114121041_0037_V_1358zoom.JPG,low_conf_known,queue
23,jacaranda copaia,comb_DJI_20250522095547_0069_V_101zoom.JPG,low_conf_known,queue
23,jacaranda copaia,comb_DJI_20251003112937_0017_V_1530zoom.JPG,low_conf_known,queue
23,jacaranda copaia,comb_DJI_20260317085856_0001_V_5671tele.JPG,low_conf_known,queue
23,jacaranda copaia,comb_DJI_20250806111527_0030_V_1zoom.JPG,low_conf_known,queue
23,jacaranda copaia,comb_DJI_20260322093323_0019_V_1744tele.JPG,low_conf_known,queue
23,jacaranda copaia,comb_DJI_20240912085112_0012_V_2907zoom.JPG,low_conf_known,queue
23,jacaranda copaia,comb_DJI_20250522103631_0037_V_26zoom.JPG,low_conf_known,queue
23,jacaranda copaia,comb_DJI_20250305103245_0006_V_1411zoom.JPG,low_conf_known,queue
23,jacaranda copaia,comb_DJI_20260318093502_0041_V_454tele.JPG,low_conf_known,queue
23,jacaranda copaia,comb_DJI_20250807100013_0009_V_6438zoom.JPG,low_conf_known,queue
23,jacaranda copaia,comb_DJI_20250520091411_0022_V_167zoom.JPG,low_conf_known,queue
23,jacaranda copaia,comb_DJI_20250304093040_0012_V_401zoom.JPG,low_conf_known,queue
23,jacaranda copaia,comb_DJI_20250523102801_0023_V_1zoom.JPG,low_conf_known,queue
23,jacaranda copaia,comb_DJI_20260318093357_0037_V_489tele.JPG,low_conf_known,queue
23,jacaranda copaia,comb_DJI_20241107103425_0006_V_2178zoom.JPG,low_conf_known,queue
23,jacaranda copaia,comb_DJI_20250807114247_0021_V_5067zoom.JPG,low_conf_known,queue
23,jacaranda copaia,comb_DJI_20251015113330_0019_V_9106zoom.JPG,low_conf_known,queue
23,jacaranda copaia,comb_DJI_20250813111826_0001_V_9664zoom.JPG,low_conf_known,queue
23,jacaranda copaia,comb_DJI_20250924103856_0029_V_1294zoom.JPG,low_conf_known,queue
23,jacaranda copaia,comb_DJI_20250523102830_0025_V_2zoom.JPG,low_conf_known,queue
23,jacaranda copaia,comb_DJI_20251009102227_0041_V_8330zoom.JPG,low_conf_known,queue
23,jacaranda copaia,comb_DJI_20260318092911_0019_V_7335tele.JPG,low_conf_known,queue
23,jacaranda copaia,comb_DJI_20260322093555_0029_V_527tele.JPG,low_conf_known,queue
23,jacaranda copaia,comb_DJI_20250807100046_0011_V_6442zoom.JPG,low_conf_known,queue
23,jacaranda copaia,comb_DJI_20250924103345_0011_V_1147zoom.JPG,low_conf_known,queue
23,jacaranda copaia,comb_DJI_20250304110034_0028_V_3362zoom.JPG,normal,queue
23,jacaranda copaia,comb_DJI_20250716123606_0016_V_42zoom.JPG,normal,queue
23,jacaranda copaia,comb_DJI_20250814135924_0053_V_6709zoom.JPG,normal,queue
23,jacaranda copaia,comb_DJI_20260114125825_0027_V_2080zoom.JPG,normal,queue
23,jacaranda copaia,comb_DJI_20250806104059_0002_V_104zoom.JPG,normal,queue
23,jacaranda copaia,comb_DJI_20250522101720_0055_V_67zoom.JPG,normal,queue
23,jacaranda copaia,comb_DJI_20250924105235_0003_V_1285zoom.JPG,normal,queue
23,jacaranda copaia,comb_DJI_20260114100428_0047_V_5369zoom.JPG,normal,queue
23,jacaranda copaia,comb_DJI_20250522091647_0005_V_79zoom.JPG,normal,queue
23,jacaranda copaia,comb_DJI_20260114121118_0039_V_1361zoom.JPG,normal,queue
23,jacaranda copaia,comb_DJI_20260317083958_0017_V_9295tele.JPG,normal,queue
23,jacaranda copaia,comb_DJI_20260317084059_0021_V_9304tele.JPG,normal,queue
23,jacaranda copaia,comb_DJI_20250930115953_0013_V_3914zoom.JPG,normal,queue
23,jacaranda copaia,comb_DJI_20260114120614_0021_V_1321zoom.JPG,normal,queue
23,jacaranda copaia,comb_DJI_20250806111401_0024_V_131zoom.JPG,normal,queue
23,jacaranda copaia,comb_DJI_20260114120459_0017_V_405zoom.JPG,can_wait,queue
23,jacaranda copaia,comb_DJI_20260114120648_0023_V_1341zoom.JPG,can_wait,queue
23,jacaranda copaia,comb_DJI_20260114123241_0023_V_9660zoom.JPG,can_wait,queue
23,jacaranda copaia,comb_DJI_20260317093506_0044_V_5918tele.JPG,can_wait,queue
23,jacaranda copaia,comb_DJI_20260114105314_0031_V_4234zoom.JPG,can_wait,queue
23,jacaranda copaia,comb_DJI_20260114100616_0053_V_4736zoom.JPG,can_wait,queue
23,jacaranda copaia,comb_DJI_20251017115816_0017_V_11590zoom.JPG,can_wait,queue
23,jacaranda copaia,comb_DJI_20260317084130_0023_V_8825tele.JPG,can_wait,queue
23,jacaranda copaia,comb_DJI_20260114105058_0023_V_4236zoom.JPG,can_wait,queue
23,jacaranda copaia,comb_DJI_20260112120356_0023_V_4402zoom.JPG,can_wait,queue
23,jacaranda copaia,comb_DJI_20250806102925_0026_V_164zoom.JPG,can_wait,queue
23,jacaranda copaia,comb_DJI_20260114120755_0027_V_1342zoom.JPG,can_wait,queue
23,jacaranda copaia,comb_DJI_20260311165927_0029_V_4823tele.JPG,can_wait,queue
23,jacaranda copaia,comb_DJI_20251017113749_0043_V_8060zoom.JPG,can_wait,queue
23,jacaranda copaia,comb_DJI_20251015133906_0035_V_4511zoom.JPG,can_wait,queue
23,jacaranda copaia,comb_DJI_20260318095415_0025_V_1001tele.JPG,can_wait,queue
23,jacaranda copaia,comb_DJI_20251016120142_0025_V_7046zoom.JPG,can_wait,queue
23,jacaranda copaia,comb_DJI_20260114120725_0025_V_428zoom.JPG,can_wait,queue
23,jacaranda copaia,comb_DJI_20260320104617_0073_V_2795tele.JPG,can_wait,queue
23,jacaranda copaia,comb_DJI_20250804152534_0035_V_7079zoom.JPG,can_wait,queue
23,jacaranda copaia,comb_DJI_20251016102157_0025_V_10745zoom.JPG,can_wait,queue
23,jacaranda copaia,comb_DJI_20250305133116_0032_V_4575zoom.JPG,can_wait,queue
23,jacaranda copaia,comb_DJI_20260317091029_0043_V_10760tele.JPG,can_wait,queue
23,jacaranda copaia,comb_DJI_20251015121957_0019_V_10880zoom.JPG,can_wait,queue
23,jacaranda copaia,comb_DJI_20250724132842_0039_V_8808zoom.JPG,can_wait,queue
23,jacaranda copaia,comb_DJI_20260114120937_0033_V_402zoom.JPG,can_wait,queue
23,jacaranda copaia,comb_DJI_20251017110836_0017_V_1275zoom.JPG,can_wait,queue
24,hieronyma alchorneoides,comb_DJI_20260317095612_0031_V_5182tele.JPG,low_conf_known,queue
24,hieronyma alchorneoides,comb_DJI_20250522100316_0001_V_103zoom.JPG,low_conf_known,queue
24,hieronyma alchorneoides,comb_DJI_20260114104442_0001_V_5867zoom.JPG,low_conf_known,queue
24,hieronyma alchorneoides,comb_DJI_20260317101447_0003_V_11284tele.JPG,low_conf_known,queue
24,hieronyma alchorneoides,comb_DJI_20260322092150_0065_V_2635tele.JPG,low_conf_known,queue
24,hieronyma alchorneoides,comb_DJI_20250304104907_0004_V_1821zoom.JPG,low_conf_known,queue
24,hieronyma alchorneoides,comb_DJI_20250926091520_0015_V_4218zoom.JPG,low_conf_known,queue
24,hieronyma alchorneoides,comb_DJI_20260322094602_0067_V_633tele.JPG,low_conf_known,queue
24,hieronyma alchorneoides,comb_DJI_20260114102238_0011_V_3040zoom.JPG,low_conf_known,queue
24,hieronyma alchorneoides,comb_DJI_20250911094540_0001_V_277zoom.JPG,low_conf_known,queue
24,hieronyma alchorneoides,comb_DJI_20251016124816_0025_V_3241zoom.JPG,low_conf_known,queue
24,hieronyma alchorneoides,comb_DJI_20260322093353_0021_V_997tele.JPG,low_conf_known,queue
24,hieronyma alchorneoides,comb_DJI_20260114103106_0041_V_4853zoom.JPG,low_conf_known,queue
24,hieronyma alchorneoides,comb_DJI_20250523083925_0047_V_99zoom.JPG,low_conf_known,queue
24,hieronyma alchorneoides,comb_DJI_20240911152608_0024_V_3572zoom.JPG,low_conf_known,queue
24,hieronyma alchorneoides,comb_DJI_20250806111736_0038_V_120zoom.JPG,low_conf_known,queue
24,hieronyma alchorneoides,comb_DJI_20241226100548_0072_V_2102zoom.JPG,low_conf_known,queue
24,hieronyma alchorneoides,comb_DJI_20250110152324_0032_V_234zoom.JPG,low_conf_known,queue
24,hieronyma alchorneoides,comb_DJI_20250807130835_0025_V_7229zoom.JPG,low_conf_known,queue
24,hieronyma alchorneoides,comb_DJI_20250522091617_0003_V_51zoom.JPG,low_conf_known,queue
24,hieronyma alchorneoides,comb_DJI_20250522103255_0023_V_34zoom.JPG,low_conf_known,queue
24,hieronyma alchorneoides,comb_DJI_20260322091121_0027_V_4487tele.JPG,low_conf_known,queue
24,hieronyma alchorneoides,comb_DJI_20250813132932_0019_V_11343zoom.JPG,low_conf_known,queue
24,hieronyma alchorneoides,comb_DJI_20260317095751_0037_V_5096tele.JPG,low_conf_known,queue
24,hieronyma alchorneoides,comb_DJI_20250926110427_0017_V_2434zoom.JPG,low_conf_known,queue
24,hieronyma alchorneoides,comb_DJI_20250814135340_0033_V_7573zoom.JPG,low_conf_known,queue
24,hieronyma alchorneoides,comb_DJI_20250110160735_0020_V_60zoom.JPG,low_conf_known,queue
24,hieronyma alchorneoides,comb_DJI_20250806094335_0022_V_79zoom.JPG,low_conf_known,queue
24,hieronyma alchorneoides,comb_DJI_20250522100746_0019_V_53zoom.JPG,low_conf_known,queue
24,hieronyma alchorneoides,comb_DJI_20241101104855_0004_V_945zoom.JPG,low_conf_known,queue
24,hieronyma alchorneoides,comb_DJI_20241226140811_0046_V_34zoom.JPG,low_conf_known,queue
24,hieronyma alchorneoides,comb_DJI_20250520094337_0046_V_59zoom.JPG,low_conf_known,queue
24,hieronyma alchorneoides,comb_DJI_20260322093733_0035_V_535tele.JPG,low_conf_known,queue
24,hieronyma alchorneoides,comb_DJI_20251015133510_0021_V_3947zoom.JPG,low_conf_known,queue
24,hieronyma alchorneoides,comb_DJI_20260322093803_0037_V_529tele.JPG,low_conf_known,queue
24,hieronyma alchorneoides,comb_DJI_20250305111348_0028_V_115zoom.JPG,normal,queue
24,hieronyma alchorneoides,comb_DJI_20260318093953_0059_V_888tele.JPG,normal,queue
24,hieronyma alchorneoides,comb_DJI_20250520100921_0044_V_122zoom.JPG,normal,queue
24,hieronyma alchorneoides,comb_DJI_20260322093050_0009_V_1747tele.JPG,normal,queue
24,hieronyma alchorneoides,comb_DJI_20260322091757_0051_V_2559tele.JPG,normal,queue
24,hieronyma alchorneoides,comb_DJI_20250814105750_0031_V_6444zoom.JPG,normal,queue
24,hieronyma alchorneoides,comb_DJI_20250814142034_0003_V_4369zoom.JPG,normal,queue
24,hieronyma alchorneoides,comb_DJI_20250106095919_0012_V_5194zoom.JPG,normal,queue
24,hieronyma alchorneoides,comb_DJI_20251016131038_0017_V_3883zoom.JPG,normal,queue
24,hieronyma alchorneoides,comb_DJI_20250814142242_0011_V_4725zoom.JPG,normal,queue
24,hieronyma alchorneoides,comb_DJI_20250304102630_0012_V_1506zoom.JPG,normal,queue
24,hieronyma alchorneoides,comb_DJI_20250814140350_0069_V_6657zoom.JPG,normal,queue
24,hieronyma alchorneoides,comb_DJI_20250305093005_0038_V_3716zoom.JPG,normal,queue
24,hieronyma alchorneoides,comb_DJI_20260320110406_0049_V_1801tele.JPG,normal,queue
24,hieronyma alchorneoides,comb_DJI_20251015113531_0027_V_10286zoom.JPG,normal,queue
24,hieronyma alchorneoides,comb_DJI_20260114103133_0043_V_4861zoom.JPG,normal,queue
24,hieronyma alchorneoides,comb_DJI_20251015122454_0037_V_9020zoom.JPG,normal,queue
24,hieronyma alchorneoides,comb_DJI_20260322092121_0063_V_3549tele.JPG,normal,queue
24,hieronyma alchorneoides,comb_DJI_20250304105208_0010_V_1796zoom.JPG,normal,queue
24,hieronyma alchorneoides,comb_DJI_20251015113926_0041_V_1830zoom.JPG,normal,queue
24,hieronyma alchorneoides,comb_DJI_20260322091722_0049_V_2539tele.JPG,can_wait,queue
24,hieronyma alchorneoides,comb_DJI_20251009105124_0037_V_1530zoom.JPG,can_wait,queue
24,hieronyma alchorneoides,comb_DJI_20260114105133_0025_V_4896zoom.JPG,can_wait,queue
24,hieronyma alchorneoides,comb_DJI_20240912092255_0026_V_2369zoom.JPG,can_wait,queue
24,hieronyma alchorneoides,comb_DJI_20250305100942_0022_V_2072zoom.JPG,can_wait,queue
24,hieronyma alchorneoides,comb_DJI_20260320103909_0047_V_3720tele.JPG,can_wait,queue
24,hieronyma alchorneoides,comb_DJI_20260322092019_0059_V_2645tele.JPG,can_wait,queue
24,hieronyma alchorneoides,comb_DJI_20250930122857_0023_V_7417zoom.JPG,can_wait,queue
24,hieronyma alchorneoides,comb_DJI_20260320103727_0041_V_4578tele.JPG,can_wait,queue
24,hieronyma alchorneoides,comb_DJI_20251015124010_0003_V_10095zoom.JPG,can_wait,queue
24,hieronyma alchorneoides,comb_DJI_20260320103039_0015_V_4635tele.JPG,can_wait,queue
24,hieronyma alchorneoides,comb_DJI_20250814135956_0055_V_6122zoom.JPG,can_wait,queue
24,hieronyma alchorneoides,comb_DJI_20260112120539_0029_V_6155zoom.JPG,can_wait,queue
24,hieronyma alchorneoides,comb_DJI_20251009091311_0057_V_10659zoom.JPG,can_wait,queue
24,hieronyma alchorneoides,comb_DJI_20241217095231_0022_V_2006zoom.JPG,can_wait,queue
24,hieronyma alchorneoides,comb_DJI_20260114112048_0007_V_10766zoom.JPG,can_wait,queue
24,hieronyma alchorneoides,comb_DJI_20250305132033_0010_V_4562zoom.JPG,can_wait,queue
24,hieronyma alchorneoides,comb_DJI_20251016110853_0007_V_4474zoom.JPG,can_wait,queue
24,hieronyma alchorneoides,comb_DJI_20241226105856_0042_V_514zoom.JPG,can_wait,queue
24,hieronyma alchorneoides,comb_DJI_20251009083905_0021_V_8991zoom.JPG,can_wait,queue
24,hieronyma alchorneoides,comb_DJI_20250304102304_0006_V_966zoom.JPG,can_wait,queue
24,hieronyma alchorneoides,comb_DJI_20250930120232_0023_V_2311zoom.JPG,can_wait,queue
24,hieronyma alchorneoides,comb_DJI_20260318101642_0015_V_2467tele.JPG,can_wait,queue
24,hieronyma alchorneoides,comb_DJI_20241226131005_0060_V_2991zoom.JPG,can_wait,queue
24,hieronyma alchorneoides,comb_DJI_20250305130207_0032_V_6038zoom.JPG,can_wait,queue
24,hieronyma alchorneoides,comb_DJI_20250305134932_0014_V_5428zoom.JPG,can_wait,queue
24,hieronyma alchorneoides,comb_DJI_20250304095905_0030_V_916zoom.JPG,can_wait,queue
24,hieronyma alchorneoides,comb_DJI_20250305104204_0024_V_1153zoom.JPG,can_wait,queue
24,hieronyma alchorneoides,comb_DJI_20260320103208_0021_V_3735tele.JPG,can_wait,queue
24,hieronyma alchorneoides,comb_DJI_20260320104307_0061_V_3689tele.JPG,can_wait,queue
24,hieronyma alchorneoides,comb_DJI_20260318101745_0019_V_2452tele.JPG,can_wait,queue
24,hieronyma alchorneoides,comb_DJI_20251015124546_0023_V_8634zoom.JPG,can_wait,queue
24,hieronyma alchorneoides,comb_DJI_20250814135746_0047_V_6878zoom.JPG,can_wait,queue
24,hieronyma alchorneoides,comb_DJI_20260318094907_0005_V_943tele.JPG,can_wait,queue
24,hieronyma alchorneoides,comb_DJI_20241231115138_0018_V_4630zoom.JPG,can_wait,queue
24,hieronyma alchorneoides,comb_DJI_20251016114132_0041_V_6013zoom.JPG,can_wait,queue
24,hieronyma alchorneoides,comb_DJI_20250305092806_0034_V_2595zoom.JPG,can_wait,queue
24,hieronyma alchorneoides,comb_DJI_20260318105057_0053_V_4646tele.JPG,can_wait,queue
24,hieronyma alchorneoides,comb_DJI_20251016130824_0009_V_3839zoom.JPG,can_wait,queue
24,hieronyma alchorneoides,comb_DJI_20260114100000_0031_V_7460zoom.JPG,can_wait,queue
24,hieronyma alchorneoides,comb_DJI_20260112123444_0035_V_5131zoom.JPG,can_wait,queue
24,hieronyma alchorneoides,comb_DJI_20250305110354_0010_V_344zoom.JPG,can_wait,queue
24,hieronyma alchorneoides,comb_DJI_20251015123035_0057_V_8790zoom.JPG,can_wait,queue
24,hieronyma alchorneoides,comb_DJI_20251016115622_0005_V_4782zoom.JPG,can_wait,queue
24,hieronyma alchorneoides,comb_DJI_20260318101854_0023_V_2493tele.JPG,can_wait,queue
25,hieronyma alchorneoides,comb_DJI_20251014123316_0027_V_4793zoom.JPG,can_wait,queue
25,hieronyma alchorneoides,comb_DJI_20250305114717_0016_V_7957zoom.JPG,can_wait,queue
25,hieronyma alchorneoides,comb_DJI_20250304095054_0016_V_683zoom.JPG,can_wait,queue
25,hieronyma alchorneoides,comb_DJI_20251015121849_0015_V_10749zoom.JPG,can_wait,queue
25,hieronyma alchorneoides,comb_DJI_20251016113708_0025_V_7193zoom.JPG,can_wait,queue
25,hieronyma alchorneoides,comb_DJI_20251016105416_0043_V_9172zoom.JPG,can_wait,queue
25,hieronyma alchorneoides,comb_DJI_20251014110921_0037_V_5985zoom.JPG,can_wait,queue
25,hieronyma alchorneoides,comb_DJI_20250814141535_0005_V_6586zoom.JPG,can_wait,queue
25,hieronyma alchorneoides,comb_DJI_20251016113740_0027_V_7191zoom.JPG,can_wait,queue
25,hieronyma alchorneoides,comb_DJI_20250305103143_0004_V_1404zoom.JPG,can_wait,queue
25,hieronyma alchorneoides,comb_DJI_20250304094255_0002_V_363zoom.JPG,can_wait,queue
25,hieronyma alchorneoides,comb_DJI_20251016124744_0023_V_11159zoom.JPG,can_wait,queue
25,hieronyma alchorneoides,comb_DJI_20251016105130_0033_V_9134zoom.JPG,can_wait,queue
25,hieronyma alchorneoides,comb_DJI_20260322093832_0039_V_528tele.JPG,can_wait,queue
25,hieronyma alchorneoides,comb_DJI_20251016102526_0037_V_1700zoom.JPG,can_wait,queue
25,hieronyma alchorneoides,comb_DJI_20260114105647_0043_V_3851zoom.JPG,can_wait,queue
25,hieronyma alchorneoides,comb_DJI_20251016105102_0031_V_9117zoom.JPG,can_wait,queue
25,hieronyma alchorneoides,comb_DJI_20251015134654_0063_V_8650zoom.JPG,can_wait,queue
25,hieronyma alchorneoides,comb_DJI_20251009090719_0037_V_10644zoom.JPG,can_wait,queue
25,hieronyma alchorneoides,comb_DJI_20251015131953_0025_V_8823zoom.JPG,can_wait,queue
25,hieronyma alchorneoides,comb_DJI_20260318095919_0045_V_3449tele.JPG,can_wait,queue
25,hieronyma alchorneoides,comb_DJI_20250305111145_0024_V_342zoom.JPG,can_wait,queue
25,hieronyma alchorneoides,comb_DJI_20250813085149_0023_V_9706zoom.JPG,can_wait,queue
25,hieronyma alchorneoides,comb_DJI_20251016104847_0023_V_10075zoom.JPG,can_wait,queue
25,hieronyma alchorneoides,comb_DJI_20260114111613_0021_V_3283zoom.JPG,can_wait,queue
25,hieronyma alchorneoides,comb_DJI_20260318092710_0011_V_7401tele.JPG,can_wait,queue
25,hieronyma alchorneoides,comb_DJI_20251015124946_0037_V_6297zoom.JPG,can_wait,queue
25,hieronyma alchorneoides,comb_DJI_20250305110606_0014_V_336zoom.JPG,can_wait,queue
25,hieronyma alchorneoides,comb_DJI_20251015121709_0009_V_822zoom.JPG,can_wait,queue
25,hieronyma alchorneoides,comb_DJI_20260318095953_0047_V_2498tele.JPG,can_wait,queue
25,hieronyma alchorneoides,comb_DJI_20251014100004_0007_V_11077zoom.JPG,can_wait,queue
25,hieronyma alchorneoides,comb_DJI_20251016100748_0007_V_7531zoom.JPG,can_wait,queue
25,hieronyma alchorneoides,comb_DJI_20260318100154_0055_V_1625tele.JPG,can_wait,queue
25,hieronyma alchorneoides,comb_DJI_20251016101822_0011_V_10881zoom.JPG,can_wait,queue
25,hieronyma alchorneoides,comb_DJI_20251016111315_0025_V_4427zoom.JPG,can_wait,queue
25,hieronyma alchorneoides,comb_DJI_20260112120323_0021_V_4481zoom.JPG,can_wait,queue
25,hieronyma alchorneoides,comb_DJI_20260114112237_0013_V_10689zoom.JPG,can_wait,queue
25,hieronyma alchorneoides,comb_DJI_20250304103641_0032_V_2156zoom.JPG,can_wait,queue
25,hieronyma alchorneoides,comb_DJI_20260318101927_0025_V_2500tele.JPG,can_wait,queue
25,hieronyma alchorneoides,comb_DJI_20251017122016_0017_V_9365zoom.JPG,can_wait,queue
25,hieronyma alchorneoides,comb_DJI_20251016123031_0041_V_3046zoom.JPG,can_wait,queue
25,hieronyma alchorneoides,comb_DJI_20250305111605_0032_V_51zoom.JPG,can_wait,queue
25,hieronyma alchorneoides,comb_DJI_20250305092100_0020_V_1512zoom.JPG,can_wait,queue
25,hieronyma alchorneoides,comb_DJI_20250304105650_0020_V_2570zoom.JPG,can_wait,queue
25,hieronyma alchorneoides,comb_DJI_20251015113048_0009_V_9243zoom.JPG,can_wait,queue
25,hieronyma alchorneoides,comb_DJI_20260112120246_0019_V_4415zoom.JPG,can_wait,queue
25,hieronyma alchorneoides,comb_DJI_20250304105842_0024_V_2963zoom.JPG,can_wait,queue
25,hieronyma alchorneoides,comb_DJI_20251016102707_0043_V_1907zoom.JPG,can_wait,queue
25,hieronyma alchorneoides,comb_DJI_20260318103048_0067_V_5356tele.JPG,can_wait,queue
25,hieronyma alchorneoides,comb_DJI_20250305101542_0034_V_1393zoom.JPG,can_wait,queue
25,hieronyma alchorneoides,comb_DJI_20250305103853_0018_V_1441zoom.JPG,can_wait,queue
25,hieronyma alchorneoides,comb_DJI_20251016100618_0001_V_7535zoom.JPG,can_wait,queue
25,hieronyma alchorneoides,comb_DJI_20250305111456_0030_V_221zoom.JPG,can_wait,queue
25,hieronyma alchorneoides,comb_DJI_20250304105103_0008_V_1800zoom.JPG,can_wait,queue
25,hieronyma alchorneoides,comb_DJI_20260318100228_0057_V_1646tele.JPG,can_wait,queue
25,guatteria lucens,comb_DJI_20260317083637_0005_V_8813tele.JPG,low_conf_known,queue
25,guatteria lucens,comb_DJI_20250520100243_0020_V_173zoom.JPG,low_conf_known,queue
25,guatteria lucens,comb_DJI_20250522105044_0003_V_4zoom.JPG,low_conf_known,queue
25,guatteria lucens,comb_DJI_20250522104321_0063_V_28zoom.JPG,low_conf_known,queue
25,guatteria lucens,comb_DJI_20250814135629_0043_V_6772zoom.JPG,low_conf_known,queue
25,guatteria lucens,comb_DJI_20251014113019_0021_V_6310zoom.JPG,low_conf_known,queue
25,guatteria lucens,comb_DJI_20251016120250_0029_V_8155zoom.JPG,low_conf_known,queue
25,guatteria lucens,comb_DJI_20250522090446_0029_V_20zoom.JPG,low_conf_known,queue
25,guatteria lucens,comb_DJI_20250806104412_0014_V_35zoom.JPG,low_conf_known,queue
25,guatteria lucens,comb_DJI_20250523101017_0043_V_29zoom.JPG,low_conf_known,queue
25,guatteria lucens,comb_DJI_20250520101246_0058_V_22zoom.JPG,low_conf_known,queue
25,guatteria lucens,comb_DJI_20250813143959_0019_V_2234zoom.JPG,normal,queue
25,guatteria lucens,comb_DJI_20250304103444_0028_V_1455zoom.JPG,can_wait,queue
25,guatteria lucens,comb_DJI_20241204100507_0042_V_58zoom.JPG,can_wait,queue
25,guatteria lucens,comb_DJI_20260114114405_0009_V_9653zoom.JPG,can_wait,queue
25,guatteria lucens,comb_DJI_20250304104808_0002_V_1456zoom.JPG,can_wait,queue
25,guatteria lucens,comb_DJI_20250926102317_0015_V_3020zoom.JPG,can_wait,queue
25,guatteria lucens,comb_DJI_20251016104952_0027_V_9007zoom.JPG,can_wait,queue
25,guatteria lucens,comb_DJI_20260114131858_0025_V_2082zoom.JPG,can_wait,queue
25,guatteria lucens,comb_DJI_20241231105416_0016_V_7407zoom.JPG,can_wait,queue
25,guatteria lucens,comb_DJI_20260114095350_0009_V_8228zoom.JPG,can_wait,queue
25,guatteria lucens,comb_DJI_20251017103753_0017_V_2560zoom.JPG,can_wait,queue
25,guatteria lucens,comb_DJI_20250806101418_0002_V_174zoom.JPG,can_wait,queue
25,guatteria lucens,comb_DJI_20250814140211_0063_V_6010zoom.JPG,can_wait,queue
25,guatteria lucens,comb_DJI_20250806105525_0002_V_12zoom.JPG,can_wait,queue
25,guatteria lucens,comb_DJI_20250305125552_0018_V_6435zoom.JPG,can_wait,queue
25,guatteria lucens,comb_DJI_20260114131111_0003_V_1779zoom.JPG,can_wait,queue
25,guatteria lucens,comb_DJI_20251015122526_0039_V_7772zoom.JPG,can_wait,queue
25,guatteria lucens,comb_DJI_20250911094723_0007_V_1970zoom.JPG,can_wait,queue
25,guatteria lucens,comb_DJI_20250924093619_0011_V_871zoom.JPG,can_wait,queue
26,dipteryx oleifera,comb_DJI_20250304093610_0022_V_354zoom.JPG,low_conf_known,queue
26,dipteryx oleifera,comb_DJI_20250926110130_0007_V_2670zoom.JPG,low_conf_known,queue
26,dipteryx oleifera,comb_DJI_20260322094009_0045_V_1078tele.JPG,low_conf_known,queue
26,dipteryx oleifera,comb_DJI_20260318102244_0037_V_4469tele.JPG,low_conf_known,queue
26,dipteryx oleifera,comb_DJI_20250520091328_0020_V_132zoom.JPG,low_conf_known,queue
26,dipteryx oleifera,comb_DJI_20260318094053_0063_V_892tele.JPG,low_conf_known,queue
26,dipteryx oleifera,comb_DJI_20251014104316_0027_V_11289zoom.JPG,low_conf_known,queue
26,dipteryx oleifera,comb_DJI_20260322090946_0021_V_5418tele.JPG,low_conf_known,queue
26,dipteryx oleifera,comb_DJI_20260320111907_0015_V_1860tele.JPG,low_conf_known,queue
26,dipteryx oleifera,comb_DJI_20250522092519_0039_V_95zoom.JPG,low_conf_known,queue
26,dipteryx oleifera,comb_DJI_20260114121734_0059_V_10836zoom.JPG,low_conf_known,queue
26,dipteryx oleifera,comb_DJI_20250520120024_0040_V_79zoom.JPG,low_conf_known,queue
26,dipteryx oleifera,comb_DJI_20260318092610_0007_V_7351tele.JPG,low_conf_known,queue
26,dipteryx oleifera,comb_DJI_20260320111659_0007_V_1836tele.JPG,low_conf_known,queue
26,dipteryx oleifera,comb_DJI_20250807130607_0019_V_7261zoom.JPG,low_conf_known,queue
26,dipteryx oleifera,comb_DJI_20260320111836_0013_V_1870tele.JPG,low_conf_known,queue
26,dipteryx oleifera,comb_DJI_20250305104520_0030_V_879zoom.JPG,low_conf_known,queue
26,dipteryx oleifera,comb_DJI_20260322094111_0049_V_1840tele.JPG,low_conf_known,queue
26,dipteryx oleifera,comb_DJI_20241107110217_0020_V_1393zoom.JPG,low_conf_known,queue
26,dipteryx oleifera,comb_DJI_20260320111627_0005_V_1835tele.JPG,low_conf_known,queue
26,dipteryx oleifera,comb_DJI_20251009083655_0015_V_8215zoom.JPG,low_conf_known,queue
26,dipteryx oleifera,comb_DJI_20250305131944_0008_V_4940zoom.JPG,low_conf_known,queue
26,dipteryx oleifera,comb_DJI_20260322094040_0047_V_1075tele.JPG,low_conf_known,queue
26,dipteryx oleifera,comb_DJI_20251015134513_0057_V_8559zoom.JPG,low_conf_known,queue
26,dipteryx oleifera,comb_DJI_20251014104432_0031_V_11290zoom.JPG,low_conf_known,queue
26,dipteryx oleifera,comb_DJI_20251014122801_0011_V_5714zoom.JPG,low_conf_known,queue
26,dipteryx oleifera,comb_DJI_20251016114641_0061_V_4229zoom.JPG,low_conf_known,queue
26,dipteryx oleifera,comb_DJI_20260322090615_0007_V_3546tele.JPG,normal,queue
26,dipteryx oleifera,comb_DJI_20260318095817_0041_V_2526tele.JPG,normal,queue
26,dipteryx oleifera,comb_DJI_20260322091229_0031_V_4502tele.JPG,normal,queue
26,dipteryx oleifera,comb_DJI_20260320110737_0063_V_1794tele.JPG,normal,queue
26,dipteryx oleifera,comb_DJI_20260322091301_0033_V_4500tele.JPG,normal,queue
26,dipteryx oleifera,comb_DJI_20251016122611_0025_V_4586zoom.JPG,normal,queue
26,dipteryx oleifera,comb_DJI_20250814142542_0021_V_3399zoom.JPG,normal,queue
26,dipteryx oleifera,comb_DJI_20251017121826_0011_V_9467zoom.JPG,normal,queue
26,dipteryx oleifera,comb_DJI_20250305122739_0048_V_6750zoom.JPG,normal,queue
26,dipteryx oleifera,comb_DJI_20260320104206_0057_V_2680tele.JPG,normal,queue
26,dipteryx oleifera,comb_DJI_20251014115042_0011_V_5150zoom.JPG,normal,queue
26,dipteryx oleifera,comb_DJI_20260318105207_0057_V_5482tele.JPG,normal,queue
26,dipteryx oleifera,comb_DJI_20251014113837_0047_V_5607zoom.JPG,normal,queue
26,dipteryx oleifera,comb_DJI_20250814135413_0035_V_7600zoom.JPG,normal,queue
26,dipteryx oleifera,comb_DJI_20260320103835_0045_V_4582tele.JPG,normal,queue
26,dipteryx oleifera,comb_DJI_20260114120244_0009_V_11969zoom.JPG,normal,queue
26,dipteryx oleifera,comb_DJI_20251014113128_0023_V_5882zoom.JPG,normal,queue
26,dipteryx oleifera,comb_DJI_20260322092848_0001_V_2678tele.JPG,normal,queue
26,dipteryx oleifera,comb_DJI_20251016113330_0011_V_7301zoom.JPG,normal,queue
26,dipteryx oleifera,comb_DJI_20251014113622_0041_V_5594zoom.JPG,normal,queue
26,dipteryx oleifera,comb_DJI_20260318103929_0013_V_6128tele.JPG,normal,queue
26,dipteryx oleifera,comb_DJI_20251017101245_0031_V_1677zoom.JPG,normal,queue
26,dipteryx oleifera,comb_DJI_20251017093749_0007_V_10645zoom.JPG,normal,queue
26,dipteryx oleifera,comb_DJI_20251016120427_0035_V_7083zoom.JPG,normal,queue
26,dipteryx oleifera,comb_DJI_20251014113911_0049_V_5068zoom.JPG,normal,queue
26,dipteryx oleifera,comb_DJI_20260320111529_0001_V_1845tele.JPG,normal,queue
26,dipteryx oleifera,comb_DJI_20250814134726_0015_V_7686zoom.JPG,can_wait,queue
26,dipteryx oleifera,comb_DJI_20241126105001_0002_V_629zoom.JPG,can_wait,queue
26,dipteryx oleifera,comb_DJI_20260320103440_0031_V_5451tele.JPG,can_wait,queue
26,dipteryx oleifera,comb_DJI_20260114114704_0019_V_9433zoom.JPG,can_wait,queue
26,dipteryx oleifera,comb_DJI_20260311165431_0013_V_11074tele.JPG,can_wait,queue
26,dipteryx oleifera,comb_DJI_20260114105755_0047_V_3815zoom.JPG,can_wait,queue
26,dipteryx oleifera,comb_DJI_20260320103140_0019_V_3688tele.JPG,can_wait,queue
26,dipteryx oleifera,comb_DJI_20241126103021_0028_V_644zoom.JPG,can_wait,queue
26,dipteryx oleifera,comb_DJI_20251015113709_0033_V_1064zoom.JPG,can_wait,queue
26,dipteryx oleifera,comb_DJI_20251017113152_0023_V_927zoom.JPG,can_wait,queue
26,dipteryx oleifera,comb_DJI_20260322091647_0047_V_3495tele.JPG,can_wait,queue
26,dipteryx oleifera,comb_DJI_20241204145124_0050_V_3347zoom.JPG,can_wait,queue
26,dipteryx oleifera,comb_DJI_20260318093608_0045_V_466tele.JPG,can_wait,queue
26,dipteryx oleifera,comb_DJI_20251016130752_0007_V_3817zoom.JPG,can_wait,queue
26,dipteryx oleifera,comb_DJI_20241126103057_0030_V_811zoom.JPG,can_wait,queue
26,dipteryx oleifera,comb_DJI_20250930114222_0029_V_5742zoom.JPG,can_wait,queue
26,dipteryx oleifera,comb_DJI_20251017090329_0001_V_8578zoom.JPG,can_wait,queue
26,dipteryx oleifera,comb_DJI_20251014112951_0019_V_6401zoom.JPG,can_wait,queue
26,dipteryx oleifera,comb_DJI_20260318102034_0029_V_3453tele.JPG,can_wait,queue
26,dipteryx oleifera,comb_DJI_20260311165359_0011_V_11022tele.JPG,can_wait,queue
26,dipteryx oleifera,comb_DJI_20260318104840_0045_V_4534tele.JPG,can_wait,queue
26,dipteryx oleifera,comb_DJI_20250814134950_0023_V_7659zoom.JPG,can_wait,queue
26,dipteryx oleifera,comb_DJI_20241204143531_0006_V_4191zoom.JPG,can_wait,queue
26,dipteryx oleifera,comb_DJI_20260320101628_0029_V_3918tele.JPG,can_wait,queue
26,dipteryx oleifera,comb_DJI_20251014115224_0017_V_5220zoom.JPG,can_wait,queue
26,dipteryx oleifera,comb_DJI_20260318102312_0039_V_4438tele.JPG,can_wait,queue
26,dipteryx oleifera,comb_DJI_20251014100141_0013_V_11075zoom.JPG,can_wait,queue
26,dipteryx oleifera,comb_DJI_20241202111738_0026_V_897zoom.JPG,can_wait,queue
26,dipteryx oleifera,comb_DJI_20250305132702_0024_V_4175zoom.JPG,can_wait,queue
26,dipteryx oleifera,comb_DJI_20251014113518_0037_V_5645zoom.JPG,can_wait,queue
26,dipteryx oleifera,comb_DJI_20251015124400_0017_V_9897zoom.JPG,can_wait,queue
26,dipteryx oleifera,comb_DJI_20251014122536_0003_V_5179zoom.JPG,can_wait,queue
26,dipteryx oleifera,comb_DJI_20251016124257_0005_V_11087zoom.JPG,can_wait,queue
26,dipteryx oleifera,comb_DJI_20251014113448_0035_V_6138zoom.JPG,can_wait,queue
26,dipteryx oleifera,comb_DJI_20260318102000_0027_V_3452tele.JPG,can_wait,queue
26,dipteryx oleifera,comb_DJI_20251016124151_0001_V_11026zoom.JPG,can_wait,queue
26,dipteryx oleifera,comb_DJI_20260114111343_0013_V_122zoom.JPG,can_wait,queue
26,dipteryx oleifera,comb_DJI_20251016125626_0055_V_3278zoom.JPG,can_wait,queue
26,dipteryx oleifera,comb_DJI_20251015124805_0031_V_7405zoom.JPG,can_wait,queue
26,dipteryx oleifera,comb_DJI_20251015125508_0057_V_5305zoom.JPG,can_wait,queue
26,dipteryx oleifera,comb_DJI_20251014111424_0053_V_5808zoom.JPG,can_wait,queue
26,dipteryx oleifera,comb_DJI_20251015125441_0055_V_5303zoom.JPG,can_wait,queue
26,dipteryx oleifera,comb_DJI_20251016105316_0039_V_7911zoom.JPG,can_wait,queue
26,dipteryx oleifera,comb_DJI_20251014122647_0007_V_5654zoom.JPG,can_wait,queue
26,dipteryx oleifera,comb_DJI_20251015124509_0021_V_8572zoom.JPG,can_wait,queue
26,dipteryx oleifera,comb_DJI_20251016113202_0005_V_8460zoom.JPG,can_wait,queue
26,dipteryx oleifera,comb_DJI_20260114100650_0055_V_4145zoom.JPG,can_wait,queue
27,dipteryx oleifera,comb_DJI_20251015112933_0005_V_6849zoom.JPG,can_wait,queue
27,dipteryx oleifera,comb_DJI_20251010114823_0057_V_8854zoom.JPG,can_wait,queue
27,dipteryx oleifera,comb_DJI_20251017103615_0011_V_2637zoom.JPG,can_wait,queue
27,dipteryx oleifera,comb_DJI_20251016114509_0055_V_4239zoom.JPG,can_wait,queue
27,dipteryx oleifera,comb_DJI_20251016100648_0003_V_8770zoom.JPG,can_wait,queue
27,dipteryx oleifera,comb_DJI_20251016120039_0021_V_7045zoom.JPG,can_wait,queue
27,dipteryx oleifera,comb_DJI_20251015112906_0003_V_6918zoom.JPG,can_wait,queue
27,dipteryx oleifera,comb_DJI_20251016120400_0033_V_6993zoom.JPG,can_wait,queue
27,dipteryx oleifera,comb_DJI_20251016123132_0045_V_3039zoom.JPG,can_wait,queue
27,dipteryx oleifera,comb_DJI_20251017102047_0061_V_2213zoom.JPG,can_wait,queue
27,dipteryx oleifera,comb_DJI_20251016124609_0017_V_62zoom.JPG,can_wait,queue
27,dipteryx oleifera,comb_DJI_20251014115404_0021_V_5149zoom.JPG,can_wait,queue
27,dipteryx oleifera,comb_DJI_20251015124255_0013_V_9898zoom.JPG,can_wait,queue
27,dipteryx oleifera,comb_DJI_20251015134726_0065_V_8627zoom.JPG,can_wait,queue
27,dipteryx oleifera,comb_DJI_20251015133944_0037_V_5296zoom.JPG,can_wait,queue
27,dipteryx oleifera,comb_DJI_20251017093824_0009_V_10606zoom.JPG,can_wait,queue
27,dipteryx oleifera,comb_DJI_20260114105931_0053_V_3235zoom.JPG,can_wait,queue
27,dipteryx oleifera,comb_DJI_20251016112156_0057_V_7326zoom.JPG,can_wait,queue
27,dipteryx oleifera,comb_DJI_20251017101842_0053_V_2354zoom.JPG,can_wait,queue
27,trattinnickia aspera,comb_DJI_20250206103258_0044_V_2689zoom.JPG,low_conf_known,queue
27,trattinnickia aspera,comb_DJI_20260318104655_0039_V_6209tele.JPG,low_conf_known,queue
27,trattinnickia aspera,comb_DJI_20250110150446_0056_V_10zoom.JPG,low_conf_known,queue
27,trattinnickia aspera,comb_DJI_20241024130459_0048_V_1544zoom.JPG,low_conf_known,queue
27,trattinnickia aspera,comb_DJI_20250522090652_0037_V_46zoom.JPG,low_conf_known,queue
27,trattinnickia aspera,comb_DJI_20251017122132_0021_V_8205zoom.JPG,low_conf_known,queue
27,trattinnickia aspera,comb_DJI_20240912095106_0034_V_3395zoom.JPG,low_conf_known,queue
27,trattinnickia aspera,comb_DJI_20250806111044_0012_V_178zoom.JPG,low_conf_known,queue
27,trattinnickia aspera,comb_DJI_20260320104341_0063_V_2700tele.JPG,low_conf_known,queue
27,trattinnickia aspera,comb_DJI_20260114120316_0011_V_938zoom.JPG,low_conf_known,queue
27,trattinnickia aspera,comb_DJI_20260318095446_0027_V_1755tele.JPG,low_conf_known,queue
27,trattinnickia aspera,comb_DJI_20250206105328_0024_V_2656zoom.JPG,low_conf_known,queue
27,trattinnickia aspera,comb_DJI_20250110162520_0034_V_163zoom.JPG,low_conf_known,queue
27,trattinnickia aspera,comb_DJI_20260114120348_0013_V_930zoom.JPG,low_conf_known,queue
27,trattinnickia aspera,comb_DJI_20250807100747_0033_V_5837zoom.JPG,low_conf_known,queue
27,trattinnickia aspera,comb_DJI_20250206092613_0018_V_1408zoom.JPG,low_conf_known,queue
27,trattinnickia aspera,comb_DJI_20260317093409_0040_V_6006tele.JPG,low_conf_known,queue
27,trattinnickia aspera,comb_DJI_20250807100224_0017_V_6434zoom.JPG,low_conf_known,queue
27,trattinnickia aspera,comb_DJI_20250110145455_0020_V_141zoom.JPG,low_conf_known,queue
27,trattinnickia aspera,comb_DJI_20250305110921_0020_V_448zoom.JPG,low_conf_known,queue
27,trattinnickia aspera,comb_DJI_20250110142316_0004_V_22zoom.JPG,low_conf_known,queue
27,trattinnickia aspera,comb_DJI_20260317092633_0014_V_5220tele.JPG,normal,queue
27,trattinnickia aspera,comb_DJI_20260114102606_0023_V_3031zoom.JPG,normal,queue
27,trattinnickia aspera,comb_DJI_20260317084203_0025_V_9360tele.JPG,normal,queue
27,trattinnickia aspera,comb_DJI_20260114122944_0013_V_10542zoom.JPG,normal,queue
27,trattinnickia aspera,comb_DJI_20260114120906_0031_V_494zoom.JPG,normal,queue
27,trattinnickia aspera,comb_DJI_20241204144203_0024_V_4167zoom.JPG,normal,queue
27,trattinnickia aspera,comb_DJI_20241024130351_0044_V_1556zoom.JPG,normal,queue
27,trattinnickia aspera,comb_DJI_20260317095433_0025_V_5819tele.JPG,normal,queue
27,trattinnickia aspera,comb_DJI_20250807111947_0031_V_7617zoom.JPG,normal,queue
27,trattinnickia aspera,comb_DJI_20241024125527_0018_V_1819zoom.JPG,normal,queue
27,trattinnickia aspera,comb_DJI_20250807114216_0019_V_5042zoom.JPG,normal,queue
27,trattinnickia aspera,comb_DJI_20260320110102_0037_V_2794tele.JPG,can_wait,queue
27,trattinnickia aspera,comb_DJI_20260112122932_0017_V_7296zoom.JPG,can_wait,queue
27,trattinnickia aspera,comb_DJI_20251014110639_0027_V_5968zoom.JPG,can_wait,queue
27,trattinnickia aspera,comb_DJI_20260114125903_0029_V_1364zoom.JPG,can_wait,queue
27,trattinnickia aspera,comb_DJI_20251016130933_0013_V_3823zoom.JPG,can_wait,queue
27,trattinnickia aspera,comb_DJI_20250305101443_0032_V_1397zoom.JPG,can_wait,queue
27,trattinnickia aspera,comb_DJI_20251015131920_0023_V_8825zoom.JPG,can_wait,queue
27,trattinnickia aspera,comb_DJI_20251017093716_0005_V_10703zoom.JPG,can_wait,queue
27,trattinnickia aspera,comb_DJI_20241024125636_0022_V_1574zoom.JPG,can_wait,queue
27,trattinnickia aspera,comb_DJI_20260114114858_0025_V_9371zoom.JPG,can_wait,queue
27,trattinnickia aspera,comb_DJI_20260114111930_0003_V_10690zoom.JPG,can_wait,queue
27,trattinnickia aspera,comb_DJI_20251017122412_0029_V_8307zoom.JPG,can_wait,queue
27,trattinnickia aspera,comb_DJI_20251010091532_0007_V_1488zoom.JPG,can_wait,queue
27,trattinnickia aspera,comb_DJI_20241107103310_0002_V_2187zoom.JPG,can_wait,queue
27,trattinnickia aspera,comb_DJI_20250820095212_0021_V_8769zoom.JPG,can_wait,queue
27,trattinnickia aspera,comb_DJI_20260112123409_0033_V_5096zoom.JPG,can_wait,queue
27,trattinnickia aspera,comb_DJI_20250820095457_0031_V_7478zoom.JPG,can_wait,queue
28,handroanthus guayacan,comb_DJI_20251017093614_0001_V_9826zoom.JPG,low_conf_known,queue
28,handroanthus guayacan,comb_DJI_20241126104254_0068_V_790zoom.JPG,low_conf_known,queue
28,handroanthus guayacan,comb_DJI_20260320105134_0003_V_2033tele.JPG,low_conf_known,queue
28,handroanthus guayacan,comb_DJI_20240913113327_0056_V_5886zoom.JPG,low_conf_known,queue
28,handroanthus guayacan,comb_DJI_20241126104107_0062_V_767zoom.JPG,low_conf_known,queue
28,handroanthus guayacan,comb_DJI_20260320105816_0027_V_2902tele.JPG,low_conf_known,queue
28,handroanthus guayacan,comb_DJI_20260318093148_0029_V_484tele.JPG,low_conf_known,queue
28,handroanthus guayacan,comb_DJI_20251016114442_0053_V_4230zoom.JPG,low_conf_known,queue
28,handroanthus guayacan,comb_DJI_20250814142313_0013_V_4728zoom.JPG,low_conf_known,queue
28,handroanthus guayacan,comb_DJI_20260318104257_0025_V_6169tele.JPG,low_conf_known,queue
28,handroanthus guayacan,comb_DJI_20240912094249_0008_V_2893zoom.JPG,low_conf_known,queue
28,handroanthus guayacan,comb_DJI_20250814134700_0013_V_7670zoom.JPG,low_conf_known,queue
28,handroanthus guayacan,comb_DJI_20251014104830_0043_V_5455zoom.JPG,low_conf_known,queue
28,handroanthus guayacan,comb_DJI_20260318094025_0061_V_877tele.JPG,low_conf_known,queue
28,handroanthus guayacan,comb_DJI_20260317091135_0047_V_10843tele.JPG,low_conf_known,queue
28,handroanthus guayacan,comb_DJI_20260318102444_0045_V_4424tele.JPG,low_conf_known,queue
28,handroanthus guayacan,comb_DJI_20250930120738_0043_V_1239zoom.JPG,low_conf_known,queue
28,handroanthus guayacan,comb_DJI_20251009083327_0001_V_7267zoom.JPG,normal,queue
28,handroanthus guayacan,comb_DJI_20260320110307_0045_V_1026tele.JPG,normal,queue
28,handroanthus guayacan,comb_DJI_20260318094125_0065_V_1648tele.JPG,normal,queue
28,handroanthus guayacan,comb_DJI_20260318093918_0057_V_936tele.JPG,normal,queue
28,handroanthus guayacan,comb_DJI_20251015130922_0021_V_6846zoom.JPG,normal,queue
28,handroanthus guayacan,comb_DJI_20251014114013_0053_V_4723zoom.JPG,normal,queue
28,handroanthus guayacan,comb_DJI_20250930120609_0037_V_1231zoom.JPG,normal,queue
28,handroanthus guayacan,comb_DJI_20250814141436_0001_V_6631zoom.JPG,normal,queue
28,handroanthus guayacan,comb_DJI_20260318104401_0029_V_6165tele.JPG,normal,queue
28,handroanthus guayacan,comb_DJI_20251016105733_0053_V_6942zoom.JPG,normal,queue
28,handroanthus guayacan,comb_DJI_20260318092638_0009_V_40tele.JPG,normal,queue
28,handroanthus guayacan,comb_DJI_20241202111933_0030_V_1302zoom.JPG,normal,queue
28,handroanthus guayacan,comb_DJI_20250814134616_0011_V_7711zoom.JPG,normal,queue
28,handroanthus guayacan,comb_DJI_20250814135443_0037_V_7598zoom.JPG,normal,queue
28,handroanthus guayacan,comb_DJI_20241202111451_0018_V_1839zoom.JPG,normal,queue
28,handroanthus guayacan,comb_DJI_20251016102227_0027_V_10765zoom.JPG,normal,queue
28,handroanthus guayacan,comb_DJI_20250814134902_0021_V_231zoom.JPG,normal,queue
28,handroanthus guayacan,comb_DJI_20250814142347_0015_V_4277zoom.JPG,normal,queue
28,handroanthus guayacan,comb_DJI_20240911155017_0020_V_5780zoom.JPG,can_wait,queue
28,handroanthus guayacan,comb_DJI_20251016105701_0051_V_5744zoom.JPG,can_wait,queue
28,handroanthus guayacan,comb_DJI_20241231112803_0024_V_5057zoom.JPG,can_wait,queue
28,handroanthus guayacan,comb_DJI_20250814134833_0019_V_228zoom.JPG,can_wait,queue
28,handroanthus guayacan,comb_DJI_20251016120934_0051_V_7678zoom.JPG,can_wait,queue
28,handroanthus guayacan,comb_DJI_20251015113820_0037_V_1053zoom.JPG,can_wait,queue
28,inga marginata,comb_DJI_20250520094234_0042_V_70zoom.JPG,low_conf_known,queue
28,inga marginata,comb_DJI_20250520092051_0044_V_196zoom.JPG,low_conf_known,queue
28,inga marginata,comb_DJI_20250522104250_0061_V_29zoom.JPG,low_conf_known,queue
28,inga marginata,comb_DJI_20241127104334_0006_V_1712zoom.JPG,low_conf_known,queue
28,inga marginata,comb_DJI_20250522103041_0015_V_120zoom.JPG,low_conf_known,queue
28,inga marginata,comb_DJI_20250813141818_0017_V_11610zoom.JPG,can_wait,queue
28,inga marginata,comb_DJI_20250813084720_0011_V_9109zoom.JPG,can_wait,queue
28,inga marginata,comb_DJI_20260317090042_0007_V_11277tele.JPG,can_wait,queue
28,chrysophyllum cainito,comb_DJI_20250813141326_0003_V_11519zoom.JPG,low_conf_known,queue
28,chrysophyllum cainito,comb_DJI_20250523102649_0019_V_92zoom.JPG,low_conf_known,queue
28,chrysophyllum cainito,comb_DJI_20250806112155_0054_V_140zoom.JPG,low_conf_known,queue
28,chrysophyllum cainito,comb_DJI_20250523083952_0049_V_95zoom.JPG,low_conf_known,queue
28,chrysophyllum cainito,comb_DJI_20241107110829_0038_V_2232zoom.JPG,low_conf_known,queue
28,chrysophyllum cainito,comb_DJI_20241127094805_0012_V_2226zoom.JPG,low_conf_known,queue
28,chrysophyllum cainito,comb_DJI_20250520090740_0002_V_148zoom.JPG,low_conf_known,queue
28,chrysophyllum cainito,comb_DJI_20260114110146_0061_V_3130zoom.JPG,low_conf_known,queue
28,chrysophyllum cainito,comb_DJI_20260322091615_0045_V_3497tele.JPG,low_conf_known,queue
28,chrysophyllum cainito,comb_DJI_20250523100058_0005_V_109zoom.JPG,low_conf_known,queue
28,chrysophyllum cainito,comb_DJI_20251014103531_0001_V_11115zoom.JPG,low_conf_known,queue
28,chrysophyllum cainito,comb_DJI_20250523085304_0015_V_116zoom.JPG,low_conf_known,queue
28,chrysophyllum cainito,comb_DJI_20260320103012_0013_V_4612tele.JPG,low_conf_known,queue
28,chrysophyllum cainito,comb_DJI_20251009101952_0033_V_8286zoom.JPG,low_conf_known,queue
28,chrysophyllum cainito,comb_DJI_20250520103442_0052_V_220zoom.JPG,low_conf_known,queue
28,chrysophyllum cainito,comb_DJI_20250522095059_0051_V_61zoom.JPG,low_conf_known,queue
28,chrysophyllum cainito,comb_DJI_20241127112916_0032_V_1137zoom.JPG,low_conf_known,queue
28,chrysophyllum cainito,comb_DJI_20241126105426_0014_V_658zoom.JPG,low_conf_known,queue
28,chrysophyllum cainito,comb_DJI_20250523094716_0047_V_130zoom.JPG,low_conf_known,queue
28,chrysophyllum cainito,comb_DJI_20251010083247_0033_V_3138zoom.JPG,low_conf_known,queue
28,chrysophyllum cainito,comb_DJI_20250806095437_0022_V_96zoom.JPG,low_conf_known,queue
28,chrysophyllum cainito,comb_DJI_20250523090154_0051_V_52zoom.JPG,low_conf_known,queue
28,chrysophyllum cainito,comb_DJI_20251010111456_0021_V_7023zoom.JPG,low_conf_known,queue
28,chrysophyllum cainito,comb_DJI_20250523095110_0063_V_106zoom.JPG,low_conf_known,queue
28,chrysophyllum cainito,comb_DJI_20251010090541_0059_V_3565zoom.JPG,low_conf_known,queue
28,chrysophyllum cainito,comb_DJI_20250520120407_0052_V_52zoom.JPG,low_conf_known,queue
28,chrysophyllum cainito,comb_DJI_20250523102302_0003_V_55zoom.JPG,low_conf_known,queue
28,chrysophyllum cainito,comb_DJI_20250523101205_0051_V_15zoom.JPG,low_conf_known,queue
28,chrysophyllum cainito,comb_DJI_20250926102210_0011_V_3441zoom.JPG,normal,queue
28,chrysophyllum cainito,comb_DJI_20260320101215_0013_V_5538tele.JPG,normal,queue
28,chrysophyllum cainito,comb_DJI_20251016104408_0005_V_11442zoom.JPG,normal,queue
28,chrysophyllum cainito,comb_DJI_20251016124641_0019_V_11136zoom.JPG,normal,queue
28,chrysophyllum cainito,comb_DJI_20260320101146_0011_V_4677tele.JPG,normal,queue
28,chrysophyllum cainito,comb_DJI_20260318095343_0023_V_1742tele.JPG,can_wait,queue
28,chrysophyllum cainito,comb_DJI_20251016122404_0017_V_4588zoom.JPG,can_wait,queue
29,ochroma pyramidale,comb_DJI_20251016125241_0041_V_3734zoom.JPG,low_conf_known,queue
29,ochroma pyramidale,comb_DJI_20260112124015_0053_V_7205zoom.JPG,low_conf_known,queue
29,ochroma pyramidale,comb_DJI_20250814143130_0041_V_3840zoom.JPG,low_conf_known,queue
29,ochroma pyramidale,comb_DJI_20251017113122_0021_V_926zoom.JPG,low_conf_known,queue
29,ochroma pyramidale,comb_DJI_20260112123715_0043_V_6019zoom.JPG,normal,queue
29,ochroma pyramidale,comb_DJI_20251017113717_0041_V_8058zoom.JPG,normal,queue
29,ochroma pyramidale,comb_DJI_20251017120343_0035_V_11726zoom.JPG,normal,queue
29,ochroma pyramidale,comb_DJI_20251017120117_0027_V_525zoom.JPG,normal,queue
29,ochroma pyramidale,comb_DJI_20251017101702_0047_V_1495zoom.JPG,normal,queue
29,ochroma pyramidale,comb_DJI_20260114122906_0011_V_9436zoom.JPG,normal,queue
29,ochroma pyramidale,comb_DJI_20251015113606_0029_V_10178zoom.JPG,normal,queue
29,ochroma pyramidale,comb_DJI_20251017120007_0023_V_570zoom.JPG,normal,queue
29,ochroma pyramidale,comb_DJI_20251016125415_0047_V_3232zoom.JPG,can_wait,queue
29,ochroma pyramidale,comb_DJI_20251016113910_0033_V_6034zoom.JPG,can_wait,queue
29,ochroma pyramidale,comb_DJI_20251016103118_0059_V_12091zoom.JPG,can_wait,queue
29,ochroma pyramidale,comb_DJI_20260114121157_0041_V_1352zoom.JPG,can_wait,queue
29,ochroma pyramidale,comb_DJI_20260112123600_0039_V_5892zoom.JPG,can_wait,queue
29,ochroma pyramidale,comb_DJI_20251016113535_0019_V_8373zoom.JPG,can_wait,queue
29,ochroma pyramidale,comb_DJI_20260114100831_0061_V_4581zoom.JPG,can_wait,queue
29,ochroma pyramidale,comb_DJI_20241226124804_0002_V_1517zoom.JPG,can_wait,queue
29,ochroma pyramidale,comb_DJI_20251017122213_0023_V_8263zoom.JPG,can_wait,queue
29,ochroma pyramidale,comb_DJI_20260320101952_0041_V_4676tele.JPG,can_wait,queue
29,cecropia insignis,comb_DJI_20250520102749_0028_V_200zoom.JPG,low_conf_known,queue
29,cecropia insignis,comb_DJI_20250522094446_0027_V_42zoom.JPG,low_conf_known,queue
29,cecropia insignis,comb_DJI_20250522101057_0031_V_39zoom.JPG,low_conf_known,queue
29,cecropia insignis,comb_DJI_20250806111633_0034_V_123zoom.JPG,low_conf_known,queue
29,cecropia insignis,comb_DJI_20250806100755_0076_V_75zoom.JPG,low_conf_known,queue
29,cecropia insignis,comb_DJI_20250806100003_0044_V_82zoom.JPG,low_conf_known,queue
29,cecropia insignis,comb_DJI_20260317092819_0020_V_5260tele.JPG,normal,queue
29,cecropia insignis,comb_DJI_20250806103222_0038_V_153zoom.JPG,normal,queue
29,cecropia insignis,comb_DJI_20250806102344_0004_V_43zoom.JPG,normal,queue
29,cecropia insignis,comb_DJI_20250804151856_0013_V_7744zoom.JPG,can_wait,queue
29,cecropia insignis,comb_DJI_20250724094029_0001_V_8846zoom.JPG,can_wait,queue
29,cecropia insignis,comb_DJI_20260317085933_0003_V_5006tele.JPG,can_wait,queue
29,cecropia insignis,comb_DJI_20250522100547_0011_V_85zoom.JPG,can_wait,queue
29,cecropia insignis,comb_DJI_20250806104520_0018_V_24zoom.JPG,can_wait,queue
29,cecropia insignis,comb_DJI_20250522100615_0013_V_84zoom.JPG,can_wait,queue
30,hippocratea volubilis,comb_DJI_20260320111733_0009_V_1833tele.JPG,normal,queue
30,hippocratea volubilis,comb_DJI_20260320110336_0047_V_1061tele.JPG,normal,queue
30,hippocratea volubilis,comb_DJI_20260322091015_0023_V_4535tele.JPG,normal,queue
30,hippocratea volubilis,comb_DJI_20250813085435_0033_V_10320zoom.JPG,normal,queue
30,hippocratea volubilis,comb_DJI_20251001104432_0021_V_1475zoom.JPG,normal,queue
30,hippocratea volubilis,comb_DJI_20250520094021_0032_V_86zoom.JPG,normal,queue
30,hippocratea volubilis,comb_DJI_20260320111803_0011_V_2798tele.JPG,normal,queue
30,hippocratea volubilis,comb_DJI_20250305110502_0012_V_328zoom.JPG,normal,queue
30,hippocratea volubilis,comb_DJI_20250926102651_0025_V_2724zoom.JPG,normal,queue
30,hippocratea volubilis,comb_DJI_20260114131750_0021_V_2688zoom.JPG,normal,queue
30,hippocratea volubilis,comb_DJI_20260322090450_0001_V_2613tele.JPG,normal,queue
30,hippocratea volubilis,comb_DJI_20241217104644_0014_V_1978zoom.JPG,normal,queue
30,hippocratea volubilis,comb_DJI_20241217131059_0040_V_2384zoom.JPG,normal,queue
30,hippocratea volubilis,comb_DJI_20241231105256_0012_V_6650zoom.JPG,normal,queue
30,hippocratea volubilis,comb_DJI_20260322091541_0043_V_3527tele.JPG,normal,queue
30,hippocratea volubilis,comb_DJI_20251016125345_0045_V_3848zoom.JPG,normal,queue
30,hippocratea volubilis,comb_DJI_20251017104345_0037_V_1434zoom.JPG,normal,queue
30,hippocratea volubilis,comb_DJI_20250930113545_0005_V_6340zoom.JPG,normal,queue
30,hippocratea volubilis,comb_DJI_20251015131529_0009_V_5567zoom.JPG,normal,queue
30,hippocratea volubilis,comb_DJI_20250523083152_0015_V_33zoom.JPG,normal,queue
30,hippocratea volubilis,comb_DJI_20251010094950_0043_V_2932zoom.JPG,normal,queue
30,hippocratea volubilis,comb_DJI_20260320102053_0045_V_2759tele.JPG,normal,queue
30,hippocratea volubilis,comb_DJI_20260114100141_0037_V_6363zoom.JPG,normal,queue
30,hippocratea volubilis,comb_DJI_20250806104340_0012_V_108zoom.JPG,normal,queue
30,hippocratea volubilis,comb_DJI_20251016114101_0039_V_6011zoom.JPG,normal,queue
30,hippocratea volubilis,comb_DJI_20250820112130_0009_V_4977zoom.JPG,normal,queue
30,hippocratea volubilis,comb_DJI_20260317083746_0009_V_8161tele.JPG,normal,queue
30,hippocratea volubilis,comb_DJI_20251014122841_0013_V_5722zoom.JPG,normal,queue
30,hippocratea volubilis,comb_DJI_20250305123700_0004_V_5693zoom.JPG,normal,queue
30,hippocratea volubilis,comb_DJI_20250716102612_0004_V_289zoom.JPG,normal,queue
30,hippocratea volubilis,comb_DJI_20260322094502_0063_V_1228tele.JPG,normal,queue
30,hippocratea volubilis,comb_DJI_20241124085332_0028_V_740zoom.JPG,normal,queue
30,hippocratea volubilis,comb_DJI_20241204092058_0010_V_3400zoom.JPG,normal,queue
30,hippocratea volubilis,comb_DJI_20260318095613_0033_V_1671tele.JPG,normal,queue
30,hippocratea volubilis,comb_DJI_20251003121931_0033_V_857zoom.JPG,normal,queue
30,hippocratea volubilis,comb_DJI_20260318095746_0039_V_1654tele.JPG,normal,queue
30,hippocratea volubilis,comb_DJI_20241226103047_0052_V_1206zoom.JPG,normal,queue
30,hippocratea volubilis,comb_DJI_20241127100021_0048_V_1976zoom.JPG,normal,queue
30,hippocratea volubilis,comb_DJI_20241202111026_0004_V_1677zoom.JPG,normal,queue
30,hippocratea volubilis,comb_DJI_20250305124919_0004_V_5731zoom.JPG,normal,queue
30,hippocratea volubilis,comb_DJI_20251010083453_0039_V_2396zoom.JPG,normal,queue
30,hippocratea volubilis,comb_DJI_20241107104510_0044_V_1692zoom.JPG,normal,queue
30,hippocratea volubilis,comb_DJI_20241126102342_0008_V_476zoom.JPG,normal,queue
30,hippocratea volubilis,comb_DJI_20251009092916_0029_V_731zoom.JPG,normal,queue
30,hippocratea volubilis,comb_DJI_20260114121316_0045_V_11662zoom.JPG,normal,queue
30,hippocratea volubilis,comb_DJI_20260320102023_0043_V_3823tele.JPG,normal,queue
30,hippocratea volubilis,comb_DJI_20241226134736_0004_V_1910zoom.JPG,normal,queue
30,hippocratea volubilis,comb_DJI_20250206105251_0022_V_3100zoom.JPG,normal,queue
30,hippocratea volubilis,comb_DJI_20251003121320_0011_V_2164zoom.JPG,normal,queue
30,hippocratea volubilis,comb_DJI_20260318105236_0059_V_5492tele.JPG,normal,queue
30,hippocratea volubilis,comb_DJI_20260322094251_0055_V_1271tele.JPG,normal,queue
30,hippocratea volubilis,comb_DJI_20241226094807_0014_V_2714zoom.JPG,normal,queue
30,hippocratea volubilis,comb_DJI_20251017111232_0031_V_400zoom.JPG,normal,queue
30,hippocratea volubilis,comb_DJI_20250813121729_0033_V_9540zoom.JPG,normal,queue
30,hippocratea volubilis,comb_DJI_20241124085825_0004_V_554zoom.JPG,normal,queue
30,hippocratea volubilis,comb_DJI_20241024133658_0058_V_1862zoom.JPG,normal,queue
30,hippocratea volubilis,comb_DJI_20251010092353_0003_V_9726zoom.JPG,normal,queue
30,hippocratea volubilis,comb_DJI_20241204093105_0034_V_2916zoom.JPG,normal,queue
30,hippocratea volubilis,comb_DJI_20260320112145_0025_V_2685tele.JPG,normal,queue
30,hippocratea volubilis,comb_DJI_20250305092409_0026_V_3039zoom.JPG,normal,queue
30,hippocratea volubilis,comb_DJI_20251016113402_0013_V_7245zoom.JPG,normal,queue
30,hippocratea volubilis,comb_DJI_20241231115019_0014_V_4636zoom.JPG,normal,queue
30,hippocratea volubilis,comb_DJI_20251015114135_0049_V_12057zoom.JPG,normal,queue
30,hippocratea volubilis,comb_DJI_20250523095338_0073_V_104zoom.JPG,normal,queue
30,hippocratea volubilis,comb_DJI_20241127112550_0020_V_962zoom.JPG,normal,queue
30,hippocratea volubilis,comb_DJI_20251017112706_0005_V_929zoom.JPG,normal,queue
30,hippocratea volubilis,comb_DJI_20250304092729_0006_V_716zoom.JPG,normal,queue
30,hippocratea volubilis,comb_DJI_20251014110607_0025_V_5947zoom.JPG,normal,queue
30,hippocratea volubilis,comb_DJI_20250523094746_0049_V_132zoom.JPG,normal,queue
30,hippocratea volubilis,comb_DJI_20260112122857_0015_V_7302zoom.JPG,normal,queue
30,hippocratea volubilis,comb_DJI_20251015124221_0011_V_10910zoom.JPG,normal,queue
30,hippocratea volubilis,comb_DJI_20241124090452_0026_V_754zoom.JPG,normal,queue
30,hippocratea volubilis,comb_DJI_20251010114723_0053_V_8901zoom.JPG,normal,queue
30,hippocratea volubilis,comb_DJI_20251001110913_0011_V_2662zoom.JPG,normal,queue
30,hippocratea volubilis,comb_DJI_20241127102436_0006_V_2028zoom.JPG,normal,queue
30,hippocratea volubilis,comb_DJI_20250806094036_0010_V_19zoom.JPG,normal,queue
30,hippocratea volubilis,comb_DJI_20241226110220_0050_V_406zoom.JPG,normal,queue
30,hippocratea volubilis,comb_DJI_20260318102907_0061_V_4431tele.JPG,normal,queue
30,hippocratea volubilis,comb_DJI_20250523102724_0021_V_114zoom.JPG,normal,queue
30,hippocratea volubilis,comb_DJI_20250813141659_0013_V_1070zoom.JPG,normal,queue
30,hippocratea volubilis,comb_DJI_20251010123043_0005_V_6933zoom.JPG,normal,queue
30,hippocratea volubilis,comb_DJI_20250523100530_0023_V_153zoom.JPG,normal,queue
30,hippocratea volubilis,comb_DJI_20251014110531_0023_V_5468zoom.JPG,normal,queue
30,hippocratea volubilis,comb_DJI_20241124090600_0030_V_580zoom.JPG,normal,queue
30,hippocratea volubilis,comb_DJI_20241231112407_0012_V_5445zoom.JPG,normal,queue
30,hippocratea volubilis,comb_DJI_20260114100108_0035_V_5787zoom.JPG,normal,queue
30,hippocratea volubilis,comb_DJI_20241024131010_0066_V_1831zoom.JPG,normal,queue
30,hippocratea volubilis,comb_DJI_20260317094735_0001_V_5965tele.JPG,normal,queue
30,hippocratea volubilis,comb_DJI_20241127095627_0036_V_2102zoom.JPG,normal,queue
30,hippocratea volubilis,comb_DJI_20241217102122_0038_V_4315zoom.JPG,normal,queue
30,hippocratea volubilis,comb_DJI_20251009102528_0053_V_7405zoom.JPG,normal,queue
30,hippocratea volubilis,comb_DJI_20251015130455_0005_V_7627zoom.JPG,normal,queue
30,hippocratea volubilis,comb_DJI_20250522102653_0001_V_89zoom.JPG,normal,queue
30,hippocratea volubilis,comb_DJI_20250106110842_0044_V_5837zoom.JPG,normal,queue
30,hippocratea volubilis,comb_DJI_20250305132129_0012_V_4963zoom.JPG,normal,queue
30,hippocratea volubilis,comb_DJI_20251010082605_0011_V_1656zoom.JPG,normal,queue
30,hippocratea volubilis,comb_DJI_20241107110332_0024_V_1663zoom.JPG,normal,queue
30,hippocratea volubilis,comb_DJI_20250820105242_0005_V_5153zoom.JPG,normal,queue
30,hippocratea volubilis,comb_DJI_20251014115119_0013_V_5290zoom.JPG,normal,queue
30,hippocratea volubilis,comb_DJI_20251014122611_0005_V_5164zoom.JPG,normal,queue
31,hippocratea volubilis,comb_DJI_20251017100745_0013_V_10744zoom.JPG,normal,queue
31,hippocratea volubilis,comb_DJI_20250930121310_0063_V_697zoom.JPG,normal,queue
31,hippocratea volubilis,comb_DJI_20241226132038_0008_V_2320zoom.JPG,normal,queue
31,hippocratea volubilis,comb_DJI_20241126103417_0040_V_462zoom.JPG,normal,queue
31,hippocratea volubilis,comb_DJI_20251015122750_0047_V_8835zoom.JPG,normal,queue
31,hippocratea volubilis,comb_DJI_20240913111756_0008_V_5132zoom.JPG,normal,queue
31,hippocratea volubilis,comb_DJI_20251010120928_0009_V_7961zoom.JPG,normal,queue
31,hippocratea volubilis,comb_DJI_20260112122824_0013_V_6137zoom.JPG,normal,queue
31,hippocratea volubilis,comb_DJI_20241226110830_0002_V_544zoom.JPG,normal,queue
31,hippocratea volubilis,comb_DJI_20251014114756_0003_V_4738zoom.JPG,normal,queue
31,hippocratea volubilis,comb_DJI_20241127112244_0010_V_1197zoom.JPG,normal,queue
31,hippocratea volubilis,comb_DJI_20260318102548_0049_V_4357tele.JPG,normal,queue
31,hippocratea volubilis,comb_DJI_20241226130842_0056_V_3680zoom.JPG,normal,queue
31,hippocratea volubilis,comb_DJI_20251010105142_0007_V_11547zoom.JPG,normal,queue
31,hippocratea volubilis,comb_DJI_20251009101310_0009_V_10175zoom.JPG,normal,queue
31,hippocratea volubilis,comb_DJI_20241202112349_0044_V_1336zoom.JPG,normal,queue
31,hippocratea volubilis,comb_DJI_20251010095121_0049_V_2923zoom.JPG,normal,queue
31,hippocratea volubilis,comb_DJI_20251014122721_0009_V_5679zoom.JPG,normal,queue
31,hippocratea volubilis,comb_DJI_20240913113219_0052_V_5391zoom.JPG,normal,queue
31,hippocratea volubilis,comb_DJI_20260320105525_0017_V_3808tele.JPG,can_wait,queue
31,hippocratea volubilis,comb_DJI_20251015124437_0019_V_9866zoom.JPG,can_wait,queue
31,hippocratea volubilis,comb_DJI_20260320104105_0053_V_3635tele.JPG,can_wait,queue
31,hippocratea volubilis,comb_DJI_20241127113256_0044_V_945zoom.JPG,can_wait,queue
31,hippocratea volubilis,comb_DJI_20250523083733_0039_V_62zoom.JPG,can_wait,queue
31,hippocratea volubilis,comb_DJI_20260322094219_0053_V_1268tele.JPG,can_wait,queue
31,hippocratea volubilis,comb_DJI_20250305111248_0026_V_230zoom.JPG,can_wait,queue
31,hippocratea volubilis,comb_DJI_20260320104549_0071_V_2819tele.JPG,can_wait,queue
31,hippocratea volubilis,comb_DJI_20260320105850_0029_V_2100tele.JPG,can_wait,queue
31,hippocratea volubilis,comb_DJI_20260318095205_0017_V_494tele.JPG,can_wait,queue
31,hippocratea volubilis,comb_DJI_20251017112634_0003_V_401zoom.JPG,can_wait,queue
31,hippocratea volubilis,comb_DJI_20251010123230_0009_V_8475zoom.JPG,can_wait,queue
31,spondias radlkoferi,comb_DJI_20250106103313_0026_V_5612zoom.JPG,normal,queue
31,spondias radlkoferi,comb_DJI_20250807130003_0001_V_7916zoom.JPG,normal,queue
31,spondias radlkoferi,comb_DJI_20250110162449_0032_V_38zoom.JPG,normal,queue
31,spondias radlkoferi,comb_DJI_20260320101840_0037_V_4691tele.JPG,normal,queue
31,spondias radlkoferi,comb_DJI_20241101094658_0062_V_1411zoom.JPG,normal,queue
31,spondias radlkoferi,comb_DJI_20250304090902_0020_V_8344zoom.JPG,normal,queue
31,spondias radlkoferi,comb_DJI_20251009093530_0051_V_10754zoom.JPG,normal,queue
31,spondias radlkoferi,comb_DJI_20251010095154_0051_V_2910zoom.JPG,normal,queue
31,spondias radlkoferi,comb_DJI_20260320110438_0051_V_1804tele.JPG,normal,queue
31,spondias radlkoferi,comb_DJI_20250305111932_0038_V_146zoom.JPG,normal,queue
31,spondias radlkoferi,comb_DJI_20250110140101_0018_V_128zoom.JPG,normal,queue
31,spondias radlkoferi,comb_DJI_20250305101342_0030_V_1750zoom.JPG,normal,queue
31,spondias radlkoferi,comb_DJI_20260112120101_0013_V_4405zoom.JPG,normal,queue
31,spondias radlkoferi,comb_DJI_20250522103116_0017_V_91zoom.JPG,normal,queue
31,spondias radlkoferi,comb_DJI_20241204093249_0038_V_2323zoom.JPG,normal,queue
31,spondias radlkoferi,comb_DJI_20260317100230_0053_V_5097tele.JPG,normal,queue
31,spondias radlkoferi,comb_DJI_20260320105558_0019_V_3760tele.JPG,normal,queue
31,spondias radlkoferi,comb_DJI_20260322091156_0029_V_5321tele.JPG,normal,queue
31,spondias radlkoferi,comb_DJI_20250717101132_0002_V_111zoom.JPG,normal,queue
31,spondias radlkoferi,comb_DJI_20250106112405_0008_V_5131zoom.JPG,normal,queue
31,spondias radlkoferi,comb_DJI_20250305134832_0012_V_5056zoom.JPG,normal,queue
31,spondias radlkoferi,comb_DJI_20260114110947_0001_V_3030zoom.JPG,normal,queue
31,spondias radlkoferi,comb_DJI_20260114131144_0005_V_1788zoom.JPG,normal,queue
31,spondias radlkoferi,comb_DJI_20241126104331_0070_V_634zoom.JPG,normal,queue
31,spondias radlkoferi,comb_DJI_20260114121544_0053_V_11505zoom.JPG,normal,queue
31,spondias radlkoferi,comb_DJI_20250227132710_0036_V_4912zoom.JPG,normal,queue
31,spondias radlkoferi,comb_DJI_20260318093644_0047_V_452tele.JPG,normal,queue
31,spondias radlkoferi,comb_DJI_20241127085408_0002_V_2181zoom.JPG,normal,queue
31,spondias radlkoferi,comb_DJI_20241204113913_0022_V_848zoom.JPG,normal,queue
31,spondias radlkoferi,comb_DJI_20250523102325_0005_V_49zoom.JPG,normal,queue
31,spondias radlkoferi,comb_DJI_20241127094446_0002_V_2377zoom.JPG,normal,queue
31,spondias radlkoferi,comb_DJI_20241226094650_0010_V_2717zoom.JPG,normal,queue
31,spondias radlkoferi,comb_DJI_20241226130317_0040_V_3296zoom.JPG,normal,queue
31,spondias radlkoferi,comb_DJI_20241231110544_0054_V_4991zoom.JPG,normal,queue
31,spondias radlkoferi,comb_DJI_20241124091229_0004_V_763zoom.JPG,normal,queue
31,spondias radlkoferi,comb_DJI_20260320101116_0009_V_5542tele.JPG,normal,queue
31,spondias radlkoferi,comb_DJI_20241226110037_0046_V_404zoom.JPG,normal,queue
31,spondias radlkoferi,comb_DJI_20250110140133_0020_V_126zoom.JPG,normal,queue
31,spondias radlkoferi,comb_DJI_20241202111255_0012_V_1432zoom.JPG,normal,queue
31,spondias radlkoferi,comb_DJI_20241202112109_0036_V_1474zoom.JPG,normal,queue
31,spondias radlkoferi,comb_DJI_20251017101320_0033_V_627zoom.JPG,normal,queue
31,spondias radlkoferi,comb_DJI_20241226123057_0036_V_2828zoom.JPG,normal,queue
31,spondias radlkoferi,comb_DJI_20241204111043_0014_V_1604zoom.JPG,normal,queue
31,spondias radlkoferi,comb_DJI_20250106101320_0054_V_6426zoom.JPG,normal,queue
31,spondias radlkoferi,comb_DJI_20260320101321_0017_V_4778tele.JPG,normal,queue
31,spondias radlkoferi,comb_DJI_20241127113332_0046_V_930zoom.JPG,normal,queue
31,spondias radlkoferi,comb_DJI_20241204113426_0008_V_1385zoom.JPG,normal,queue
31,spondias radlkoferi,comb_DJI_20251017112912_0013_V_937zoom.JPG,normal,queue
31,spondias radlkoferi,comb_DJI_20250106101203_0050_V_6416zoom.JPG,normal,queue
31,spondias radlkoferi,comb_DJI_20241204114120_0028_V_1165zoom.JPG,normal,queue
31,spondias radlkoferi,comb_DJI_20241204100124_0034_V_89zoom.JPG,normal,queue
31,spondias radlkoferi,comb_DJI_20260318101527_0011_V_2408tele.JPG,can_wait,queue
31,spondias radlkoferi,comb_DJI_20241202111140_0008_V_1664zoom.JPG,can_wait,queue
31,spondias radlkoferi,comb_DJI_20241126103258_0036_V_466zoom.JPG,can_wait,queue
31,spondias radlkoferi,comb_DJI_20241126103337_0038_V_235zoom.JPG,can_wait,queue
31,spondias radlkoferi,comb_DJI_20241204093330_0040_V_2320zoom.JPG,can_wait,queue
31,spondias radlkoferi,comb_DJI_20241226110920_0004_V_704zoom.JPG,can_wait,queue
32,terminalia amazonia,comb_DJI_20250110153028_0022_V_57zoom.JPG,normal,queue
32,terminalia amazonia,comb_DJI_20250523100429_0019_V_70zoom.JPG,normal,queue
32,terminalia amazonia,comb_DJI_20260320112115_0023_V_2684tele.JPG,normal,queue
32,terminalia amazonia,comb_DJI_20251017101030_0023_V_11852zoom.JPG,normal,queue
32,terminalia amazonia,comb_DJI_20250520091215_0016_V_238zoom.JPG,normal,queue
32,terminalia amazonia,comb_DJI_20260311165614_0019_V_4829tele.JPG,normal,queue
32,terminalia amazonia,comb_DJI_20250926102056_0007_V_3980zoom.JPG,normal,queue
32,terminalia amazonia,comb_DJI_20241127093727_0066_V_2373zoom.JPG,normal,queue
32,terminalia amazonia,comb_DJI_20260320110916_0069_V_1793tele.JPG,normal,queue
32,terminalia amazonia,comb_DJI_20250522092011_0019_V_106zoom.JPG,normal,queue
32,terminalia amazonia,comb_DJI_20251015122346_0033_V_10073zoom.JPG,normal,queue
32,terminalia amazonia,comb_DJI_20250520102858_0032_V_64zoom.JPG,normal,queue
32,terminalia amazonia,comb_DJI_20260318105308_0061_V_5497tele.JPG,normal,queue
32,terminalia amazonia,comb_DJI_20250523100654_0029_V_34zoom.JPG,normal,queue
32,terminalia amazonia,comb_DJI_20241231113156_0036_V_4691zoom.JPG,normal,queue
32,terminalia amazonia,comb_DJI_20250523101507_0063_V_36zoom.JPG,normal,queue
32,terminalia amazonia,comb_DJI_20240912090535_0054_V_3437zoom.JPG,normal,queue
32,terminalia amazonia,comb_DJI_20260318093429_0039_V_455tele.JPG,normal,queue
32,terminalia amazonia,comb_DJI_20260322094429_0061_V_686tele.JPG,normal,queue
32,terminalia amazonia,comb_DJI_20250806104655_0024_V_53zoom.JPG,normal,queue
32,terminalia amazonia,comb_DJI_20251016120635_0043_V_6983zoom.JPG,normal,queue
32,terminalia amazonia,comb_DJI_20260311165645_0021_V_4848tele.JPG,normal,queue
32,terminalia amazonia,comb_DJI_20251016103049_0057_V_12096zoom.JPG,normal,queue
32,terminalia amazonia,comb_DJI_20250305135150_0018_V_6159zoom.JPG,normal,queue
32,terminalia amazonia,comb_DJI_20250930123109_0031_V_7414zoom.JPG,normal,queue
32,terminalia amazonia,comb_DJI_20251014112918_0017_V_6367zoom.JPG,normal,queue
32,terminalia amazonia,comb_DJI_20241226123019_0034_V_2840zoom.JPG,normal,queue
32,terminalia amazonia,comb_DJI_20250806094109_0012_V_173zoom.JPG,normal,queue
32,terminalia amazonia,comb_DJI_20251016101955_0017_V_9913zoom.JPG,normal,queue
32,terminalia amazonia,comb_DJI_20251016120110_0023_V_5908zoom.JPG,normal,queue
32,terminalia amazonia,comb_DJI_20250305115346_0030_V_7708zoom.JPG,normal,queue
32,terminalia amazonia,comb_DJI_20250930113651_0009_V_6339zoom.JPG,normal,queue
32,terminalia amazonia,comb_DJI_20251016103149_0061_V_10898zoom.JPG,normal,queue
32,terminalia amazonia,comb_DJI_20251015122101_0023_V_12054zoom.JPG,normal,queue
32,terminalia amazonia,comb_DJI_20260320103308_0025_V_4638tele.JPG,normal,queue
32,terminalia amazonia,comb_DJI_20260114111112_0005_V_25zoom.JPG,normal,queue
32,terminalia amazonia,comb_DJI_20251010082928_0021_V_2388zoom.JPG,normal,queue
32,terminalia amazonia,comb_DJI_20241024125830_0028_V_1306zoom.JPG,normal,queue
32,terminalia amazonia,comb_DJI_20241226130802_0054_V_3661zoom.JPG,normal,queue
32,terminalia amazonia,comb_DJI_20250813125704_0001_V_9011zoom.JPG,normal,queue
32,terminalia amazonia,comb_DJI_20241226105812_0040_V_690zoom.JPG,normal,queue
32,terminalia amazonia,comb_DJI_20250814135514_0039_V_6686zoom.JPG,normal,queue
32,terminalia amazonia,comb_DJI_20250305101045_0024_V_2076zoom.JPG,normal,queue
32,terminalia amazonia,comb_DJI_20251015130954_0023_V_6786zoom.JPG,normal,queue
32,terminalia amazonia,comb_DJI_20260114112312_0015_V_11860zoom.JPG,normal,queue
32,terminalia amazonia,comb_DJI_20241226101932_0022_V_2776zoom.JPG,normal,queue
32,terminalia amazonia,comb_DJI_20250523101332_0057_V_28zoom.JPG,normal,queue
32,terminalia amazonia,comb_DJI_20251014123428_0031_V_4877zoom.JPG,normal,queue
32,terminalia amazonia,comb_DJI_20251009101726_0023_V_8296zoom.JPG,normal,queue
32,terminalia amazonia,comb_DJI_20251015132308_0037_V_7632zoom.JPG,normal,queue
32,terminalia amazonia,comb_DJI_20241211100258_0012_V_1218zoom.JPG,normal,queue
32,terminalia amazonia,comb_DJI_20251010085702_0029_V_4584zoom.JPG,normal,queue
32,terminalia amazonia,comb_DJI_20251015121812_0013_V_12030zoom.JPG,normal,queue
32,terminalia amazonia,comb_DJI_20251017110453_0003_V_2053zoom.JPG,normal,queue
32,terminalia amazonia,comb_DJI_20260320103801_0043_V_4574tele.JPG,can_wait,queue
32,terminalia amazonia,comb_DJI_20260114131449_0013_V_2038zoom.JPG,can_wait,queue
32,terminalia amazonia,comb_DJI_20260320112043_0021_V_2677tele.JPG,can_wait,queue
32,terminalia amazonia,comb_DJI_20251015113014_0007_V_9223zoom.JPG,can_wait,queue
32,terminalia amazonia,comb_DJI_20241226134626_0002_V_3616zoom.JPG,can_wait,queue
32,terminalia amazonia,comb_DJI_20251015130610_0009_V_5572zoom.JPG,can_wait,queue
32,terminalia amazonia,comb_DJI_20251015130815_0017_V_7835zoom.JPG,can_wait,queue
32,terminalia amazonia,comb_DJI_20251016120601_0041_V_6987zoom.JPG,can_wait,queue
32,terminalia amazonia,comb_DJI_20260112124117_0057_V_7096zoom.JPG,can_wait,queue
32,terminalia amazonia,comb_DJI_20251015122640_0043_V_7826zoom.JPG,can_wait,queue
32,terminalia amazonia,comb_DJI_20251015122025_0021_V_10878zoom.JPG,can_wait,queue
32,terminalia amazonia,comb_DJI_20250305114226_0006_V_7093zoom.JPG,can_wait,queue
32,terminalia amazonia,comb_DJI_20251017094149_0021_V_10724zoom.JPG,can_wait,queue
32,terminalia amazonia,comb_DJI_20251015112836_0001_V_6925zoom.JPG,can_wait,queue
32,terminalia amazonia,comb_DJI_20250820112405_0019_V_6242zoom.JPG,can_wait,queue
32,terminalia amazonia,comb_DJI_20250930122736_0019_V_610zoom.JPG,can_wait,queue
33,protium stevensonii,comb_DJI_20250926113028_0013_V_2093zoom.JPG,normal,queue
33,protium stevensonii,comb_DJI_20260112124045_0055_V_5888zoom.JPG,normal,queue
33,protium stevensonii,comb_DJI_20240913105157_0010_V_4138zoom.JPG,normal,queue
33,protium stevensonii,comb_DJI_20250724132658_0033_V_8749zoom.JPG,normal,queue
33,protium stevensonii,comb_DJI_20250813093128_0005_V_8579zoom.JPG,normal,queue
33,protium stevensonii,comb_DJI_20240912092956_0048_V_2967zoom.JPG,normal,queue
33,protium stevensonii,comb_DJI_20250807130153_0005_V_7145zoom.JPG,normal,queue
33,protium stevensonii,comb_DJI_20240912090750_0060_V_3425zoom.JPG,normal,queue
33,protium stevensonii,comb_DJI_20250813130128_0015_V_9593zoom.JPG,normal,queue
33,protium stevensonii,comb_DJI_20260317083854_0013_V_8857tele.JPG,normal,queue
33,protium stevensonii,comb_DJI_20250806102547_0012_V_54zoom.JPG,normal,queue
33,protium stevensonii,comb_DJI_20250522093143_0063_V_112zoom.JPG,normal,queue
33,protium stevensonii,comb_DJI_20260114114934_0027_V_9282zoom.JPG,normal,queue
33,protium stevensonii,comb_DJI_20250110155138_0020_V_108zoom.JPG,normal,queue
33,protium stevensonii,comb_DJI_20260322094328_0057_V_635tele.JPG,normal,queue
33,protium stevensonii,comb_DJI_20251015131635_0013_V_6764zoom.JPG,normal,queue
33,protium stevensonii,comb_DJI_20250110161723_0004_V_237zoom.JPG,normal,queue
33,protium stevensonii,comb_DJI_20250106101618_0064_V_7212zoom.JPG,normal,queue
33,protium stevensonii,comb_DJI_20250806103254_0040_V_151zoom.JPG,normal,queue
33,protium stevensonii,comb_DJI_20241226132655_0024_V_2258zoom.JPG,normal,queue
33,protium stevensonii,comb_DJI_20250717084542_0010_V_85zoom.JPG,normal,queue
33,protium stevensonii,comb_DJI_20241124085444_0032_V_339zoom.JPG,normal,queue
33,protium stevensonii,comb_DJI_20240911152111_0012_V_3345zoom.JPG,normal,queue
33,protium stevensonii,comb_DJI_20250806105742_0010_V_148zoom.JPG,normal,queue
33,protium stevensonii,comb_DJI_20250522094640_0035_V_36zoom.JPG,normal,queue
33,protium stevensonii,comb_DJI_20260320105958_0033_V_2039tele.JPG,normal,queue
33,protium stevensonii,comb_DJI_20240913112550_0032_V_4610zoom.JPG,normal,queue
33,protium stevensonii,comb_DJI_20260320105709_0023_V_3949tele.JPG,normal,queue
33,protium stevensonii,comb_DJI_20251016113637_0023_V_8308zoom.JPG,normal,queue
33,protium stevensonii,comb_DJI_20250522092550_0041_V_96zoom.JPG,normal,queue
33,protium stevensonii,comb_DJI_20251003115215_0015_V_568zoom.JPG,normal,queue
33,protium stevensonii,comb_DJI_20250522105013_0001_V_2zoom.JPG,normal,queue
33,protium stevensonii,comb_DJI_20250930120131_0019_V_2314zoom.JPG,normal,queue
33,protium stevensonii,comb_DJI_20250806093955_0008_V_156zoom.JPG,normal,queue
33,protium stevensonii,comb_DJI_20260318092542_0005_V_75tele.JPG,normal,queue
33,protium stevensonii,comb_DJI_20240912085734_0032_V_2660zoom.JPG,normal,queue
33,protium stevensonii,comb_DJI_20241218100602_0006_V_7994zoom.JPG,normal,queue
33,protium stevensonii,comb_DJI_20250522090234_0027_V_21zoom.JPG,normal,queue
33,protium stevensonii,comb_DJI_20260112122520_0003_V_6210zoom.JPG,normal,queue
33,protium stevensonii,comb_DJI_20250814135544_0041_V_6697zoom.JPG,normal,queue
33,protium stevensonii,comb_DJI_20250806095057_0008_V_101zoom.JPG,normal,queue
33,protium stevensonii,comb_DJI_20260114112531_0021_V_1555zoom.JPG,normal,queue
33,protium stevensonii,comb_DJI_20260311170130_0035_V_5897tele.JPG,normal,queue
33,protium stevensonii,comb_DJI_20241217132721_0010_V_4234zoom.JPG,normal,queue
33,protium stevensonii,comb_DJI_20260112122448_0001_V_6222zoom.JPG,normal,queue
33,protium stevensonii,comb_DJI_20240912093313_0056_V_3672zoom.JPG,normal,queue
33,protium stevensonii,comb_DJI_20251003115930_0041_V_2160zoom.JPG,normal,queue
33,protium stevensonii,comb_DJI_20241101103852_0054_V_322zoom.JPG,normal,queue
33,protium stevensonii,comb_DJI_20251010082503_0007_V_1682zoom.JPG,normal,queue
33,protium stevensonii,comb_DJI_20250806102951_0028_V_163zoom.JPG,normal,queue
33,protium stevensonii,comb_DJI_20240912094625_0020_V_3389zoom.JPG,normal,queue
33,protium stevensonii,comb_DJI_20250523095010_0059_V_133zoom.JPG,normal,queue
33,protium stevensonii,comb_DJI_20241226140244_0036_V_269zoom.JPG,normal,queue
33,protium stevensonii,comb_DJI_20241231105011_0004_V_6662zoom.JPG,normal,queue
33,protium stevensonii,comb_DJI_20241127092601_0032_V_1893zoom.JPG,normal,queue
33,protium stevensonii,comb_DJI_20250520100324_0022_V_237zoom.JPG,normal,queue
33,protium stevensonii,comb_DJI_20250716101247_0030_V_367zoom.JPG,normal,queue
33,protium stevensonii,comb_DJI_20251016111919_0047_V_6202zoom.JPG,normal,queue
33,protium stevensonii,comb_DJI_20250520093402_0010_V_99zoom.JPG,normal,queue
33,protium stevensonii,comb_DJI_20250806100624_0070_V_68zoom.JPG,normal,queue
33,protium stevensonii,comb_DJI_20250806111114_0014_V_179zoom.JPG,normal,queue
33,protium stevensonii,comb_DJI_20250520103049_0038_V_230zoom.JPG,normal,queue
33,protium stevensonii,comb_DJI_20250806103153_0036_V_181zoom.JPG,normal,queue
33,protium stevensonii,comb_DJI_20260114111420_0015_V_124zoom.JPG,normal,queue
33,protium stevensonii,comb_DJI_20250522095411_0063_V_76zoom.JPG,normal,queue
33,protium stevensonii,comb_DJI_20250716094440_0018_V_389zoom.JPG,normal,queue
33,protium stevensonii,comb_DJI_20251016102848_0049_V_356zoom.JPG,normal,queue
33,protium stevensonii,comb_DJI_20250305132515_0020_V_4173zoom.JPG,normal,queue
33,protium stevensonii,comb_DJI_20250716103128_0022_V_235zoom.JPG,normal,queue
33,protium stevensonii,comb_DJI_20250806111836_0042_V_3zoom.JPG,normal,queue
33,protium stevensonii,comb_DJI_20250523100357_0017_V_66zoom.JPG,normal,queue
33,protium stevensonii,comb_DJI_20240912085456_0024_V_2909zoom.JPG,normal,queue
33,protium stevensonii,comb_DJI_20250520115504_0022_V_219zoom.JPG,normal,queue
33,protium stevensonii,comb_DJI_20250520092204_0048_V_197zoom.JPG,normal,queue
33,protium stevensonii,comb_DJI_20250930114327_0033_V_4973zoom.JPG,normal,queue
33,protium stevensonii,comb_DJI_20260114102419_0017_V_3617zoom.JPG,normal,queue
33,protium stevensonii,comb_DJI_20240912092225_0024_V_2361zoom.JPG,normal,queue
33,protium stevensonii,comb_DJI_20251009104927_0029_V_2260zoom.JPG,normal,queue
33,protium stevensonii,comb_DJI_20260114132222_0035_V_1445zoom.JPG,normal,queue
33,protium stevensonii,comb_DJI_20251016102408_0033_V_11894zoom.JPG,normal,queue
33,protium stevensonii,comb_DJI_20241217095016_0014_V_1996zoom.JPG,normal,queue
33,protium stevensonii,comb_DJI_20251003105120_0001_V_1875zoom.JPG,normal,queue
33,protium stevensonii,comb_DJI_20250807095805_0001_V_7139zoom.JPG,normal,queue
33,protium stevensonii,comb_DJI_20241218122147_0008_V_2935zoom.JPG,normal,queue
33,protium stevensonii,comb_DJI_20250205091938_0036_V_7708zoom.JPG,normal,queue
33,protium stevensonii,comb_DJI_20250305092213_0022_V_2617zoom.JPG,normal,queue
33,protium stevensonii,comb_DJI_20241217102200_0040_V_4299zoom.JPG,normal,queue
33,protium stevensonii,comb_DJI_20250806112051_0050_V_127zoom.JPG,normal,queue
33,protium stevensonii,comb_DJI_20250522094745_0039_V_15zoom.JPG,normal,queue
33,protium stevensonii,comb_DJI_20251015132057_0029_V_8833zoom.JPG,normal,queue
33,protium stevensonii,comb_DJI_20260114102713_0027_V_3637zoom.JPG,normal,queue
33,protium stevensonii,comb_DJI_20250807114117_0015_V_5733zoom.JPG,normal,queue
33,protium stevensonii,comb_DJI_20260112120650_0033_V_6264zoom.JPG,normal,queue
33,protium stevensonii,comb_DJI_20241126103811_0052_V_620zoom.JPG,normal,queue
33,protium stevensonii,comb_DJI_20250807105128_0005_V_6431zoom.JPG,normal,queue
33,protium stevensonii,comb_DJI_20251009104719_0021_V_1500zoom.JPG,normal,queue
33,protium stevensonii,comb_DJI_20250106101825_0072_V_6849zoom.JPG,normal,queue
33,protium stevensonii,comb_DJI_20241204144540_0034_V_2516zoom.JPG,normal,queue
33,protium stevensonii,comb_DJI_20250813084955_0019_V_9148zoom.JPG,normal,queue
33,protium stevensonii,comb_DJI_20250930122929_0025_V_7415zoom.JPG,normal,queue
34,protium stevensonii,comb_DJI_20250106101510_0060_V_7213zoom.JPG,normal,queue
34,protium stevensonii,comb_DJI_20251014114905_0005_V_4742zoom.JPG,normal,queue
34,protium stevensonii,comb_DJI_20260114095847_0027_V_7450zoom.JPG,normal,queue
34,protium stevensonii,comb_DJI_20251001123433_0017_V_5098zoom.JPG,normal,queue
34,protium stevensonii,comb_DJI_20250520100949_0046_V_21zoom.JPG,normal,queue
34,protium stevensonii,comb_DJI_20240911155219_0026_V_5819zoom.JPG,normal,queue
34,protium stevensonii,comb_DJI_20250806110845_0004_V_60zoom.JPG,normal,queue
34,protium stevensonii,comb_DJI_20250522093814_0001_V_107zoom.JPG,normal,queue
34,protium stevensonii,comb_DJI_20240912091527_0006_V_3181zoom.JPG,normal,queue
34,protium stevensonii,comb_DJI_20250806103053_0032_V_152zoom.JPG,normal,queue
34,protium stevensonii,comb_DJI_20240911154905_0016_V_5575zoom.JPG,normal,queue
34,protium stevensonii,comb_DJI_20241127112436_0016_V_1000zoom.JPG,normal,queue
34,protium stevensonii,comb_DJI_20241217101255_0008_V_2039zoom.JPG,normal,queue
34,protium stevensonii,comb_DJI_20250305132752_0026_V_4528zoom.JPG,normal,queue
34,protium stevensonii,comb_DJI_20250813084829_0015_V_8542zoom.JPG,normal,queue
34,protium stevensonii,comb_DJI_20260114111231_0009_V_11143zoom.JPG,normal,queue
34,protium stevensonii,comb_DJI_20250523090417_0061_V_13zoom.JPG,normal,queue
34,protium stevensonii,comb_DJI_20241204114040_0026_V_977zoom.JPG,normal,queue
34,protium stevensonii,comb_DJI_20240913112258_0024_V_5158zoom.JPG,normal,queue
34,protium stevensonii,comb_DJI_20241127085531_0006_V_2328zoom.JPG,normal,queue
34,protium stevensonii,comb_DJI_20260114102637_0025_V_3626zoom.JPG,normal,queue
34,protium stevensonii,comb_DJI_20260317095153_0015_V_5908tele.JPG,normal,queue
34,protium stevensonii,comb_DJI_20240911153710_0058_V_4803zoom.JPG,normal,queue
34,protium stevensonii,comb_DJI_20260112122715_0009_V_7366zoom.JPG,normal,queue
34,protium stevensonii,comb_DJI_20251010082532_0009_V_1741zoom.JPG,normal,queue
34,protium stevensonii,comb_DJI_20250523101232_0053_V_143zoom.JPG,normal,queue
34,protium stevensonii,comb_DJI_20241202112507_0048_V_1518zoom.JPG,normal,queue
34,protium stevensonii,comb_DJI_20250806100725_0074_V_76zoom.JPG,normal,queue
34,protium stevensonii,comb_DJI_20250806094208_0016_V_161zoom.JPG,normal,queue
34,protium stevensonii,comb_DJI_20260317093615_0048_V_6015tele.JPG,normal,queue
34,protium stevensonii,comb_DJI_20251014114045_0055_V_5078zoom.JPG,normal,queue
34,protium stevensonii,comb_DJI_20241124090305_0020_V_746zoom.JPG,normal,queue
34,protium stevensonii,comb_DJI_20250806111705_0036_V_121zoom.JPG,normal,queue
34,protium stevensonii,comb_DJI_20241217101509_0016_V_3418zoom.JPG,normal,queue
34,protium stevensonii,comb_DJI_20250806105924_0016_V_109zoom.JPG,normal,queue
34,protium stevensonii,comb_DJI_20250806095130_0010_V_102zoom.JPG,normal,queue
34,protium stevensonii,comb_DJI_20241127093210_0050_V_2426zoom.JPG,normal,queue
34,protium stevensonii,comb_DJI_20241127100136_0052_V_1574zoom.JPG,normal,queue
34,protium stevensonii,comb_DJI_20260114114148_0001_V_9886zoom.JPG,can_wait,queue
34,protium stevensonii,comb_DJI_20260114104511_0003_V_5865zoom.JPG,can_wait,queue
34,protium stevensonii,comb_DJI_20240911154942_0018_V_5948zoom.JPG,can_wait,queue
34,protium stevensonii,comb_DJI_20241124084546_0004_V_538zoom.JPG,can_wait,queue
34,protium stevensonii,comb_DJI_20251016115655_0007_V_4752zoom.JPG,can_wait,queue
34,protium stevensonii,comb_DJI_20250813130200_0017_V_9606zoom.JPG,can_wait,queue
34,protium stevensonii,comb_DJI_20241127100100_0050_V_1594zoom.JPG,can_wait,queue
34,protium stevensonii,comb_DJI_20251016110419_0001_V_6917zoom.JPG,can_wait,queue
34,protium stevensonii,comb_DJI_20241231105050_0006_V_6665zoom.JPG,can_wait,queue
34,protium stevensonii,comb_DJI_20250724132546_0029_V_8001zoom.JPG,can_wait,queue
34,protium stevensonii,comb_DJI_20240911154547_0006_V_5098zoom.JPG,can_wait,queue
34,protium stevensonii,comb_DJI_20250820110017_0031_V_5042zoom.JPG,can_wait,queue
34,protium stevensonii,comb_DJI_20250716094251_0012_V_424zoom.JPG,can_wait,queue
34,protium stevensonii,comb_DJI_20250807100556_0027_V_5830zoom.JPG,can_wait,queue
34,protium stevensonii,comb_DJI_20250804145103_0001_V_7247zoom.JPG,can_wait,queue
34,protium stevensonii,comb_DJI_20241226111517_0018_V_1559zoom.JPG,can_wait,queue
34,protium stevensonii,comb_DJI_20241126102221_0004_V_499zoom.JPG,can_wait,queue
34,protium stevensonii,comb_DJI_20241127103254_0032_V_1672zoom.JPG,can_wait,queue
34,protium stevensonii,comb_DJI_20250820105813_0023_V_5122zoom.JPG,can_wait,queue
34,protium stevensonii,comb_DJI_20250813123948_0021_V_8439zoom.JPG,can_wait,queue
34,protium stevensonii,comb_DJI_20241226132126_0010_V_2645zoom.JPG,can_wait,queue
34,protium stevensonii,comb_DJI_20251016125129_0037_V_3630zoom.JPG,can_wait,queue
34,protium stevensonii,comb_DJI_20250813091508_0027_V_9741zoom.JPG,can_wait,queue
34,protium stevensonii,comb_DJI_20241204114202_0030_V_1142zoom.JPG,can_wait,queue
34,protium stevensonii,comb_DJI_20250807102951_0009_V_5672zoom.JPG,can_wait,queue
34,protium stevensonii,comb_DJI_20260114112126_0009_V_10698zoom.JPG,can_wait,queue
34,protium stevensonii,comb_DJI_20241127093045_0046_V_2058zoom.JPG,can_wait,queue
35,ceiba pentandra,comb_DJI_20250110140317_0026_V_123zoom.JPG,normal,queue
35,ceiba pentandra,comb_DJI_20250814141648_0009_V_5971zoom.JPG,normal,queue
35,ceiba pentandra,comb_DJI_20250522103225_0021_V_64zoom.JPG,normal,queue
35,ceiba pentandra,comb_DJI_20251016124329_0007_V_11085zoom.JPG,normal,queue
35,ceiba pentandra,comb_DJI_20241218101118_0022_V_8494zoom.JPG,normal,queue
35,ceiba pentandra,comb_DJI_20250716094809_0030_V_282zoom.JPG,normal,queue
35,ceiba pentandra,comb_DJI_20260322091402_0037_V_4490tele.JPG,normal,queue
35,ceiba pentandra,comb_DJI_20251014105904_0001_V_4897zoom.JPG,normal,queue
35,ceiba pentandra,comb_DJI_20251010092425_0005_V_9714zoom.JPG,normal,queue
35,ceiba pentandra,comb_DJI_20240912090102_0042_V_3184zoom.JPG,normal,queue
35,ceiba pentandra,comb_DJI_20250930115814_0007_V_4871zoom.JPG,normal,queue
35,ceiba pentandra,comb_DJI_20251016112123_0055_V_7283zoom.JPG,normal,queue
35,ceiba pentandra,comb_DJI_20251017100614_0007_V_10752zoom.JPG,normal,queue
35,ceiba pentandra,comb_DJI_20251016124439_0011_V_58zoom.JPG,normal,queue
35,ceiba pentandra,comb_DJI_20260112123223_0027_V_6152zoom.JPG,normal,queue
35,ceiba pentandra,comb_DJI_20241217133203_0026_V_4675zoom.JPG,normal,queue
35,ceiba pentandra,comb_DJI_20251017093858_0011_V_10646zoom.JPG,normal,queue
35,ceiba pentandra,comb_DJI_20251014105935_0003_V_4892zoom.JPG,normal,queue
35,ceiba pentandra,comb_DJI_20250716121355_0028_V_55zoom.JPG,normal,queue
35,ceiba pentandra,comb_DJI_20260318101424_0007_V_2410tele.JPG,normal,queue
35,ceiba pentandra,comb_DJI_20240911155946_0050_V_5882zoom.JPG,normal,queue
35,ceiba pentandra,comb_DJI_20251010094252_0019_V_613zoom.JPG,normal,queue
35,ceiba pentandra,comb_DJI_20251016131145_0021_V_3870zoom.JPG,normal,queue
35,ceiba pentandra,comb_DJI_20251015130716_0013_V_6731zoom.JPG,normal,queue
35,ceiba pentandra,comb_DJI_20241127114034_0068_V_1444zoom.JPG,normal,queue
35,ceiba pentandra,comb_DJI_20251014110249_0015_V_5449zoom.JPG,normal,queue
35,ceiba pentandra,comb_DJI_20251017100513_0003_V_11848zoom.JPG,normal,queue
35,ceiba pentandra,comb_DJI_20250926091933_0027_V_3844zoom.JPG,normal,queue
35,ceiba pentandra,comb_DJI_20250717085316_0036_V_81zoom.JPG,normal,queue
35,ceiba pentandra,comb_DJI_20251014110038_0007_V_4911zoom.JPG,normal,queue
35,ceiba pentandra,comb_DJI_20241217132535_0004_V_3777zoom.JPG,normal,queue
35,ceiba pentandra,comb_DJI_20251016120457_0037_V_6981zoom.JPG,normal,queue
35,ceiba pentandra,comb_DJI_20250717084750_0018_V_26zoom.JPG,normal,queue
35,ceiba pentandra,comb_DJI_20251016122508_0021_V_3986zoom.JPG,normal,queue
35,ceiba pentandra,comb_DJI_20241204111748_0012_V_2489zoom.JPG,normal,queue
35,ceiba pentandra,comb_DJI_20260114102203_0009_V_3012zoom.JPG,normal,queue
35,ceiba pentandra,comb_DJI_20251015113155_0013_V_9065zoom.JPG,normal,queue
35,ceiba pentandra,comb_DJI_20251014110109_0009_V_4919zoom.JPG,normal,queue
35,ceiba pentandra,comb_DJI_20251016111021_0013_V_4477zoom.JPG,normal,queue
35,ceiba pentandra,comb_DJI_20241101105937_0032_V_281zoom.JPG,normal,queue
35,ceiba pentandra,comb_DJI_20250717101435_0012_V_88zoom.JPG,normal,queue
35,ceiba pentandra,comb_DJI_20250717091211_0020_V_29zoom.JPG,normal,queue
35,ceiba pentandra,comb_DJI_20251017101101_0025_V_11846zoom.JPG,normal,queue
35,ceiba pentandra,comb_DJI_20260318100018_0049_V_2513tele.JPG,can_wait,queue
35,ceiba pentandra,comb_DJI_20251017122746_0041_V_9781zoom.JPG,can_wait,queue
35,ceiba pentandra,comb_DJI_20260320104443_0067_V_2753tele.JPG,can_wait,queue
35,ceiba pentandra,comb_DJI_20250206093133_0036_V_1378zoom.JPG,can_wait,queue
35,ceiba pentandra,comb_DJI_20250305125203_0010_V_5357zoom.JPG,can_wait,queue
35,ceiba pentandra,comb_DJI_20251016122046_0005_V_6366zoom.JPG,can_wait,queue
35,ceiba pentandra,comb_DJI_20260320101808_0035_V_4684tele.JPG,can_wait,queue
35,ceiba pentandra,comb_DJI_20251017101206_0029_V_681zoom.JPG,can_wait,queue
35,ceiba pentandra,comb_DJI_20250206104939_0014_V_4133zoom.JPG,can_wait,queue
35,ceiba pentandra,comb_DJI_20251014123534_0035_V_5301zoom.JPG,can_wait,queue
35,ceiba pentandra,comb_DJI_20251015125728_0065_V_6456zoom.JPG,can_wait,queue
35,ceiba pentandra,comb_DJI_20251015125305_0049_V_3940zoom.JPG,can_wait,queue
35,ceiba pentandra,comb_DJI_20251016123203_0047_V_3113zoom.JPG,can_wait,queue
35,ceiba pentandra,comb_DJI_20251015130854_0019_V_6850zoom.JPG,can_wait,queue
35,ceiba pentandra,comb_DJI_20250206104901_0012_V_3667zoom.JPG,can_wait,queue
35,terminalia oblonga,comb_DJI_20250523090446_0063_V_12zoom.JPG,normal,queue
35,terminalia oblonga,comb_DJI_20250520114859_0002_V_223zoom.JPG,normal,queue
35,terminalia oblonga,comb_DJI_20250813135223_0007_V_1401zoom.JPG,normal,queue
35,terminalia oblonga,comb_DJI_20250821154043_0003_V_1590zoom.JPG,normal,queue
35,terminalia oblonga,comb_DJI_20240912090620_0056_V_3169zoom.JPG,normal,queue
35,terminalia oblonga,comb_DJI_20240912100043_0068_V_2064zoom.JPG,normal,queue
35,terminalia oblonga,comb_DJI_20260322094143_0051_V_1914tele.JPG,normal,queue
35,terminalia oblonga,comb_DJI_20250813135404_0013_V_11416zoom.JPG,normal,queue
35,terminalia oblonga,comb_DJI_20250520091519_0026_V_127zoom.JPG,normal,queue
35,terminalia oblonga,comb_DJI_20251017093646_0003_V_9792zoom.JPG,normal,queue
35,terminalia oblonga,comb_DJI_20250106111003_0048_V_5093zoom.JPG,normal,queue
35,terminalia oblonga,comb_DJI_20260317100018_0045_V_5261tele.JPG,normal,queue
35,terminalia oblonga,comb_DJI_20250522101754_0057_V_92zoom.JPG,normal,queue
35,terminalia oblonga,comb_DJI_20251017100816_0015_V_11959zoom.JPG,normal,queue
35,terminalia oblonga,comb_DJI_20250106100338_0026_V_4174zoom.JPG,normal,queue
35,terminalia oblonga,comb_DJI_20251014112358_0007_V_6445zoom.JPG,normal,queue
35,terminalia oblonga,comb_DJI_20250520091820_0036_V_131zoom.JPG,normal,queue
35,terminalia oblonga,comb_DJI_20250814125658_0005_V_7729zoom.JPG,normal,queue
35,terminalia oblonga,comb_DJI_20251003112509_0001_V_717zoom.JPG,normal,queue
35,terminalia oblonga,comb_DJI_20250520091743_0034_V_171zoom.JPG,normal,queue
35,terminalia oblonga,comb_DJI_20251016114238_0045_V_4956zoom.JPG,normal,queue
35,terminalia oblonga,comb_DJI_20251009102759_0061_V_7246zoom.JPG,normal,queue
35,terminalia oblonga,comb_DJI_20241204100413_0040_V_57zoom.JPG,normal,queue
35,terminalia oblonga,comb_DJI_20251010083806_0051_V_3029zoom.JPG,normal,queue
35,terminalia oblonga,comb_DJI_20250204102717_0018_V_8342zoom.JPG,can_wait,queue
36,tabebuia rosea,comb_DJI_20250304095419_0022_V_651zoom.JPG,normal,queue
36,tabebuia rosea,comb_DJI_20250304091604_0040_V_7777zoom.JPG,normal,queue
36,tabebuia rosea,comb_DJI_20260322090811_0015_V_4547tele.JPG,normal,queue
36,tabebuia rosea,comb_DJI_20250106100134_0020_V_4109zoom.JPG,normal,queue
36,tabebuia rosea,comb_DJI_20250717085000_0024_V_11zoom.JPG,normal,queue
36,tabebuia rosea,comb_DJI_20240911155105_0022_V_6003zoom.JPG,normal,queue
36,tabebuia rosea,comb_DJI_20260320104238_0059_V_2755tele.JPG,normal,queue
36,tabebuia rosea,comb_DJI_20251014113547_0039_V_6144zoom.JPG,normal,queue
36,tabebuia rosea,comb_DJI_20250305123753_0006_V_6100zoom.JPG,normal,queue
36,tabebuia rosea,comb_DJI_20260114120536_0019_V_403zoom.JPG,normal,queue
36,tabebuia rosea,comb_DJI_20251009105304_0041_V_1660zoom.JPG,normal,queue
36,tabebuia rosea,comb_DJI_20260317090241_0015_V_10722tele.JPG,normal,queue
36,tabebuia rosea,comb_DJI_20260311165849_0027_V_4789tele.JPG,normal,queue
36,tabebuia rosea,comb_DJI_20260311165756_0025_V_4808tele.JPG,normal,queue
36,tabebuia rosea,comb_DJI_20250304104020_0040_V_1816zoom.JPG,normal,queue
36,tabebuia rosea,comb_DJI_20250304103346_0026_V_1448zoom.JPG,normal,queue
36,tabebuia rosea,comb_DJI_20250930121001_0051_V_781zoom.JPG,normal,queue
36,tabebuia rosea,comb_DJI_20251016124955_0031_V_3636zoom.JPG,normal,queue
36,tabebuia rosea,comb_DJI_20251016125659_0057_V_11197zoom.JPG,normal,queue
36,tabebuia rosea,comb_DJI_20260318104512_0033_V_6210tele.JPG,normal,queue
36,tabebuia rosea,comb_DJI_20250806095705_0032_V_94zoom.JPG,normal,queue
36,tabebuia rosea,comb_DJI_20251009102558_0055_V_7397zoom.JPG,can_wait,queue
36,tabebuia rosea,comb_DJI_20251010090156_0045_V_4128zoom.JPG,can_wait,queue
36,tabebuia rosea,comb_DJI_20251016104541_0011_V_10176zoom.JPG,can_wait,queue
36,tabebuia rosea,comb_DJI_20241127095749_0040_V_1956zoom.JPG,can_wait,queue
36,tabebuia rosea,comb_DJI_20251016104717_0017_V_10956zoom.JPG,can_wait,queue
36,tabebuia rosea,comb_DJI_20251016115550_0003_V_4188zoom.JPG,can_wait,queue
37,luehea seemannii,comb_DJI_20241126102753_0020_V_689zoom.JPG,normal,queue
37,luehea seemannii,comb_DJI_20250110150852_0070_V_13zoom.JPG,normal,queue
37,luehea seemannii,comb_DJI_20260322093704_0033_V_543tele.JPG,normal,queue
37,luehea seemannii,comb_DJI_20250110163812_0002_V_188zoom.JPG,normal,queue
37,luehea seemannii,comb_DJI_20260322091508_0041_V_4486tele.JPG,normal,queue
37,luehea seemannii,comb_DJI_20260318102834_0059_V_5271tele.JPG,normal,queue
37,luehea seemannii,comb_DJI_20241127092036_0016_V_2308zoom.JPG,normal,queue
37,luehea seemannii,comb_DJI_20250522095027_0049_V_33zoom.JPG,normal,queue
37,luehea seemannii,comb_DJI_20260318103855_0011_V_6104tele.JPG,normal,queue
37,luehea seemannii,comb_DJI_20240912090231_0046_V_2932zoom.JPG,normal,queue
37,luehea seemannii,comb_DJI_20251016105241_0037_V_9177zoom.JPG,normal,queue
37,luehea seemannii,comb_DJI_20241127095830_0042_V_1970zoom.JPG,normal,queue
37,luehea seemannii,comb_DJI_20240913110050_0034_V_4906zoom.JPG,normal,queue
37,luehea seemannii,comb_DJI_20250110141533_0070_V_74zoom.JPG,normal,queue
37,luehea seemannii,comb_DJI_20250110162549_0036_V_95zoom.JPG,normal,queue
37,luehea seemannii,comb_DJI_20241101094536_0058_V_873zoom.JPG,normal,queue
37,luehea seemannii,comb_DJI_20251010083000_0023_V_2505zoom.JPG,normal,queue
37,luehea seemannii,comb_DJI_20250110142459_0010_V_200zoom.JPG,normal,queue
37,luehea seemannii,comb_DJI_20241127095550_0034_V_2093zoom.JPG,normal,queue
37,luehea seemannii,comb_DJI_20250110162208_0022_V_96zoom.JPG,normal,queue
37,luehea seemannii,comb_DJI_20250716091926_0028_V_362zoom.JPG,normal,queue
37,luehea seemannii,comb_DJI_20250110142753_0020_V_37zoom.JPG,normal,queue
37,luehea seemannii,comb_DJI_20250813112306_0015_V_10235zoom.JPG,normal,queue
37,luehea seemannii,comb_DJI_20241204093454_0044_V_2322zoom.JPG,normal,queue
37,luehea seemannii,comb_DJI_20260311170013_0031_V_5365tele.JPG,normal,queue
37,luehea seemannii,comb_DJI_20241107103657_0014_V_2191zoom.JPG,normal,queue
37,luehea seemannii,comb_DJI_20260114105828_0049_V_3780zoom.JPG,normal,queue
37,luehea seemannii,comb_DJI_20251017122858_0045_V_9738zoom.JPG,normal,queue
37,luehea seemannii,comb_DJI_20250523084422_0069_V_119zoom.JPG,normal,queue
37,luehea seemannii,comb_DJI_20241101103133_0028_V_441zoom.JPG,normal,queue
37,luehea seemannii,comb_DJI_20250814142717_0027_V_2417zoom.JPG,normal,queue
37,luehea seemannii,comb_DJI_20250522085801_0013_V_14zoom.JPG,normal,queue
37,luehea seemannii,comb_DJI_20251015133403_0017_V_4523zoom.JPG,normal,queue
37,luehea seemannii,comb_DJI_20250110151537_0002_V_92zoom.JPG,normal,queue
37,luehea seemannii,comb_DJI_20251016120216_0027_V_7093zoom.JPG,normal,queue
37,luehea seemannii,comb_DJI_20241024132957_0040_V_1056zoom.JPG,normal,queue
37,luehea seemannii,comb_DJI_20250110163842_0004_V_6zoom.JPG,normal,queue
37,luehea seemannii,comb_DJI_20250716091243_0004_V_281zoom.JPG,normal,queue
37,luehea seemannii,comb_DJI_20251015134126_0043_V_6299zoom.JPG,normal,queue
37,luehea seemannii,comb_DJI_20251009103723_0003_V_7256zoom.JPG,normal,queue
37,luehea seemannii,comb_DJI_20251015134021_0039_V_6261zoom.JPG,normal,queue
37,luehea seemannii,comb_DJI_20250930114502_0039_V_5041zoom.JPG,normal,queue
37,luehea seemannii,comb_DJI_20241204095035_0008_V_1422zoom.JPG,normal,queue
37,luehea seemannii,comb_DJI_20251017115314_0001_V_10812zoom.JPG,normal,queue
37,luehea seemannii,comb_DJI_20241127113148_0040_V_1277zoom.JPG,normal,queue
37,luehea seemannii,comb_DJI_20250804145429_0013_V_7847zoom.JPG,normal,queue
37,luehea seemannii,comb_DJI_20251017115631_0011_V_11596zoom.JPG,normal,queue
37,luehea seemannii,comb_DJI_20240912084958_0008_V_2624zoom.JPG,normal,queue
37,luehea seemannii,comb_DJI_20250110151605_0004_V_135zoom.JPG,normal,queue
37,luehea seemannii,comb_DJI_20250110162010_0014_V_122zoom.JPG,normal,queue
37,luehea seemannii,comb_DJI_20250804145322_0009_V_7830zoom.JPG,normal,queue
37,luehea seemannii,comb_DJI_20260318104948_0049_V_5453tele.JPG,can_wait,queue
37,luehea seemannii,comb_DJI_20251015113224_0015_V_7903zoom.JPG,can_wait,queue
37,luehea seemannii,comb_DJI_20260318101818_0021_V_3451tele.JPG,can_wait,queue
37,luehea seemannii,comb_DJI_20260311170048_0033_V_5910tele.JPG,can_wait,queue
37,luehea seemannii,comb_DJI_20260114121432_0049_V_399zoom.JPG,can_wait,queue
37,luehea seemannii,comb_DJI_20250930121034_0053_V_1354zoom.JPG,can_wait,queue
37,luehea seemannii,comb_DJI_20260114123203_0021_V_10622zoom.JPG,can_wait,queue
37,luehea seemannii,comb_DJI_20241127093004_0044_V_2061zoom.JPG,can_wait,queue
37,luehea seemannii,comb_DJI_20241126103732_0050_V_781zoom.JPG,can_wait,queue
37,luehea seemannii,comb_DJI_20251017104308_0035_V_1496zoom.JPG,can_wait,queue
37,luehea seemannii,comb_DJI_20241127095419_0030_V_2069zoom.JPG,can_wait,queue
37,luehea seemannii,comb_DJI_20260114131328_0009_V_2460zoom.JPG,can_wait,queue
37,luehea seemannii,comb_DJI_20250110135922_0012_V_137zoom.JPG,can_wait,queue
37,luehea seemannii,comb_DJI_20241226095416_0036_V_2771zoom.JPG,can_wait,queue
37,luehea seemannii,comb_DJI_20251017100853_0017_V_816zoom.JPG,can_wait,queue
37,luehea seemannii,comb_DJI_20260318095712_0037_V_2565tele.JPG,can_wait,queue
37,luehea seemannii,comb_DJI_20251015122930_0053_V_8762zoom.JPG,can_wait,queue
37,luehea seemannii,comb_DJI_20251015134159_0045_V_6439zoom.JPG,can_wait,queue
37,luehea seemannii,comb_DJI_20241204111832_0014_V_2483zoom.JPG,can_wait,queue
37,luehea seemannii,comb_DJI_20251014104615_0035_V_11296zoom.JPG,can_wait,queue
37,luehea seemannii,comb_DJI_20251014100559_0023_V_11119zoom.JPG,can_wait,queue
37,luehea seemannii,comb_DJI_20250807111238_0009_V_7677zoom.JPG,can_wait,queue
37,luehea seemannii,comb_DJI_20241204092230_0014_V_3413zoom.JPG,can_wait,queue
37,luehea seemannii,comb_DJI_20241127094840_0014_V_2027zoom.JPG,can_wait,queue
37,luehea seemannii,comb_DJI_20241126102300_0006_V_473zoom.JPG,can_wait,queue
37,luehea seemannii,comb_DJI_20241127092357_0026_V_2282zoom.JPG,can_wait,queue
37,luehea seemannii,comb_DJI_20250930114118_0025_V_5687zoom.JPG,can_wait,queue
37,luehea seemannii,comb_DJI_20251015130643_0011_V_6654zoom.JPG,can_wait,queue
37,luehea seemannii,comb_DJI_20251016104332_0003_V_11364zoom.JPG,can_wait,queue
37,luehea seemannii,comb_DJI_20241127085451_0004_V_2332zoom.JPG,can_wait,queue
37,luehea seemannii,comb_DJI_20241127092316_0024_V_2285zoom.JPG,can_wait,queue
37,luehea seemannii,comb_DJI_20251017115740_0015_V_11600zoom.JPG,can_wait,queue
37,luehea seemannii,comb_DJI_20251016102917_0051_V_1102zoom.JPG,can_wait,queue
37,luehea seemannii,comb_DJI_20250110163942_0008_V_191zoom.JPG,can_wait,queue
37,luehea seemannii,comb_DJI_20260114101944_0001_V_4585zoom.JPG,can_wait,queue
37,luehea seemannii,comb_DJI_20251015134234_0047_V_6296zoom.JPG,can_wait,queue
37,luehea seemannii,comb_DJI_20251017100927_0019_V_886zoom.JPG,can_wait,queue
37,luehea seemannii,comb_DJI_20251014103601_0003_V_4879zoom.JPG,can_wait,queue
37,luehea seemannii,comb_DJI_20241124091737_0020_V_1052zoom.JPG,can_wait,queue
37,luehea seemannii,comb_DJI_20241127095253_0026_V_2229zoom.JPG,can_wait,queue
37,luehea seemannii,comb_DJI_20260318100505_0067_V_859tele.JPG,can_wait,queue
37,luehea seemannii,comb_DJI_20241126102911_0024_V_807zoom.JPG,can_wait,queue
37,luehea seemannii,comb_DJI_20250930114626_0043_V_4132zoom.JPG,can_wait,queue
37,luehea seemannii,comb_DJI_20241127113408_0048_V_1272zoom.JPG,can_wait,queue
37,luehea seemannii,comb_DJI_20241204093722_0052_V_2041zoom.JPG,can_wait,queue
37,luehea seemannii,comb_DJI_20241101104202_0066_V_490zoom.JPG,can_wait,queue
37,luehea seemannii,comb_DJI_20241126105510_0016_V_487zoom.JPG,can_wait,queue
37,luehea seemannii,comb_DJI_20250820105945_0029_V_5052zoom.JPG,can_wait,queue
37,luehea seemannii,comb_DJI_20241204095758_0026_V_651zoom.JPG,can_wait,queue
38,luehea seemannii,comb_DJI_20241204091827_0004_V_2268zoom.JPG,can_wait,queue
38,luehea seemannii,comb_DJI_20241124085151_0022_V_883zoom.JPG,can_wait,queue
38,luehea seemannii,comb_DJI_20241101105658_0026_V_616zoom.JPG,can_wait,queue
38,luehea seemannii,comb_DJI_20241127113818_0062_V_1255zoom.JPG,can_wait,queue
38,luehea seemannii,comb_DJI_20260114111151_0007_V_50zoom.JPG,can_wait,queue
38,luehea seemannii,comb_DJI_20251015122603_0041_V_7837zoom.JPG,can_wait,queue
38,luehea seemannii,comb_DJI_20250110135954_0014_V_28zoom.JPG,can_wait,queue
38,luehea seemannii,comb_DJI_20251016111051_0015_V_4448zoom.JPG,can_wait,queue
38,luehea seemannii,comb_DJI_20251016103023_0055_V_1072zoom.JPG,can_wait,queue
38,luehea seemannii,comb_DJI_20241202111216_0010_V_1441zoom.JPG,can_wait,queue
38,luehea seemannii,comb_DJI_20241101105007_0008_V_895zoom.JPG,can_wait,queue
38,luehea seemannii,comb_DJI_20241204144323_0028_V_3915zoom.JPG,can_wait,queue
38,luehea seemannii,comb_DJI_20241204092321_0016_V_3414zoom.JPG,can_wait,queue
38,luehea seemannii,comb_DJI_20250716123448_0012_V_49zoom.JPG,can_wait,queue
38,luehea seemannii,comb_DJI_20250930114359_0035_V_4947zoom.JPG,can_wait,queue
38,luehea seemannii,comb_DJI_20251014110743_0031_V_6414zoom.JPG,can_wait,queue
38,luehea seemannii,comb_DJI_20241204110703_0006_V_974zoom.JPG,can_wait,queue
38,luehea seemannii,comb_DJI_20250717084443_0006_V_86zoom.JPG,can_wait,queue
38,luehea seemannii,comb_DJI_20241126102712_0018_V_842zoom.JPG,can_wait,queue
38,luehea seemannii,comb_DJI_20251014111249_0047_V_6423zoom.JPG,can_wait,queue
38,luehea seemannii,comb_DJI_20241204104705_0012_V_2067zoom.JPG,can_wait,queue
38,luehea seemannii,comb_DJI_20241126105343_0012_V_497zoom.JPG,can_wait,queue
38,luehea seemannii,comb_DJI_20241204092553_0022_V_3404zoom.JPG,can_wait,queue
38,luehea seemannii,comb_DJI_20250814143041_0039_V_3332zoom.JPG,can_wait,queue
38,luehea seemannii,comb_DJI_20241101094129_0046_V_1203zoom.JPG,can_wait,queue
39,uncaria tomentosa,comb_DJI_20250110162138_0020_V_52zoom.JPG,normal,queue
39,uncaria tomentosa,comb_DJI_20250304081236_0016_V_5850zoom.JPG,normal,queue
39,uncaria tomentosa,comb_DJI_20250813130052_0013_V_9034zoom.JPG,normal,queue
39,uncaria tomentosa,comb_DJI_20260318104155_0021_V_6846tele.JPG,normal,queue
39,uncaria tomentosa,comb_DJI_20260114104843_0015_V_5890zoom.JPG,normal,queue
39,uncaria tomentosa,comb_DJI_20251016125800_0061_V_125zoom.JPG,normal,queue
39,uncaria tomentosa,comb_DJI_20260114121235_0043_V_524zoom.JPG,normal,queue
39,uncaria tomentosa,comb_DJI_20250820092712_0009_V_5939zoom.JPG,normal,queue
39,uncaria tomentosa,comb_DJI_20251016113837_0031_V_7187zoom.JPG,normal,queue
39,uncaria tomentosa,comb_DJI_20260318104619_0037_V_6215tele.JPG,normal,queue
39,uncaria tomentosa,comb_DJI_20260112123008_0019_V_7260zoom.JPG,normal,queue
39,uncaria tomentosa,comb_DJI_20250110135635_0002_V_161zoom.JPG,normal,queue
39,uncaria tomentosa,comb_DJI_20250926091830_0023_V_3941zoom.JPG,normal,queue
39,uncaria tomentosa,comb_DJI_20251017104131_0029_V_2095zoom.JPG,normal,queue
39,uncaria tomentosa,comb_DJI_20251016122146_0009_V_4803zoom.JPG,normal,queue
39,uncaria tomentosa,comb_DJI_20251017121940_0015_V_9362zoom.JPG,normal,queue
39,uncaria tomentosa,comb_DJI_20250305114322_0008_V_7683zoom.JPG,normal,queue
39,uncaria tomentosa,comb_DJI_20241024135118_0014_V_2106zoom.JPG,normal,queue
39,uncaria tomentosa,comb_DJI_20250522104004_0051_V_131zoom.JPG,normal,queue
39,uncaria tomentosa,comb_DJI_20250924103243_0007_V_1075zoom.JPG,normal,queue
39,uncaria tomentosa,comb_DJI_20251017113019_0017_V_1762zoom.JPG,normal,queue
39,uncaria tomentosa,comb_DJI_20250924105334_0007_V_975zoom.JPG,normal,queue
39,uncaria tomentosa,comb_DJI_20260318104227_0023_V_6904tele.JPG,normal,queue
39,uncaria tomentosa,comb_DJI_20260112122553_0005_V_6157zoom.JPG,normal,queue
39,uncaria tomentosa,comb_DJI_20250814132120_0005_V_9376zoom.JPG,normal,queue
39,uncaria tomentosa,comb_DJI_20251014105107_0053_V_4970zoom.JPG,normal,queue
39,uncaria tomentosa,comb_DJI_20251017112839_0011_V_1787zoom.JPG,normal,queue
39,uncaria tomentosa,comb_DJI_20251017110520_0005_V_2041zoom.JPG,normal,queue
39,uncaria tomentosa,comb_DJI_20250813091805_0037_V_9698zoom.JPG,normal,queue
39,uncaria tomentosa,comb_DJI_20260114130027_0033_V_1272zoom.JPG,normal,queue
39,uncaria tomentosa,comb_DJI_20260114122751_0007_V_9447zoom.JPG,normal,queue
39,uncaria tomentosa,comb_DJI_20241024125714_0024_V_1578zoom.JPG,normal,queue
39,uncaria tomentosa,comb_DJI_20250926102129_0009_V_3671zoom.JPG,normal,queue
39,uncaria tomentosa,comb_DJI_20250924093440_0005_V_974zoom.JPG,normal,queue
39,uncaria tomentosa,comb_DJI_20251006115048_0035_V_696zoom.JPG,normal,queue
39,uncaria tomentosa,comb_DJI_20251003121250_0009_V_221zoom.JPG,normal,queue
39,uncaria tomentosa,comb_DJI_20251014110956_0039_V_6505zoom.JPG,normal,queue
39,uncaria tomentosa,comb_DJI_20260112122634_0007_V_7354zoom.JPG,normal,queue
39,uncaria tomentosa,comb_DJI_20250926112718_0003_V_2344zoom.JPG,normal,queue
39,uncaria tomentosa,comb_DJI_20250304093701_0018_V_7507zoom.JPG,normal,queue
39,uncaria tomentosa,comb_DJI_20260318102348_0041_V_4473tele.JPG,normal,queue
39,uncaria tomentosa,comb_DJI_20241127112952_0034_V_960zoom.JPG,normal,queue
39,uncaria tomentosa,comb_DJI_20260112123300_0029_V_5038zoom.JPG,normal,queue
39,uncaria tomentosa,comb_DJI_20251017101730_0049_V_1493zoom.JPG,normal,queue
39,uncaria tomentosa,comb_DJI_20260320102232_0051_V_3753tele.JPG,normal,queue
39,uncaria tomentosa,comb_DJI_20250106093420_0018_V_6545zoom.JPG,normal,queue
39,uncaria tomentosa,comb_DJI_20241231120230_0048_V_4976zoom.JPG,normal,queue
39,uncaria tomentosa,comb_DJI_20260112123148_0025_V_6088zoom.JPG,normal,queue
39,uncaria tomentosa,comb_DJI_20250110140428_0030_V_124zoom.JPG,normal,queue
39,uncaria tomentosa,comb_DJI_20241024125016_0002_V_1806zoom.JPG,normal,queue
39,uncaria tomentosa,comb_DJI_20250924103035_0001_V_1446zoom.JPG,normal,queue
39,uncaria tomentosa,comb_DJI_20241024125206_0008_V_1821zoom.JPG,normal,queue
39,uncaria tomentosa,comb_DJI_20250305114620_0014_V_7968zoom.JPG,normal,queue
39,uncaria tomentosa,comb_DJI_20260112120027_0011_V_3894zoom.JPG,normal,queue
39,uncaria tomentosa,comb_DJI_20240912092141_0022_V_2647zoom.JPG,normal,queue
39,uncaria tomentosa,comb_DJI_20251016111620_0037_V_5018zoom.JPG,normal,queue
39,uncaria tomentosa,comb_DJI_20260320104031_0051_V_3739tele.JPG,normal,queue
39,uncaria tomentosa,comb_DJI_20251016111735_0041_V_5206zoom.JPG,can_wait,queue
39,uncaria tomentosa,comb_DJI_20260114112603_0023_V_1580zoom.JPG,can_wait,queue
39,uncaria tomentosa,comb_DJI_20260114122634_0003_V_10515zoom.JPG,can_wait,queue
39,uncaria tomentosa,comb_DJI_20251017115513_0007_V_10469zoom.JPG,can_wait,queue
39,uncaria tomentosa,comb_DJI_20251016111246_0023_V_4407zoom.JPG,can_wait,queue
39,uncaria tomentosa,comb_DJI_20251003121147_0005_V_2118zoom.JPG,can_wait,queue
39,uncaria tomentosa,comb_DJI_20251016111440_0031_V_4375zoom.JPG,can_wait,queue
39,uncaria tomentosa,comb_DJI_20251016111654_0039_V_6197zoom.JPG,can_wait,queue
39,uncaria tomentosa,comb_DJI_20260114122828_0009_V_10539zoom.JPG,can_wait,queue
39,uncaria tomentosa,comb_DJI_20251015130349_0001_V_7515zoom.JPG,can_wait,queue
39,uncaria tomentosa,comb_DJI_20251017115551_0009_V_10509zoom.JPG,can_wait,queue
39,uncaria tomentosa,comb_DJI_20241226100430_0068_V_2800zoom.JPG,can_wait,queue
39,uncaria tomentosa,comb_DJI_20250924105304_0005_V_1327zoom.JPG,can_wait,queue
39,uncaria tomentosa,comb_DJI_20250926091905_0025_V_4214zoom.JPG,can_wait,queue
39,uncaria tomentosa,comb_DJI_20260114120207_0007_V_11967zoom.JPG,can_wait,queue
39,uncaria tomentosa,comb_DJI_20251017110810_0015_V_1339zoom.JPG,can_wait,queue
39,uncaria tomentosa,comb_DJI_20251015125542_0059_V_5345zoom.JPG,can_wait,queue
39,uncaria tomentosa,comb_DJI_20250926091625_0019_V_4221zoom.JPG,can_wait,queue
39,uncaria tomentosa,comb_DJI_20251016111548_0035_V_5029zoom.JPG,can_wait,queue
39,uncaria tomentosa,comb_DJI_20260318103720_0005_V_5374tele.JPG,can_wait,queue
39,uncaria tomentosa,comb_DJI_20251017111436_0039_V_12008zoom.JPG,can_wait,queue
39,uncaria tomentosa,comb_DJI_20260114105426_0035_V_4321zoom.JPG,can_wait,queue
39,uncaria tomentosa,comb_DJI_20251017113331_0029_V_10833zoom.JPG,can_wait,queue
39,uncaria tomentosa,comb_DJI_20251017113048_0019_V_1772zoom.JPG,can_wait,queue
39,uncaria tomentosa,comb_DJI_20251015123136_0061_V_8756zoom.JPG,can_wait,queue
39,uncaria tomentosa,comb_DJI_20241226103445_0062_V_993zoom.JPG,can_wait,queue
39,uncaria tomentosa,comb_DJI_20251016111412_0029_V_4330zoom.JPG,can_wait,queue
39,uncaria tomentosa,comb_DJI_20241226094526_0006_V_2380zoom.JPG,can_wait,queue
39,uncaria tomentosa,comb_DJI_20251016112051_0053_V_6058zoom.JPG,can_wait,queue
39,uncaria tomentosa,comb_DJI_20250926091757_0021_V_3930zoom.JPG,can_wait,queue
39,uncaria tomentosa,comb_DJI_20251016112022_0051_V_6140zoom.JPG,can_wait,queue
39,uncaria tomentosa,comb_DJI_20250106103346_0028_V_6005zoom.JPG,can_wait,queue
39,uncaria tomentosa,comb_DJI_20251017104619_0047_V_2094zoom.JPG,can_wait,queue
39,uncaria tomentosa,comb_DJI_20260114105351_0033_V_4285zoom.JPG,can_wait,queue
39,uncaria tomentosa,comb_DJI_20251017112943_0015_V_1763zoom.JPG,can_wait,queue
39,uncaria tomentosa,comb_DJI_20260112123114_0023_V_6138zoom.JPG,can_wait,queue
39,uncaria tomentosa,comb_DJI_20251001101623_0001_V_8412zoom.JPG,can_wait,queue
39,uncaria tomentosa,comb_DJI_20250304102151_0004_V_1215zoom.JPG,can_wait,queue
39,uncaria tomentosa,comb_DJI_20260320102159_0049_V_3698tele.JPG,can_wait,queue
39,uncaria tomentosa,comb_DJI_20260114113606_0003_V_2347zoom.JPG,can_wait,queue
39,uncaria tomentosa,comb_DJI_20260114125948_0031_V_2063zoom.JPG,can_wait,queue
39,uncaria tomentosa,comb_DJI_20251017104546_0045_V_1374zoom.JPG,can_wait,queue
39,uncaria tomentosa,comb_DJI_20241226124937_0006_V_1521zoom.JPG,can_wait,queue
40,uncaria tomentosa,comb_DJI_20251016122223_0011_V_4589zoom.JPG,can_wait,queue
40,uncaria tomentosa,comb_DJI_20251015132952_0003_V_7520zoom.JPG,can_wait,queue
40,uncaria tomentosa,comb_DJI_20241226133812_0050_V_3987zoom.JPG,can_wait,queue
40,uncaria tomentosa,comb_DJI_20260112123041_0021_V_6134zoom.JPG,can_wait,queue
40,sterculia apetala,comb_DJI_20241204100743_0048_V_152zoom.JPG,normal,queue
40,sterculia apetala,comb_DJI_20241204150843_0016_V_3297zoom.JPG,normal,queue
40,sterculia apetala,comb_DJI_20251015113300_0017_V_7877zoom.JPG,normal,queue
40,sterculia apetala,comb_DJI_20250110151809_0012_V_166zoom.JPG,normal,queue
40,sterculia apetala,comb_DJI_20260318102211_0035_V_4429tele.JPG,normal,queue
40,sterculia apetala,comb_DJI_20251016122644_0027_V_3985zoom.JPG,normal,queue
40,sterculia apetala,comb_DJI_20241204105308_0026_V_998zoom.JPG,normal,queue
40,sterculia apetala,comb_DJI_20250814135021_0025_V_7605zoom.JPG,normal,queue
40,sterculia apetala,comb_DJI_20241217104803_0018_V_2466zoom.JPG,normal,queue
40,sterculia apetala,comb_DJI_20250204094401_0042_V_6028zoom.JPG,normal,queue
40,sterculia apetala,comb_DJI_20251015122417_0035_V_9006zoom.JPG,normal,queue
40,sterculia apetala,comb_DJI_20241231110742_0060_V_4644zoom.JPG,normal,queue
40,sterculia apetala,comb_DJI_20260320110513_0053_V_1796tele.JPG,normal,queue
40,sterculia apetala,comb_DJI_20250813125902_0007_V_9498zoom.JPG,normal,queue
40,sterculia apetala,comb_DJI_20251017122934_0047_V_9736zoom.JPG,can_wait,queue
40,sterculia apetala,comb_DJI_20250930122247_0001_V_7410zoom.JPG,can_wait,queue
40,sterculia apetala,comb_DJI_20241127113657_0058_V_1094zoom.JPG,can_wait,queue
40,sterculia apetala,comb_DJI_20251014114116_0057_V_5064zoom.JPG,can_wait,queue
40,sterculia apetala,comb_DJI_20241204092639_0024_V_3425zoom.JPG,can_wait,queue
40,sterculia apetala,comb_DJI_20251015125053_0041_V_5302zoom.JPG,can_wait,queue
40,sterculia apetala,comb_DJI_20250814142614_0023_V_3392zoom.JPG,can_wait,queue
40,sterculia apetala,comb_DJI_20251016111213_0021_V_5135zoom.JPG,can_wait,queue
40,sterculia apetala,comb_DJI_20241204092928_0030_V_2914zoom.JPG,can_wait,queue
40,sterculia apetala,comb_DJI_20250930120418_0029_V_2093zoom.JPG,can_wait,queue
40,sterculia apetala,comb_DJI_20251015113637_0031_V_11426zoom.JPG,can_wait,queue
40,sterculia apetala,comb_DJI_20241107104841_0056_V_1943zoom.JPG,can_wait,queue
40,sterculia apetala,comb_DJI_20251015124147_0009_V_10011zoom.JPG,can_wait,queue
40,sterculia apetala,comb_DJI_20251017094047_0017_V_10644zoom.JPG,can_wait,queue
40,sterculia apetala,comb_DJI_20241107104806_0054_V_1940zoom.JPG,can_wait,queue
40,sterculia apetala,comb_DJI_20251015113851_0039_V_1045zoom.JPG,can_wait,queue
40,sterculia apetala,comb_DJI_20251015121607_0005_V_12027zoom.JPG,can_wait,queue
40,sterculia apetala,comb_DJI_20251017101557_0043_V_574zoom.JPG,can_wait,queue
40,calophyllum longifolium,comb_DJI_20251017104231_0033_V_2105zoom.JPG,normal,queue
40,calophyllum longifolium,comb_DJI_20260311165721_0023_V_4803tele.JPG,normal,queue
40,calophyllum longifolium,comb_DJI_20260318104544_0035_V_6244tele.JPG,normal,queue
40,calophyllum longifolium,comb_DJI_20250520091856_0038_V_90zoom.JPG,normal,queue
40,calophyllum longifolium,comb_DJI_20250304105459_0016_V_2136zoom.JPG,normal,queue
40,calophyllum longifolium,comb_DJI_20251009104206_0003_V_708zoom.JPG,normal,queue
40,calophyllum longifolium,comb_DJI_20250520092238_0050_V_208zoom.JPG,normal,queue
40,calophyllum longifolium,comb_DJI_20250520093250_0006_V_198zoom.JPG,normal,queue
40,calophyllum longifolium,comb_DJI_20250520103119_0040_V_228zoom.JPG,normal,queue
40,calophyllum longifolium,comb_DJI_20251010083738_0049_V_3134zoom.JPG,normal,queue
40,calophyllum longifolium,comb_DJI_20250520100617_0032_V_161zoom.JPG,normal,queue
40,calophyllum longifolium,comb_DJI_20260318093717_0049_V_940tele.JPG,normal,queue
40,calophyllum longifolium,comb_DJI_20251017101528_0041_V_575zoom.JPG,normal,queue
40,calophyllum longifolium,comb_DJI_20250520091709_0032_V_192zoom.JPG,normal,queue
40,calophyllum longifolium,comb_DJI_20250930114759_0049_V_3200zoom.JPG,normal,queue
40,calophyllum longifolium,comb_DJI_20250520093137_0002_V_82zoom.JPG,normal,queue
40,calophyllum longifolium,comb_DJI_20260114100034_0033_V_6997zoom.JPG,normal,queue
40,calophyllum longifolium,comb_DJI_20260320110635_0059_V_2612tele.JPG,normal,queue
40,calophyllum longifolium,comb_DJI_20251009085906_0007_V_11801zoom.JPG,normal,queue
40,calophyllum longifolium,comb_DJI_20250520102437_0016_V_23zoom.JPG,normal,queue
40,calophyllum longifolium,comb_DJI_20260114114226_0003_V_8495zoom.JPG,normal,queue
40,calophyllum longifolium,comb_DJI_20250520094551_0054_V_164zoom.JPG,normal,queue
40,calophyllum longifolium,comb_DJI_20251010093022_0025_V_10596zoom.JPG,normal,queue
40,calophyllum longifolium,comb_DJI_20250520093948_0030_V_117zoom.JPG,normal,queue
40,calophyllum longifolium,comb_DJI_20250520095947_0012_V_184zoom.JPG,normal,queue
40,calophyllum longifolium,comb_DJI_20250520095713_0004_V_182zoom.JPG,normal,queue
40,calophyllum longifolium,comb_DJI_20251009085834_0005_V_11808zoom.JPG,normal,queue
40,calophyllum longifolium,comb_DJI_20250806095540_0026_V_80zoom.JPG,normal,queue
40,calophyllum longifolium,comb_DJI_20260318101455_0009_V_2450tele.JPG,normal,queue
40,calophyllum longifolium,comb_DJI_20251009084530_0045_V_9900zoom.JPG,can_wait,queue
40,calophyllum longifolium,comb_DJI_20260320110946_0071_V_1803tele.JPG,can_wait,queue
40,calophyllum longifolium,comb_DJI_20250520094624_0056_V_163zoom.JPG,can_wait,queue
40,calophyllum longifolium,comb_DJI_20250930120704_0041_V_1159zoom.JPG,can_wait,queue
40,calophyllum longifolium,comb_DJI_20250520100111_0016_V_178zoom.JPG,can_wait,queue
40,calophyllum longifolium,comb_DJI_20250520102506_0018_V_9zoom.JPG,can_wait,queue
40,calophyllum longifolium,comb_DJI_20241226122025_0002_V_2906zoom.JPG,can_wait,queue
40,calophyllum longifolium,comb_DJI_20251014110324_0017_V_5458zoom.JPG,can_wait,queue
40,calophyllum longifolium,comb_DJI_20251017104418_0039_V_520zoom.JPG,can_wait,queue
40,calophyllum longifolium,comb_DJI_20260318093744_0051_V_956tele.JPG,can_wait,queue
40,calophyllum longifolium,comb_DJI_20251017111129_0027_V_457zoom.JPG,can_wait,queue
40,calophyllum longifolium,comb_DJI_20250520093915_0028_V_63zoom.JPG,can_wait,queue
40,calophyllum longifolium,comb_DJI_20250520115947_0038_V_45zoom.JPG,can_wait,queue
40,calophyllum longifolium,comb_DJI_20250520093843_0026_V_60zoom.JPG,can_wait,queue
41,apeiba membranacea,comb_DJI_20260322093901_0041_V_1030tele.JPG,normal,queue
41,apeiba membranacea,comb_DJI_20241217105535_0044_V_2400zoom.JPG,normal,queue
41,apeiba membranacea,comb_DJI_20260318093329_0035_V_488tele.JPG,normal,queue
41,apeiba membranacea,comb_DJI_20250522093107_0061_V_148zoom.JPG,normal,queue
41,apeiba membranacea,comb_DJI_20260114124809_0003_V_11849zoom.JPG,normal,queue
41,apeiba membranacea,comb_DJI_20250523094616_0043_V_128zoom.JPG,normal,queue
41,apeiba membranacea,comb_DJI_20250716094555_0022_V_388zoom.JPG,normal,queue
41,apeiba membranacea,comb_DJI_20260318093536_0043_V_450tele.JPG,normal,queue
41,apeiba membranacea,comb_DJI_20250930122349_0005_V_605zoom.JPG,normal,queue
41,apeiba membranacea,comb_DJI_20250716123238_0004_V_19zoom.JPG,normal,queue
41,apeiba membranacea,comb_DJI_20251016115727_0009_V_4750zoom.JPG,normal,queue
41,apeiba membranacea,comb_DJI_20251015122141_0025_V_10962zoom.JPG,normal,queue
41,apeiba membranacea,comb_DJI_20250813121508_0027_V_8492zoom.JPG,normal,queue
41,apeiba membranacea,comb_DJI_20250804151718_0007_V_7747zoom.JPG,normal,queue
41,apeiba membranacea,comb_DJI_20250807100116_0013_V_6435zoom.JPG,normal,queue
41,apeiba membranacea,comb_DJI_20241204102432_0021_V_461zoom.JPG,normal,queue
41,apeiba membranacea,comb_DJI_20250724095948_0005_V_9290zoom.JPG,normal,queue
41,apeiba membranacea,comb_DJI_20251014104504_0033_V_11325zoom.JPG,normal,queue
41,apeiba membranacea,comb_DJI_20250520101317_0060_V_211zoom.JPG,normal,queue
41,apeiba membranacea,comb_DJI_20250716093943_0002_V_422zoom.JPG,normal,queue
41,apeiba membranacea,comb_DJI_20240912093147_0052_V_3407zoom.JPG,normal,queue
41,apeiba membranacea,comb_DJI_20251014103849_0013_V_4891zoom.JPG,normal,queue
41,apeiba membranacea,comb_DJI_20251015133321_0015_V_5448zoom.JPG,normal,queue
41,apeiba membranacea,comb_DJI_20241127092441_0028_V_2099zoom.JPG,normal,queue
41,apeiba membranacea,comb_DJI_20250106094805_0064_V_5625zoom.JPG,normal,queue
41,apeiba membranacea,comb_DJI_20240912095706_0054_V_2327zoom.JPG,normal,queue
41,apeiba membranacea,comb_DJI_20251015123937_0001_V_10091zoom.JPG,normal,queue
41,apeiba membranacea,comb_DJI_20250520115314_0016_V_91zoom.JPG,normal,queue
41,apeiba membranacea,comb_DJI_20260112120127_0015_V_4435zoom.JPG,can_wait,queue
41,apeiba membranacea,comb_DJI_20241127092720_0036_V_1892zoom.JPG,can_wait,queue
41,apeiba membranacea,comb_DJI_20251016115518_0001_V_4189zoom.JPG,can_wait,queue
42,davilla nitida,comb_DJI_20250930120814_0045_V_2103zoom.JPG,normal,queue
42,davilla nitida,comb_DJI_20250110161755_0006_V_121zoom.JPG,normal,queue
42,davilla nitida,comb_DJI_20241126103929_0056_V_774zoom.JPG,normal,queue
42,davilla nitida,comb_DJI_20250806100101_0048_V_92zoom.JPG,normal,queue
42,davilla nitida,comb_DJI_20250522092447_0037_V_146zoom.JPG,normal,queue
42,davilla nitida,comb_DJI_20250523093627_0003_V_4zoom.JPG,normal,queue
42,davilla nitida,comb_DJI_20250520094101_0036_V_111zoom.JPG,normal,queue
42,davilla nitida,comb_DJI_20250110140027_0016_V_130zoom.JPG,normal,queue
42,davilla nitida,comb_DJI_20251015134624_0061_V_8751zoom.JPG,normal,queue
42,davilla nitida,comb_DJI_20250723125940_0009_V_6715zoom.JPG,normal,queue
42,davilla nitida,comb_DJI_20240913112135_0020_V_4890zoom.JPG,normal,queue
42,davilla nitida,comb_DJI_20251009101131_0003_V_9169zoom.JPG,normal,queue
42,davilla nitida,comb_DJI_20250523102619_0017_V_90zoom.JPG,normal,queue
42,davilla nitida,comb_DJI_20241204110612_0004_V_977zoom.JPG,normal,queue
42,davilla nitida,comb_DJI_20241204092411_0018_V_3432zoom.JPG,normal,queue
42,davilla nitida,comb_DJI_20250523085704_0031_V_80zoom.JPG,normal,queue
42,davilla nitida,comb_DJI_20241101094335_0052_V_882zoom.JPG,normal,queue
42,davilla nitida,comb_DJI_20241127095155_0024_V_2212zoom.JPG,normal,queue
42,davilla nitida,comb_DJI_20251017120457_0039_V_11668zoom.JPG,normal,queue
42,davilla nitida,comb_DJI_20250522094115_0013_V_143zoom.JPG,normal,queue
42,davilla nitida,comb_DJI_20250522092343_0033_V_151zoom.JPG,normal,queue
42,davilla nitida,comb_DJI_20240911155143_0024_V_5800zoom.JPG,normal,queue
42,davilla nitida,comb_DJI_20260114111850_0001_V_9877zoom.JPG,normal,queue
42,davilla nitida,comb_DJI_20250813121047_0011_V_8480zoom.JPG,normal,queue
42,davilla nitida,comb_DJI_20250522094418_0025_V_50zoom.JPG,normal,queue
42,davilla nitida,comb_DJI_20260114105856_0051_V_3314zoom.JPG,normal,queue
42,davilla nitida,comb_DJI_20250523083611_0033_V_59zoom.JPG,normal,queue
42,davilla nitida,comb_DJI_20250523101404_0059_V_147zoom.JPG,normal,queue
42,davilla nitida,comb_DJI_20251016104748_0019_V_9012zoom.JPG,normal,queue
42,davilla nitida,comb_DJI_20250806112015_0048_V_117zoom.JPG,normal,queue
42,davilla nitida,comb_DJI_20250522100923_0025_V_25zoom.JPG,normal,queue
42,davilla nitida,comb_DJI_20250520115833_0034_V_232zoom.JPG,normal,queue
42,davilla nitida,comb_DJI_20250522103903_0047_V_127zoom.JPG,normal,queue
42,davilla nitida,comb_DJI_20251010085108_0009_V_3662zoom.JPG,normal,queue
42,davilla nitida,comb_DJI_20251010124258_0043_V_7860zoom.JPG,normal,queue
42,davilla nitida,comb_DJI_20250522090721_0039_V_156zoom.JPG,normal,queue
42,davilla nitida,comb_DJI_20250522103700_0039_V_27zoom.JPG,normal,queue
42,davilla nitida,comb_DJI_20250106103422_0030_V_5587zoom.JPG,normal,queue
42,davilla nitida,comb_DJI_20250806095028_0006_V_165zoom.JPG,normal,queue
42,davilla nitida,comb_DJI_20251010114324_0039_V_7090zoom.JPG,normal,queue
42,davilla nitida,comb_DJI_20251001123400_0015_V_4262zoom.JPG,normal,queue
42,davilla nitida,comb_DJI_20260320110237_0043_V_1935tele.JPG,normal,queue
42,davilla nitida,comb_DJI_20241202114821_0024_V_86zoom.JPG,normal,queue
42,davilla nitida,comb_DJI_20250807103055_0013_V_5742zoom.JPG,normal,queue
42,davilla nitida,comb_DJI_20251014113803_0045_V_5099zoom.JPG,normal,queue
42,davilla nitida,comb_DJI_20241101094252_0050_V_884zoom.JPG,normal,queue
42,davilla nitida,comb_DJI_20250820105455_0013_V_5881zoom.JPG,normal,queue
42,davilla nitida,comb_DJI_20260114124704_0001_V_10655zoom.JPG,normal,queue
42,davilla nitida,comb_DJI_20240912092913_0046_V_3194zoom.JPG,normal,queue
42,davilla nitida,comb_DJI_20260114102926_0035_V_4213zoom.JPG,normal,queue
42,davilla nitida,comb_DJI_20260320112323_0031_V_2705tele.JPG,normal,queue
42,davilla nitida,comb_DJI_20240912085937_0038_V_2910zoom.JPG,normal,queue
42,davilla nitida,comb_DJI_20240912085654_0030_V_2926zoom.JPG,normal,queue
42,davilla nitida,comb_DJI_20241101100511_0032_V_431zoom.JPG,normal,queue
42,davilla nitida,comb_DJI_20251001123612_0023_V_4237zoom.JPG,normal,queue
42,davilla nitida,comb_DJI_20250523095959_0001_V_97zoom.JPG,normal,queue
42,davilla nitida,comb_DJI_20251001114407_0029_V_3858zoom.JPG,normal,queue
42,davilla nitida,comb_DJI_20250522101125_0033_V_13zoom.JPG,normal,queue
42,davilla nitida,comb_DJI_20250523100852_0037_V_20zoom.JPG,normal,queue
42,davilla nitida,comb_DJI_20250522105140_0007_V_7zoom.JPG,normal,queue
42,davilla nitida,comb_DJI_20251016102023_0019_V_9902zoom.JPG,normal,queue
42,davilla nitida,comb_DJI_20250304092520_0002_V_737zoom.JPG,normal,queue
42,davilla nitida,comb_DJI_20250814143202_0043_V_3886zoom.JPG,normal,queue
42,davilla nitida,comb_DJI_20260114113530_0001_V_2289zoom.JPG,normal,queue
42,davilla nitida,comb_DJI_20250523083638_0035_V_158zoom.JPG,normal,queue
42,davilla nitida,comb_DJI_20260322094400_0059_V_1207tele.JPG,normal,queue
42,davilla nitida,comb_DJI_20251016111844_0045_V_5225zoom.JPG,normal,queue
42,davilla nitida,comb_DJI_20250807095938_0007_V_7193zoom.JPG,normal,queue
42,davilla nitida,comb_DJI_20250806112326_0060_V_138zoom.JPG,normal,queue
42,davilla nitida,comb_DJI_20250924103550_0019_V_1584zoom.JPG,normal,queue
42,davilla nitida,comb_DJI_20251014100527_0021_V_11161zoom.JPG,normal,queue
42,davilla nitida,comb_DJI_20241126105043_0004_V_622zoom.JPG,normal,queue
42,davilla nitida,comb_DJI_20251015133130_0009_V_6468zoom.JPG,normal,queue
42,davilla nitida,comb_DJI_20250522091913_0015_V_159zoom.JPG,normal,queue
42,davilla nitida,comb_DJI_20250522091943_0017_V_138zoom.JPG,normal,queue
42,davilla nitida,comb_DJI_20251016125055_0035_V_3612zoom.JPG,normal,queue
42,davilla nitida,comb_DJI_20241226124849_0004_V_1255zoom.JPG,normal,queue
42,davilla nitida,comb_DJI_20251009095741_0039_V_8986zoom.JPG,normal,queue
42,davilla nitida,comb_DJI_20251015132129_0031_V_6711zoom.JPG,normal,queue
42,davilla nitida,comb_DJI_20241101093332_0018_V_952zoom.JPG,normal,queue
42,davilla nitida,comb_DJI_20241202114327_0012_V_211zoom.JPG,normal,queue
42,davilla nitida,comb_DJI_20251010083030_0025_V_2392zoom.JPG,normal,queue
42,davilla nitida,comb_DJI_20251014112143_0001_V_6331zoom.JPG,normal,queue
42,davilla nitida,comb_DJI_20240911153208_0042_V_4499zoom.JPG,normal,queue
42,davilla nitida,comb_DJI_20250814105822_0033_V_6506zoom.JPG,normal,queue
42,davilla nitida,comb_DJI_20241124090230_0018_V_398zoom.JPG,normal,queue
42,davilla nitida,comb_DJI_20250806100156_0052_V_88zoom.JPG,normal,queue
42,davilla nitida,comb_DJI_20251017120419_0037_V_585zoom.JPG,normal,queue
42,davilla nitida,comb_DJI_20250523085113_0007_V_121zoom.JPG,normal,queue
42,davilla nitida,comb_DJI_20251014111143_0043_V_6411zoom.JPG,normal,queue
42,davilla nitida,comb_DJI_20251009084504_0043_V_9932zoom.JPG,normal,queue
42,davilla nitida,comb_DJI_20240912095019_0032_V_3652zoom.JPG,normal,queue
42,davilla nitida,comb_DJI_20250522103731_0041_V_30zoom.JPG,normal,queue
42,davilla nitida,comb_DJI_20251010090256_0049_V_4146zoom.JPG,normal,queue
42,davilla nitida,comb_DJI_20250814142826_0031_V_3353zoom.JPG,normal,queue
42,davilla nitida,comb_DJI_20250522091545_0001_V_48zoom.JPG,normal,queue
42,davilla nitida,comb_DJI_20250814134801_0017_V_7684zoom.JPG,normal,queue
42,davilla nitida,comb_DJI_20240913112058_0018_V_4896zoom.JPG,normal,queue
42,davilla nitida,comb_DJI_20250523101111_0047_V_144zoom.JPG,normal,queue
42,davilla nitida,comb_DJI_20251015131023_0025_V_6862zoom.JPG,normal,queue
43,davilla nitida,comb_DJI_20250806104625_0022_V_32zoom.JPG,normal,queue
43,davilla nitida,comb_DJI_20251017103834_0019_V_2608zoom.JPG,normal,queue
43,davilla nitida,comb_DJI_20250522094215_0017_V_82zoom.JPG,normal,queue
43,davilla nitida,comb_DJI_20250523084114_0055_V_125zoom.JPG,normal,queue
43,davilla nitida,comb_DJI_20241127112207_0008_V_1576zoom.JPG,normal,queue
43,davilla nitida,comb_DJI_20250814142213_0009_V_4741zoom.JPG,normal,queue
43,davilla nitida,comb_DJI_20241101092939_0004_V_1201zoom.JPG,can_wait,queue
43,davilla nitida,comb_DJI_20250724104746_0009_V_11802zoom.JPG,can_wait,queue
43,davilla nitida,comb_DJI_20251015122246_0029_V_10964zoom.JPG,can_wait,queue
43,davilla nitida,comb_DJI_20240913104927_0004_V_4384zoom.JPG,can_wait,queue
43,davilla nitida,comb_DJI_20250522092216_0027_V_110zoom.JPG,can_wait,queue
43,davilla nitida,comb_DJI_20250226103750_0018_V_3199zoom.JPG,can_wait,queue
43,davilla nitida,comb_DJI_20250523101139_0049_V_145zoom.JPG,can_wait,queue
43,davilla nitida,comb_DJI_20251015113431_0023_V_9130zoom.JPG,can_wait,queue
43,davilla nitida,comb_DJI_20250523100921_0039_V_19zoom.JPG,can_wait,queue
43,davilla nitida,comb_DJI_20241101104927_0006_V_669zoom.JPG,can_wait,queue
43,davilla nitida,comb_DJI_20241127092642_0034_V_1899zoom.JPG,can_wait,queue
43,davilla nitida,comb_DJI_20241204104611_0010_V_2371zoom.JPG,can_wait,queue
43,davilla nitida,comb_DJI_20241204151244_0026_V_2735zoom.JPG,can_wait,queue
43,davilla nitida,comb_DJI_20260114113641_0005_V_2302zoom.JPG,can_wait,queue
43,oenocarpus mapora,comb_DJI_20250106110119_0026_V_4617zoom.JPG,normal,queue
43,oenocarpus mapora,comb_DJI_20250523090552_0067_V_140zoom.JPG,normal,queue
43,oenocarpus mapora,comb_DJI_20240911152947_0034_V_4532zoom.JPG,normal,queue
43,oenocarpus mapora,comb_DJI_20250110150038_0042_V_146zoom.JPG,normal,queue
43,oenocarpus mapora,comb_DJI_20250911100549_0001_V_2338zoom.JPG,normal,queue
43,oenocarpus mapora,comb_DJI_20240911153320_0046_V_4506zoom.JPG,normal,queue
43,oenocarpus mapora,comb_DJI_20251010111526_0023_V_7009zoom.JPG,normal,queue
43,oenocarpus mapora,comb_DJI_20240911145311_0014_V_1767zoom.JPG,normal,queue
43,oenocarpus mapora,comb_DJI_20260317090817_0035_V_10776tele.JPG,normal,queue
43,oenocarpus mapora,comb_DJI_20240913110212_0038_V_5183zoom.JPG,normal,queue
43,oenocarpus mapora,comb_DJI_20241226105356_0030_V_841zoom.JPG,normal,queue
43,oenocarpus mapora,comb_DJI_20241126103849_0054_V_623zoom.JPG,normal,queue
43,oenocarpus mapora,comb_DJI_20241204152128_0046_V_1793zoom.JPG,normal,queue
43,oenocarpus mapora,comb_DJI_20241204092459_0020_V_3429zoom.JPG,normal,queue
43,oenocarpus mapora,comb_DJI_20240911145044_0006_V_2037zoom.JPG,normal,queue
43,oenocarpus mapora,comb_DJI_20241127102748_0016_V_1851zoom.JPG,normal,queue
43,oenocarpus mapora,comb_DJI_20240911155607_0038_V_6150zoom.JPG,normal,queue
43,oenocarpus mapora,comb_DJI_20250106110605_0036_V_5799zoom.JPG,normal,queue
43,oenocarpus mapora,comb_DJI_20250806103430_0046_V_106zoom.JPG,normal,queue
43,oenocarpus mapora,comb_DJI_20241211100356_0014_V_892zoom.JPG,normal,queue
43,oenocarpus mapora,comb_DJI_20241024133605_0056_V_1856zoom.JPG,normal,queue
44,fridericia candicans,comb_DJI_20241101103050_0026_V_456zoom.JPG,normal,queue
44,fridericia candicans,comb_DJI_20241101100430_0030_V_645zoom.JPG,normal,queue
44,fridericia candicans,comb_DJI_20260114104734_0011_V_7106zoom.JPG,normal,queue
44,fridericia candicans,comb_DJI_20241217104429_0006_V_3826zoom.JPG,normal,queue
44,fridericia candicans,comb_DJI_20241226125401_0016_V_1909zoom.JPG,normal,queue
44,fridericia candicans,comb_DJI_20241226111744_0024_V_2195zoom.JPG,normal,queue
44,fridericia candicans,comb_DJI_20251015125200_0045_V_4465zoom.JPG,normal,queue
44,fridericia candicans,comb_DJI_20250522101442_0045_V_154zoom.JPG,normal,queue
44,fridericia candicans,comb_DJI_20251017111023_0023_V_484zoom.JPG,normal,queue
44,fridericia candicans,comb_DJI_20260112120613_0031_V_6226zoom.JPG,normal,queue
44,fridericia candicans,comb_DJI_20250110133027_0010_V_65zoom.JPG,normal,queue
44,fridericia candicans,comb_DJI_20250716104841_0002_V_211zoom.JPG,normal,queue
44,fridericia candicans,comb_DJI_20241226124157_0068_V_1516zoom.JPG,normal,queue
44,fridericia candicans,comb_DJI_20250522104105_0055_V_133zoom.JPG,normal,queue
44,fridericia candicans,comb_DJI_20250924103105_0003_V_1435zoom.JPG,normal,queue
44,fridericia candicans,comb_DJI_20250926112818_0007_V_1906zoom.JPG,normal,queue
44,fridericia candicans,comb_DJI_20251014104859_0045_V_4999zoom.JPG,normal,queue
44,fridericia candicans,comb_DJI_20251010111859_0037_V_7125zoom.JPG,normal,queue
44,fridericia candicans,comb_DJI_20250814105206_0011_V_6966zoom.JPG,normal,queue
44,fridericia candicans,comb_DJI_20251010095022_0045_V_2223zoom.JPG,normal,queue
44,fridericia candicans,comb_DJI_20250110151635_0006_V_171zoom.JPG,normal,queue
44,fridericia candicans,comb_DJI_20250813130414_0023_V_9628zoom.JPG,normal,queue
44,fridericia candicans,comb_DJI_20241231110203_0042_V_6150zoom.JPG,normal,queue
44,fridericia candicans,comb_DJI_20260317092744_0018_V_5212tele.JPG,normal,queue
44,fridericia candicans,comb_DJI_20241217101617_0020_V_3887zoom.JPG,normal,queue
44,fridericia candicans,comb_DJI_20251014110817_0033_V_6007zoom.JPG,normal,queue
44,fridericia candicans,comb_DJI_20250522101541_0049_V_56zoom.JPG,normal,queue
44,fridericia candicans,comb_DJI_20250813091214_0019_V_10286zoom.JPG,normal,queue
44,fridericia candicans,comb_DJI_20241124091535_0014_V_717zoom.JPG,normal,queue
44,fridericia candicans,comb_DJI_20250813112118_0011_V_10210zoom.JPG,normal,queue
44,fridericia candicans,comb_DJI_20260114104948_0019_V_4829zoom.JPG,normal,queue
44,fridericia candicans,comb_DJI_20250110155925_0054_V_56zoom.JPG,normal,queue
44,fridericia candicans,comb_DJI_20240912095914_0062_V_2344zoom.JPG,normal,queue
44,fridericia candicans,comb_DJI_20251014123058_0021_V_5267zoom.JPG,normal,queue
44,fridericia candicans,comb_DJI_20250110155112_0018_V_208zoom.JPG,normal,queue
44,fridericia candicans,comb_DJI_20250813112155_0013_V_10213zoom.JPG,normal,queue
44,fridericia candicans,comb_DJI_20241204101810_0004_V_715zoom.JPG,normal,queue
44,fridericia candicans,comb_DJI_20251014114723_0001_V_5115zoom.JPG,normal,queue
44,fridericia candicans,comb_DJI_20250522092900_0053_V_122zoom.JPG,normal,queue
44,fridericia candicans,comb_DJI_20250813135738_0023_V_981zoom.JPG,normal,queue
44,fridericia candicans,comb_DJI_20250227141529_0010_V_4058zoom.JPG,normal,queue
44,fridericia candicans,comb_DJI_20260318104328_0027_V_6178tele.JPG,normal,queue
44,fridericia candicans,comb_DJI_20241217130129_0008_V_3316zoom.JPG,normal,queue
44,fridericia candicans,comb_DJI_20260114125014_0001_V_752zoom.JPG,normal,queue
44,fridericia candicans,comb_DJI_20250716091459_0012_V_231zoom.JPG,normal,queue
44,fridericia candicans,comb_DJI_20241124085037_0018_V_876zoom.JPG,normal,queue
44,fridericia candicans,comb_DJI_20251014110500_0021_V_5491zoom.JPG,normal,queue
44,fridericia candicans,comb_DJI_20250305114954_0022_V_7121zoom.JPG,normal,queue
44,fridericia candicans,comb_DJI_20241024132044_0008_V_1563zoom.JPG,normal,queue
44,fridericia candicans,comb_DJI_20250110153057_0024_V_185zoom.JPG,normal,queue
44,fridericia candicans,comb_DJI_20241226104048_0002_V_478zoom.JPG,normal,queue
44,fridericia candicans,comb_DJI_20251014104752_0041_V_11292zoom.JPG,normal,queue
44,fridericia candicans,comb_DJI_20250813121303_0019_V_8512zoom.JPG,normal,queue
44,fridericia candicans,comb_DJI_20260318094202_0067_V_1678tele.JPG,normal,queue
44,fridericia candicans,comb_DJI_20241126103533_0044_V_234zoom.JPG,normal,queue
44,fridericia candicans,comb_DJI_20251010125231_0007_V_7658zoom.JPG,normal,queue
44,fridericia candicans,comb_DJI_20251009095026_0015_V_9066zoom.JPG,normal,queue
44,fridericia candicans,comb_DJI_20250926111102_0041_V_2380zoom.JPG,normal,queue
44,fridericia candicans,comb_DJI_20250110162418_0030_V_84zoom.JPG,normal,queue
44,fridericia candicans,comb_DJI_20241202112426_0046_V_1139zoom.JPG,normal,queue
44,fridericia candicans,comb_DJI_20250926110330_0013_V_3007zoom.JPG,normal,queue
44,fridericia candicans,comb_DJI_20241226140525_0042_V_89zoom.JPG,normal,queue
44,fridericia candicans,comb_DJI_20241124090422_0024_V_588zoom.JPG,normal,queue
44,fridericia candicans,comb_DJI_20241124091815_0022_V_1051zoom.JPG,normal,queue
44,fridericia candicans,comb_DJI_20241101105352_0018_V_863zoom.JPG,normal,queue
44,fridericia candicans,comb_DJI_20250716105142_0012_V_258zoom.JPG,normal,queue
44,fridericia candicans,comb_DJI_20251014104354_0029_V_295zoom.JPG,normal,queue
44,fridericia candicans,comb_DJI_20250814143341_0049_V_2887zoom.JPG,normal,queue
44,fridericia candicans,comb_DJI_20251003115526_0025_V_2453zoom.JPG,normal,queue
44,fridericia candicans,comb_DJI_20251014123020_0019_V_5837zoom.JPG,normal,queue
44,fridericia candicans,comb_DJI_20251017101422_0037_V_583zoom.JPG,normal,queue
44,fridericia candicans,comb_DJI_20241127112007_0002_V_1176zoom.JPG,normal,queue
44,fridericia candicans,comb_DJI_20241226125030_0008_V_1837zoom.JPG,normal,queue
44,fridericia candicans,comb_DJI_20241204113629_0014_V_1172zoom.JPG,normal,queue
44,fridericia candicans,comb_DJI_20250106110528_0034_V_6171zoom.JPG,normal,queue
44,fridericia candicans,comb_DJI_20250522105114_0005_V_1zoom.JPG,normal,queue
44,fridericia candicans,comb_DJI_20241226125313_0014_V_1906zoom.JPG,normal,queue
44,fridericia candicans,comb_DJI_20241126103454_0042_V_424zoom.JPG,normal,queue
44,fridericia candicans,comb_DJI_20251014110716_0029_V_6006zoom.JPG,normal,queue
44,fridericia candicans,comb_DJI_20260318104023_0015_V_6767tele.JPG,can_wait,queue
44,fridericia candicans,comb_DJI_20241226135505_0020_V_176zoom.JPG,can_wait,queue
44,fridericia candicans,comb_DJI_20251015131341_0003_V_5669zoom.JPG,can_wait,queue
44,fridericia candicans,comb_DJI_20251014123203_0023_V_5709zoom.JPG,can_wait,queue
44,fridericia candicans,comb_DJI_20241204101721_0002_V_560zoom.JPG,can_wait,queue
44,fridericia candicans,comb_DJI_20241204094823_0002_V_1409zoom.JPG,can_wait,queue
44,fridericia candicans,comb_DJI_20241126102548_0014_V_688zoom.JPG,can_wait,queue
44,fridericia candicans,comb_DJI_20241226125224_0012_V_2541zoom.JPG,can_wait,queue
44,fridericia candicans,comb_DJI_20251015124622_0025_V_8637zoom.JPG,can_wait,queue
44,fridericia candicans,comb_DJI_20241226135943_0030_V_308zoom.JPG,can_wait,queue
44,fridericia candicans,comb_DJI_20250930113515_0003_V_6357zoom.JPG,can_wait,queue
45,senegalia hayesii,comb_DJI_20250807105552_0021_V_8357zoom.JPG,normal,queue
45,senegalia hayesii,comb_DJI_20250305130115_0030_V_6726zoom.JPG,normal,queue
45,senegalia hayesii,comb_DJI_20250807105013_0003_V_6459zoom.JPG,normal,queue
45,senegalia hayesii,comb_DJI_20250807105621_0023_V_8381zoom.JPG,normal,queue
45,senegalia hayesii,comb_DJI_20250807100410_0021_V_5827zoom.JPG,normal,queue
45,senegalia hayesii,comb_DJI_20250717090723_0004_V_56zoom.JPG,normal,queue
45,senegalia hayesii,comb_DJI_20260317094923_0007_V_7162tele.JPG,normal,queue
45,senegalia hayesii,comb_DJI_20260317094849_0005_V_6484tele.JPG,normal,queue
45,senegalia hayesii,comb_DJI_20250807103242_0019_V_7619zoom.JPG,normal,queue
45,senegalia hayesii,comb_DJI_20250804152253_0025_V_7592zoom.JPG,normal,queue
45,senegalia hayesii,comb_DJI_20250813085509_0035_V_10354zoom.JPG,normal,queue
45,senegalia hayesii,comb_DJI_20250523085357_0019_V_164zoom.JPG,normal,queue
45,senegalia hayesii,comb_DJI_20250807105201_0007_V_6882zoom.JPG,normal,queue
45,senegalia hayesii,comb_DJI_20250807105306_0011_V_7587zoom.JPG,can_wait,queue
45,senegalia hayesii,comb_DJI_20250807111128_0005_V_8363zoom.JPG,can_wait,queue
45,senegalia hayesii,comb_DJI_20250807111027_0001_V_8373zoom.JPG,can_wait,queue
45,senegalia hayesii,comb_DJI_20250813135043_0001_V_950zoom.JPG,can_wait,queue
45,senegalia hayesii,comb_DJI_20250807111759_0025_V_6963zoom.JPG,can_wait,queue
45,senegalia hayesii,comb_DJI_20250804152433_0031_V_7081zoom.JPG,can_wait,queue
45,platypodium elegans,comb_DJI_20250806102520_0010_V_51zoom.JPG,normal,queue
45,platypodium elegans,comb_DJI_20241217134816_0002_V_3776zoom.JPG,normal,queue
45,platypodium elegans,comb_DJI_20250206092802_0024_V_1405zoom.JPG,normal,queue
45,platypodium elegans,comb_DJI_20241202111521_0020_V_1409zoom.JPG,normal,queue
45,platypodium elegans,comb_DJI_20241226123633_0054_V_2177zoom.JPG,normal,queue
45,platypodium elegans,comb_DJI_20250820092956_0019_V_6675zoom.JPG,normal,queue
45,platypodium elegans,comb_DJI_20240911154823_0014_V_5764zoom.JPG,normal,queue
45,platypodium elegans,comb_DJI_20251001110815_0007_V_2673zoom.JPG,normal,queue
45,platypodium elegans,comb_DJI_20241124084810_0010_V_555zoom.JPG,normal,queue
45,platypodium elegans,comb_DJI_20250820092635_0007_V_5926zoom.JPG,normal,queue
45,platypodium elegans,comb_DJI_20250820112225_0013_V_5840zoom.JPG,normal,queue
45,platypodium elegans,comb_DJI_20250820105635_0019_V_5884zoom.JPG,normal,queue
45,platypodium elegans,comb_DJI_20260318093119_0027_V_536tele.JPG,normal,queue
45,platypodium elegans,comb_DJI_20250930120636_0039_V_2032zoom.JPG,normal,queue
45,platypodium elegans,comb_DJI_20251014104719_0039_V_4963zoom.JPG,normal,queue
45,platypodium elegans,comb_DJI_20250304103545_0030_V_1834zoom.JPG,normal,queue
45,platypodium elegans,comb_DJI_20260318094803_0001_V_998tele.JPG,normal,queue
45,platypodium elegans,comb_DJI_20260318100118_0053_V_2489tele.JPG,normal,queue
45,platypodium elegans,comb_DJI_20241226122546_0020_V_3580zoom.JPG,normal,queue
45,platypodium elegans,comb_DJI_20251010103816_0043_V_479zoom.JPG,normal,queue
45,platypodium elegans,comb_DJI_20241127093609_0062_V_2384zoom.JPG,normal,queue
45,platypodium elegans,comb_DJI_20250807111347_0013_V_7643zoom.JPG,normal,queue
45,platypodium elegans,comb_DJI_20250304095800_0028_V_904zoom.JPG,normal,queue
45,platypodium elegans,comb_DJI_20251003113250_0027_V_1527zoom.JPG,normal,queue
45,platypodium elegans,comb_DJI_20251001110639_0003_V_1944zoom.JPG,normal,queue
45,platypodium elegans,comb_DJI_20251014123354_0029_V_5226zoom.JPG,normal,queue
45,platypodium elegans,comb_DJI_20251014104027_0017_V_5005zoom.JPG,normal,queue
45,platypodium elegans,comb_DJI_20241127093531_0060_V_2392zoom.JPG,normal,queue
45,platypodium elegans,comb_DJI_20250806102618_0014_V_50zoom.JPG,normal,queue
45,platypodium elegans,comb_DJI_20251001104956_0041_V_1416zoom.JPG,normal,queue
45,platypodium elegans,comb_DJI_20250930115700_0003_V_4133zoom.JPG,can_wait,queue
45,platypodium elegans,comb_DJI_20251014105006_0049_V_5470zoom.JPG,can_wait,queue
45,platypodium elegans,comb_DJI_20250820110234_0039_V_5829zoom.JPG,can_wait,queue
45,platypodium elegans,comb_DJI_20260318103010_0065_V_4455tele.JPG,can_wait,queue
45,platypodium elegans,comb_DJI_20250820112331_0017_V_5492zoom.JPG,can_wait,queue
46,pouteria stipitata,comb_DJI_20250520091015_0010_V_126zoom.JPG,normal,queue
46,pouteria stipitata,comb_DJI_20251015132236_0035_V_7672zoom.JPG,normal,queue
46,pouteria stipitata,comb_DJI_20251010122017_0043_V_9314zoom.JPG,normal,queue
46,pouteria stipitata,comb_DJI_20250523084229_0061_V_85zoom.JPG,normal,queue
46,pouteria stipitata,comb_DJI_20251014123709_0041_V_5807zoom.JPG,normal,queue
46,pouteria stipitata,comb_DJI_20241231115302_0022_V_4609zoom.JPG,normal,queue
46,pouteria stipitata,comb_DJI_20250813110602_0022_V_10110zoom.JPG,normal,queue
46,pouteria stipitata,comb_DJI_20241127095032_0020_V_2393zoom.JPG,normal,queue
46,pouteria stipitata,comb_DJI_20260318101233_0001_V_2021tele.JPG,normal,queue
46,pouteria stipitata,comb_DJI_20260320101420_0021_V_4804tele.JPG,normal,queue
46,pouteria stipitata,comb_DJI_20241127113443_0050_V_1276zoom.JPG,normal,queue
46,pouteria stipitata,comb_DJI_20251003105526_0017_V_1383zoom.JPG,normal,queue
46,pouteria stipitata,comb_DJI_20241126104037_0060_V_773zoom.JPG,normal,queue
46,pouteria stipitata,comb_DJI_20241226112744_0054_V_2899zoom.JPG,normal,queue
46,pouteria stipitata,comb_DJI_20250813124227_0031_V_8415zoom.JPG,normal,queue
46,pouteria stipitata,comb_DJI_20241204145004_0046_V_3321zoom.JPG,normal,queue
46,pouteria stipitata,comb_DJI_20250520114935_0004_V_221zoom.JPG,normal,queue
46,pouteria stipitata,comb_DJI_20260317095335_0021_V_5885tele.JPG,normal,queue
46,pouteria stipitata,comb_DJI_20250523084952_0001_V_126zoom.JPG,normal,queue
46,pouteria stipitata,comb_DJI_20241226133732_0048_V_3280zoom.JPG,normal,queue
46,pouteria stipitata,comb_DJI_20251001103938_0003_V_2070zoom.JPG,normal,queue
46,pouteria stipitata,comb_DJI_20250724103025_0037_V_1250zoom.JPG,normal,queue
46,pouteria stipitata,comb_DJI_20260317101551_0007_V_5670tele.JPG,normal,queue
46,pouteria stipitata,comb_DJI_20250520101215_0056_V_210zoom.JPG,normal,queue
46,pouteria stipitata,comb_DJI_20250520100850_0042_V_75zoom.JPG,normal,queue
46,pouteria stipitata,comb_DJI_20260112123830_0047_V_7246zoom.JPG,normal,queue
46,pouteria stipitata,comb_DJI_20250522092414_0035_V_152zoom.JPG,normal,queue
46,pouteria stipitata,comb_DJI_20250911094858_0013_V_2337zoom.JPG,normal,queue
46,pouteria stipitata,comb_DJI_20241226125450_0018_V_1914zoom.JPG,normal,queue
46,pouteria stipitata,comb_DJI_20250716105844_0032_V_386zoom.JPG,normal,queue
46,pouteria stipitata,comb_DJI_20260317090743_0033_V_11270tele.JPG,normal,queue
46,pouteria stipitata,comb_DJI_20251010092057_0025_V_11661zoom.JPG,normal,queue
46,pouteria stipitata,comb_DJI_20250724120707_0011_V_11688zoom.JPG,normal,queue
46,pouteria stipitata,comb_DJI_20250723125905_0007_V_6127zoom.JPG,normal,queue
46,pouteria stipitata,comb_DJI_20250226123309_0014_V_2249zoom.JPG,normal,queue
46,pouteria stipitata,comb_DJI_20250813132456_0007_V_11306zoom.JPG,normal,queue
46,pouteria stipitata,comb_DJI_20241226112459_0046_V_3582zoom.JPG,normal,queue
46,pouteria stipitata,comb_DJI_20251017102150_0065_V_2155zoom.JPG,normal,queue
46,pouteria stipitata,comb_DJI_20241226122325_0012_V_3927zoom.JPG,normal,queue
46,pouteria stipitata,comb_DJI_20250806095310_0016_V_107zoom.JPG,normal,queue
46,pouteria stipitata,comb_DJI_20250204115112_0044_V_6574zoom.JPG,normal,queue
46,pouteria stipitata,comb_DJI_20240911155402_0032_V_5983zoom.JPG,normal,queue
46,pouteria stipitata,comb_DJI_20250723123455_0003_V_6706zoom.JPG,normal,queue
46,pouteria stipitata,comb_DJI_20251001125509_0005_V_3545zoom.JPG,normal,queue
46,pouteria stipitata,comb_DJI_20250106095033_0072_V_5234zoom.JPG,normal,queue
46,pouteria stipitata,comb_DJI_20250305125358_0014_V_6092zoom.JPG,normal,queue
46,pouteria stipitata,comb_DJI_20241127094958_0018_V_2382zoom.JPG,normal,queue
46,pouteria stipitata,comb_DJI_20241024132428_0020_V_1019zoom.JPG,normal,queue
46,pouteria stipitata,comb_DJI_20241226130439_0044_V_3302zoom.JPG,normal,queue
46,pouteria stipitata,comb_DJI_20251010114523_0045_V_7016zoom.JPG,normal,queue
46,pouteria stipitata,comb_DJI_20250522092039_0021_V_114zoom.JPG,normal,queue
46,pouteria stipitata,comb_DJI_20250926102243_0013_V_3435zoom.JPG,normal,queue
46,pouteria stipitata,comb_DJI_20250807102737_0003_V_5648zoom.JPG,normal,queue
46,pouteria stipitata,comb_DJI_20250522092939_0055_V_102zoom.JPG,normal,queue
46,pouteria stipitata,comb_DJI_20260114095639_0019_V_7044zoom.JPG,normal,queue
46,pouteria stipitata,comb_DJI_20250305130442_0038_V_6406zoom.JPG,normal,queue
46,pouteria stipitata,comb_DJI_20241127092234_0022_V_2132zoom.JPG,normal,queue
46,pouteria stipitata,comb_DJI_20251014110212_0013_V_5411zoom.JPG,normal,queue
46,pouteria stipitata,comb_DJI_20250716115343_0032_V_75zoom.JPG,normal,queue
46,pouteria stipitata,comb_DJI_20251001102434_0031_V_1519zoom.JPG,normal,queue
46,pouteria stipitata,comb_DJI_20251015131848_0021_V_8816zoom.JPG,normal,queue
46,pouteria stipitata,comb_DJI_20250522095442_0065_V_73zoom.JPG,normal,queue
46,pouteria stipitata,comb_DJI_20251001110748_0005_V_2665zoom.JPG,normal,queue
46,pouteria stipitata,comb_DJI_20260114102852_0033_V_3572zoom.JPG,normal,queue
46,pouteria stipitata,comb_DJI_20241226131126_0064_V_2998zoom.JPG,can_wait,queue
46,pouteria stipitata,comb_DJI_20250813121619_0029_V_9049zoom.JPG,can_wait,queue
46,pouteria stipitata,comb_DJI_20241126105301_0010_V_475zoom.JPG,can_wait,queue
46,pouteria stipitata,comb_DJI_20250813125823_0005_V_9515zoom.JPG,can_wait,queue
46,pouteria stipitata,comb_DJI_20250807095841_0003_V_6422zoom.JPG,can_wait,queue
46,pouteria stipitata,comb_DJI_20241218110612_0048_V_4846zoom.JPG,can_wait,queue
46,pouteria stipitata,comb_DJI_20250804145246_0007_V_7839zoom.JPG,can_wait,queue
46,pouteria stipitata,comb_DJI_20241127100345_0058_V_1988zoom.JPG,can_wait,queue
46,pouteria stipitata,comb_DJI_20250926102724_0027_V_2965zoom.JPG,can_wait,queue
46,pouteria stipitata,comb_DJI_20250723125836_0005_V_6130zoom.JPG,can_wait,queue
46,pouteria stipitata,comb_DJI_20250717094946_0008_V_97zoom.JPG,can_wait,queue
47,brosimum alicastrum,comb_DJI_20250520091446_0024_V_129zoom.JPG,normal,queue
47,brosimum alicastrum,comb_DJI_20250520091057_0012_V_174zoom.JPG,normal,queue
47,brosimum alicastrum,comb_DJI_20250522092802_0049_V_123zoom.JPG,normal,queue
47,brosimum alicastrum,comb_DJI_20250523085237_0013_V_123zoom.JPG,normal,queue
47,brosimum alicastrum,comb_DJI_20260114123319_0025_V_10617zoom.JPG,normal,queue
47,brosimum alicastrum,comb_DJI_20260320112217_0027_V_1799tele.JPG,normal,queue
47,brosimum alicastrum,comb_DJI_20250806100226_0054_V_10zoom.JPG,normal,queue
47,brosimum alicastrum,comb_DJI_20250520093325_0008_V_78zoom.JPG,normal,queue
47,brosimum alicastrum,comb_DJI_20251006111336_0025_V_740zoom.JPG,normal,queue
47,brosimum alicastrum,comb_DJI_20250520103336_0048_V_224zoom.JPG,normal,queue
47,brosimum alicastrum,comb_DJI_20250523094017_0019_V_51zoom.JPG,normal,queue
47,brosimum alicastrum,comb_DJI_20250522101406_0043_V_155zoom.JPG,normal,queue
47,brosimum alicastrum,comb_DJI_20250520115427_0020_V_222zoom.JPG,normal,queue
47,brosimum alicastrum,comb_DJI_20250806093843_0004_V_158zoom.JPG,normal,queue
47,brosimum alicastrum,comb_DJI_20250806101553_0008_V_112zoom.JPG,normal,queue
47,brosimum alicastrum,comb_DJI_20250523084353_0067_V_118zoom.JPG,normal,queue
47,brosimum alicastrum,comb_DJI_20250523100459_0021_V_38zoom.JPG,normal,queue
47,brosimum alicastrum,comb_DJI_20250523095239_0069_V_101zoom.JPG,normal,queue
47,brosimum alicastrum,comb_DJI_20250806104445_0016_V_45zoom.JPG,normal,queue
47,brosimum alicastrum,comb_DJI_20250520115050_0008_V_76zoom.JPG,normal,queue
47,brosimum alicastrum,comb_DJI_20250806111013_0010_V_57zoom.JPG,normal,queue
47,brosimum alicastrum,comb_DJI_20250520091254_0018_V_240zoom.JPG,normal,queue
47,brosimum alicastrum,comb_DJI_20250520115726_0030_V_216zoom.JPG,normal,queue
47,brosimum alicastrum,comb_DJI_20241204102517_0023_V_448zoom.JPG,normal,queue
47,brosimum alicastrum,comb_DJI_20250523083445_0027_V_63zoom.JPG,normal,queue
47,brosimum alicastrum,comb_DJI_20250520100723_0036_V_107zoom.JPG,normal,queue
47,brosimum alicastrum,comb_DJI_20250520101015_0048_V_15zoom.JPG,normal,queue
47,brosimum alicastrum,comb_DJI_20260317095116_0013_V_5820tele.JPG,normal,queue
47,brosimum alicastrum,comb_DJI_20250523090650_0071_V_9zoom.JPG,normal,queue
47,brosimum alicastrum,comb_DJI_20250520093734_0022_V_119zoom.JPG,normal,queue
47,brosimum alicastrum,comb_DJI_20250806101724_0014_V_11zoom.JPG,normal,queue
47,brosimum alicastrum,comb_DJI_20250523101043_0045_V_23zoom.JPG,normal,queue
47,brosimum alicastrum,comb_DJI_20250523102424_0009_V_54zoom.JPG,normal,queue
47,brosimum alicastrum,comb_DJI_20250520120330_0050_V_95zoom.JPG,normal,queue
47,brosimum alicastrum,comb_DJI_20250520100514_0028_V_169zoom.JPG,normal,queue
47,brosimum alicastrum,comb_DJI_20250523094341_0033_V_77zoom.JPG,normal,queue
47,brosimum alicastrum,comb_DJI_20250520090816_0004_V_128zoom.JPG,normal,queue
47,brosimum alicastrum,comb_DJI_20250523083416_0025_V_67zoom.JPG,normal,queue
47,brosimum alicastrum,comb_DJI_20250523100325_0015_V_157zoom.JPG,normal,queue
47,brosimum alicastrum,comb_DJI_20250806103358_0044_V_41zoom.JPG,normal,queue
47,brosimum alicastrum,comb_DJI_20250520103259_0046_V_226zoom.JPG,normal,queue
47,brosimum alicastrum,comb_DJI_20250806095407_0020_V_40zoom.JPG,normal,queue
47,brosimum alicastrum,comb_DJI_20250806094306_0020_V_78zoom.JPG,normal,queue
47,brosimum alicastrum,comb_DJI_20251014100035_0009_V_11076zoom.JPG,normal,queue
47,brosimum alicastrum,comb_DJI_20250523090055_0047_V_160zoom.JPG,normal,queue
47,brosimum alicastrum,comb_DJI_20250523085528_0025_V_81zoom.JPG,normal,queue
47,brosimum alicastrum,comb_DJI_20250806095801_0036_V_37zoom.JPG,normal,queue
47,brosimum alicastrum,comb_DJI_20250806101750_0016_V_84zoom.JPG,normal,queue
47,brosimum alicastrum,comb_DJI_20251003121838_0029_V_2314zoom.JPG,normal,queue
47,brosimum alicastrum,comb_DJI_20250806100030_0046_V_38zoom.JPG,normal,queue
47,brosimum alicastrum,comb_DJI_20250523084326_0065_V_148zoom.JPG,normal,queue
47,brosimum alicastrum,comb_DJI_20250523101612_0067_V_72zoom.JPG,normal,queue
47,brosimum alicastrum,comb_DJI_20250523083126_0013_V_27zoom.JPG,normal,queue
47,brosimum alicastrum,comb_DJI_20250806103500_0048_V_105zoom.JPG,normal,queue
47,brosimum alicastrum,comb_DJI_20250523090816_0077_V_8zoom.JPG,normal,queue
47,brosimum alicastrum,comb_DJI_20251003121904_0031_V_838zoom.JPG,normal,queue
47,brosimum alicastrum,comb_DJI_20241226112701_0052_V_3235zoom.JPG,normal,queue
47,brosimum alicastrum,comb_DJI_20250523085210_0011_V_149zoom.JPG,normal,queue
47,brosimum alicastrum,comb_DJI_20250806094404_0024_V_169zoom.JPG,normal,queue
47,brosimum alicastrum,comb_DJI_20250520102210_0006_V_16zoom.JPG,normal,queue
47,brosimum alicastrum,comb_DJI_20250806095205_0012_V_21zoom.JPG,normal,queue
47,brosimum alicastrum,comb_DJI_20250523085429_0021_V_115zoom.JPG,normal,queue
47,brosimum alicastrum,comb_DJI_20250806110132_0024_V_13zoom.JPG,normal,queue
47,brosimum alicastrum,comb_DJI_20250523102857_0027_V_3zoom.JPG,normal,queue
47,brosimum alicastrum,comb_DJI_20250523090748_0075_V_10zoom.JPG,normal,queue
47,brosimum alicastrum,comb_DJI_20250523094311_0031_V_163zoom.JPG,normal,queue
47,brosimum alicastrum,comb_DJI_20250806100527_0066_V_14zoom.JPG,normal,queue
47,brosimum alicastrum,comb_DJI_20250523085731_0033_V_76zoom.JPG,normal,queue
47,brosimum alicastrum,comb_DJI_20250523090223_0053_V_48zoom.JPG,normal,queue
47,brosimum alicastrum,comb_DJI_20250806095345_0018_V_15zoom.JPG,normal,queue
47,brosimum alicastrum,comb_DJI_20260114115125_0033_V_8747zoom.JPG,can_wait,queue
47,brosimum alicastrum,comb_DJI_20260320112010_0019_V_1838tele.JPG,can_wait,queue
47,brosimum alicastrum,comb_DJI_20260114122549_0001_V_9935zoom.JPG,can_wait,queue
47,brosimum alicastrum,comb_DJI_20250930123143_0033_V_102zoom.JPG,can_wait,queue
47,brosimum alicastrum,comb_DJI_20251006121339_0001_V_2498zoom.JPG,can_wait,queue
47,brosimum alicastrum,comb_DJI_20260320101353_0019_V_4822tele.JPG,can_wait,queue
47,brosimum alicastrum,comb_DJI_20251017104023_0025_V_2018zoom.JPG,can_wait,queue
47,brosimum alicastrum,comb_DJI_20250813125745_0003_V_9530zoom.JPG,can_wait,queue
47,brosimum alicastrum,comb_DJI_20250305111714_0034_V_136zoom.JPG,can_wait,queue
47,brosimum alicastrum,comb_DJI_20241217125946_0002_V_2848zoom.JPG,can_wait,queue
47,brosimum alicastrum,comb_DJI_20260320101451_0023_V_4830tele.JPG,can_wait,queue
47,brosimum alicastrum,comb_DJI_20250724100502_0023_V_10026zoom.JPG,can_wait,queue
48,alseis blackiana,comb_DJI_20250814115240_0041_V_10392zoom.JPG,normal,queue
48,alseis blackiana,comb_DJI_20260114104653_0009_V_5901zoom.JPG,normal,queue
48,alseis blackiana,comb_DJI_20250806100859_0080_V_72zoom.JPG,normal,queue
48,alseis blackiana,comb_DJI_20250522095621_0071_V_150zoom.JPG,normal,queue
48,alseis blackiana,comb_DJI_20250813135256_0009_V_905zoom.JPG,normal,queue
48,alseis blackiana,comb_DJI_20250522103155_0019_V_60zoom.JPG,normal,queue
48,alseis blackiana,comb_DJI_20250924103625_0021_V_1304zoom.JPG,normal,queue
48,alseis blackiana,comb_DJI_20241127100218_0054_V_1785zoom.JPG,normal,queue
48,alseis blackiana,comb_DJI_20240913110249_0040_V_5434zoom.JPG,normal,queue
48,alseis blackiana,comb_DJI_20260317084516_0037_V_8727tele.JPG,normal,queue
48,alseis blackiana,comb_DJI_20250523094544_0041_V_120zoom.JPG,normal,queue
48,alseis blackiana,comb_DJI_20240911154434_0002_V_4796zoom.JPG,normal,queue
48,alseis blackiana,comb_DJI_20250305125300_0012_V_6127zoom.JPG,normal,queue
48,alseis blackiana,comb_DJI_20241127100546_0064_V_2159zoom.JPG,normal,queue
48,alseis blackiana,comb_DJI_20241127092802_0038_V_2079zoom.JPG,normal,queue
48,alseis blackiana,comb_DJI_20240912095416_0044_V_2343zoom.JPG,normal,queue
48,alseis blackiana,comb_DJI_20241204113255_0004_V_1530zoom.JPG,normal,queue
48,alseis blackiana,comb_DJI_20260317095715_0035_V_5896tele.JPG,normal,queue
48,alseis blackiana,comb_DJI_20240913105421_0016_V_4628zoom.JPG,normal,queue
48,alseis blackiana,comb_DJI_20241204113709_0016_V_1015zoom.JPG,normal,queue
48,alseis blackiana,comb_DJI_20260317083530_0001_V_8048tele.JPG,normal,queue
48,alseis blackiana,comb_DJI_20250924105609_0015_V_1292zoom.JPG,normal,queue
48,alseis blackiana,comb_DJI_20250523084203_0059_V_86zoom.JPG,normal,queue
48,alseis blackiana,comb_DJI_20241127093451_0058_V_2541zoom.JPG,normal,queue
48,alseis blackiana,comb_DJI_20260114113758_0009_V_2797zoom.JPG,normal,queue
48,alseis blackiana,comb_DJI_20240912092404_0030_V_2393zoom.JPG,can_wait,queue
48,alseis blackiana,comb_DJI_20260311170244_0039_V_5302tele.JPG,can_wait,queue
48,alseis blackiana,comb_DJI_20251016113059_0001_V_8457zoom.JPG,can_wait,queue
48,alseis blackiana,comb_DJI_20241202111335_0014_V_1420zoom.JPG,can_wait,queue
48,alseis blackiana,comb_DJI_20241024125752_0026_V_1045zoom.JPG,can_wait,queue
48,alseis blackiana,comb_DJI_20250926102358_0017_V_3243zoom.JPG,can_wait,queue
48,alseis blackiana,comb_DJI_20241101095531_0006_V_848zoom.JPG,can_wait,queue
48,alseis blackiana,comb_DJI_20250926110228_0011_V_2464zoom.JPG,can_wait,queue
48,alseis blackiana,comb_DJI_20240913113025_0046_V_5410zoom.JPG,can_wait,queue
48,alseis blackiana,comb_DJI_20241204114340_0034_V_1304zoom.JPG,can_wait,queue
48,alseis blackiana,comb_DJI_20241107103501_0008_V_1937zoom.JPG,can_wait,queue
48,alseis blackiana,comb_DJI_20250813132856_0017_V_11936zoom.JPG,can_wait,queue
48,alseis blackiana,comb_DJI_20240913112020_0016_V_5170zoom.JPG,can_wait,queue
48,alseis blackiana,comb_DJI_20241127113115_0038_V_1300zoom.JPG,can_wait,queue
48,alseis blackiana,comb_DJI_20250807114043_0013_V_5653zoom.JPG,can_wait,queue
48,alseis blackiana,comb_DJI_20250924105954_0029_V_968zoom.JPG,can_wait,queue
48,alseis blackiana,comb_DJI_20241127113953_0066_V_1251zoom.JPG,can_wait,queue
48,alseis blackiana,comb_DJI_20251003113326_0029_V_1063zoom.JPG,can_wait,queue
48,alseis blackiana,comb_DJI_20250924105637_0017_V_981zoom.JPG,can_wait,queue
48,alseis blackiana,comb_DJI_20241126102141_0002_V_652zoom.JPG,can_wait,queue
48,alseis blackiana,comb_DJI_20250911094931_0015_V_2415zoom.JPG,can_wait,queue
48,alseis blackiana,comb_DJI_20240913105633_0022_V_4910zoom.JPG,can_wait,queue
48,alseis blackiana,comb_DJI_20250813130012_0011_V_10099zoom.JPG,can_wait,queue
48,apeiba tibourbou,comb_DJI_20240913113103_0048_V_5427zoom.JPG,normal,queue
48,apeiba tibourbou,comb_DJI_20240911154748_0012_V_5553zoom.JPG,normal,queue
48,apeiba tibourbou,comb_DJI_20250804145530_0017_V_7856zoom.JPG,normal,queue
48,apeiba tibourbou,comb_DJI_20250806112254_0058_V_139zoom.JPG,normal,queue
48,apeiba tibourbou,comb_DJI_20260114105610_0041_V_3752zoom.JPG,can_wait,queue
48,serjania circumvallata,comb_DJI_20250813124119_0027_V_8947zoom.JPG,normal,queue
48,serjania circumvallata,comb_DJI_20260317094959_0009_V_7148tele.JPG,normal,queue
48,serjania circumvallata,comb_DJI_20260317100200_0051_V_10809tele.JPG,normal,queue
48,serjania circumvallata,comb_DJI_20250206105051_0016_V_4522zoom.JPG,normal,queue
48,serjania circumvallata,comb_DJI_20250924103757_0025_V_1283zoom.JPG,normal,queue
48,serjania circumvallata,comb_DJI_20251016111516_0033_V_5099zoom.JPG,normal,queue
48,serjania circumvallata,comb_DJI_20251015134436_0055_V_7318zoom.JPG,normal,queue
48,serjania circumvallata,comb_DJI_20250813130235_0019_V_10107zoom.JPG,normal,queue
48,serjania circumvallata,comb_DJI_20251015132920_0001_V_6428zoom.JPG,normal,queue
48,serjania circumvallata,comb_DJI_20240912094436_0014_V_2890zoom.JPG,normal,queue
48,serjania circumvallata,comb_DJI_20250716092301_0040_V_385zoom.JPG,normal,queue
48,serjania circumvallata,comb_DJI_20250807111203_0007_V_7696zoom.JPG,normal,queue
48,serjania circumvallata,comb_DJI_20250813110635_0024_V_9661zoom.JPG,normal,queue
48,serjania circumvallata,comb_DJI_20260317084413_0033_V_9289tele.JPG,normal,queue
48,serjania circumvallata,comb_DJI_20250807105233_0009_V_7635zoom.JPG,normal,queue
49,ocotea leptobotra,comb_DJI_20241024131051_0068_V_1820zoom.JPG,normal,queue
49,ocotea leptobotra,comb_DJI_20250522102834_0007_V_94zoom.JPG,normal,queue
49,ocotea leptobotra,comb_DJI_20250520101141_0054_V_209zoom.JPG,normal,queue
49,ocotea leptobotra,comb_DJI_20250806111942_0046_V_114zoom.JPG,normal,queue
49,ocotea leptobotra,comb_DJI_20241226135413_0018_V_183zoom.JPG,normal,queue
49,ocotea leptobotra,comb_DJI_20250523094050_0021_V_45zoom.JPG,normal,queue
49,ocotea leptobotra,comb_DJI_20250523102553_0015_V_94zoom.JPG,normal,queue
49,ocotea leptobotra,comb_DJI_20250804145348_0011_V_7158zoom.JPG,normal,queue
49,ocotea leptobotra,comb_DJI_20240913112754_0038_V_4606zoom.JPG,normal,queue
49,ocotea leptobotra,comb_DJI_20260320110205_0041_V_1073tele.JPG,normal,queue
49,ocotea leptobotra,comb_DJI_20251001121454_0027_V_4078zoom.JPG,normal,queue
49,ocotea leptobotra,comb_DJI_20251016114310_0047_V_4946zoom.JPG,normal,queue
49,ocotea leptobotra,comb_DJI_20251014112846_0015_V_6353zoom.JPG,normal,queue
49,ocotea leptobotra,comb_DJI_20250806095238_0014_V_97zoom.JPG,normal,queue
49,ocotea leptobotra,comb_DJI_20241024133118_0044_V_1042zoom.JPG,normal,queue
49,ocotea leptobotra,comb_DJI_20250305091343_0006_V_2175zoom.JPG,normal,queue
49,ocotea leptobotra,comb_DJI_20251015124839_0033_V_6218zoom.JPG,normal,queue
49,ocotea leptobotra,comb_DJI_20241204145041_0048_V_3338zoom.JPG,normal,queue
49,ocotea leptobotra,comb_DJI_20250520115614_0026_V_214zoom.JPG,normal,queue
49,ocotea leptobotra,comb_DJI_20250806112357_0062_V_135zoom.JPG,normal,queue
49,ocotea leptobotra,comb_DJI_20250305133608_0042_V_5393zoom.JPG,normal,queue
49,ocotea leptobotra,comb_DJI_20250305133812_0046_V_5383zoom.JPG,normal,queue
49,ocotea leptobotra,comb_DJI_20251016114411_0051_V_4268zoom.JPG,normal,queue
49,ocotea leptobotra,comb_DJI_20260114102021_0003_V_2998zoom.JPG,normal,queue
49,ocotea leptobotra,comb_DJI_20260317083605_0003_V_8792tele.JPG,normal,queue
49,ocotea leptobotra,comb_DJI_20250814142107_0005_V_4279zoom.JPG,normal,queue
49,ocotea leptobotra,comb_DJI_20241024130822_0060_V_1825zoom.JPG,normal,queue
49,ocotea leptobotra,comb_DJI_20260114095459_0013_V_7049zoom.JPG,normal,queue
49,ocotea leptobotra,comb_DJI_20251015121740_0011_V_862zoom.JPG,normal,queue
49,ocotea leptobotra,comb_DJI_20241204105407_0028_V_380zoom.JPG,normal,queue
49,ocotea leptobotra,comb_DJI_20251017113826_0045_V_9364zoom.JPG,normal,queue
49,ocotea leptobotra,comb_DJI_20241204145324_0056_V_3622zoom.JPG,normal,queue
49,ocotea leptobotra,comb_DJI_20260318100049_0051_V_2495tele.JPG,can_wait,queue
49,ocotea leptobotra,comb_DJI_20241024131935_0004_V_1846zoom.JPG,can_wait,queue
49,ocotea leptobotra,comb_DJI_20241217104911_0022_V_2481zoom.JPG,can_wait,queue
49,simarouba amara,comb_DJI_20251009105409_0045_V_830zoom.JPG,normal,queue
49,simarouba amara,comb_DJI_20250520100819_0040_V_113zoom.JPG,normal,queue
49,simarouba amara,comb_DJI_20260317092921_0024_V_5100tele.JPG,normal,queue
49,simarouba amara,comb_DJI_20260318095006_0009_V_994tele.JPG,normal,queue
49,simarouba amara,comb_DJI_20241024132737_0032_V_734zoom.JPG,normal,queue
49,simarouba amara,comb_DJI_20251016120530_0039_V_6985zoom.JPG,normal,queue
49,simarouba amara,comb_DJI_20250807105339_0013_V_7586zoom.JPG,normal,queue
49,simarouba amara,comb_DJI_20241126102425_0010_V_671zoom.JPG,normal,queue
49,simarouba amara,comb_DJI_20241101105749_0028_V_405zoom.JPG,normal,queue
49,simarouba amara,comb_DJI_20260317095037_0011_V_6479tele.JPG,normal,queue
49,simarouba amara,comb_DJI_20250520120136_0044_V_88zoom.JPG,normal,queue
49,simarouba amara,comb_DJI_20250522103600_0035_V_58zoom.JPG,normal,queue
49,simarouba amara,comb_DJI_20241124085902_0006_V_730zoom.JPG,normal,queue
49,simarouba amara,comb_DJI_20251015134407_0053_V_7316zoom.JPG,normal,queue
49,simarouba amara,comb_DJI_20251009105056_0035_V_2393zoom.JPG,normal,queue
49,simarouba amara,comb_DJI_20251001101834_0009_V_1505zoom.JPG,normal,queue
49,simarouba amara,comb_DJI_20250523082928_0005_V_154zoom.JPG,normal,queue
49,simarouba amara,comb_DJI_20250520115012_0006_V_124zoom.JPG,normal,queue
49,simarouba amara,comb_DJI_20251015134551_0059_V_8631zoom.JPG,normal,queue
49,simarouba amara,comb_DJI_20250520100750_0038_V_106zoom.JPG,normal,queue
49,simarouba amara,comb_DJI_20251010091503_0005_V_1487zoom.JPG,normal,queue
49,simarouba amara,comb_DJI_20250520094514_0052_V_165zoom.JPG,normal,queue
49,simarouba amara,comb_DJI_20250305133709_0044_V_5000zoom.JPG,normal,queue
49,simarouba amara,comb_DJI_20250806095734_0034_V_93zoom.JPG,normal,queue
49,simarouba amara,comb_DJI_20260311165255_0007_V_11023tele.JPG,can_wait,queue
49,simarouba amara,comb_DJI_20250305095951_0002_V_2939zoom.JPG,can_wait,queue
49,simarouba amara,comb_DJI_20251009101059_0001_V_9188zoom.JPG,can_wait,queue
49,simarouba amara,comb_DJI_20241217130504_0020_V_1903zoom.JPG,can_wait,queue
49,simarouba amara,comb_DJI_20251010104057_0051_V_455zoom.JPG,can_wait,queue
49,simarouba amara,comb_DJI_20250523095211_0067_V_105zoom.JPG,can_wait,queue
49,simarouba amara,comb_DJI_20260114103230_0047_V_5767zoom.JPG,can_wait,queue
49,simarouba amara,comb_DJI_20251010114451_0043_V_8079zoom.JPG,can_wait,queue
49,simarouba amara,comb_DJI_20251015124733_0029_V_7424zoom.JPG,can_wait,queue
49,simarouba amara,comb_DJI_20241226104319_0008_V_347zoom.JPG,can_wait,queue
49,simarouba amara,comb_DJI_20251010090326_0051_V_4543zoom.JPG,can_wait,queue
49,simarouba amara,comb_DJI_20251016104439_0007_V_11363zoom.JPG,can_wait,queue
49,simarouba amara,comb_DJI_20251009101656_0021_V_8251zoom.JPG,can_wait,queue
49,ficus insipida,comb_DJI_20251015131813_0019_V_9076zoom.JPG,normal,queue
49,ficus insipida,comb_DJI_20250807095907_0005_V_7152zoom.JPG,normal,queue
49,ficus insipida,comb_DJI_20250110155306_0026_V_106zoom.JPG,can_wait,queue
49,ficus insipida,comb_DJI_20250110132925_0006_V_226zoom.JPG,can_wait,queue
49,ficus insipida,comb_DJI_20251009092532_0017_V_11737zoom.JPG,can_wait,queue
49,ficus insipida,comb_DJI_20250110141321_0062_V_221zoom.JPG,can_wait,queue
49,ficus insipida,comb_DJI_20250110153158_0028_V_32zoom.JPG,can_wait,queue
49,ficus insipida,comb_DJI_20250110153303_0032_V_219zoom.JPG,can_wait,queue
49,ficus insipida,comb_DJI_20250110141350_0064_V_72zoom.JPG,can_wait,queue
49,ficus insipida,comb_DJI_20250110132955_0008_V_220zoom.JPG,can_wait,queue
49,ficus insipida,comb_DJI_20250110132857_0004_V_225zoom.JPG,can_wait,queue
49,ficus insipida,comb_DJI_20250110153231_0030_V_218zoom.JPG,can_wait,queue
49,ficus obtusifolia,comb_DJI_20250806095510_0024_V_95zoom.JPG,normal,queue
49,ficus obtusifolia,comb_DJI_20250522090204_0025_V_19zoom.JPG,normal,queue
49,ficus obtusifolia,comb_DJI_20251016102632_0041_V_1848zoom.JPG,normal,queue
49,ficus obtusifolia,comb_DJI_20241217130238_0012_V_2810zoom.JPG,normal,queue
49,ficus obtusifolia,comb_DJI_20241226112146_0036_V_2194zoom.JPG,normal,queue
49,ficus obtusifolia,comb_DJI_20250814140241_0065_V_6005zoom.JPG,can_wait,queue
49,ficus obtusifolia,comb_DJI_20260311170343_0043_V_4861tele.JPG,can_wait,queue
49,ficus obtusifolia,comb_DJI_20241226094914_0018_V_3041zoom.JPG,can_wait,queue
49,ficus obtusifolia,comb_DJI_20251001111422_0029_V_2730zoom.JPG,can_wait,queue
50,tachigali panamensis,comb_DJI_20251009102455_0051_V_7413zoom.JPG,normal,queue
50,tachigali panamensis,comb_DJI_20240913113139_0050_V_5156zoom.JPG,normal,queue
50,tachigali panamensis,comb_DJI_20241126103138_0032_V_650zoom.JPG,normal,queue
50,tachigali panamensis,comb_DJI_20251015131058_0027_V_6920zoom.JPG,normal,queue
50,tachigali panamensis,comb_DJI_20251017100716_0011_V_11889zoom.JPG,normal,queue
50,tachigali panamensis,comb_DJI_20251016104641_0015_V_10072zoom.JPG,normal,queue
50,tachigali panamensis,comb_DJI_20260311165540_0017_V_4749tele.JPG,normal,queue
50,tachigali panamensis,comb_DJI_20251014110354_0019_V_5456zoom.JPG,normal,queue
50,tachigali panamensis,comb_DJI_20251010082325_0001_V_730zoom.JPG,can_wait,queue
50,tachigali panamensis,comb_DJI_20251014113731_0043_V_5152zoom.JPG,can_wait,queue
50,tachigali panamensis,comb_DJI_20260114132023_0029_V_2163zoom.JPG,can_wait,queue
50,tachigali panamensis,comb_DJI_20250523100159_0009_V_98zoom.JPG,can_wait,queue
50,tachigali panamensis,comb_DJI_20250813085401_0031_V_9809zoom.JPG,can_wait,queue
50,tachigali panamensis,comb_DJI_20251014113154_0025_V_6302zoom.JPG,can_wait,queue
50,tachigali panamensis,comb_DJI_20250523102924_0029_V_136zoom.JPG,can_wait,queue
50,tachigali panamensis,comb_DJI_20251016120839_0047_V_7022zoom.JPG,can_wait,queue
50,tachigali panamensis,comb_DJI_20251016102054_0021_V_9899zoom.JPG,can_wait,queue
50,tachigali panamensis,comb_DJI_20260114100320_0043_V_4665zoom.JPG,can_wait,queue
50,tachigali panamensis,comb_DJI_20251010085527_0023_V_4213zoom.JPG,can_wait,queue
50,tachigali panamensis,comb_DJI_20251017111059_0025_V_11589zoom.JPG,can_wait,queue
50,tachigali panamensis,comb_DJI_20251016113230_0007_V_8466zoom.JPG,can_wait,queue
50,tachigali panamensis,comb_DJI_20251015131736_0017_V_7781zoom.JPG,can_wait,queue
50,tachigali panamensis,comb_DJI_20251016122018_0003_V_5367zoom.JPG,can_wait,queue
50,miconia argentea,comb_DJI_20240911145236_0012_V_1779zoom.JPG,normal,queue
50,miconia argentea,comb_DJI_20250523093656_0005_V_5zoom.JPG,normal,queue
50,miconia argentea,comb_DJI_20241024125448_0016_V_1319zoom.JPG,normal,queue
50,miconia argentea,comb_DJI_20241127093249_0052_V_2400zoom.JPG,normal,queue
50,zanthoxylum ekmanii,comb_DJI_20241127085737_0012_V_1942zoom.JPG,normal,queue
50,zanthoxylum ekmanii,comb_DJI_20251017113222_0025_V_11971zoom.JPG,normal,queue
50,zanthoxylum ekmanii,comb_DJI_20250807112100_0035_V_6941zoom.JPG,normal,queue
50,zanthoxylum ekmanii,comb_DJI_20260317090318_0017_V_10655tele.JPG,normal,queue
50,zanthoxylum ekmanii,comb_DJI_20260317100054_0047_V_5201tele.JPG,normal,queue
50,zanthoxylum ekmanii,comb_DJI_20260114095427_0011_V_7047zoom.JPG,normal,queue
50,zanthoxylum ekmanii,comb_DJI_20251017113404_0031_V_10816zoom.JPG,normal,queue
50,zanthoxylum ekmanii,comb_DJI_20250807105414_0015_V_8366zoom.JPG,normal,queue
50,zanthoxylum ekmanii,comb_DJI_20251017111202_0029_V_456zoom.JPG,normal,queue
50,zanthoxylum ekmanii,comb_DJI_20241124091418_0010_V_577zoom.JPG,normal,queue
50,zanthoxylum ekmanii,comb_DJI_20260114121009_0035_V_485zoom.JPG,can_wait,queue
50,poulsenia armata,comb_DJI_20250806102717_0018_V_149zoom.JPG,can_wait,queue
